[     463ms] [WARNING] <meta name="apple-mobile-web-app-capable" content="yes"> is deprecated. Please include <meta name="mobile-web-app-capable" content="yes"> @ http://localhost:8770/:0
[    1537ms] [LOG] Godot Engine v4.6.3.stable.official.7d41c59c4 - https://godotengine.org @ http://localhost:8770/index.js:451
[    2181ms] [LOG] OpenGL API OpenGL ES 3.0 (WebGL 2.0 (OpenGL ES 3.0 Chromium)) - Compatibility - Using Device: WebKit - WebKit WebGL @ http://localhost:8770/index.js:451
[    2700ms] [LOG] Build configuration: Emscripten 4.0.20, single-threaded, no GDExtension support. @ http://localhost:8770/index.js:451
[   70160ms] [LOG] TEST: click -> play_audio PCM file @ http://localhost:8770/index.js:451
[   70390ms] [LOG] MON 1 playing=true pos=0.003 stream_playing=true peak_db=-200.0 mix_rate=48000 latency=0.0880 @ http://localhost:8770/index.js:451
[   70638ms] [LOG] MON 1 playing=true pos=0.003 stream_playing=true peak_db=-200.0 mix_rate=48000 latency=0.0880 @ http://localhost:8770/index.js:451
[   70888ms] [LOG] MON 1 playing=true pos=0.003 stream_playing=true peak_db=-200.0 mix_rate=48000 latency=0.0880 @ http://localhost:8770/index.js:451
[   71139ms] [LOG] MON 1 playing=true pos=0.003 stream_playing=true peak_db=-200.0 mix_rate=48000 latency=0.0880 @ http://localhost:8770/index.js:451
[   71389ms] [LOG] MON 1 playing=false pos=0.000 stream_playing=false peak_db=-200.0 mix_rate=48000 latency=0.0880 @ http://localhost:8770/index.js:451
[   71639ms] [LOG] MON 1 playing=false pos=0.000 stream_playing=false peak_db=-200.0 mix_rate=48000 latency=0.0880 @ http://localhost:8770/index.js:451
[   71889ms] [LOG] MON 1 playing=false pos=0.000 stream_playing=false peak_db=-200.0 mix_rate=48000 latency=0.0880 @ http://localhost:8770/index.js:451
[   72139ms] [LOG] MON 1 playing=false pos=0.000 stream_playing=false peak_db=-200.0 mix_rate=48000 latency=0.0880 @ http://localhost:8770/index.js:451
[   72388ms] [LOG] MON 1 playing=false pos=0.000 stream_playing=false peak_db=-200.0 mix_rate=48000 latency=0.0880 @ http://localhost:8770/index.js:451
[   72640ms] [LOG] MON 1 playing=false pos=0.000 stream_playing=false peak_db=-200.0 mix_rate=48000 latency=0.0880 @ http://localhost:8770/index.js:451
[   72888ms] [LOG] MON 1 playing=false pos=0.000 stream_playing=false peak_db=-200.0 mix_rate=48000 latency=0.0880 @ http://localhost:8770/index.js:451
[   73138ms] [LOG] MON 1 playing=false pos=0.000 stream_playing=false peak_db=-200.0 mix_rate=48000 latency=0.0880 @ http://localhost:8770/index.js:451
[   73388ms] [LOG] MON 1 playing=false pos=0.000 stream_playing=false peak_db=-200.0 mix_rate=48000 latency=0.0880 @ http://localhost:8770/index.js:451
[   73640ms] [LOG] MON 1 playing=false pos=0.000 stream_playing=false peak_db=-200.0 mix_rate=48000 latency=0.0880 @ http://localhost:8770/index.js:451
[   73888ms] [LOG] MON 1 playing=false pos=0.000 stream_playing=false peak_db=-200.0 mix_rate=48000 latency=0.0880 @ http://localhost:8770/index.js:451
[   74139ms] [LOG] MON 1 playing=false pos=0.000 stream_playing=false peak_db=-200.0 mix_rate=48000 latency=0.0880 @ http://localhost:8770/index.js:451
[   74390ms] [LOG] MON 1 playing=false pos=0.000 stream_playing=false peak_db=-200.0 mix_rate=48000 latency=0.0880 @ http://localhost:8770/index.js:451
[   74638ms] [LOG] MON 1 playing=false pos=0.000 stream_playing=false peak_db=-200.0 mix_rate=48000 latency=0.0880 @ http://localhost:8770/index.js:451
[   74888ms] [LOG] MON 1 playing=false pos=0.000 stream_playing=false peak_db=-200.0 mix_rate=48000 latency=0.0880 @ http://localhost:8770/index.js:451
[   75138ms] [LOG] MON 1 playing=false pos=0.000 stream_playing=false peak_db=-200.0 mix_rate=48000 latency=0.0880 @ http://localhost:8770/index.js:451
[   75388ms] [LOG] MON 1 playing=false pos=0.000 stream_playing=false peak_db=-200.0 mix_rate=48000 latency=0.0880 @ http://localhost:8770/index.js:451
[   75639ms] [LOG] MON 1 playing=false pos=0.000 stream_playing=false peak_db=-200.0 mix_rate=48000 latency=0.0880 @ http://localhost:8770/index.js:451
[   75888ms] [LOG] MON 1 playing=false pos=0.000 stream_playing=false peak_db=-200.0 mix_rate=48000 latency=0.0880 @ http://localhost:8770/index.js:451
[   76141ms] [LOG] MON 1 playing=false pos=0.000 stream_playing=false peak_db=-200.0 mix_rate=48000 latency=0.0880 @ http://localhost:8770/index.js:451
[   76388ms] [LOG] MON 1 playing=false pos=0.000 stream_playing=false peak_db=-200.0 mix_rate=48000 latency=0.0880 @ http://localhost:8770/index.js:451
[   76638ms] [LOG] MON 1 playing=false pos=0.000 stream_playing=false peak_db=-200.0 mix_rate=48000 latency=0.0880 @ http://localhost:8770/index.js:451
[   76888ms] [LOG] MON 1 playing=false pos=0.000 stream_playing=false peak_db=-200.0 mix_rate=48000 latency=0.0880 @ http://localhost:8770/index.js:451
[   77140ms] [LOG] MON 1 playing=false pos=0.000 stream_playing=false peak_db=-200.0 mix_rate=48000 latency=0.0880 @ http://localhost:8770/index.js:451
[   77388ms] [LOG] MON 1 playing=false pos=0.000 stream_playing=false peak_db=-200.0 mix_rate=48000 latency=0.0880 @ http://localhost:8770/index.js:451
[   77638ms] [LOG] MON 1 playing=false pos=0.000 stream_playing=false peak_db=-200.0 mix_rate=48000 latency=0.0880 @ http://localhost:8770/index.js:451
[   77888ms] [LOG] MON 1 playing=false pos=0.000 stream_playing=false peak_db=-200.0 mix_rate=48000 latency=0.0880 @ http://localhost:8770/index.js:451
[   78139ms] [LOG] MON 1 playing=false pos=0.000 stream_playing=false peak_db=-200.0 mix_rate=48000 latency=0.0880 @ http://localhost:8770/index.js:451
[   78388ms] [LOG] MON 1 playing=false pos=0.000 stream_playing=false peak_db=-200.0 mix_rate=48000 latency=0.0880 @ http://localhost:8770/index.js:451
[   78638ms] [LOG] MON 1 playing=false pos=0.000 stream_playing=false peak_db=-200.0 mix_rate=48000 latency=0.0880 @ http://localhost:8770/index.js:451
[   78888ms] [LOG] MON 1 playing=false pos=0.000 stream_playing=false peak_db=-200.0 mix_rate=48000 latency=0.0880 @ http://localhost:8770/index.js:451
[   79138ms] [LOG] MON 1 playing=false pos=0.000 stream_playing=false peak_db=-200.0 mix_rate=48000 latency=0.0880 @ http://localhost:8770/index.js:451
[   79387ms] [LOG] MON 1 playing=false pos=0.000 stream_playing=false peak_db=-200.0 mix_rate=48000 latency=0.0880 @ http://localhost:8770/index.js:451
[   79638ms] [LOG] MON 1 playing=false pos=0.000 stream_playing=false peak_db=-200.0 mix_rate=48000 latency=0.0880 @ http://localhost:8770/index.js:451
[   79888ms] [LOG] MON 1 playing=false pos=0.000 stream_playing=false peak_db=-200.0 mix_rate=48000 latency=0.0880 @ http://localhost:8770/index.js:451
[   80138ms] [LOG] MON 1 playing=false pos=0.000 stream_playing=false peak_db=-200.0 mix_rate=48000 latency=0.0880 @ http://localhost:8770/index.js:451
[   80388ms] [LOG] MON 1 playing=false pos=0.000 stream_playing=false peak_db=-200.0 mix_rate=48000 latency=0.0880 @ http://localhost:8770/index.js:451
[   80638ms] [LOG] MON 1 playing=false pos=0.000 stream_playing=false peak_db=-200.0 mix_rate=48000 latency=0.0880 @ http://localhost:8770/index.js:451
[   80890ms] [LOG] MON 1 playing=false pos=0.000 stream_playing=false peak_db=-200.0 mix_rate=48000 latency=0.0880 @ http://localhost:8770/index.js:451
[   81139ms] [LOG] MON 1 playing=false pos=0.000 stream_playing=false peak_db=-200.0 mix_rate=48000 latency=0.0880 @ http://localhost:8770/index.js:451
[   81388ms] [LOG] MON 1 playing=false pos=0.000 stream_playing=false peak_db=-200.0 mix_rate=48000 latency=0.0880 @ http://localhost:8770/index.js:451
[   81638ms] [LOG] MON 1 playing=false pos=0.000 stream_playing=false peak_db=-200.0 mix_rate=48000 latency=0.0880 @ http://localhost:8770/index.js:451
[   81888ms] [LOG] MON 1 playing=false pos=0.000 stream_playing=false peak_db=-200.0 mix_rate=48000 latency=0.0880 @ http://localhost:8770/index.js:451
[   82139ms] [LOG] MON 1 playing=false pos=0.000 stream_playing=false peak_db=-200.0 mix_rate=48000 latency=0.0880 @ http://localhost:8770/index.js:451
[   82389ms] [LOG] MON 1 playing=false pos=0.000 stream_playing=false peak_db=-200.0 mix_rate=48000 latency=0.0880 @ http://localhost:8770/index.js:451
[   82638ms] [LOG] MON 1 playing=false pos=0.000 stream_playing=false peak_db=-200.0 mix_rate=48000 latency=0.0880 @ http://localhost:8770/index.js:451
[   82891ms] [LOG] MON 1 playing=false pos=0.000 stream_playing=false peak_db=-200.0 mix_rate=48000 latency=0.0880 @ http://localhost:8770/index.js:451
[   83138ms] [LOG] MON 1 playing=false pos=0.000 stream_playing=false peak_db=-200.0 mix_rate=48000 latency=0.0880 @ http://localhost:8770/index.js:451
[   83391ms] [LOG] MON 1 playing=false pos=0.000 stream_playing=false peak_db=-200.0 mix_rate=48000 latency=0.0880 @ http://localhost:8770/index.js:451
[   83639ms] [LOG] MON 1 playing=false pos=0.000 stream_playing=false peak_db=-200.0 mix_rate=48000 latency=0.0880 @ http://localhost:8770/index.js:451
[   83889ms] [LOG] MON 1 playing=false pos=0.000 stream_playing=false peak_db=-200.0 mix_rate=48000 latency=0.0880 @ http://localhost:8770/index.js:451
[   84138ms] [LOG] MON 1 playing=false pos=0.000 stream_playing=false peak_db=-200.0 mix_rate=48000 latency=0.0880 @ http://localhost:8770/index.js:451
[   84389ms] [LOG] MON 1 playing=false pos=0.000 stream_playing=false peak_db=-200.0 mix_rate=48000 latency=0.0880 @ http://localhost:8770/index.js:451
[   84638ms] [LOG] MON 1 playing=false pos=0.000 stream_playing=false peak_db=-200.0 mix_rate=48000 latency=0.0880 @ http://localhost:8770/index.js:451
[   84889ms] [LOG] MON 1 playing=false pos=0.000 stream_playing=false peak_db=-200.0 mix_rate=48000 latency=0.0880 @ http://localhost:8770/index.js:451
[   85138ms] [LOG] MON 1 playing=false pos=0.000 stream_playing=false peak_db=-200.0 mix_rate=48000 latency=0.0880 @ http://localhost:8770/index.js:451
[   85388ms] [LOG] MON 1 playing=false pos=0.000 stream_playing=false peak_db=-200.0 mix_rate=48000 latency=0.0880 @ http://localhost:8770/index.js:451
[   85639ms] [LOG] MON 1 playing=false pos=0.000 stream_playing=false peak_db=-200.0 mix_rate=48000 latency=0.0880 @ http://localhost:8770/index.js:451
[   85889ms] [LOG] MON 1 playing=false pos=0.000 stream_playing=false peak_db=-200.0 mix_rate=48000 latency=0.0880 @ http://localhost:8770/index.js:451
[   86140ms] [LOG] MON 1 playing=false pos=0.000 stream_playing=false peak_db=-200.0 mix_rate=48000 latency=0.0880 @ http://localhost:8770/index.js:451
[   86390ms] [LOG] MON 1 playing=false pos=0.000 stream_playing=false peak_db=-200.0 mix_rate=48000 latency=0.0880 @ http://localhost:8770/index.js:451
[   86640ms] [LOG] MON 1 playing=false pos=0.000 stream_playing=false peak_db=-200.0 mix_rate=48000 latency=0.0880 @ http://localhost:8770/index.js:451
[   86889ms] [LOG] MON 1 playing=false pos=0.000 stream_playing=false peak_db=-200.0 mix_rate=48000 latency=0.0880 @ http://localhost:8770/index.js:451
[   87139ms] [LOG] MON 1 playing=false pos=0.000 stream_playing=false peak_db=-200.0 mix_rate=48000 latency=0.0880 @ http://localhost:8770/index.js:451
[   87388ms] [LOG] MON 1 playing=false pos=0.000 stream_playing=false peak_db=-200.0 mix_rate=48000 latency=0.0880 @ http://localhost:8770/index.js:451
[   87640ms] [LOG] MON 1 playing=false pos=0.000 stream_playing=false peak_db=-200.0 mix_rate=48000 latency=0.0880 @ http://localhost:8770/index.js:451
[   87888ms] [LOG] MON 1 playing=false pos=0.000 stream_playing=false peak_db=-200.0 mix_rate=48000 latency=0.0880 @ http://localhost:8770/index.js:451
[   88139ms] [LOG] MON 1 playing=false pos=0.000 stream_playing=false peak_db=-200.0 mix_rate=48000 latency=0.0880 @ http://localhost:8770/index.js:451
[   88390ms] [LOG] MON 1 playing=false pos=0.000 stream_playing=false peak_db=-200.0 mix_rate=48000 latency=0.0880 @ http://localhost:8770/index.js:451
[   88639ms] [LOG] MON 1 playing=false pos=0.000 stream_playing=false peak_db=-200.0 mix_rate=48000 latency=0.0880 @ http://localhost:8770/index.js:451
[   88891ms] [LOG] MON 1 playing=false pos=0.000 stream_playing=false peak_db=-200.0 mix_rate=48000 latency=0.0880 @ http://localhost:8770/index.js:451
[   89140ms] [LOG] MON 1 playing=false pos=0.000 stream_playing=false peak_db=-200.0 mix_rate=48000 latency=0.0880 @ http://localhost:8770/index.js:451
[   89390ms] [LOG] MON 1 playing=false pos=0.000 stream_playing=false peak_db=-200.0 mix_rate=48000 latency=0.0880 @ http://localhost:8770/index.js:451
[   89639ms] [LOG] MON 1 playing=false pos=0.000 stream_playing=false peak_db=-200.0 mix_rate=48000 latency=0.0880 @ http://localhost:8770/index.js:451
[   89889ms] [LOG] MON 1 playing=false pos=0.000 stream_playing=false peak_db=-200.0 mix_rate=48000 latency=0.0880 @ http://localhost:8770/index.js:451
[   90140ms] [LOG] MON 1 playing=false pos=0.000 stream_playing=false peak_db=-200.0 mix_rate=48000 latency=0.0880 @ http://localhost:8770/index.js:451
[   90389ms] [LOG] MON 1 playing=false pos=0.000 stream_playing=false peak_db=-200.0 mix_rate=48000 latency=0.0880 @ http://localhost:8770/index.js:451
[   90640ms] [LOG] MON 1 playing=false pos=0.000 stream_playing=false peak_db=-200.0 mix_rate=48000 latency=0.0880 @ http://localhost:8770/index.js:451
[   90889ms] [LOG] MON 1 playing=false pos=0.000 stream_playing=false peak_db=-200.0 mix_rate=48000 latency=0.0880 @ http://localhost:8770/index.js:451
[   91140ms] [LOG] MON 1 playing=false pos=0.000 stream_playing=false peak_db=-200.0 mix_rate=48000 latency=0.0880 @ http://localhost:8770/index.js:451
[   91389ms] [LOG] MON 1 playing=false pos=0.000 stream_playing=false peak_db=-200.0 mix_rate=48000 latency=0.0880 @ http://localhost:8770/index.js:451
[   91641ms] [LOG] MON 1 playing=false pos=0.000 stream_playing=false peak_db=-200.0 mix_rate=48000 latency=0.0880 @ http://localhost:8770/index.js:451
[   91889ms] [LOG] MON 1 playing=false pos=0.000 stream_playing=false peak_db=-200.0 mix_rate=48000 latency=0.0880 @ http://localhost:8770/index.js:451
[   92139ms] [LOG] MON 1 playing=false pos=0.000 stream_playing=false peak_db=-200.0 mix_rate=48000 latency=0.0880 @ http://localhost:8770/index.js:451
[   92391ms] [LOG] MON 1 playing=false pos=0.000 stream_playing=false peak_db=-200.0 mix_rate=48000 latency=0.0880 @ http://localhost:8770/index.js:451
[   92639ms] [LOG] MON 1 playing=false pos=0.000 stream_playing=false peak_db=-200.0 mix_rate=48000 latency=0.0880 @ http://localhost:8770/index.js:451
[   92888ms] [LOG] MON 1 playing=false pos=0.000 stream_playing=false peak_db=-200.0 mix_rate=48000 latency=0.0880 @ http://localhost:8770/index.js:451
[   93139ms] [LOG] MON 1 playing=false pos=0.000 stream_playing=false peak_db=-200.0 mix_rate=48000 latency=0.0880 @ http://localhost:8770/index.js:451
[   93389ms] [LOG] MON 1 playing=false pos=0.000 stream_playing=false peak_db=-200.0 mix_rate=48000 latency=0.0880 @ http://localhost:8770/index.js:451
[   93640ms] [LOG] MON 1 playing=false pos=0.000 stream_playing=false peak_db=-200.0 mix_rate=48000 latency=0.0880 @ http://localhost:8770/index.js:451
[   93889ms] [LOG] MON 1 playing=false pos=0.000 stream_playing=false peak_db=-200.0 mix_rate=48000 latency=0.0880 @ http://localhost:8770/index.js:451
[   94139ms] [LOG] MON 1 playing=false pos=0.000 stream_playing=false peak_db=-200.0 mix_rate=48000 latency=0.0880 @ http://localhost:8770/index.js:451
[   94389ms] [LOG] MON 1 playing=false pos=0.000 stream_playing=false peak_db=-200.0 mix_rate=48000 latency=0.0880 @ http://localhost:8770/index.js:451
[   94638ms] [LOG] MON 1 playing=false pos=0.000 stream_playing=false peak_db=-200.0 mix_rate=48000 latency=0.0880 @ http://localhost:8770/index.js:451
[   94890ms] [LOG] MON 1 playing=false pos=0.000 stream_playing=false peak_db=-200.0 mix_rate=48000 latency=0.0880 @ http://localhost:8770/index.js:451
[   95140ms] [LOG] MON 1 playing=false pos=0.000 stream_playing=false peak_db=-200.0 mix_rate=48000 latency=0.0880 @ http://localhost:8770/index.js:451
[   95390ms] [LOG] MON 1 playing=false pos=0.000 stream_playing=false peak_db=-200.0 mix_rate=48000 latency=0.0880 @ http://localhost:8770/index.js:451
[   95640ms] [LOG] MON 1 playing=false pos=0.000 stream_playing=false peak_db=-200.0 mix_rate=48000 latency=0.0880 @ http://localhost:8770/index.js:451
[   95892ms] [LOG] MON 1 playing=false pos=0.000 stream_playing=false peak_db=-200.0 mix_rate=48000 latency=0.0880 @ http://localhost:8770/index.js:451
[   96139ms] [LOG] MON 1 playing=false pos=0.000 stream_playing=false peak_db=-200.0 mix_rate=48000 latency=0.0880 @ http://localhost:8770/index.js:451
[   96408ms] [LOG] MON 1 playing=false pos=0.000 stream_playing=false peak_db=-200.0 mix_rate=48000 latency=0.0880 @ http://localhost:8770/index.js:451
[   96656ms] [LOG] MON 1 playing=false pos=0.000 stream_playing=false peak_db=-200.0 mix_rate=48000 latency=0.0880 @ http://localhost:8770/index.js:451
[   96909ms] [LOG] MON 1 playing=false pos=0.000 stream_playing=false peak_db=-200.0 mix_rate=48000 latency=0.0880 @ http://localhost:8770/index.js:451
[   97158ms] [LOG] MON 1 playing=false pos=0.000 stream_playing=false peak_db=-200.0 mix_rate=48000 latency=0.0880 @ http://localhost:8770/index.js:451
[   97409ms] [LOG] MON 1 playing=false pos=0.000 stream_playing=false peak_db=-200.0 mix_rate=48000 latency=0.0880 @ http://localhost:8770/index.js:451
[   97656ms] [LOG] MON 1 playing=false pos=0.000 stream_playing=false peak_db=-200.0 mix_rate=48000 latency=0.0880 @ http://localhost:8770/index.js:451
[   97906ms] [LOG] MON 1 playing=false pos=0.000 stream_playing=false peak_db=-200.0 mix_rate=48000 latency=0.0880 @ http://localhost:8770/index.js:451
[   98156ms] [LOG] MON 1 playing=false pos=0.000 stream_playing=false peak_db=-200.0 mix_rate=48000 latency=0.0880 @ http://localhost:8770/index.js:451
[   98407ms] [LOG] MON 1 playing=false pos=0.000 stream_playing=false peak_db=-200.0 mix_rate=48000 latency=0.0880 @ http://localhost:8770/index.js:451
[   98656ms] [LOG] MON 1 playing=false pos=0.000 stream_playing=false peak_db=-200.0 mix_rate=48000 latency=0.0880 @ http://localhost:8770/index.js:451
[   98906ms] [LOG] MON 1 playing=false pos=0.000 stream_playing=false peak_db=-200.0 mix_rate=48000 latency=0.0880 @ http://localhost:8770/index.js:451
[   99156ms] [LOG] MON 1 playing=false pos=0.000 stream_playing=false peak_db=-200.0 mix_rate=48000 latency=0.0880 @ http://localhost:8770/index.js:451
[   99404ms] [LOG] MON 1 playing=false pos=0.000 stream_playing=false peak_db=-200.0 mix_rate=48000 latency=0.0880 @ http://localhost:8770/index.js:451
[   99655ms] [LOG] MON 1 playing=false pos=0.000 stream_playing=false peak_db=-200.0 mix_rate=48000 latency=0.0880 @ http://localhost:8770/index.js:451
[   99906ms] [LOG] MON 1 playing=false pos=0.000 stream_playing=false peak_db=-200.0 mix_rate=48000 latency=0.0880 @ http://localhost:8770/index.js:451
[  100156ms] [LOG] MON 1 playing=false pos=0.000 stream_playing=false peak_db=-200.0 mix_rate=48000 latency=0.0880 @ http://localhost:8770/index.js:451
[  100407ms] [LOG] MON 1 playing=false pos=0.000 stream_playing=false peak_db=-200.0 mix_rate=48000 latency=0.0880 @ http://localhost:8770/index.js:451
[  100656ms] [LOG] MON 1 playing=false pos=0.000 stream_playing=false peak_db=-200.0 mix_rate=48000 latency=0.0880 @ http://localhost:8770/index.js:451
[  100906ms] [LOG] MON 1 playing=false pos=0.000 stream_playing=false peak_db=-200.0 mix_rate=48000 latency=0.0880 @ http://localhost:8770/index.js:451
[  101156ms] [LOG] MON 1 playing=false pos=0.000 stream_playing=false peak_db=-200.0 mix_rate=48000 latency=0.0880 @ http://localhost:8770/index.js:451
[  101406ms] [LOG] MON 1 playing=false pos=0.000 stream_playing=false peak_db=-200.0 mix_rate=48000 latency=0.0880 @ http://localhost:8770/index.js:451
[  101656ms] [LOG] MON 1 playing=false pos=0.000 stream_playing=false peak_db=-200.0 mix_rate=48000 latency=0.0880 @ http://localhost:8770/index.js:451
[  101905ms] [LOG] MON 1 playing=false pos=0.000 stream_playing=false peak_db=-200.0 mix_rate=48000 latency=0.0880 @ http://localhost:8770/index.js:451
[  102156ms] [LOG] MON 1 playing=false pos=0.000 stream_playing=false peak_db=-200.0 mix_rate=48000 latency=0.0880 @ http://localhost:8770/index.js:451
[  102406ms] [LOG] MON 1 playing=false pos=0.000 stream_playing=false peak_db=-200.0 mix_rate=48000 latency=0.0880 @ http://localhost:8770/index.js:451
[  102656ms] [LOG] MON 1 playing=false pos=0.000 stream_playing=false peak_db=-200.0 mix_rate=48000 latency=0.0880 @ http://localhost:8770/index.js:451
[  102908ms] [LOG] MON 1 playing=false pos=0.000 stream_playing=false peak_db=-200.0 mix_rate=48000 latency=0.0880 @ http://localhost:8770/index.js:451
[  103156ms] [LOG] MON 1 playing=false pos=0.000 stream_playing=false peak_db=-200.0 mix_rate=48000 latency=0.0880 @ http://localhost:8770/index.js:451
[  103406ms] [LOG] MON 1 playing=false pos=0.000 stream_playing=false peak_db=-200.0 mix_rate=48000 latency=0.0880 @ http://localhost:8770/index.js:451
[  103656ms] [LOG] MON 1 playing=false pos=0.000 stream_playing=false peak_db=-200.0 mix_rate=48000 latency=0.0880 @ http://localhost:8770/index.js:451
[  103906ms] [LOG] MON 1 playing=false pos=0.000 stream_playing=false peak_db=-200.0 mix_rate=48000 latency=0.0880 @ http://localhost:8770/index.js:451
[  104156ms] [LOG] MON 1 playing=false pos=0.000 stream_playing=false peak_db=-200.0 mix_rate=48000 latency=0.0880 @ http://localhost:8770/index.js:451
[  104408ms] [LOG] MON 1 playing=false pos=0.000 stream_playing=false peak_db=-200.0 mix_rate=48000 latency=0.0880 @ http://localhost:8770/index.js:451
[  104658ms] [LOG] MON 1 playing=false pos=0.000 stream_playing=false peak_db=-200.0 mix_rate=48000 latency=0.0880 @ http://localhost:8770/index.js:451
[  104906ms] [LOG] MON 1 playing=false pos=0.000 stream_playing=false peak_db=-200.0 mix_rate=48000 latency=0.0880 @ http://localhost:8770/index.js:451
[  105154ms] [LOG] MON 1 playing=false pos=0.000 stream_playing=false peak_db=-200.0 mix_rate=48000 latency=0.0880 @ http://localhost:8770/index.js:451
[  105406ms] [LOG] MON 1 playing=false pos=0.000 stream_playing=false peak_db=-200.0 mix_rate=48000 latency=0.0880 @ http://localhost:8770/index.js:451
[  105657ms] [LOG] MON 1 playing=false pos=0.000 stream_playing=false peak_db=-200.0 mix_rate=48000 latency=0.0880 @ http://localhost:8770/index.js:451
[  105905ms] [LOG] MON 1 playing=false pos=0.000 stream_playing=false peak_db=-200.0 mix_rate=48000 latency=0.0880 @ http://localhost:8770/index.js:451
[  106156ms] [LOG] MON 1 playing=false pos=0.000 stream_playing=false peak_db=-200.0 mix_rate=48000 latency=0.0880 @ http://localhost:8770/index.js:451
[  106406ms] [LOG] MON 1 playing=false pos=0.000 stream_playing=false peak_db=-200.0 mix_rate=48000 latency=0.0880 @ http://localhost:8770/index.js:451
[  106654ms] [LOG] MON 1 playing=false pos=0.000 stream_playing=false peak_db=-200.0 mix_rate=48000 latency=0.0880 @ http://localhost:8770/index.js:451
[  106906ms] [LOG] MON 1 playing=false pos=0.000 stream_playing=false peak_db=-200.0 mix_rate=48000 latency=0.0880 @ http://localhost:8770/index.js:451
[  107156ms] [LOG] MON 1 playing=false pos=0.000 stream_playing=false peak_db=-200.0 mix_rate=48000 latency=0.0880 @ http://localhost:8770/index.js:451
[  107406ms] [LOG] MON 1 playing=false pos=0.000 stream_playing=false peak_db=-200.0 mix_rate=48000 latency=0.0880 @ http://localhost:8770/index.js:451
[  107656ms] [LOG] MON 1 playing=false pos=0.000 stream_playing=false peak_db=-200.0 mix_rate=48000 latency=0.0880 @ http://localhost:8770/index.js:451
[  107904ms] [LOG] MON 1 playing=false pos=0.000 stream_playing=false peak_db=-200.0 mix_rate=48000 latency=0.0880 @ http://localhost:8770/index.js:451
[  108157ms] [LOG] MON 1 playing=false pos=0.000 stream_playing=false peak_db=-200.0 mix_rate=48000 latency=0.0880 @ http://localhost:8770/index.js:451
[  108408ms] [LOG] MON 1 playing=false pos=0.000 stream_playing=false peak_db=-200.0 mix_rate=48000 latency=0.0880 @ http://localhost:8770/index.js:451
[  108655ms] [LOG] MON 1 playing=false pos=0.000 stream_playing=false peak_db=-200.0 mix_rate=48000 latency=0.0880 @ http://localhost:8770/index.js:451
[  108905ms] [LOG] MON 1 playing=false pos=0.000 stream_playing=false peak_db=-200.0 mix_rate=48000 latency=0.0880 @ http://localhost:8770/index.js:451
[  109156ms] [LOG] MON 1 playing=false pos=0.000 stream_playing=false peak_db=-200.0 mix_rate=48000 latency=0.0880 @ http://localhost:8770/index.js:451
[  109406ms] [LOG] MON 1 playing=false pos=0.000 stream_playing=false peak_db=-200.0 mix_rate=48000 latency=0.0880 @ http://localhost:8770/index.js:451
[  109656ms] [LOG] MON 1 playing=false pos=0.000 stream_playing=false peak_db=-200.0 mix_rate=48000 latency=0.0880 @ http://localhost:8770/index.js:451
[  109904ms] [LOG] MON 1 playing=false pos=0.000 stream_playing=false peak_db=-200.0 mix_rate=48000 latency=0.0880 @ http://localhost:8770/index.js:451
[  110156ms] [LOG] MON 1 playing=false pos=0.000 stream_playing=false peak_db=-200.0 mix_rate=48000 latency=0.0880 @ http://localhost:8770/index.js:451
[  110406ms] [LOG] MON 1 playing=false pos=0.000 stream_playing=false peak_db=-200.0 mix_rate=48000 latency=0.0880 @ http://localhost:8770/index.js:451
[  110654ms] [LOG] MON 1 playing=false pos=0.000 stream_playing=false peak_db=-200.0 mix_rate=48000 latency=0.0880 @ http://localhost:8770/index.js:451
[  110907ms] [LOG] MON 1 playing=false pos=0.000 stream_playing=false peak_db=-200.0 mix_rate=48000 latency=0.0880 @ http://localhost:8770/index.js:451
[  111154ms] [LOG] MON 1 playing=false pos=0.000 stream_playing=false peak_db=-200.0 mix_rate=48000 latency=0.0880 @ http://localhost:8770/index.js:451
[  111405ms] [LOG] MON 1 playing=false pos=0.000 stream_playing=false peak_db=-200.0 mix_rate=48000 latency=0.0880 @ http://localhost:8770/index.js:451
[  111656ms] [LOG] MON 1 playing=false pos=0.000 stream_playing=false peak_db=-200.0 mix_rate=48000 latency=0.0880 @ http://localhost:8770/index.js:451
[  111906ms] [LOG] MON 1 playing=false pos=0.000 stream_playing=false peak_db=-200.0 mix_rate=48000 latency=0.0880 @ http://localhost:8770/index.js:451
[  112156ms] [LOG] MON 1 playing=false pos=0.000 stream_playing=false peak_db=-200.0 mix_rate=48000 latency=0.0880 @ http://localhost:8770/index.js:451
[  112407ms] [LOG] MON 1 playing=false pos=0.000 stream_playing=false peak_db=-200.0 mix_rate=48000 latency=0.0880 @ http://localhost:8770/index.js:451
[  112656ms] [LOG] MON 1 playing=false pos=0.000 stream_playing=false peak_db=-200.0 mix_rate=48000 latency=0.0880 @ http://localhost:8770/index.js:451
[  112906ms] [LOG] MON 1 playing=false pos=0.000 stream_playing=false peak_db=-200.0 mix_rate=48000 latency=0.0880 @ http://localhost:8770/index.js:451
[  113155ms] [LOG] MON 1 playing=false pos=0.000 stream_playing=false peak_db=-200.0 mix_rate=48000 latency=0.0880 @ http://localhost:8770/index.js:451
[  113406ms] [LOG] MON 1 playing=false pos=0.000 stream_playing=false peak_db=-200.0 mix_rate=48000 latency=0.0880 @ http://localhost:8770/index.js:451
[  113655ms] [LOG] MON 1 playing=false pos=0.000 stream_playing=false peak_db=-200.0 mix_rate=48000 latency=0.0880 @ http://localhost:8770/index.js:451
[  113905ms] [LOG] MON 1 playing=false pos=0.000 stream_playing=false peak_db=-200.0 mix_rate=48000 latency=0.0880 @ http://localhost:8770/index.js:451
[  114155ms] [LOG] MON 1 playing=false pos=0.000 stream_playing=false peak_db=-200.0 mix_rate=48000 latency=0.0880 @ http://localhost:8770/index.js:451
[  114406ms] [LOG] MON 1 playing=false pos=0.000 stream_playing=false peak_db=-200.0 mix_rate=48000 latency=0.0880 @ http://localhost:8770/index.js:451
[  114657ms] [LOG] MON 1 playing=false pos=0.000 stream_playing=false peak_db=-200.0 mix_rate=48000 latency=0.0880 @ http://localhost:8770/index.js:451
[  114906ms] [LOG] MON 1 playing=false pos=0.000 stream_playing=false peak_db=-200.0 mix_rate=48000 latency=0.0880 @ http://localhost:8770/index.js:451
[  115156ms] [LOG] MON 1 playing=false pos=0.000 stream_playing=false peak_db=-200.0 mix_rate=48000 latency=0.0880 @ http://localhost:8770/index.js:451
[  115407ms] [LOG] MON 1 playing=false pos=0.000 stream_playing=false peak_db=-200.0 mix_rate=48000 latency=0.0880 @ http://localhost:8770/index.js:451
[  115656ms] [LOG] MON 1 playing=false pos=0.000 stream_playing=false peak_db=-200.0 mix_rate=48000 latency=0.0880 @ http://localhost:8770/index.js:451
[  115904ms] [LOG] MON 1 playing=false pos=0.000 stream_playing=false peak_db=-200.0 mix_rate=48000 latency=0.0880 @ http://localhost:8770/index.js:451
[  116156ms] [LOG] MON 1 playing=false pos=0.000 stream_playing=false peak_db=-200.0 mix_rate=48000 latency=0.0880 @ http://localhost:8770/index.js:451
[  116407ms] [LOG] MON 1 playing=false pos=0.000 stream_playing=false peak_db=-200.0 mix_rate=48000 latency=0.0880 @ http://localhost:8770/index.js:451
[  116656ms] [LOG] MON 1 playing=false pos=0.000 stream_playing=false peak_db=-200.0 mix_rate=48000 latency=0.0880 @ http://localhost:8770/index.js:451
[  116906ms] [LOG] MON 1 playing=false pos=0.000 stream_playing=false peak_db=-200.0 mix_rate=48000 latency=0.0880 @ http://localhost:8770/index.js:451
[  117156ms] [LOG] MON 1 playing=false pos=0.000 stream_playing=false peak_db=-200.0 mix_rate=48000 latency=0.0880 @ http://localhost:8770/index.js:451
[  117406ms] [LOG] MON 1 playing=false pos=0.000 stream_playing=false peak_db=-200.0 mix_rate=48000 latency=0.0880 @ http://localhost:8770/index.js:451
[  117656ms] [LOG] MON 1 playing=false pos=0.000 stream_playing=false peak_db=-200.0 mix_rate=48000 latency=0.0880 @ http://localhost:8770/index.js:451
[  117905ms] [LOG] MON 1 playing=false pos=0.000 stream_playing=false peak_db=-200.0 mix_rate=48000 latency=0.0880 @ http://localhost:8770/index.js:451
[  118156ms] [LOG] MON 1 playing=false pos=0.000 stream_playing=false peak_db=-200.0 mix_rate=48000 latency=0.0880 @ http://localhost:8770/index.js:451
[  118405ms] [LOG] MON 1 playing=false pos=0.000 stream_playing=false peak_db=-200.0 mix_rate=48000 latency=0.0880 @ http://localhost:8770/index.js:451
[  118656ms] [LOG] MON 1 playing=false pos=0.000 stream_playing=false peak_db=-200.0 mix_rate=48000 latency=0.0880 @ http://localhost:8770/index.js:451
[  118906ms] [LOG] MON 1 playing=false pos=0.000 stream_playing=false peak_db=-200.0 mix_rate=48000 latency=0.0880 @ http://localhost:8770/index.js:451
[  119154ms] [LOG] MON 1 playing=false pos=0.000 stream_playing=false peak_db=-200.0 mix_rate=48000 latency=0.0880 @ http://localhost:8770/index.js:451
[  119406ms] [LOG] MON 1 playing=false pos=0.000 stream_playing=false peak_db=-200.0 mix_rate=48000 latency=0.0880 @ http://localhost:8770/index.js:451
[  119656ms] [LOG] MON 1 playing=false pos=0.000 stream_playing=false peak_db=-200.0 mix_rate=48000 latency=0.0880 @ http://localhost:8770/index.js:451
[  119904ms] [LOG] MON 1 playing=false pos=0.000 stream_playing=false peak_db=-200.0 mix_rate=48000 latency=0.0880 @ http://localhost:8770/index.js:451
[  120156ms] [LOG] MON 1 playing=false pos=0.000 stream_playing=false peak_db=-200.0 mix_rate=48000 latency=0.0880 @ http://localhost:8770/index.js:451
[  120406ms] [LOG] MON 1 playing=false pos=0.000 stream_playing=false peak_db=-200.0 mix_rate=48000 latency=0.0880 @ http://localhost:8770/index.js:451
[  120654ms] [LOG] MON 1 playing=false pos=0.000 stream_playing=false peak_db=-200.0 mix_rate=48000 latency=0.0880 @ http://localhost:8770/index.js:451
[  120906ms] [LOG] MON 1 playing=false pos=0.000 stream_playing=false peak_db=-200.0 mix_rate=48000 latency=0.0880 @ http://localhost:8770/index.js:451
[  121156ms] [LOG] MON 1 playing=false pos=0.000 stream_playing=false peak_db=-200.0 mix_rate=48000 latency=0.0880 @ http://localhost:8770/index.js:451
[  121407ms] [LOG] MON 1 playing=false pos=0.000 stream_playing=false peak_db=-200.0 mix_rate=48000 latency=0.0880 @ http://localhost:8770/index.js:451
[  121656ms] [LOG] MON 1 playing=false pos=0.000 stream_playing=false peak_db=-200.0 mix_rate=48000 latency=0.0880 @ http://localhost:8770/index.js:451
[  121906ms] [LOG] MON 1 playing=false pos=0.000 stream_playing=false peak_db=-200.0 mix_rate=48000 latency=0.0880 @ http://localhost:8770/index.js:451
[  122156ms] [LOG] MON 1 playing=false pos=0.000 stream_playing=false peak_db=-200.0 mix_rate=48000 latency=0.0880 @ http://localhost:8770/index.js:451
[  122407ms] [LOG] MON 1 playing=false pos=0.000 stream_playing=false peak_db=-200.0 mix_rate=48000 latency=0.0880 @ http://localhost:8770/index.js:451
[  122657ms] [LOG] MON 1 playing=false pos=0.000 stream_playing=false peak_db=-200.0 mix_rate=48000 latency=0.0880 @ http://localhost:8770/index.js:451
[  122905ms] [LOG] MON 1 playing=false pos=0.000 stream_playing=false peak_db=-200.0 mix_rate=48000 latency=0.0880 @ http://localhost:8770/index.js:451
[  123155ms] [LOG] MON 1 playing=false pos=0.000 stream_playing=false peak_db=-200.0 mix_rate=48000 latency=0.0880 @ http://localhost:8770/index.js:451
[  123404ms] [LOG] MON 1 playing=false pos=0.000 stream_playing=false peak_db=-200.0 mix_rate=48000 latency=0.0880 @ http://localhost:8770/index.js:451
[  123656ms] [LOG] MON 1 playing=false pos=0.000 stream_playing=false peak_db=-200.0 mix_rate=48000 latency=0.0880 @ http://localhost:8770/index.js:451
[  123906ms] [LOG] MON 1 playing=false pos=0.000 stream_playing=false peak_db=-200.0 mix_rate=48000 latency=0.0880 @ http://localhost:8770/index.js:451
[  124156ms] [LOG] MON 1 playing=false pos=0.000 stream_playing=false peak_db=-200.0 mix_rate=48000 latency=0.0880 @ http://localhost:8770/index.js:451
[  124406ms] [LOG] MON 1 playing=false pos=0.000 stream_playing=false peak_db=-200.0 mix_rate=48000 latency=0.0880 @ http://localhost:8770/index.js:451
[  124657ms] [LOG] MON 1 playing=false pos=0.000 stream_playing=false peak_db=-200.0 mix_rate=48000 latency=0.0880 @ http://localhost:8770/index.js:451
[  124906ms] [LOG] MON 1 playing=false pos=0.000 stream_playing=false peak_db=-200.0 mix_rate=48000 latency=0.0880 @ http://localhost:8770/index.js:451
[  125156ms] [LOG] MON 1 playing=false pos=0.000 stream_playing=false peak_db=-200.0 mix_rate=48000 latency=0.0880 @ http://localhost:8770/index.js:451
[  125407ms] [LOG] MON 1 playing=false pos=0.000 stream_playing=false peak_db=-200.0 mix_rate=48000 latency=0.0880 @ http://localhost:8770/index.js:451
[  125656ms] [LOG] MON 1 playing=false pos=0.000 stream_playing=false peak_db=-200.0 mix_rate=48000 latency=0.0880 @ http://localhost:8770/index.js:451
[  125906ms] [LOG] MON 1 playing=false pos=0.000 stream_playing=false peak_db=-200.0 mix_rate=48000 latency=0.0880 @ http://localhost:8770/index.js:451
[  126155ms] [LOG] MON 1 playing=false pos=0.000 stream_playing=false peak_db=-200.0 mix_rate=48000 latency=0.0880 @ http://localhost:8770/index.js:451
[  126406ms] [LOG] MON 1 playing=false pos=0.000 stream_playing=false peak_db=-200.0 mix_rate=48000 latency=0.0880 @ http://localhost:8770/index.js:451
[  126656ms] [LOG] MON 1 playing=false pos=0.000 stream_playing=false peak_db=-200.0 mix_rate=48000 latency=0.0880 @ http://localhost:8770/index.js:451
[  126906ms] [LOG] MON 1 playing=false pos=0.000 stream_playing=false peak_db=-200.0 mix_rate=48000 latency=0.0880 @ http://localhost:8770/index.js:451
[  127156ms] [LOG] MON 1 playing=false pos=0.000 stream_playing=false peak_db=-200.0 mix_rate=48000 latency=0.0880 @ http://localhost:8770/index.js:451
[  127405ms] [LOG] MON 1 playing=false pos=0.000 stream_playing=false peak_db=-200.0 mix_rate=48000 latency=0.0880 @ http://localhost:8770/index.js:451
[  127655ms] [LOG] MON 1 playing=false pos=0.000 stream_playing=false peak_db=-200.0 mix_rate=48000 latency=0.0880 @ http://localhost:8770/index.js:451
[  127906ms] [LOG] MON 1 playing=false pos=0.000 stream_playing=false peak_db=-200.0 mix_rate=48000 latency=0.0880 @ http://localhost:8770/index.js:451
[  128156ms] [LOG] MON 1 playing=false pos=0.000 stream_playing=false peak_db=-200.0 mix_rate=48000 latency=0.0880 @ http://localhost:8770/index.js:451
[  128406ms] [LOG] MON 1 playing=false pos=0.000 stream_playing=false peak_db=-200.0 mix_rate=48000 latency=0.0880 @ http://localhost:8770/index.js:451
[  128655ms] [LOG] MON 1 playing=false pos=0.000 stream_playing=false peak_db=-200.0 mix_rate=48000 latency=0.0880 @ http://localhost:8770/index.js:451
[  128906ms] [LOG] MON 1 playing=false pos=0.000 stream_playing=false peak_db=-200.0 mix_rate=48000 latency=0.0880 @ http://localhost:8770/index.js:451
[  129156ms] [LOG] MON 1 playing=false pos=0.000 stream_playing=false peak_db=-200.0 mix_rate=48000 latency=0.0880 @ http://localhost:8770/index.js:451
[  129404ms] [LOG] MON 1 playing=false pos=0.000 stream_playing=false peak_db=-200.0 mix_rate=48000 latency=0.0880 @ http://localhost:8770/index.js:451
[  129656ms] [LOG] MON 1 playing=false pos=0.000 stream_playing=false peak_db=-200.0 mix_rate=48000 latency=0.0880 @ http://localhost:8770/index.js:451
[  129905ms] [LOG] MON 1 playing=false pos=0.000 stream_playing=false peak_db=-200.0 mix_rate=48000 latency=0.0880 @ http://localhost:8770/index.js:451
[  130156ms] [LOG] MON 1 playing=false pos=0.000 stream_playing=false peak_db=-200.0 mix_rate=48000 latency=0.0880 @ http://localhost:8770/index.js:451
[  130406ms] [LOG] MON 1 playing=false pos=0.000 stream_playing=false peak_db=-200.0 mix_rate=48000 latency=0.0880 @ http://localhost:8770/index.js:451
[  130656ms] [LOG] MON 1 playing=false pos=0.000 stream_playing=false peak_db=-200.0 mix_rate=48000 latency=0.0880 @ http://localhost:8770/index.js:451
[  130905ms] [LOG] MON 1 playing=false pos=0.000 stream_playing=false peak_db=-200.0 mix_rate=48000 latency=0.0880 @ http://localhost:8770/index.js:451
[  131156ms] [LOG] MON 1 playing=false pos=0.000 stream_playing=false peak_db=-200.0 mix_rate=48000 latency=0.0880 @ http://localhost:8770/index.js:451
[  131406ms] [LOG] MON 1 playing=false pos=0.000 stream_playing=false peak_db=-200.0 mix_rate=48000 latency=0.0880 @ http://localhost:8770/index.js:451
[  131656ms] [LOG] MON 1 playing=false pos=0.000 stream_playing=false peak_db=-200.0 mix_rate=48000 latency=0.0880 @ http://localhost:8770/index.js:451
[  131906ms] [LOG] MON 1 playing=false pos=0.000 stream_playing=false peak_db=-200.0 mix_rate=48000 latency=0.0880 @ http://localhost:8770/index.js:451
[  132156ms] [LOG] MON 1 playing=false pos=0.000 stream_playing=false peak_db=-200.0 mix_rate=48000 latency=0.0880 @ http://localhost:8770/index.js:451
[  132406ms] [LOG] MON 1 playing=false pos=0.000 stream_playing=false peak_db=-200.0 mix_rate=48000 latency=0.0880 @ http://localhost:8770/index.js:451
[  132654ms] [LOG] MON 1 playing=false pos=0.000 stream_playing=false peak_db=-200.0 mix_rate=48000 latency=0.0880 @ http://localhost:8770/index.js:451
[  132908ms] [LOG] MON 1 playing=false pos=0.000 stream_playing=false peak_db=-200.0 mix_rate=48000 latency=0.0880 @ http://localhost:8770/index.js:451
[  133156ms] [LOG] MON 1 playing=false pos=0.000 stream_playing=false peak_db=-200.0 mix_rate=48000 latency=0.0880 @ http://localhost:8770/index.js:451
[  133406ms] [LOG] MON 1 playing=false pos=0.000 stream_playing=false peak_db=-200.0 mix_rate=48000 latency=0.0880 @ http://localhost:8770/index.js:451
[  133656ms] [LOG] MON 1 playing=false pos=0.000 stream_playing=false peak_db=-200.0 mix_rate=48000 latency=0.0880 @ http://localhost:8770/index.js:451
[  133906ms] [LOG] MON 1 playing=false pos=0.000 stream_playing=false peak_db=-200.0 mix_rate=48000 latency=0.0880 @ http://localhost:8770/index.js:451
[  134156ms] [LOG] MON 1 playing=false pos=0.000 stream_playing=false peak_db=-200.0 mix_rate=48000 latency=0.0880 @ http://localhost:8770/index.js:451
[  134406ms] [LOG] MON 1 playing=false pos=0.000 stream_playing=false peak_db=-200.0 mix_rate=48000 latency=0.0880 @ http://localhost:8770/index.js:451
[  134655ms] [LOG] MON 1 playing=false pos=0.000 stream_playing=false peak_db=-200.0 mix_rate=48000 latency=0.0880 @ http://localhost:8770/index.js:451
[  134906ms] [LOG] MON 1 playing=false pos=0.000 stream_playing=false peak_db=-200.0 mix_rate=48000 latency=0.0880 @ http://localhost:8770/index.js:451
[  135156ms] [LOG] MON 1 playing=false pos=0.000 stream_playing=false peak_db=-200.0 mix_rate=48000 latency=0.0880 @ http://localhost:8770/index.js:451
[  135405ms] [LOG] MON 1 playing=false pos=0.000 stream_playing=false peak_db=-200.0 mix_rate=48000 latency=0.0880 @ http://localhost:8770/index.js:451
[  135656ms] [LOG] MON 1 playing=false pos=0.000 stream_playing=false peak_db=-200.0 mix_rate=48000 latency=0.0880 @ http://localhost:8770/index.js:451
[  135906ms] [LOG] MON 1 playing=false pos=0.000 stream_playing=false peak_db=-200.0 mix_rate=48000 latency=0.0880 @ http://localhost:8770/index.js:451
[  136156ms] [LOG] MON 1 playing=false pos=0.000 stream_playing=false peak_db=-200.0 mix_rate=48000 latency=0.0880 @ http://localhost:8770/index.js:451
[  136405ms] [LOG] MON 1 playing=false pos=0.000 stream_playing=false peak_db=-200.0 mix_rate=48000 latency=0.0880 @ http://localhost:8770/index.js:451
[  136656ms] [LOG] MON 1 playing=false pos=0.000 stream_playing=false peak_db=-200.0 mix_rate=48000 latency=0.0880 @ http://localhost:8770/index.js:451
[  136906ms] [LOG] MON 1 playing=false pos=0.000 stream_playing=false peak_db=-200.0 mix_rate=48000 latency=0.0880 @ http://localhost:8770/index.js:451
[  137155ms] [LOG] MON 1 playing=false pos=0.000 stream_playing=false peak_db=-200.0 mix_rate=48000 latency=0.0880 @ http://localhost:8770/index.js:451
[  137406ms] [LOG] MON 1 playing=false pos=0.000 stream_playing=false peak_db=-200.0 mix_rate=48000 latency=0.0880 @ http://localhost:8770/index.js:451
[  137656ms] [LOG] MON 1 playing=false pos=0.000 stream_playing=false peak_db=-200.0 mix_rate=48000 latency=0.0880 @ http://localhost:8770/index.js:451
[  137906ms] [LOG] MON 1 playing=false pos=0.000 stream_playing=false peak_db=-200.0 mix_rate=48000 latency=0.0880 @ http://localhost:8770/index.js:451
[  138154ms] [LOG] MON 1 playing=false pos=0.000 stream_playing=false peak_db=-200.0 mix_rate=48000 latency=0.0880 @ http://localhost:8770/index.js:451
[  138406ms] [LOG] MON 1 playing=false pos=0.000 stream_playing=false peak_db=-200.0 mix_rate=48000 latency=0.0880 @ http://localhost:8770/index.js:451
[  138656ms] [LOG] MON 1 playing=false pos=0.000 stream_playing=false peak_db=-200.0 mix_rate=48000 latency=0.0880 @ http://localhost:8770/index.js:451
[  138906ms] [LOG] MON 1 playing=false pos=0.000 stream_playing=false peak_db=-200.0 mix_rate=48000 latency=0.0880 @ http://localhost:8770/index.js:451
[  139156ms] [LOG] MON 1 playing=false pos=0.000 stream_playing=false peak_db=-200.0 mix_rate=48000 latency=0.0880 @ http://localhost:8770/index.js:451
[  139405ms] [LOG] MON 1 playing=false pos=0.000 stream_playing=false peak_db=-200.0 mix_rate=48000 latency=0.0880 @ http://localhost:8770/index.js:451
[  139656ms] [LOG] MON 1 playing=false pos=0.000 stream_playing=false peak_db=-200.0 mix_rate=48000 latency=0.0880 @ http://localhost:8770/index.js:451
[  139906ms] [LOG] MON 1 playing=false pos=0.000 stream_playing=false peak_db=-200.0 mix_rate=48000 latency=0.0880 @ http://localhost:8770/index.js:451
[  140154ms] [LOG] MON 1 playing=false pos=0.000 stream_playing=false peak_db=-200.0 mix_rate=48000 latency=0.0880 @ http://localhost:8770/index.js:451
[  140406ms] [LOG] MON 1 playing=false pos=0.000 stream_playing=false peak_db=-200.0 mix_rate=48000 latency=0.0880 @ http://localhost:8770/index.js:451
[  140656ms] [LOG] MON 1 playing=false pos=0.000 stream_playing=false peak_db=-200.0 mix_rate=48000 latency=0.0880 @ http://localhost:8770/index.js:451
[  140906ms] [LOG] MON 1 playing=false pos=0.000 stream_playing=false peak_db=-200.0 mix_rate=48000 latency=0.0880 @ http://localhost:8770/index.js:451
[  141155ms] [LOG] MON 1 playing=false pos=0.000 stream_playing=false peak_db=-200.0 mix_rate=48000 latency=0.0880 @ http://localhost:8770/index.js:451
[  141406ms] [LOG] MON 1 playing=false pos=0.000 stream_playing=false peak_db=-200.0 mix_rate=48000 latency=0.0880 @ http://localhost:8770/index.js:451
[  141656ms] [LOG] MON 1 playing=false pos=0.000 stream_playing=false peak_db=-200.0 mix_rate=48000 latency=0.0880 @ http://localhost:8770/index.js:451
[  141906ms] [LOG] MON 1 playing=false pos=0.000 stream_playing=false peak_db=-200.0 mix_rate=48000 latency=0.0880 @ http://localhost:8770/index.js:451
[  142156ms] [LOG] MON 1 playing=false pos=0.000 stream_playing=false peak_db=-200.0 mix_rate=48000 latency=0.0880 @ http://localhost:8770/index.js:451
[  142405ms] [LOG] MON 1 playing=false pos=0.000 stream_playing=false peak_db=-200.0 mix_rate=48000 latency=0.0880 @ http://localhost:8770/index.js:451
[  142656ms] [LOG] MON 1 playing=false pos=0.000 stream_playing=false peak_db=-200.0 mix_rate=48000 latency=0.0880 @ http://localhost:8770/index.js:451
[  142906ms] [LOG] MON 1 playing=false pos=0.000 stream_playing=false peak_db=-200.0 mix_rate=48000 latency=0.0880 @ http://localhost:8770/index.js:451
[  143156ms] [LOG] MON 1 playing=false pos=0.000 stream_playing=false peak_db=-200.0 mix_rate=48000 latency=0.0880 @ http://localhost:8770/index.js:451
[  143406ms] [LOG] MON 1 playing=false pos=0.000 stream_playing=false peak_db=-200.0 mix_rate=48000 latency=0.0880 @ http://localhost:8770/index.js:451
[  143655ms] [LOG] MON 1 playing=false pos=0.000 stream_playing=false peak_db=-200.0 mix_rate=48000 latency=0.0880 @ http://localhost:8770/index.js:451
[  143906ms] [LOG] MON 1 playing=false pos=0.000 stream_playing=false peak_db=-200.0 mix_rate=48000 latency=0.0880 @ http://localhost:8770/index.js:451
[  144155ms] [LOG] MON 1 playing=false pos=0.000 stream_playing=false peak_db=-200.0 mix_rate=48000 latency=0.0880 @ http://localhost:8770/index.js:451
[  144406ms] [LOG] MON 1 playing=false pos=0.000 stream_playing=false peak_db=-200.0 mix_rate=48000 latency=0.0880 @ http://localhost:8770/index.js:451
[  144656ms] [LOG] MON 1 playing=false pos=0.000 stream_playing=false peak_db=-200.0 mix_rate=48000 latency=0.0880 @ http://localhost:8770/index.js:451
[  144906ms] [LOG] MON 1 playing=false pos=0.000 stream_playing=false peak_db=-200.0 mix_rate=48000 latency=0.0880 @ http://localhost:8770/index.js:451
[  145154ms] [LOG] MON 1 playing=false pos=0.000 stream_playing=false peak_db=-200.0 mix_rate=48000 latency=0.0880 @ http://localhost:8770/index.js:451
[  145406ms] [LOG] MON 1 playing=false pos=0.000 stream_playing=false peak_db=-200.0 mix_rate=48000 latency=0.0880 @ http://localhost:8770/index.js:451
[  145654ms] [LOG] MON 1 playing=false pos=0.000 stream_playing=false peak_db=-200.0 mix_rate=48000 latency=0.0880 @ http://localhost:8770/index.js:451
[  145905ms] [LOG] MON 1 playing=false pos=0.000 stream_playing=false peak_db=-200.0 mix_rate=48000 latency=0.0880 @ http://localhost:8770/index.js:451
[  146155ms] [LOG] MON 1 playing=false pos=0.000 stream_playing=false peak_db=-200.0 mix_rate=48000 latency=0.0880 @ http://localhost:8770/index.js:451
[  146407ms] [LOG] MON 1 playing=false pos=0.000 stream_playing=false peak_db=-200.0 mix_rate=48000 latency=0.0880 @ http://localhost:8770/index.js:451
[  146656ms] [LOG] MON 1 playing=false pos=0.000 stream_playing=false peak_db=-200.0 mix_rate=48000 latency=0.0880 @ http://localhost:8770/index.js:451
[  146906ms] [LOG] MON 1 playing=false pos=0.000 stream_playing=false peak_db=-200.0 mix_rate=48000 latency=0.0880 @ http://localhost:8770/index.js:451
[  147156ms] [LOG] MON 1 playing=false pos=0.000 stream_playing=false peak_db=-200.0 mix_rate=48000 latency=0.0880 @ http://localhost:8770/index.js:451
[  147404ms] [LOG] MON 1 playing=false pos=0.000 stream_playing=false peak_db=-200.0 mix_rate=48000 latency=0.0880 @ http://localhost:8770/index.js:451
[  147656ms] [LOG] MON 1 playing=false pos=0.000 stream_playing=false peak_db=-200.0 mix_rate=48000 latency=0.0880 @ http://localhost:8770/index.js:451
[  147906ms] [LOG] MON 1 playing=false pos=0.000 stream_playing=false peak_db=-200.0 mix_rate=48000 latency=0.0880 @ http://localhost:8770/index.js:451
[  148155ms] [LOG] MON 1 playing=false pos=0.000 stream_playing=false peak_db=-200.0 mix_rate=48000 latency=0.0880 @ http://localhost:8770/index.js:451
[  148404ms] [LOG] MON 1 playing=false pos=0.000 stream_playing=false peak_db=-200.0 mix_rate=48000 latency=0.0880 @ http://localhost:8770/index.js:451
[  148656ms] [LOG] MON 1 playing=false pos=0.000 stream_playing=false peak_db=-200.0 mix_rate=48000 latency=0.0880 @ http://localhost:8770/index.js:451
[  148906ms] [LOG] MON 1 playing=false pos=0.000 stream_playing=false peak_db=-200.0 mix_rate=48000 latency=0.0880 @ http://localhost:8770/index.js:451
[  149155ms] [LOG] MON 1 playing=false pos=0.000 stream_playing=false peak_db=-200.0 mix_rate=48000 latency=0.0880 @ http://localhost:8770/index.js:451
[  149406ms] [LOG] MON 1 playing=false pos=0.000 stream_playing=false peak_db=-200.0 mix_rate=48000 latency=0.0880 @ http://localhost:8770/index.js:451
[  149655ms] [LOG] MON 1 playing=false pos=0.000 stream_playing=false peak_db=-200.0 mix_rate=48000 latency=0.0880 @ http://localhost:8770/index.js:451
[  149906ms] [LOG] MON 1 playing=false pos=0.000 stream_playing=false peak_db=-200.0 mix_rate=48000 latency=0.0880 @ http://localhost:8770/index.js:451
[  150156ms] [LOG] MON 1 playing=false pos=0.000 stream_playing=false peak_db=-200.0 mix_rate=48000 latency=0.0880 @ http://localhost:8770/index.js:451
[  150405ms] [LOG] MON 1 playing=false pos=0.000 stream_playing=false peak_db=-200.0 mix_rate=48000 latency=0.0880 @ http://localhost:8770/index.js:451
[  150656ms] [LOG] MON 1 playing=false pos=0.000 stream_playing=false peak_db=-200.0 mix_rate=48000 latency=0.0880 @ http://localhost:8770/index.js:451
[  150906ms] [LOG] MON 1 playing=false pos=0.000 stream_playing=false peak_db=-200.0 mix_rate=48000 latency=0.0880 @ http://localhost:8770/index.js:451
[  151155ms] [LOG] MON 1 playing=false pos=0.000 stream_playing=false peak_db=-200.0 mix_rate=48000 latency=0.0880 @ http://localhost:8770/index.js:451
[  151406ms] [LOG] MON 1 playing=false pos=0.000 stream_playing=false peak_db=-200.0 mix_rate=48000 latency=0.0880 @ http://localhost:8770/index.js:451
[  151654ms] [LOG] MON 1 playing=false pos=0.000 stream_playing=false peak_db=-200.0 mix_rate=48000 latency=0.0880 @ http://localhost:8770/index.js:451
[  151905ms] [LOG] MON 1 playing=false pos=0.000 stream_playing=false peak_db=-200.0 mix_rate=48000 latency=0.0880 @ http://localhost:8770/index.js:451
[  152156ms] [LOG] MON 1 playing=false pos=0.000 stream_playing=false peak_db=-200.0 mix_rate=48000 latency=0.0880 @ http://localhost:8770/index.js:451
[  152406ms] [LOG] MON 1 playing=false pos=0.000 stream_playing=false peak_db=-200.0 mix_rate=48000 latency=0.0880 @ http://localhost:8770/index.js:451
[  152654ms] [LOG] MON 1 playing=false pos=0.000 stream_playing=false peak_db=-200.0 mix_rate=48000 latency=0.0880 @ http://localhost:8770/index.js:451
[  152906ms] [LOG] MON 1 playing=false pos=0.000 stream_playing=false peak_db=-200.0 mix_rate=48000 latency=0.0880 @ http://localhost:8770/index.js:451
[  153156ms] [LOG] MON 1 playing=false pos=0.000 stream_playing=false peak_db=-200.0 mix_rate=48000 latency=0.0880 @ http://localhost:8770/index.js:451
[  153407ms] [LOG] MON 1 playing=false pos=0.000 stream_playing=false peak_db=-200.0 mix_rate=48000 latency=0.0880 @ http://localhost:8770/index.js:451
[  153654ms] [LOG] MON 1 playing=false pos=0.000 stream_playing=false peak_db=-200.0 mix_rate=48000 latency=0.0880 @ http://localhost:8770/index.js:451
[  153906ms] [LOG] MON 1 playing=false pos=0.000 stream_playing=false peak_db=-200.0 mix_rate=48000 latency=0.0880 @ http://localhost:8770/index.js:451
[  154156ms] [LOG] MON 1 playing=false pos=0.000 stream_playing=false peak_db=-200.0 mix_rate=48000 latency=0.0880 @ http://localhost:8770/index.js:451
[  154405ms] [LOG] MON 1 playing=false pos=0.000 stream_playing=false peak_db=-200.0 mix_rate=48000 latency=0.0880 @ http://localhost:8770/index.js:451
[  154656ms] [LOG] MON 1 playing=false pos=0.000 stream_playing=false peak_db=-200.0 mix_rate=48000 latency=0.0880 @ http://localhost:8770/index.js:451
[  154906ms] [LOG] MON 1 playing=false pos=0.000 stream_playing=false peak_db=-200.0 mix_rate=48000 latency=0.0880 @ http://localhost:8770/index.js:451
[  155156ms] [LOG] MON 1 playing=false pos=0.000 stream_playing=false peak_db=-200.0 mix_rate=48000 latency=0.0880 @ http://localhost:8770/index.js:451
[  155406ms] [LOG] MON 1 playing=false pos=0.000 stream_playing=false peak_db=-200.0 mix_rate=48000 latency=0.0880 @ http://localhost:8770/index.js:451
[  155655ms] [LOG] MON 1 playing=false pos=0.000 stream_playing=false peak_db=-200.0 mix_rate=48000 latency=0.0880 @ http://localhost:8770/index.js:451
[  155906ms] [LOG] MON 1 playing=false pos=0.000 stream_playing=false peak_db=-200.0 mix_rate=48000 latency=0.0880 @ http://localhost:8770/index.js:451
[  156156ms] [LOG] MON 1 playing=false pos=0.000 stream_playing=false peak_db=-200.0 mix_rate=48000 latency=0.0880 @ http://localhost:8770/index.js:451
[  156406ms] [LOG] MON 1 playing=false pos=0.000 stream_playing=false peak_db=-200.0 mix_rate=48000 latency=0.0880 @ http://localhost:8770/index.js:451
[  156656ms] [LOG] MON 1 playing=false pos=0.000 stream_playing=false peak_db=-200.0 mix_rate=48000 latency=0.0880 @ http://localhost:8770/index.js:451
[  156906ms] [LOG] MON 1 playing=false pos=0.000 stream_playing=false peak_db=-200.0 mix_rate=48000 latency=0.0880 @ http://localhost:8770/index.js:451
[  157156ms] [LOG] MON 1 playing=false pos=0.000 stream_playing=false peak_db=-200.0 mix_rate=48000 latency=0.0880 @ http://localhost:8770/index.js:451
[  157406ms] [LOG] MON 1 playing=false pos=0.000 stream_playing=false peak_db=-200.0 mix_rate=48000 latency=0.0880 @ http://localhost:8770/index.js:451
[  157656ms] [LOG] MON 1 playing=false pos=0.000 stream_playing=false peak_db=-200.0 mix_rate=48000 latency=0.0880 @ http://localhost:8770/index.js:451
[  157905ms] [LOG] MON 1 playing=false pos=0.000 stream_playing=false peak_db=-200.0 mix_rate=48000 latency=0.0880 @ http://localhost:8770/index.js:451
[  158156ms] [LOG] MON 1 playing=false pos=0.000 stream_playing=false peak_db=-200.0 mix_rate=48000 latency=0.0880 @ http://localhost:8770/index.js:451
[  158405ms] [LOG] MON 1 playing=false pos=0.000 stream_playing=false peak_db=-200.0 mix_rate=48000 latency=0.0880 @ http://localhost:8770/index.js:451
[  158656ms] [LOG] MON 1 playing=false pos=0.000 stream_playing=false peak_db=-200.0 mix_rate=48000 latency=0.0880 @ http://localhost:8770/index.js:451
[  158906ms] [LOG] MON 1 playing=false pos=0.000 stream_playing=false peak_db=-200.0 mix_rate=48000 latency=0.0880 @ http://localhost:8770/index.js:451
[  159155ms] [LOG] MON 1 playing=false pos=0.000 stream_playing=false peak_db=-200.0 mix_rate=48000 latency=0.0880 @ http://localhost:8770/index.js:451
[  159406ms] [LOG] MON 1 playing=false pos=0.000 stream_playing=false peak_db=-200.0 mix_rate=48000 latency=0.0880 @ http://localhost:8770/index.js:451
[  159656ms] [LOG] MON 1 playing=false pos=0.000 stream_playing=false peak_db=-200.0 mix_rate=48000 latency=0.0880 @ http://localhost:8770/index.js:451
[  159906ms] [LOG] MON 1 playing=false pos=0.000 stream_playing=false peak_db=-200.0 mix_rate=48000 latency=0.0880 @ http://localhost:8770/index.js:451
[  160155ms] [LOG] MON 1 playing=false pos=0.000 stream_playing=false peak_db=-200.0 mix_rate=48000 latency=0.0880 @ http://localhost:8770/index.js:451
[  160406ms] [LOG] MON 1 playing=false pos=0.000 stream_playing=false peak_db=-200.0 mix_rate=48000 latency=0.0880 @ http://localhost:8770/index.js:451
[  160656ms] [LOG] MON 1 playing=false pos=0.000 stream_playing=false peak_db=-200.0 mix_rate=48000 latency=0.0880 @ http://localhost:8770/index.js:451
[  160905ms] [LOG] MON 1 playing=false pos=0.000 stream_playing=false peak_db=-200.0 mix_rate=48000 latency=0.0880 @ http://localhost:8770/index.js:451
[  161155ms] [LOG] MON 1 playing=false pos=0.000 stream_playing=false peak_db=-200.0 mix_rate=48000 latency=0.0880 @ http://localhost:8770/index.js:451
[  161404ms] [LOG] MON 1 playing=false pos=0.000 stream_playing=false peak_db=-200.0 mix_rate=48000 latency=0.0880 @ http://localhost:8770/index.js:451
[  161655ms] [LOG] MON 1 playing=false pos=0.000 stream_playing=false peak_db=-200.0 mix_rate=48000 latency=0.0880 @ http://localhost:8770/index.js:451
[  161904ms] [LOG] MON 1 playing=false pos=0.000 stream_playing=false peak_db=-200.0 mix_rate=48000 latency=0.0880 @ http://localhost:8770/index.js:451
[  162156ms] [LOG] MON 1 playing=false pos=0.000 stream_playing=false peak_db=-200.0 mix_rate=48000 latency=0.0880 @ http://localhost:8770/index.js:451
[  162405ms] [LOG] MON 1 playing=false pos=0.000 stream_playing=false peak_db=-200.0 mix_rate=48000 latency=0.0880 @ http://localhost:8770/index.js:451
[  162656ms] [LOG] MON 1 playing=false pos=0.000 stream_playing=false peak_db=-200.0 mix_rate=48000 latency=0.0880 @ http://localhost:8770/index.js:451
[  162906ms] [LOG] MON 1 playing=false pos=0.000 stream_playing=false peak_db=-200.0 mix_rate=48000 latency=0.0880 @ http://localhost:8770/index.js:451
[  163155ms] [LOG] MON 1 playing=false pos=0.000 stream_playing=false peak_db=-200.0 mix_rate=48000 latency=0.0880 @ http://localhost:8770/index.js:451
[  163406ms] [LOG] MON 1 playing=false pos=0.000 stream_playing=false peak_db=-200.0 mix_rate=48000 latency=0.0880 @ http://localhost:8770/index.js:451
[  163656ms] [LOG] MON 1 playing=false pos=0.000 stream_playing=false peak_db=-200.0 mix_rate=48000 latency=0.0880 @ http://localhost:8770/index.js:451
[  163904ms] [LOG] MON 1 playing=false pos=0.000 stream_playing=false peak_db=-200.0 mix_rate=48000 latency=0.0880 @ http://localhost:8770/index.js:451
[  164156ms] [LOG] MON 1 playing=false pos=0.000 stream_playing=false peak_db=-200.0 mix_rate=48000 latency=0.0880 @ http://localhost:8770/index.js:451
[  164406ms] [LOG] MON 1 playing=false pos=0.000 stream_playing=false peak_db=-200.0 mix_rate=48000 latency=0.0880 @ http://localhost:8770/index.js:451
[  164656ms] [LOG] MON 1 playing=false pos=0.000 stream_playing=false peak_db=-200.0 mix_rate=48000 latency=0.0880 @ http://localhost:8770/index.js:451
[  164906ms] [LOG] MON 1 playing=false pos=0.000 stream_playing=false peak_db=-200.0 mix_rate=48000 latency=0.0880 @ http://localhost:8770/index.js:451
[  165154ms] [LOG] MON 1 playing=false pos=0.000 stream_playing=false peak_db=-200.0 mix_rate=48000 latency=0.0880 @ http://localhost:8770/index.js:451
[  165405ms] [LOG] MON 1 playing=false pos=0.000 stream_playing=false peak_db=-200.0 mix_rate=48000 latency=0.0880 @ http://localhost:8770/index.js:451
[  165657ms] [LOG] MON 1 playing=false pos=0.000 stream_playing=false peak_db=-200.0 mix_rate=48000 latency=0.0880 @ http://localhost:8770/index.js:451
[  165906ms] [LOG] MON 1 playing=false pos=0.000 stream_playing=false peak_db=-200.0 mix_rate=48000 latency=0.0880 @ http://localhost:8770/index.js:451
[  166156ms] [LOG] MON 1 playing=false pos=0.000 stream_playing=false peak_db=-200.0 mix_rate=48000 latency=0.0880 @ http://localhost:8770/index.js:451
[  166406ms] [LOG] MON 1 playing=false pos=0.000 stream_playing=false peak_db=-200.0 mix_rate=48000 latency=0.0880 @ http://localhost:8770/index.js:451
[  166656ms] [LOG] MON 1 playing=false pos=0.000 stream_playing=false peak_db=-200.0 mix_rate=48000 latency=0.0880 @ http://localhost:8770/index.js:451
[  166906ms] [LOG] MON 1 playing=false pos=0.000 stream_playing=false peak_db=-200.0 mix_rate=48000 latency=0.0880 @ http://localhost:8770/index.js:451
[  167155ms] [LOG] MON 1 playing=false pos=0.000 stream_playing=false peak_db=-200.0 mix_rate=48000 latency=0.0880 @ http://localhost:8770/index.js:451
[  167406ms] [LOG] MON 1 playing=false pos=0.000 stream_playing=false peak_db=-200.0 mix_rate=48000 latency=0.0880 @ http://localhost:8770/index.js:451
[  167656ms] [LOG] MON 1 playing=false pos=0.000 stream_playing=false peak_db=-200.0 mix_rate=48000 latency=0.0880 @ http://localhost:8770/index.js:451
[  167906ms] [LOG] MON 1 playing=false pos=0.000 stream_playing=false peak_db=-200.0 mix_rate=48000 latency=0.0880 @ http://localhost:8770/index.js:451
[  168155ms] [LOG] MON 1 playing=false pos=0.000 stream_playing=false peak_db=-200.0 mix_rate=48000 latency=0.0880 @ http://localhost:8770/index.js:451
[  168406ms] [LOG] MON 1 playing=false pos=0.000 stream_playing=false peak_db=-200.0 mix_rate=48000 latency=0.0880 @ http://localhost:8770/index.js:451
[  168656ms] [LOG] MON 1 playing=false pos=0.000 stream_playing=false peak_db=-200.0 mix_rate=48000 latency=0.0880 @ http://localhost:8770/index.js:451
[  168906ms] [LOG] MON 1 playing=false pos=0.000 stream_playing=false peak_db=-200.0 mix_rate=48000 latency=0.0880 @ http://localhost:8770/index.js:451
[  169156ms] [LOG] MON 1 playing=false pos=0.000 stream_playing=false peak_db=-200.0 mix_rate=48000 latency=0.0880 @ http://localhost:8770/index.js:451
[  169406ms] [LOG] MON 1 playing=false pos=0.000 stream_playing=false peak_db=-200.0 mix_rate=48000 latency=0.0880 @ http://localhost:8770/index.js:451
[  169656ms] [LOG] MON 1 playing=false pos=0.000 stream_playing=false peak_db=-200.0 mix_rate=48000 latency=0.0880 @ http://localhost:8770/index.js:451
[  169906ms] [LOG] MON 1 playing=false pos=0.000 stream_playing=false peak_db=-200.0 mix_rate=48000 latency=0.0880 @ http://localhost:8770/index.js:451
[  170155ms] [LOG] MON 1 playing=false pos=0.000 stream_playing=false peak_db=-200.0 mix_rate=48000 latency=0.0880 @ http://localhost:8770/index.js:451
[  170406ms] [LOG] MON 1 playing=false pos=0.000 stream_playing=false peak_db=-200.0 mix_rate=48000 latency=0.0880 @ http://localhost:8770/index.js:451
[  170656ms] [LOG] MON 1 playing=false pos=0.000 stream_playing=false peak_db=-200.0 mix_rate=48000 latency=0.0880 @ http://localhost:8770/index.js:451
[  170906ms] [LOG] MON 1 playing=false pos=0.000 stream_playing=false peak_db=-200.0 mix_rate=48000 latency=0.0880 @ http://localhost:8770/index.js:451
[  171155ms] [LOG] MON 1 playing=false pos=0.000 stream_playing=false peak_db=-200.0 mix_rate=48000 latency=0.0880 @ http://localhost:8770/index.js:451
[  171404ms] [LOG] MON 1 playing=false pos=0.000 stream_playing=false peak_db=-200.0 mix_rate=48000 latency=0.0880 @ http://localhost:8770/index.js:451
[  171655ms] [LOG] MON 1 playing=false pos=0.000 stream_playing=false peak_db=-200.0 mix_rate=48000 latency=0.0880 @ http://localhost:8770/index.js:451
[  171906ms] [LOG] MON 1 playing=false pos=0.000 stream_playing=false peak_db=-200.0 mix_rate=48000 latency=0.0880 @ http://localhost:8770/index.js:451
[  172156ms] [LOG] MON 1 playing=false pos=0.000 stream_playing=false peak_db=-200.0 mix_rate=48000 latency=0.0880 @ http://localhost:8770/index.js:451
[  172406ms] [LOG] MON 1 playing=false pos=0.000 stream_playing=false peak_db=-200.0 mix_rate=48000 latency=0.0880 @ http://localhost:8770/index.js:451
[  172656ms] [LOG] MON 1 playing=false pos=0.000 stream_playing=false peak_db=-200.0 mix_rate=48000 latency=0.0880 @ http://localhost:8770/index.js:451
[  172906ms] [LOG] MON 1 playing=false pos=0.000 stream_playing=false peak_db=-200.0 mix_rate=48000 latency=0.0880 @ http://localhost:8770/index.js:451
[  173154ms] [LOG] MON 1 playing=false pos=0.000 stream_playing=false peak_db=-200.0 mix_rate=48000 latency=0.0880 @ http://localhost:8770/index.js:451
[  173405ms] [LOG] MON 1 playing=false pos=0.000 stream_playing=false peak_db=-200.0 mix_rate=48000 latency=0.0880 @ http://localhost:8770/index.js:451
[  173656ms] [LOG] MON 1 playing=false pos=0.000 stream_playing=false peak_db=-200.0 mix_rate=48000 latency=0.0880 @ http://localhost:8770/index.js:451
[  173907ms] [LOG] MON 1 playing=false pos=0.000 stream_playing=false peak_db=-200.0 mix_rate=48000 latency=0.0880 @ http://localhost:8770/index.js:451
[  174156ms] [LOG] MON 1 playing=false pos=0.000 stream_playing=false peak_db=-200.0 mix_rate=48000 latency=0.0880 @ http://localhost:8770/index.js:451
[  174405ms] [LOG] MON 1 playing=false pos=0.000 stream_playing=false peak_db=-200.0 mix_rate=48000 latency=0.0880 @ http://localhost:8770/index.js:451
[  174656ms] [LOG] MON 1 playing=false pos=0.000 stream_playing=false peak_db=-200.0 mix_rate=48000 latency=0.0880 @ http://localhost:8770/index.js:451
[  174906ms] [LOG] MON 1 playing=false pos=0.000 stream_playing=false peak_db=-200.0 mix_rate=48000 latency=0.0880 @ http://localhost:8770/index.js:451
[  175156ms] [LOG] MON 1 playing=false pos=0.000 stream_playing=false peak_db=-200.0 mix_rate=48000 latency=0.0880 @ http://localhost:8770/index.js:451
[  175406ms] [LOG] MON 1 playing=false pos=0.000 stream_playing=false peak_db=-200.0 mix_rate=48000 latency=0.0880 @ http://localhost:8770/index.js:451
[  175656ms] [LOG] MON 1 playing=false pos=0.000 stream_playing=false peak_db=-200.0 mix_rate=48000 latency=0.0880 @ http://localhost:8770/index.js:451
[  175905ms] [LOG] MON 1 playing=false pos=0.000 stream_playing=false peak_db=-200.0 mix_rate=48000 latency=0.0880 @ http://localhost:8770/index.js:451
[  176154ms] [LOG] MON 1 playing=false pos=0.000 stream_playing=false peak_db=-200.0 mix_rate=48000 latency=0.0880 @ http://localhost:8770/index.js:451
[  176406ms] [LOG] MON 1 playing=false pos=0.000 stream_playing=false peak_db=-200.0 mix_rate=48000 latency=0.0880 @ http://localhost:8770/index.js:451
[  176656ms] [LOG] MON 1 playing=false pos=0.000 stream_playing=false peak_db=-200.0 mix_rate=48000 latency=0.0880 @ http://localhost:8770/index.js:451
[  176906ms] [LOG] MON 1 playing=false pos=0.000 stream_playing=false peak_db=-200.0 mix_rate=48000 latency=0.0880 @ http://localhost:8770/index.js:451
[  177156ms] [LOG] MON 1 playing=false pos=0.000 stream_playing=false peak_db=-200.0 mix_rate=48000 latency=0.0880 @ http://localhost:8770/index.js:451
[  177406ms] [LOG] MON 1 playing=false pos=0.000 stream_playing=false peak_db=-200.0 mix_rate=48000 latency=0.0880 @ http://localhost:8770/index.js:451
[  177656ms] [LOG] MON 1 playing=false pos=0.000 stream_playing=false peak_db=-200.0 mix_rate=48000 latency=0.0880 @ http://localhost:8770/index.js:451
[  177906ms] [LOG] MON 1 playing=false pos=0.000 stream_playing=false peak_db=-200.0 mix_rate=48000 latency=0.0880 @ http://localhost:8770/index.js:451
[  178156ms] [LOG] MON 1 playing=false pos=0.000 stream_playing=false peak_db=-200.0 mix_rate=48000 latency=0.0880 @ http://localhost:8770/index.js:451
[  178406ms] [LOG] MON 1 playing=false pos=0.000 stream_playing=false peak_db=-200.0 mix_rate=48000 latency=0.0880 @ http://localhost:8770/index.js:451
[  178655ms] [LOG] MON 1 playing=false pos=0.000 stream_playing=false peak_db=-200.0 mix_rate=48000 latency=0.0880 @ http://localhost:8770/index.js:451
[  178906ms] [LOG] MON 1 playing=false pos=0.000 stream_playing=false peak_db=-200.0 mix_rate=48000 latency=0.0880 @ http://localhost:8770/index.js:451
[  179156ms] [LOG] MON 1 playing=false pos=0.000 stream_playing=false peak_db=-200.0 mix_rate=48000 latency=0.0880 @ http://localhost:8770/index.js:451
[  179405ms] [LOG] MON 1 playing=false pos=0.000 stream_playing=false peak_db=-200.0 mix_rate=48000 latency=0.0880 @ http://localhost:8770/index.js:451
[  179654ms] [LOG] MON 1 playing=false pos=0.000 stream_playing=false peak_db=-200.0 mix_rate=48000 latency=0.0880 @ http://localhost:8770/index.js:451
[  179906ms] [LOG] MON 1 playing=false pos=0.000 stream_playing=false peak_db=-200.0 mix_rate=48000 latency=0.0880 @ http://localhost:8770/index.js:451
[  180157ms] [LOG] MON 1 playing=false pos=0.000 stream_playing=false peak_db=-200.0 mix_rate=48000 latency=0.0880 @ http://localhost:8770/index.js:451
[  180406ms] [LOG] MON 1 playing=false pos=0.000 stream_playing=false peak_db=-200.0 mix_rate=48000 latency=0.0880 @ http://localhost:8770/index.js:451
[  180655ms] [LOG] MON 1 playing=false pos=0.000 stream_playing=false peak_db=-200.0 mix_rate=48000 latency=0.0880 @ http://localhost:8770/index.js:451
[  180906ms] [LOG] MON 1 playing=false pos=0.000 stream_playing=false peak_db=-200.0 mix_rate=48000 latency=0.0880 @ http://localhost:8770/index.js:451
[  181156ms] [LOG] MON 1 playing=false pos=0.000 stream_playing=false peak_db=-200.0 mix_rate=48000 latency=0.0880 @ http://localhost:8770/index.js:451
[  181405ms] [LOG] MON 1 playing=false pos=0.000 stream_playing=false peak_db=-200.0 mix_rate=48000 latency=0.0880 @ http://localhost:8770/index.js:451
[  181656ms] [LOG] MON 1 playing=false pos=0.000 stream_playing=false peak_db=-200.0 mix_rate=48000 latency=0.0880 @ http://localhost:8770/index.js:451
[  181906ms] [LOG] MON 1 playing=false pos=0.000 stream_playing=false peak_db=-200.0 mix_rate=48000 latency=0.0880 @ http://localhost:8770/index.js:451
[  182156ms] [LOG] MON 1 playing=false pos=0.000 stream_playing=false peak_db=-200.0 mix_rate=48000 latency=0.0880 @ http://localhost:8770/index.js:451
[  182406ms] [LOG] MON 1 playing=false pos=0.000 stream_playing=false peak_db=-200.0 mix_rate=48000 latency=0.0880 @ http://localhost:8770/index.js:451
[  182656ms] [LOG] MON 1 playing=false pos=0.000 stream_playing=false peak_db=-200.0 mix_rate=48000 latency=0.0880 @ http://localhost:8770/index.js:451
[  182906ms] [LOG] MON 1 playing=false pos=0.000 stream_playing=false peak_db=-200.0 mix_rate=48000 latency=0.0880 @ http://localhost:8770/index.js:451
[  183156ms] [LOG] MON 1 playing=false pos=0.000 stream_playing=false peak_db=-200.0 mix_rate=48000 latency=0.0880 @ http://localhost:8770/index.js:451
[  183406ms] [LOG] MON 1 playing=false pos=0.000 stream_playing=false peak_db=-200.0 mix_rate=48000 latency=0.0880 @ http://localhost:8770/index.js:451
[  183655ms] [LOG] MON 1 playing=false pos=0.000 stream_playing=false peak_db=-200.0 mix_rate=48000 latency=0.0880 @ http://localhost:8770/index.js:451
[  183906ms] [LOG] MON 1 playing=false pos=0.000 stream_playing=false peak_db=-200.0 mix_rate=48000 latency=0.0880 @ http://localhost:8770/index.js:451
[  184156ms] [LOG] MON 1 playing=false pos=0.000 stream_playing=false peak_db=-200.0 mix_rate=48000 latency=0.0880 @ http://localhost:8770/index.js:451
[  184406ms] [LOG] MON 1 playing=false pos=0.000 stream_playing=false peak_db=-200.0 mix_rate=48000 latency=0.0880 @ http://localhost:8770/index.js:451
[  184656ms] [LOG] MON 1 playing=false pos=0.000 stream_playing=false peak_db=-200.0 mix_rate=48000 latency=0.0880 @ http://localhost:8770/index.js:451
[  184906ms] [LOG] MON 1 playing=false pos=0.000 stream_playing=false peak_db=-200.0 mix_rate=48000 latency=0.0880 @ http://localhost:8770/index.js:451
[  185156ms] [LOG] MON 1 playing=false pos=0.000 stream_playing=false peak_db=-200.0 mix_rate=48000 latency=0.0880 @ http://localhost:8770/index.js:451
[  185405ms] [LOG] MON 1 playing=false pos=0.000 stream_playing=false peak_db=-200.0 mix_rate=48000 latency=0.0880 @ http://localhost:8770/index.js:451
[  185654ms] [LOG] MON 1 playing=false pos=0.000 stream_playing=false peak_db=-200.0 mix_rate=48000 latency=0.0880 @ http://localhost:8770/index.js:451
[  185906ms] [LOG] MON 1 playing=false pos=0.000 stream_playing=false peak_db=-200.0 mix_rate=48000 latency=0.0880 @ http://localhost:8770/index.js:451
[  186155ms] [LOG] MON 1 playing=false pos=0.000 stream_playing=false peak_db=-200.0 mix_rate=48000 latency=0.0880 @ http://localhost:8770/index.js:451
[  186406ms] [LOG] MON 1 playing=false pos=0.000 stream_playing=false peak_db=-200.0 mix_rate=48000 latency=0.0880 @ http://localhost:8770/index.js:451
[  186656ms] [LOG] MON 1 playing=false pos=0.000 stream_playing=false peak_db=-200.0 mix_rate=48000 latency=0.0880 @ http://localhost:8770/index.js:451
[  186906ms] [LOG] MON 1 playing=false pos=0.000 stream_playing=false peak_db=-200.0 mix_rate=48000 latency=0.0880 @ http://localhost:8770/index.js:451
[  187156ms] [LOG] MON 1 playing=false pos=0.000 stream_playing=false peak_db=-200.0 mix_rate=48000 latency=0.0880 @ http://localhost:8770/index.js:451
[  187405ms] [LOG] MON 1 playing=false pos=0.000 stream_playing=false peak_db=-200.0 mix_rate=48000 latency=0.0880 @ http://localhost:8770/index.js:451
[  187656ms] [LOG] MON 1 playing=false pos=0.000 stream_playing=false peak_db=-200.0 mix_rate=48000 latency=0.0880 @ http://localhost:8770/index.js:451
[  187906ms] [LOG] MON 1 playing=false pos=0.000 stream_playing=false peak_db=-200.0 mix_rate=48000 latency=0.0880 @ http://localhost:8770/index.js:451
[  188156ms] [LOG] MON 1 playing=false pos=0.000 stream_playing=false peak_db=-200.0 mix_rate=48000 latency=0.0880 @ http://localhost:8770/index.js:451
[  188405ms] [LOG] MON 1 playing=false pos=0.000 stream_playing=false peak_db=-200.0 mix_rate=48000 latency=0.0880 @ http://localhost:8770/index.js:451
[  188656ms] [LOG] MON 1 playing=false pos=0.000 stream_playing=false peak_db=-200.0 mix_rate=48000 latency=0.0880 @ http://localhost:8770/index.js:451
[  188907ms] [LOG] MON 1 playing=false pos=0.000 stream_playing=false peak_db=-200.0 mix_rate=48000 latency=0.0880 @ http://localhost:8770/index.js:451
[  189156ms] [LOG] MON 1 playing=false pos=0.000 stream_playing=false peak_db=-200.0 mix_rate=48000 latency=0.0880 @ http://localhost:8770/index.js:451
[  189414ms] [LOG] MON 1 playing=false pos=0.000 stream_playing=false peak_db=-200.0 mix_rate=48000 latency=0.0880 @ http://localhost:8770/index.js:451
[  189656ms] [LOG] MON 1 playing=false pos=0.000 stream_playing=false peak_db=-200.0 mix_rate=48000 latency=0.0880 @ http://localhost:8770/index.js:451
[  189905ms] [LOG] MON 1 playing=false pos=0.000 stream_playing=false peak_db=-200.0 mix_rate=48000 latency=0.0880 @ http://localhost:8770/index.js:451
[  190154ms] [LOG] MON 1 playing=false pos=0.000 stream_playing=false peak_db=-200.0 mix_rate=48000 latency=0.0880 @ http://localhost:8770/index.js:451
[  190405ms] [LOG] MON 1 playing=false pos=0.000 stream_playing=false peak_db=-200.0 mix_rate=48000 latency=0.0880 @ http://localhost:8770/index.js:451
[  190656ms] [LOG] MON 1 playing=false pos=0.000 stream_playing=false peak_db=-200.0 mix_rate=48000 latency=0.0880 @ http://localhost:8770/index.js:451
[  190906ms] [LOG] MON 1 playing=false pos=0.000 stream_playing=false peak_db=-200.0 mix_rate=48000 latency=0.0880 @ http://localhost:8770/index.js:451
[  191156ms] [LOG] MON 1 playing=false pos=0.000 stream_playing=false peak_db=-200.0 mix_rate=48000 latency=0.0880 @ http://localhost:8770/index.js:451
[  191406ms] [LOG] MON 1 playing=false pos=0.000 stream_playing=false peak_db=-200.0 mix_rate=48000 latency=0.0880 @ http://localhost:8770/index.js:451
[  191656ms] [LOG] MON 1 playing=false pos=0.000 stream_playing=false peak_db=-200.0 mix_rate=48000 latency=0.0880 @ http://localhost:8770/index.js:451
[  191905ms] [LOG] MON 1 playing=false pos=0.000 stream_playing=false peak_db=-200.0 mix_rate=48000 latency=0.0880 @ http://localhost:8770/index.js:451
[  192156ms] [LOG] MON 1 playing=false pos=0.000 stream_playing=false peak_db=-200.0 mix_rate=48000 latency=0.0880 @ http://localhost:8770/index.js:451
[  192407ms] [LOG] MON 1 playing=false pos=0.000 stream_playing=false peak_db=-200.0 mix_rate=48000 latency=0.0880 @ http://localhost:8770/index.js:451
[  192655ms] [LOG] MON 1 playing=false pos=0.000 stream_playing=false peak_db=-200.0 mix_rate=48000 latency=0.0880 @ http://localhost:8770/index.js:451
[  192907ms] [LOG] MON 1 playing=false pos=0.000 stream_playing=false peak_db=-200.0 mix_rate=48000 latency=0.0880 @ http://localhost:8770/index.js:451
[  193156ms] [LOG] MON 1 playing=false pos=0.000 stream_playing=false peak_db=-200.0 mix_rate=48000 latency=0.0880 @ http://localhost:8770/index.js:451
[  193406ms] [LOG] MON 1 playing=false pos=0.000 stream_playing=false peak_db=-200.0 mix_rate=48000 latency=0.0880 @ http://localhost:8770/index.js:451
[  193654ms] [LOG] MON 1 playing=false pos=0.000 stream_playing=false peak_db=-200.0 mix_rate=48000 latency=0.0880 @ http://localhost:8770/index.js:451
[  193904ms] [LOG] MON 1 playing=false pos=0.000 stream_playing=false peak_db=-200.0 mix_rate=48000 latency=0.0880 @ http://localhost:8770/index.js:451
[  194156ms] [LOG] MON 1 playing=false pos=0.000 stream_playing=false peak_db=-200.0 mix_rate=48000 latency=0.0880 @ http://localhost:8770/index.js:451
[  194407ms] [LOG] MON 1 playing=false pos=0.000 stream_playing=false peak_db=-200.0 mix_rate=48000 latency=0.0880 @ http://localhost:8770/index.js:451
[  194656ms] [LOG] MON 1 playing=false pos=0.000 stream_playing=false peak_db=-200.0 mix_rate=48000 latency=0.0880 @ http://localhost:8770/index.js:451
[  194906ms] [LOG] MON 1 playing=false pos=0.000 stream_playing=false peak_db=-200.0 mix_rate=48000 latency=0.0880 @ http://localhost:8770/index.js:451
[  195154ms] [LOG] MON 1 playing=false pos=0.000 stream_playing=false peak_db=-200.0 mix_rate=48000 latency=0.0880 @ http://localhost:8770/index.js:451
[  195406ms] [LOG] MON 1 playing=false pos=0.000 stream_playing=false peak_db=-200.0 mix_rate=48000 latency=0.0880 @ http://localhost:8770/index.js:451
[  195654ms] [LOG] MON 1 playing=false pos=0.000 stream_playing=false peak_db=-200.0 mix_rate=48000 latency=0.0880 @ http://localhost:8770/index.js:451
[  195907ms] [LOG] MON 1 playing=false pos=0.000 stream_playing=false peak_db=-200.0 mix_rate=48000 latency=0.0880 @ http://localhost:8770/index.js:451
[  196156ms] [LOG] MON 1 playing=false pos=0.000 stream_playing=false peak_db=-200.0 mix_rate=48000 latency=0.0880 @ http://localhost:8770/index.js:451
[  196406ms] [LOG] MON 1 playing=false pos=0.000 stream_playing=false peak_db=-200.0 mix_rate=48000 latency=0.0880 @ http://localhost:8770/index.js:451
[  196655ms] [LOG] MON 1 playing=false pos=0.000 stream_playing=false peak_db=-200.0 mix_rate=48000 latency=0.0880 @ http://localhost:8770/index.js:451
[  196905ms] [LOG] MON 1 playing=false pos=0.000 stream_playing=false peak_db=-200.0 mix_rate=48000 latency=0.0880 @ http://localhost:8770/index.js:451
[  197156ms] [LOG] MON 1 playing=false pos=0.000 stream_playing=false peak_db=-200.0 mix_rate=48000 latency=0.0880 @ http://localhost:8770/index.js:451
[  197405ms] [LOG] MON 1 playing=false pos=0.000 stream_playing=false peak_db=-200.0 mix_rate=48000 latency=0.0880 @ http://localhost:8770/index.js:451
[  197655ms] [LOG] MON 1 playing=false pos=0.000 stream_playing=false peak_db=-200.0 mix_rate=48000 latency=0.0880 @ http://localhost:8770/index.js:451
[  197905ms] [LOG] MON 1 playing=false pos=0.000 stream_playing=false peak_db=-200.0 mix_rate=48000 latency=0.0880 @ http://localhost:8770/index.js:451
[  198156ms] [LOG] MON 1 playing=false pos=0.000 stream_playing=false peak_db=-200.0 mix_rate=48000 latency=0.0880 @ http://localhost:8770/index.js:451
[  198406ms] [LOG] MON 1 playing=false pos=0.000 stream_playing=false peak_db=-200.0 mix_rate=48000 latency=0.0880 @ http://localhost:8770/index.js:451
[  198656ms] [LOG] MON 1 playing=false pos=0.000 stream_playing=false peak_db=-200.0 mix_rate=48000 latency=0.0880 @ http://localhost:8770/index.js:451
[  198906ms] [LOG] MON 1 playing=false pos=0.000 stream_playing=false peak_db=-200.0 mix_rate=48000 latency=0.0880 @ http://localhost:8770/index.js:451
[  199156ms] [LOG] MON 1 playing=false pos=0.000 stream_playing=false peak_db=-200.0 mix_rate=48000 latency=0.0880 @ http://localhost:8770/index.js:451
[  199406ms] [LOG] MON 1 playing=false pos=0.000 stream_playing=false peak_db=-200.0 mix_rate=48000 latency=0.0880 @ http://localhost:8770/index.js:451
[  199656ms] [LOG] MON 1 playing=false pos=0.000 stream_playing=false peak_db=-200.0 mix_rate=48000 latency=0.0880 @ http://localhost:8770/index.js:451
[  199906ms] [LOG] MON 1 playing=false pos=0.000 stream_playing=false peak_db=-200.0 mix_rate=48000 latency=0.0880 @ http://localhost:8770/index.js:451
[  200156ms] [LOG] MON 1 playing=false pos=0.000 stream_playing=false peak_db=-200.0 mix_rate=48000 latency=0.0880 @ http://localhost:8770/index.js:451
[  200406ms] [LOG] MON 1 playing=false pos=0.000 stream_playing=false peak_db=-200.0 mix_rate=48000 latency=0.0880 @ http://localhost:8770/index.js:451
[  200656ms] [LOG] MON 1 playing=false pos=0.000 stream_playing=false peak_db=-200.0 mix_rate=48000 latency=0.0880 @ http://localhost:8770/index.js:451
[  200904ms] [LOG] MON 1 playing=false pos=0.000 stream_playing=false peak_db=-200.0 mix_rate=48000 latency=0.0880 @ http://localhost:8770/index.js:451
[  201156ms] [LOG] MON 1 playing=false pos=0.000 stream_playing=false peak_db=-200.0 mix_rate=48000 latency=0.0880 @ http://localhost:8770/index.js:451
[  201406ms] [LOG] MON 1 playing=false pos=0.000 stream_playing=false peak_db=-200.0 mix_rate=48000 latency=0.0880 @ http://localhost:8770/index.js:451
[  201654ms] [LOG] MON 1 playing=false pos=0.000 stream_playing=false peak_db=-200.0 mix_rate=48000 latency=0.0880 @ http://localhost:8770/index.js:451
[  201906ms] [LOG] MON 1 playing=false pos=0.000 stream_playing=false peak_db=-200.0 mix_rate=48000 latency=0.0880 @ http://localhost:8770/index.js:451
[  202156ms] [LOG] MON 1 playing=false pos=0.000 stream_playing=false peak_db=-200.0 mix_rate=48000 latency=0.0880 @ http://localhost:8770/index.js:451
[  202406ms] [LOG] MON 1 playing=false pos=0.000 stream_playing=false peak_db=-200.0 mix_rate=48000 latency=0.0880 @ http://localhost:8770/index.js:451
[  202655ms] [LOG] MON 1 playing=false pos=0.000 stream_playing=false peak_db=-200.0 mix_rate=48000 latency=0.0880 @ http://localhost:8770/index.js:451
[  202906ms] [LOG] MON 1 playing=false pos=0.000 stream_playing=false peak_db=-200.0 mix_rate=48000 latency=0.0880 @ http://localhost:8770/index.js:451
[  203156ms] [LOG] MON 1 playing=false pos=0.000 stream_playing=false peak_db=-200.0 mix_rate=48000 latency=0.0880 @ http://localhost:8770/index.js:451
[  203406ms] [LOG] MON 1 playing=false pos=0.000 stream_playing=false peak_db=-200.0 mix_rate=48000 latency=0.0880 @ http://localhost:8770/index.js:451
[  203655ms] [LOG] MON 1 playing=false pos=0.000 stream_playing=false peak_db=-200.0 mix_rate=48000 latency=0.0880 @ http://localhost:8770/index.js:451
[  203906ms] [LOG] MON 1 playing=false pos=0.000 stream_playing=false peak_db=-200.0 mix_rate=48000 latency=0.0880 @ http://localhost:8770/index.js:451
[  204155ms] [LOG] MON 1 playing=false pos=0.000 stream_playing=false peak_db=-200.0 mix_rate=48000 latency=0.0880 @ http://localhost:8770/index.js:451
[  204404ms] [LOG] MON 1 playing=false pos=0.000 stream_playing=false peak_db=-200.0 mix_rate=48000 latency=0.0880 @ http://localhost:8770/index.js:451
[  204656ms] [LOG] MON 1 playing=false pos=0.000 stream_playing=false peak_db=-200.0 mix_rate=48000 latency=0.0880 @ http://localhost:8770/index.js:451
[  204906ms] [LOG] MON 1 playing=false pos=0.000 stream_playing=false peak_db=-200.0 mix_rate=48000 latency=0.0880 @ http://localhost:8770/index.js:451
[  205156ms] [LOG] MON 1 playing=false pos=0.000 stream_playing=false peak_db=-200.0 mix_rate=48000 latency=0.0880 @ http://localhost:8770/index.js:451
[  205406ms] [LOG] MON 1 playing=false pos=0.000 stream_playing=false peak_db=-200.0 mix_rate=48000 latency=0.0880 @ http://localhost:8770/index.js:451
[  205656ms] [LOG] MON 1 playing=false pos=0.000 stream_playing=false peak_db=-200.0 mix_rate=48000 latency=0.0880 @ http://localhost:8770/index.js:451
[  205906ms] [LOG] MON 1 playing=false pos=0.000 stream_playing=false peak_db=-200.0 mix_rate=48000 latency=0.0880 @ http://localhost:8770/index.js:451
[  206156ms] [LOG] MON 1 playing=false pos=0.000 stream_playing=false peak_db=-200.0 mix_rate=48000 latency=0.0880 @ http://localhost:8770/index.js:451
[  206406ms] [LOG] MON 1 playing=false pos=0.000 stream_playing=false peak_db=-200.0 mix_rate=48000 latency=0.0880 @ http://localhost:8770/index.js:451
[  206656ms] [LOG] MON 1 playing=false pos=0.000 stream_playing=false peak_db=-200.0 mix_rate=48000 latency=0.0880 @ http://localhost:8770/index.js:451
[  206906ms] [LOG] MON 1 playing=false pos=0.000 stream_playing=false peak_db=-200.0 mix_rate=48000 latency=0.0880 @ http://localhost:8770/index.js:451
[  207156ms] [LOG] MON 1 playing=false pos=0.000 stream_playing=false peak_db=-200.0 mix_rate=48000 latency=0.0880 @ http://localhost:8770/index.js:451
[  207406ms] [LOG] MON 1 playing=false pos=0.000 stream_playing=false peak_db=-200.0 mix_rate=48000 latency=0.0880 @ http://localhost:8770/index.js:451
[  207656ms] [LOG] MON 1 playing=false pos=0.000 stream_playing=false peak_db=-200.0 mix_rate=48000 latency=0.0880 @ http://localhost:8770/index.js:451
[  207904ms] [LOG] MON 1 playing=false pos=0.000 stream_playing=false peak_db=-200.0 mix_rate=48000 latency=0.0880 @ http://localhost:8770/index.js:451
[  208156ms] [LOG] MON 1 playing=false pos=0.000 stream_playing=false peak_db=-200.0 mix_rate=48000 latency=0.0880 @ http://localhost:8770/index.js:451
[  208406ms] [LOG] MON 1 playing=false pos=0.000 stream_playing=false peak_db=-200.0 mix_rate=48000 latency=0.0880 @ http://localhost:8770/index.js:451
[  208656ms] [LOG] MON 1 playing=false pos=0.000 stream_playing=false peak_db=-200.0 mix_rate=48000 latency=0.0880 @ http://localhost:8770/index.js:451
[  208906ms] [LOG] MON 1 playing=false pos=0.000 stream_playing=false peak_db=-200.0 mix_rate=48000 latency=0.0880 @ http://localhost:8770/index.js:451
[  209156ms] [LOG] MON 1 playing=false pos=0.000 stream_playing=false peak_db=-200.0 mix_rate=48000 latency=0.0880 @ http://localhost:8770/index.js:451
[  209409ms] [LOG] MON 1 playing=false pos=0.000 stream_playing=false peak_db=-200.0 mix_rate=48000 latency=0.0880 @ http://localhost:8770/index.js:451
[  209656ms] [LOG] MON 1 playing=false pos=0.000 stream_playing=false peak_db=-200.0 mix_rate=48000 latency=0.0880 @ http://localhost:8770/index.js:451
[  209906ms] [LOG] MON 1 playing=false pos=0.000 stream_playing=false peak_db=-200.0 mix_rate=48000 latency=0.0880 @ http://localhost:8770/index.js:451
[  210156ms] [LOG] MON 1 playing=false pos=0.000 stream_playing=false peak_db=-200.0 mix_rate=48000 latency=0.0880 @ http://localhost:8770/index.js:451
[  210406ms] [LOG] MON 1 playing=false pos=0.000 stream_playing=false peak_db=-200.0 mix_rate=48000 latency=0.0880 @ http://localhost:8770/index.js:451
[  210656ms] [LOG] MON 1 playing=false pos=0.000 stream_playing=false peak_db=-200.0 mix_rate=48000 latency=0.0880 @ http://localhost:8770/index.js:451
[  210906ms] [LOG] MON 1 playing=false pos=0.000 stream_playing=false peak_db=-200.0 mix_rate=48000 latency=0.0880 @ http://localhost:8770/index.js:451
[  211156ms] [LOG] MON 1 playing=false pos=0.000 stream_playing=false peak_db=-200.0 mix_rate=48000 latency=0.0880 @ http://localhost:8770/index.js:451
[  211406ms] [LOG] MON 1 playing=false pos=0.000 stream_playing=false peak_db=-200.0 mix_rate=48000 latency=0.0880 @ http://localhost:8770/index.js:451
[  211656ms] [LOG] MON 1 playing=false pos=0.000 stream_playing=false peak_db=-200.0 mix_rate=48000 latency=0.0880 @ http://localhost:8770/index.js:451
[  211905ms] [LOG] MON 1 playing=false pos=0.000 stream_playing=false peak_db=-200.0 mix_rate=48000 latency=0.0880 @ http://localhost:8770/index.js:451
[  212155ms] [LOG] MON 1 playing=false pos=0.000 stream_playing=false peak_db=-200.0 mix_rate=48000 latency=0.0880 @ http://localhost:8770/index.js:451
[  212406ms] [LOG] MON 1 playing=false pos=0.000 stream_playing=false peak_db=-200.0 mix_rate=48000 latency=0.0880 @ http://localhost:8770/index.js:451
[  212655ms] [LOG] MON 1 playing=false pos=0.000 stream_playing=false peak_db=-200.0 mix_rate=48000 latency=0.0880 @ http://localhost:8770/index.js:451
[  212906ms] [LOG] MON 1 playing=false pos=0.000 stream_playing=false peak_db=-200.0 mix_rate=48000 latency=0.0880 @ http://localhost:8770/index.js:451
[  213156ms] [LOG] MON 1 playing=false pos=0.000 stream_playing=false peak_db=-200.0 mix_rate=48000 latency=0.0880 @ http://localhost:8770/index.js:451
[  213406ms] [LOG] MON 1 playing=false pos=0.000 stream_playing=false peak_db=-200.0 mix_rate=48000 latency=0.0880 @ http://localhost:8770/index.js:451
[  213654ms] [LOG] MON 1 playing=false pos=0.000 stream_playing=false peak_db=-200.0 mix_rate=48000 latency=0.0880 @ http://localhost:8770/index.js:451
[  213906ms] [LOG] MON 1 playing=false pos=0.000 stream_playing=false peak_db=-200.0 mix_rate=48000 latency=0.0880 @ http://localhost:8770/index.js:451
[  214156ms] [LOG] MON 1 playing=false pos=0.000 stream_playing=false peak_db=-200.0 mix_rate=48000 latency=0.0880 @ http://localhost:8770/index.js:451
[  214406ms] [LOG] MON 1 playing=false pos=0.000 stream_playing=false peak_db=-200.0 mix_rate=48000 latency=0.0880 @ http://localhost:8770/index.js:451
[  214656ms] [LOG] MON 1 playing=false pos=0.000 stream_playing=false peak_db=-200.0 mix_rate=48000 latency=0.0880 @ http://localhost:8770/index.js:451
[  214906ms] [LOG] MON 1 playing=false pos=0.000 stream_playing=false peak_db=-200.0 mix_rate=48000 latency=0.0880 @ http://localhost:8770/index.js:451
[  215156ms] [LOG] MON 1 playing=false pos=0.000 stream_playing=false peak_db=-200.0 mix_rate=48000 latency=0.0880 @ http://localhost:8770/index.js:451
[  215406ms] [LOG] MON 1 playing=false pos=0.000 stream_playing=false peak_db=-200.0 mix_rate=48000 latency=0.0880 @ http://localhost:8770/index.js:451
[  215656ms] [LOG] MON 1 playing=false pos=0.000 stream_playing=false peak_db=-200.0 mix_rate=48000 latency=0.0880 @ http://localhost:8770/index.js:451
[  215906ms] [LOG] MON 1 playing=false pos=0.000 stream_playing=false peak_db=-200.0 mix_rate=48000 latency=0.0880 @ http://localhost:8770/index.js:451
[  216156ms] [LOG] MON 1 playing=false pos=0.000 stream_playing=false peak_db=-200.0 mix_rate=48000 latency=0.0880 @ http://localhost:8770/index.js:451
[  216406ms] [LOG] MON 1 playing=false pos=0.000 stream_playing=false peak_db=-200.0 mix_rate=48000 latency=0.0880 @ http://localhost:8770/index.js:451
[  216656ms] [LOG] MON 1 playing=false pos=0.000 stream_playing=false peak_db=-200.0 mix_rate=48000 latency=0.0880 @ http://localhost:8770/index.js:451
[  216904ms] [LOG] MON 1 playing=false pos=0.000 stream_playing=false peak_db=-200.0 mix_rate=48000 latency=0.0880 @ http://localhost:8770/index.js:451
[  217156ms] [LOG] MON 1 playing=false pos=0.000 stream_playing=false peak_db=-200.0 mix_rate=48000 latency=0.0880 @ http://localhost:8770/index.js:451
[  217406ms] [LOG] MON 1 playing=false pos=0.000 stream_playing=false peak_db=-200.0 mix_rate=48000 latency=0.0880 @ http://localhost:8770/index.js:451
[  217656ms] [LOG] MON 1 playing=false pos=0.000 stream_playing=false peak_db=-200.0 mix_rate=48000 latency=0.0880 @ http://localhost:8770/index.js:451
[  217905ms] [LOG] MON 1 playing=false pos=0.000 stream_playing=false peak_db=-200.0 mix_rate=48000 latency=0.0880 @ http://localhost:8770/index.js:451
[  218156ms] [LOG] MON 1 playing=false pos=0.000 stream_playing=false peak_db=-200.0 mix_rate=48000 latency=0.0880 @ http://localhost:8770/index.js:451
[  218404ms] [LOG] MON 1 playing=false pos=0.000 stream_playing=false peak_db=-200.0 mix_rate=48000 latency=0.0880 @ http://localhost:8770/index.js:451
[  218656ms] [LOG] MON 1 playing=false pos=0.000 stream_playing=false peak_db=-200.0 mix_rate=48000 latency=0.0880 @ http://localhost:8770/index.js:451
[  218904ms] [LOG] MON 1 playing=false pos=0.000 stream_playing=false peak_db=-200.0 mix_rate=48000 latency=0.0880 @ http://localhost:8770/index.js:451
[  219156ms] [LOG] MON 1 playing=false pos=0.000 stream_playing=false peak_db=-200.0 mix_rate=48000 latency=0.0880 @ http://localhost:8770/index.js:451
[  219406ms] [LOG] MON 1 playing=false pos=0.000 stream_playing=false peak_db=-200.0 mix_rate=48000 latency=0.0880 @ http://localhost:8770/index.js:451
[  219656ms] [LOG] MON 1 playing=false pos=0.000 stream_playing=false peak_db=-200.0 mix_rate=48000 latency=0.0880 @ http://localhost:8770/index.js:451
[  219905ms] [LOG] MON 1 playing=false pos=0.000 stream_playing=false peak_db=-200.0 mix_rate=48000 latency=0.0880 @ http://localhost:8770/index.js:451
[  220156ms] [LOG] MON 1 playing=false pos=0.000 stream_playing=false peak_db=-200.0 mix_rate=48000 latency=0.0880 @ http://localhost:8770/index.js:451
[  220406ms] [LOG] MON 1 playing=false pos=0.000 stream_playing=false peak_db=-200.0 mix_rate=48000 latency=0.0880 @ http://localhost:8770/index.js:451
[  220656ms] [LOG] MON 1 playing=false pos=0.000 stream_playing=false peak_db=-200.0 mix_rate=48000 latency=0.0880 @ http://localhost:8770/index.js:451
[  220906ms] [LOG] MON 1 playing=false pos=0.000 stream_playing=false peak_db=-200.0 mix_rate=48000 latency=0.0880 @ http://localhost:8770/index.js:451
[  221156ms] [LOG] MON 1 playing=false pos=0.000 stream_playing=false peak_db=-200.0 mix_rate=48000 latency=0.0880 @ http://localhost:8770/index.js:451
[  221404ms] [LOG] MON 1 playing=false pos=0.000 stream_playing=false peak_db=-200.0 mix_rate=48000 latency=0.0880 @ http://localhost:8770/index.js:451
[  221656ms] [LOG] MON 1 playing=false pos=0.000 stream_playing=false peak_db=-200.0 mix_rate=48000 latency=0.0880 @ http://localhost:8770/index.js:451
[  221906ms] [LOG] MON 1 playing=false pos=0.000 stream_playing=false peak_db=-200.0 mix_rate=48000 latency=0.0880 @ http://localhost:8770/index.js:451
[  222156ms] [LOG] MON 1 playing=false pos=0.000 stream_playing=false peak_db=-200.0 mix_rate=48000 latency=0.0880 @ http://localhost:8770/index.js:451
[  222406ms] [LOG] MON 1 playing=false pos=0.000 stream_playing=false peak_db=-200.0 mix_rate=48000 latency=0.0880 @ http://localhost:8770/index.js:451
[  222656ms] [LOG] MON 1 playing=false pos=0.000 stream_playing=false peak_db=-200.0 mix_rate=48000 latency=0.0880 @ http://localhost:8770/index.js:451
[  222906ms] [LOG] MON 1 playing=false pos=0.000 stream_playing=false peak_db=-200.0 mix_rate=48000 latency=0.0880 @ http://localhost:8770/index.js:451
[  223155ms] [LOG] MON 1 playing=false pos=0.000 stream_playing=false peak_db=-200.0 mix_rate=48000 latency=0.0880 @ http://localhost:8770/index.js:451
[  223406ms] [LOG] MON 1 playing=false pos=0.000 stream_playing=false peak_db=-200.0 mix_rate=48000 latency=0.0880 @ http://localhost:8770/index.js:451
[  223656ms] [LOG] MON 1 playing=false pos=0.000 stream_playing=false peak_db=-200.0 mix_rate=48000 latency=0.0880 @ http://localhost:8770/index.js:451
[  223904ms] [LOG] MON 1 playing=false pos=0.000 stream_playing=false peak_db=-200.0 mix_rate=48000 latency=0.0880 @ http://localhost:8770/index.js:451
[  224156ms] [LOG] MON 1 playing=false pos=0.000 stream_playing=false peak_db=-200.0 mix_rate=48000 latency=0.0880 @ http://localhost:8770/index.js:451
[  224406ms] [LOG] MON 1 playing=false pos=0.000 stream_playing=false peak_db=-200.0 mix_rate=48000 latency=0.0880 @ http://localhost:8770/index.js:451
[  224656ms] [LOG] MON 1 playing=false pos=0.000 stream_playing=false peak_db=-200.0 mix_rate=48000 latency=0.0880 @ http://localhost:8770/index.js:451
[  224906ms] [LOG] MON 1 playing=false pos=0.000 stream_playing=false peak_db=-200.0 mix_rate=48000 latency=0.0880 @ http://localhost:8770/index.js:451
[  225156ms] [LOG] MON 1 playing=false pos=0.000 stream_playing=false peak_db=-200.0 mix_rate=48000 latency=0.0880 @ http://localhost:8770/index.js:451
[  225406ms] [LOG] MON 1 playing=false pos=0.000 stream_playing=false peak_db=-200.0 mix_rate=48000 latency=0.0880 @ http://localhost:8770/index.js:451
[  225654ms] [LOG] MON 1 playing=false pos=0.000 stream_playing=false peak_db=-200.0 mix_rate=48000 latency=0.0880 @ http://localhost:8770/index.js:451
[  225905ms] [LOG] MON 1 playing=false pos=0.000 stream_playing=false peak_db=-200.0 mix_rate=48000 latency=0.0880 @ http://localhost:8770/index.js:451
[  226156ms] [LOG] MON 1 playing=false pos=0.000 stream_playing=false peak_db=-200.0 mix_rate=48000 latency=0.0880 @ http://localhost:8770/index.js:451
[  226408ms] [LOG] MON 1 playing=false pos=0.000 stream_playing=false peak_db=-200.0 mix_rate=48000 latency=0.0880 @ http://localhost:8770/index.js:451
[  226656ms] [LOG] MON 1 playing=false pos=0.000 stream_playing=false peak_db=-200.0 mix_rate=48000 latency=0.0880 @ http://localhost:8770/index.js:451
[  226904ms] [LOG] MON 1 playing=false pos=0.000 stream_playing=false peak_db=-200.0 mix_rate=48000 latency=0.0880 @ http://localhost:8770/index.js:451
[  227156ms] [LOG] MON 1 playing=false pos=0.000 stream_playing=false peak_db=-200.0 mix_rate=48000 latency=0.0880 @ http://localhost:8770/index.js:451
[  227404ms] [LOG] MON 1 playing=false pos=0.000 stream_playing=false peak_db=-200.0 mix_rate=48000 latency=0.0880 @ http://localhost:8770/index.js:451
[  227655ms] [LOG] MON 1 playing=false pos=0.000 stream_playing=false peak_db=-200.0 mix_rate=48000 latency=0.0880 @ http://localhost:8770/index.js:451
[  227905ms] [LOG] MON 1 playing=false pos=0.000 stream_playing=false peak_db=-200.0 mix_rate=48000 latency=0.0880 @ http://localhost:8770/index.js:451
[  228156ms] [LOG] MON 1 playing=false pos=0.000 stream_playing=false peak_db=-200.0 mix_rate=48000 latency=0.0880 @ http://localhost:8770/index.js:451
[  228406ms] [LOG] MON 1 playing=false pos=0.000 stream_playing=false peak_db=-200.0 mix_rate=48000 latency=0.0880 @ http://localhost:8770/index.js:451
[  228656ms] [LOG] MON 1 playing=false pos=0.000 stream_playing=false peak_db=-200.0 mix_rate=48000 latency=0.0880 @ http://localhost:8770/index.js:451
[  228906ms] [LOG] MON 1 playing=false pos=0.000 stream_playing=false peak_db=-200.0 mix_rate=48000 latency=0.0880 @ http://localhost:8770/index.js:451
[  229156ms] [LOG] MON 1 playing=false pos=0.000 stream_playing=false peak_db=-200.0 mix_rate=48000 latency=0.0880 @ http://localhost:8770/index.js:451
[  229406ms] [LOG] MON 1 playing=false pos=0.000 stream_playing=false peak_db=-200.0 mix_rate=48000 latency=0.0880 @ http://localhost:8770/index.js:451
[  229654ms] [LOG] MON 1 playing=false pos=0.000 stream_playing=false peak_db=-200.0 mix_rate=48000 latency=0.0880 @ http://localhost:8770/index.js:451
[  229905ms] [LOG] MON 1 playing=false pos=0.000 stream_playing=false peak_db=-200.0 mix_rate=48000 latency=0.0880 @ http://localhost:8770/index.js:451
[  230156ms] [LOG] MON 1 playing=false pos=0.000 stream_playing=false peak_db=-200.0 mix_rate=48000 latency=0.0880 @ http://localhost:8770/index.js:451
[  230406ms] [LOG] MON 1 playing=false pos=0.000 stream_playing=false peak_db=-200.0 mix_rate=48000 latency=0.0880 @ http://localhost:8770/index.js:451
[  230654ms] [LOG] MON 1 playing=false pos=0.000 stream_playing=false peak_db=-200.0 mix_rate=48000 latency=0.0880 @ http://localhost:8770/index.js:451
[  230907ms] [LOG] MON 1 playing=false pos=0.000 stream_playing=false peak_db=-200.0 mix_rate=48000 latency=0.0880 @ http://localhost:8770/index.js:451
[  231156ms] [LOG] MON 1 playing=false pos=0.000 stream_playing=false peak_db=-200.0 mix_rate=48000 latency=0.0880 @ http://localhost:8770/index.js:451
[  231406ms] [LOG] MON 1 playing=false pos=0.000 stream_playing=false peak_db=-200.0 mix_rate=48000 latency=0.0880 @ http://localhost:8770/index.js:451
[  231656ms] [LOG] MON 1 playing=false pos=0.000 stream_playing=false peak_db=-200.0 mix_rate=48000 latency=0.0880 @ http://localhost:8770/index.js:451
[  231904ms] [LOG] MON 1 playing=false pos=0.000 stream_playing=false peak_db=-200.0 mix_rate=48000 latency=0.0880 @ http://localhost:8770/index.js:451
[  232156ms] [LOG] MON 1 playing=false pos=0.000 stream_playing=false peak_db=-200.0 mix_rate=48000 latency=0.0880 @ http://localhost:8770/index.js:451
[  232405ms] [LOG] MON 1 playing=false pos=0.000 stream_playing=false peak_db=-200.0 mix_rate=48000 latency=0.0880 @ http://localhost:8770/index.js:451
[  232656ms] [LOG] MON 1 playing=false pos=0.000 stream_playing=false peak_db=-200.0 mix_rate=48000 latency=0.0880 @ http://localhost:8770/index.js:451
[  232904ms] [LOG] MON 1 playing=false pos=0.000 stream_playing=false peak_db=-200.0 mix_rate=48000 latency=0.0880 @ http://localhost:8770/index.js:451
[  233155ms] [LOG] MON 1 playing=false pos=0.000 stream_playing=false peak_db=-200.0 mix_rate=48000 latency=0.0880 @ http://localhost:8770/index.js:451
[  233406ms] [LOG] MON 1 playing=false pos=0.000 stream_playing=false peak_db=-200.0 mix_rate=48000 latency=0.0880 @ http://localhost:8770/index.js:451
[  233656ms] [LOG] MON 1 playing=false pos=0.000 stream_playing=false peak_db=-200.0 mix_rate=48000 latency=0.0880 @ http://localhost:8770/index.js:451
[  233907ms] [LOG] MON 1 playing=false pos=0.000 stream_playing=false peak_db=-200.0 mix_rate=48000 latency=0.0880 @ http://localhost:8770/index.js:451
[  234156ms] [LOG] MON 1 playing=false pos=0.000 stream_playing=false peak_db=-200.0 mix_rate=48000 latency=0.0880 @ http://localhost:8770/index.js:451
[  234404ms] [LOG] MON 1 playing=false pos=0.000 stream_playing=false peak_db=-200.0 mix_rate=48000 latency=0.0880 @ http://localhost:8770/index.js:451
[  234656ms] [LOG] MON 1 playing=false pos=0.000 stream_playing=false peak_db=-200.0 mix_rate=48000 latency=0.0880 @ http://localhost:8770/index.js:451
[  234906ms] [LOG] MON 1 playing=false pos=0.000 stream_playing=false peak_db=-200.0 mix_rate=48000 latency=0.0880 @ http://localhost:8770/index.js:451
[  235156ms] [LOG] MON 1 playing=false pos=0.000 stream_playing=false peak_db=-200.0 mix_rate=48000 latency=0.0880 @ http://localhost:8770/index.js:451
[  235404ms] [LOG] MON 1 playing=false pos=0.000 stream_playing=false peak_db=-200.0 mix_rate=48000 latency=0.0880 @ http://localhost:8770/index.js:451
[  235656ms] [LOG] MON 1 playing=false pos=0.000 stream_playing=false peak_db=-200.0 mix_rate=48000 latency=0.0880 @ http://localhost:8770/index.js:451
[  235904ms] [LOG] MON 1 playing=false pos=0.000 stream_playing=false peak_db=-200.0 mix_rate=48000 latency=0.0880 @ http://localhost:8770/index.js:451
[  236155ms] [LOG] MON 1 playing=false pos=0.000 stream_playing=false peak_db=-200.0 mix_rate=48000 latency=0.0880 @ http://localhost:8770/index.js:451
[  236406ms] [LOG] MON 1 playing=false pos=0.000 stream_playing=false peak_db=-200.0 mix_rate=48000 latency=0.0880 @ http://localhost:8770/index.js:451
[  236667ms] [LOG] MON 1 playing=false pos=0.000 stream_playing=false peak_db=-200.0 mix_rate=48000 latency=0.0880 @ http://localhost:8770/index.js:451
[  236888ms] [LOG] MON 1 playing=false pos=0.000 stream_playing=false peak_db=-200.0 mix_rate=48000 latency=0.0880 @ http://localhost:8770/index.js:451
[  237139ms] [LOG] MON 1 playing=false pos=0.000 stream_playing=false peak_db=-200.0 mix_rate=48000 latency=0.0880 @ http://localhost:8770/index.js:451
[  237389ms] [LOG] MON 1 playing=false pos=0.000 stream_playing=false peak_db=-200.0 mix_rate=48000 latency=0.0880 @ http://localhost:8770/index.js:451
[  237639ms] [LOG] MON 1 playing=false pos=0.000 stream_playing=false peak_db=-200.0 mix_rate=48000 latency=0.0880 @ http://localhost:8770/index.js:451
[  237888ms] [LOG] MON 1 playing=false pos=0.000 stream_playing=false peak_db=-200.0 mix_rate=48000 latency=0.0880 @ http://localhost:8770/index.js:451
[  238138ms] [LOG] MON 1 playing=false pos=0.000 stream_playing=false peak_db=-200.0 mix_rate=48000 latency=0.0880 @ http://localhost:8770/index.js:451
[  238389ms] [LOG] MON 1 playing=false pos=0.000 stream_playing=false peak_db=-200.0 mix_rate=48000 latency=0.0880 @ http://localhost:8770/index.js:451
[  238639ms] [LOG] MON 1 playing=false pos=0.000 stream_playing=false peak_db=-200.0 mix_rate=48000 latency=0.0880 @ http://localhost:8770/index.js:451
[  238889ms] [LOG] MON 1 playing=false pos=0.000 stream_playing=false peak_db=-200.0 mix_rate=48000 latency=0.0880 @ http://localhost:8770/index.js:451
[  239139ms] [LOG] MON 1 playing=false pos=0.000 stream_playing=false peak_db=-200.0 mix_rate=48000 latency=0.0880 @ http://localhost:8770/index.js:451
[  239389ms] [LOG] MON 1 playing=false pos=0.000 stream_playing=false peak_db=-200.0 mix_rate=48000 latency=0.0880 @ http://localhost:8770/index.js:451
[  239639ms] [LOG] MON 1 playing=false pos=0.000 stream_playing=false peak_db=-200.0 mix_rate=48000 latency=0.0880 @ http://localhost:8770/index.js:451
[  239889ms] [LOG] MON 1 playing=false pos=0.000 stream_playing=false peak_db=-200.0 mix_rate=48000 latency=0.0880 @ http://localhost:8770/index.js:451
[  240139ms] [LOG] MON 1 playing=false pos=0.000 stream_playing=false peak_db=-200.0 mix_rate=48000 latency=0.0880 @ http://localhost:8770/index.js:451
[  240389ms] [LOG] MON 1 playing=false pos=0.000 stream_playing=false peak_db=-200.0 mix_rate=48000 latency=0.0880 @ http://localhost:8770/index.js:451
[  240640ms] [LOG] MON 1 playing=false pos=0.000 stream_playing=false peak_db=-200.0 mix_rate=48000 latency=0.0880 @ http://localhost:8770/index.js:451
[  240888ms] [LOG] MON 1 playing=false pos=0.000 stream_playing=false peak_db=-200.0 mix_rate=48000 latency=0.0880 @ http://localhost:8770/index.js:451
[  241139ms] [LOG] MON 1 playing=false pos=0.000 stream_playing=false peak_db=-200.0 mix_rate=48000 latency=0.0880 @ http://localhost:8770/index.js:451
[  241389ms] [LOG] MON 1 playing=false pos=0.000 stream_playing=false peak_db=-200.0 mix_rate=48000 latency=0.0880 @ http://localhost:8770/index.js:451
[  241639ms] [LOG] MON 1 playing=false pos=0.000 stream_playing=false peak_db=-200.0 mix_rate=48000 latency=0.0880 @ http://localhost:8770/index.js:451
[  241889ms] [LOG] MON 1 playing=false pos=0.000 stream_playing=false peak_db=-200.0 mix_rate=48000 latency=0.0880 @ http://localhost:8770/index.js:451
[  242139ms] [LOG] MON 1 playing=false pos=0.000 stream_playing=false peak_db=-200.0 mix_rate=48000 latency=0.0880 @ http://localhost:8770/index.js:451
[  242389ms] [LOG] MON 1 playing=false pos=0.000 stream_playing=false peak_db=-200.0 mix_rate=48000 latency=0.0880 @ http://localhost:8770/index.js:451
[  242639ms] [LOG] MON 1 playing=false pos=0.000 stream_playing=false peak_db=-200.0 mix_rate=48000 latency=0.0880 @ http://localhost:8770/index.js:451
[  242889ms] [LOG] MON 1 playing=false pos=0.000 stream_playing=false peak_db=-200.0 mix_rate=48000 latency=0.0880 @ http://localhost:8770/index.js:451
[  243139ms] [LOG] MON 1 playing=false pos=0.000 stream_playing=false peak_db=-200.0 mix_rate=48000 latency=0.0880 @ http://localhost:8770/index.js:451
[  243390ms] [LOG] MON 1 playing=false pos=0.000 stream_playing=false peak_db=-200.0 mix_rate=48000 latency=0.0880 @ http://localhost:8770/index.js:451
[  243639ms] [LOG] MON 1 playing=false pos=0.000 stream_playing=false peak_db=-200.0 mix_rate=48000 latency=0.0880 @ http://localhost:8770/index.js:451
[  243888ms] [LOG] MON 1 playing=false pos=0.000 stream_playing=false peak_db=-200.0 mix_rate=48000 latency=0.0880 @ http://localhost:8770/index.js:451
[  244139ms] [LOG] MON 1 playing=false pos=0.000 stream_playing=false peak_db=-200.0 mix_rate=48000 latency=0.0880 @ http://localhost:8770/index.js:451
[  244389ms] [LOG] MON 1 playing=false pos=0.000 stream_playing=false peak_db=-200.0 mix_rate=48000 latency=0.0880 @ http://localhost:8770/index.js:451
[  244638ms] [LOG] MON 1 playing=false pos=0.000 stream_playing=false peak_db=-200.0 mix_rate=48000 latency=0.0880 @ http://localhost:8770/index.js:451
[  244889ms] [LOG] MON 1 playing=false pos=0.000 stream_playing=false peak_db=-200.0 mix_rate=48000 latency=0.0880 @ http://localhost:8770/index.js:451
[  245139ms] [LOG] MON 1 playing=false pos=0.000 stream_playing=false peak_db=-200.0 mix_rate=48000 latency=0.0880 @ http://localhost:8770/index.js:451
[  245389ms] [LOG] MON 1 playing=false pos=0.000 stream_playing=false peak_db=-200.0 mix_rate=48000 latency=0.0880 @ http://localhost:8770/index.js:451
[  245639ms] [LOG] MON 1 playing=false pos=0.000 stream_playing=false peak_db=-200.0 mix_rate=48000 latency=0.0880 @ http://localhost:8770/index.js:451
[  245888ms] [LOG] MON 1 playing=false pos=0.000 stream_playing=false peak_db=-200.0 mix_rate=48000 latency=0.0880 @ http://localhost:8770/index.js:451
[  246145ms] [LOG] MON 1 playing=false pos=0.000 stream_playing=false peak_db=-200.0 mix_rate=48000 latency=0.0880 @ http://localhost:8770/index.js:451
[  246389ms] [LOG] MON 1 playing=false pos=0.000 stream_playing=false peak_db=-200.0 mix_rate=48000 latency=0.0880 @ http://localhost:8770/index.js:451
[  246638ms] [LOG] MON 1 playing=false pos=0.000 stream_playing=false peak_db=-200.0 mix_rate=48000 latency=0.0880 @ http://localhost:8770/index.js:451
[  246889ms] [LOG] MON 1 playing=false pos=0.000 stream_playing=false peak_db=-200.0 mix_rate=48000 latency=0.0880 @ http://localhost:8770/index.js:451
[  247140ms] [LOG] MON 1 playing=false pos=0.000 stream_playing=false peak_db=-200.0 mix_rate=48000 latency=0.0880 @ http://localhost:8770/index.js:451
[  247391ms] [LOG] MON 1 playing=false pos=0.000 stream_playing=false peak_db=-200.0 mix_rate=48000 latency=0.0880 @ http://localhost:8770/index.js:451
[  247639ms] [LOG] MON 1 playing=false pos=0.000 stream_playing=false peak_db=-200.0 mix_rate=48000 latency=0.0880 @ http://localhost:8770/index.js:451
[  247887ms] [LOG] MON 1 playing=false pos=0.000 stream_playing=false peak_db=-200.0 mix_rate=48000 latency=0.0880 @ http://localhost:8770/index.js:451
[  248139ms] [LOG] MON 1 playing=false pos=0.000 stream_playing=false peak_db=-200.0 mix_rate=48000 latency=0.0880 @ http://localhost:8770/index.js:451
[  248389ms] [LOG] MON 1 playing=false pos=0.000 stream_playing=false peak_db=-200.0 mix_rate=48000 latency=0.0880 @ http://localhost:8770/index.js:451
[  248639ms] [LOG] MON 1 playing=false pos=0.000 stream_playing=false peak_db=-200.0 mix_rate=48000 latency=0.0880 @ http://localhost:8770/index.js:451
[  248891ms] [LOG] MON 1 playing=false pos=0.000 stream_playing=false peak_db=-200.0 mix_rate=48000 latency=0.0880 @ http://localhost:8770/index.js:451
[  249140ms] [LOG] MON 1 playing=false pos=0.000 stream_playing=false peak_db=-200.0 mix_rate=48000 latency=0.0880 @ http://localhost:8770/index.js:451
[  249387ms] [LOG] MON 1 playing=false pos=0.000 stream_playing=false peak_db=-200.0 mix_rate=48000 latency=0.0880 @ http://localhost:8770/index.js:451
[  249639ms] [LOG] MON 1 playing=false pos=0.000 stream_playing=false peak_db=-200.0 mix_rate=48000 latency=0.0880 @ http://localhost:8770/index.js:451
[  249889ms] [LOG] MON 1 playing=false pos=0.000 stream_playing=false peak_db=-200.0 mix_rate=48000 latency=0.0880 @ http://localhost:8770/index.js:451
[  250139ms] [LOG] MON 1 playing=false pos=0.000 stream_playing=false peak_db=-200.0 mix_rate=48000 latency=0.0880 @ http://localhost:8770/index.js:451
[  250389ms] [LOG] MON 1 playing=false pos=0.000 stream_playing=false peak_db=-200.0 mix_rate=48000 latency=0.0880 @ http://localhost:8770/index.js:451
[  250639ms] [LOG] MON 1 playing=false pos=0.000 stream_playing=false peak_db=-200.0 mix_rate=48000 latency=0.0880 @ http://localhost:8770/index.js:451
[  250889ms] [LOG] MON 1 playing=false pos=0.000 stream_playing=false peak_db=-200.0 mix_rate=48000 latency=0.0880 @ http://localhost:8770/index.js:451
[  251139ms] [LOG] MON 1 playing=false pos=0.000 stream_playing=false peak_db=-200.0 mix_rate=48000 latency=0.0880 @ http://localhost:8770/index.js:451
[  251389ms] [LOG] MON 1 playing=false pos=0.000 stream_playing=false peak_db=-200.0 mix_rate=48000 latency=0.0880 @ http://localhost:8770/index.js:451
[  251639ms] [LOG] MON 1 playing=false pos=0.000 stream_playing=false peak_db=-200.0 mix_rate=48000 latency=0.0880 @ http://localhost:8770/index.js:451
[  251889ms] [LOG] MON 1 playing=false pos=0.000 stream_playing=false peak_db=-200.0 mix_rate=48000 latency=0.0880 @ http://localhost:8770/index.js:451
[  252138ms] [LOG] MON 1 playing=false pos=0.000 stream_playing=false peak_db=-200.0 mix_rate=48000 latency=0.0880 @ http://localhost:8770/index.js:451
[  252388ms] [LOG] MON 1 playing=false pos=0.000 stream_playing=false peak_db=-200.0 mix_rate=48000 latency=0.0880 @ http://localhost:8770/index.js:451
[  252639ms] [LOG] MON 1 playing=false pos=0.000 stream_playing=false peak_db=-200.0 mix_rate=48000 latency=0.0880 @ http://localhost:8770/index.js:451
[  252891ms] [LOG] MON 1 playing=false pos=0.000 stream_playing=false peak_db=-200.0 mix_rate=48000 latency=0.0880 @ http://localhost:8770/index.js:451
[  253139ms] [LOG] MON 1 playing=false pos=0.000 stream_playing=false peak_db=-200.0 mix_rate=48000 latency=0.0880 @ http://localhost:8770/index.js:451
[  253389ms] [LOG] MON 1 playing=false pos=0.000 stream_playing=false peak_db=-200.0 mix_rate=48000 latency=0.0880 @ http://localhost:8770/index.js:451
[  253638ms] [LOG] MON 1 playing=false pos=0.000 stream_playing=false peak_db=-200.0 mix_rate=48000 latency=0.0880 @ http://localhost:8770/index.js:451
[  253889ms] [LOG] MON 1 playing=false pos=0.000 stream_playing=false peak_db=-200.0 mix_rate=48000 latency=0.0880 @ http://localhost:8770/index.js:451
[  254139ms] [LOG] MON 1 playing=false pos=0.000 stream_playing=false peak_db=-200.0 mix_rate=48000 latency=0.0880 @ http://localhost:8770/index.js:451
[  254388ms] [LOG] MON 1 playing=false pos=0.000 stream_playing=false peak_db=-200.0 mix_rate=48000 latency=0.0880 @ http://localhost:8770/index.js:451
[  254639ms] [LOG] MON 1 playing=false pos=0.000 stream_playing=false peak_db=-200.0 mix_rate=48000 latency=0.0880 @ http://localhost:8770/index.js:451
[  254889ms] [LOG] MON 1 playing=false pos=0.000 stream_playing=false peak_db=-200.0 mix_rate=48000 latency=0.0880 @ http://localhost:8770/index.js:451
[  255139ms] [LOG] MON 1 playing=false pos=0.000 stream_playing=false peak_db=-200.0 mix_rate=48000 latency=0.0880 @ http://localhost:8770/index.js:451
[  255389ms] [LOG] MON 1 playing=false pos=0.000 stream_playing=false peak_db=-200.0 mix_rate=48000 latency=0.0880 @ http://localhost:8770/index.js:451
[  255639ms] [LOG] MON 1 playing=false pos=0.000 stream_playing=false peak_db=-200.0 mix_rate=48000 latency=0.0880 @ http://localhost:8770/index.js:451
[  255890ms] [LOG] MON 1 playing=false pos=0.000 stream_playing=false peak_db=-200.0 mix_rate=48000 latency=0.0880 @ http://localhost:8770/index.js:451
[  256139ms] [LOG] MON 1 playing=false pos=0.000 stream_playing=false peak_db=-200.0 mix_rate=48000 latency=0.0880 @ http://localhost:8770/index.js:451
[  256390ms] [LOG] MON 1 playing=false pos=0.000 stream_playing=false peak_db=-200.0 mix_rate=48000 latency=0.0880 @ http://localhost:8770/index.js:451
[  256639ms] [LOG] MON 1 playing=false pos=0.000 stream_playing=false peak_db=-200.0 mix_rate=48000 latency=0.0880 @ http://localhost:8770/index.js:451
[  256890ms] [LOG] MON 1 playing=false pos=0.000 stream_playing=false peak_db=-200.0 mix_rate=48000 latency=0.0880 @ http://localhost:8770/index.js:451
[  257139ms] [LOG] MON 1 playing=false pos=0.000 stream_playing=false peak_db=-200.0 mix_rate=48000 latency=0.0880 @ http://localhost:8770/index.js:451
[  257389ms] [LOG] MON 1 playing=false pos=0.000 stream_playing=false peak_db=-200.0 mix_rate=48000 latency=0.0880 @ http://localhost:8770/index.js:451
[  257638ms] [LOG] MON 1 playing=false pos=0.000 stream_playing=false peak_db=-200.0 mix_rate=48000 latency=0.0880 @ http://localhost:8770/index.js:451
[  257889ms] [LOG] MON 1 playing=false pos=0.000 stream_playing=false peak_db=-200.0 mix_rate=48000 latency=0.0880 @ http://localhost:8770/index.js:451
[  258138ms] [LOG] MON 1 playing=false pos=0.000 stream_playing=false peak_db=-200.0 mix_rate=48000 latency=0.0880 @ http://localhost:8770/index.js:451
[  258389ms] [LOG] MON 1 playing=false pos=0.000 stream_playing=false peak_db=-200.0 mix_rate=48000 latency=0.0880 @ http://localhost:8770/index.js:451
[  258639ms] [LOG] MON 1 playing=false pos=0.000 stream_playing=false peak_db=-200.0 mix_rate=48000 latency=0.0880 @ http://localhost:8770/index.js:451
[  258891ms] [LOG] MON 1 playing=false pos=0.000 stream_playing=false peak_db=-200.0 mix_rate=48000 latency=0.0880 @ http://localhost:8770/index.js:451
[  259138ms] [LOG] MON 1 playing=false pos=0.000 stream_playing=false peak_db=-200.0 mix_rate=48000 latency=0.0880 @ http://localhost:8770/index.js:451
[  259389ms] [LOG] MON 1 playing=false pos=0.000 stream_playing=false peak_db=-200.0 mix_rate=48000 latency=0.0880 @ http://localhost:8770/index.js:451
[  259638ms] [LOG] MON 1 playing=false pos=0.000 stream_playing=false peak_db=-200.0 mix_rate=48000 latency=0.0880 @ http://localhost:8770/index.js:451
[  259889ms] [LOG] MON 1 playing=false pos=0.000 stream_playing=false peak_db=-200.0 mix_rate=48000 latency=0.0880 @ http://localhost:8770/index.js:451
[  260140ms] [LOG] MON 1 playing=false pos=0.000 stream_playing=false peak_db=-200.0 mix_rate=48000 latency=0.0880 @ http://localhost:8770/index.js:451
[  260389ms] [LOG] MON 1 playing=false pos=0.000 stream_playing=false peak_db=-200.0 mix_rate=48000 latency=0.0880 @ http://localhost:8770/index.js:451
[  260638ms] [LOG] MON 1 playing=false pos=0.000 stream_playing=false peak_db=-200.0 mix_rate=48000 latency=0.0880 @ http://localhost:8770/index.js:451
[  260889ms] [LOG] MON 1 playing=false pos=0.000 stream_playing=false peak_db=-200.0 mix_rate=48000 latency=0.0880 @ http://localhost:8770/index.js:451
[  261138ms] [LOG] MON 1 playing=false pos=0.000 stream_playing=false peak_db=-200.0 mix_rate=48000 latency=0.0880 @ http://localhost:8770/index.js:451
[  261388ms] [LOG] MON 1 playing=false pos=0.000 stream_playing=false peak_db=-200.0 mix_rate=48000 latency=0.0880 @ http://localhost:8770/index.js:451
[  261639ms] [LOG] MON 1 playing=false pos=0.000 stream_playing=false peak_db=-200.0 mix_rate=48000 latency=0.0880 @ http://localhost:8770/index.js:451
[  261888ms] [LOG] MON 1 playing=false pos=0.000 stream_playing=false peak_db=-200.0 mix_rate=48000 latency=0.0880 @ http://localhost:8770/index.js:451
[  262138ms] [LOG] MON 1 playing=false pos=0.000 stream_playing=false peak_db=-200.0 mix_rate=48000 latency=0.0880 @ http://localhost:8770/index.js:451
[  262389ms] [LOG] MON 1 playing=false pos=0.000 stream_playing=false peak_db=-200.0 mix_rate=48000 latency=0.0880 @ http://localhost:8770/index.js:451
[  262639ms] [LOG] MON 1 playing=false pos=0.000 stream_playing=false peak_db=-200.0 mix_rate=48000 latency=0.0880 @ http://localhost:8770/index.js:451
[  262890ms] [LOG] MON 1 playing=false pos=0.000 stream_playing=false peak_db=-200.0 mix_rate=48000 latency=0.0880 @ http://localhost:8770/index.js:451
[  263141ms] [LOG] MON 1 playing=false pos=0.000 stream_playing=false peak_db=-200.0 mix_rate=48000 latency=0.0880 @ http://localhost:8770/index.js:451
[  263389ms] [LOG] MON 1 playing=false pos=0.000 stream_playing=false peak_db=-200.0 mix_rate=48000 latency=0.0880 @ http://localhost:8770/index.js:451
[  263638ms] [LOG] MON 1 playing=false pos=0.000 stream_playing=false peak_db=-200.0 mix_rate=48000 latency=0.0880 @ http://localhost:8770/index.js:451
[  263889ms] [LOG] MON 1 playing=false pos=0.000 stream_playing=false peak_db=-200.0 mix_rate=48000 latency=0.0880 @ http://localhost:8770/index.js:451
[  264140ms] [LOG] MON 1 playing=false pos=0.000 stream_playing=false peak_db=-200.0 mix_rate=48000 latency=0.0880 @ http://localhost:8770/index.js:451
[  264389ms] [LOG] MON 1 playing=false pos=0.000 stream_playing=false peak_db=-200.0 mix_rate=48000 latency=0.0880 @ http://localhost:8770/index.js:451
[  264638ms] [LOG] MON 1 playing=false pos=0.000 stream_playing=false peak_db=-200.0 mix_rate=48000 latency=0.0880 @ http://localhost:8770/index.js:451
[  264889ms] [LOG] MON 1 playing=false pos=0.000 stream_playing=false peak_db=-200.0 mix_rate=48000 latency=0.0880 @ http://localhost:8770/index.js:451
[  265140ms] [LOG] MON 1 playing=false pos=0.000 stream_playing=false peak_db=-200.0 mix_rate=48000 latency=0.0880 @ http://localhost:8770/index.js:451
[  265388ms] [LOG] MON 1 playing=false pos=0.000 stream_playing=false peak_db=-200.0 mix_rate=48000 latency=0.0880 @ http://localhost:8770/index.js:451
[  265640ms] [LOG] MON 1 playing=false pos=0.000 stream_playing=false peak_db=-200.0 mix_rate=48000 latency=0.0880 @ http://localhost:8770/index.js:451
[  265888ms] [LOG] MON 1 playing=false pos=0.000 stream_playing=false peak_db=-200.0 mix_rate=48000 latency=0.0880 @ http://localhost:8770/index.js:451
[  266139ms] [LOG] MON 1 playing=false pos=0.000 stream_playing=false peak_db=-200.0 mix_rate=48000 latency=0.0880 @ http://localhost:8770/index.js:451
[  266388ms] [LOG] MON 1 playing=false pos=0.000 stream_playing=false peak_db=-200.0 mix_rate=48000 latency=0.0880 @ http://localhost:8770/index.js:451
[  266638ms] [LOG] MON 1 playing=false pos=0.000 stream_playing=false peak_db=-200.0 mix_rate=48000 latency=0.0880 @ http://localhost:8770/index.js:451
[  266889ms] [LOG] MON 1 playing=false pos=0.000 stream_playing=false peak_db=-200.0 mix_rate=48000 latency=0.0880 @ http://localhost:8770/index.js:451
[  267138ms] [LOG] MON 1 playing=false pos=0.000 stream_playing=false peak_db=-200.0 mix_rate=48000 latency=0.0880 @ http://localhost:8770/index.js:451
[  267389ms] [LOG] MON 1 playing=false pos=0.000 stream_playing=false peak_db=-200.0 mix_rate=48000 latency=0.0880 @ http://localhost:8770/index.js:451
[  267639ms] [LOG] MON 1 playing=false pos=0.000 stream_playing=false peak_db=-200.0 mix_rate=48000 latency=0.0880 @ http://localhost:8770/index.js:451
[  267889ms] [LOG] MON 1 playing=false pos=0.000 stream_playing=false peak_db=-200.0 mix_rate=48000 latency=0.0880 @ http://localhost:8770/index.js:451
[  268139ms] [LOG] MON 1 playing=false pos=0.000 stream_playing=false peak_db=-200.0 mix_rate=48000 latency=0.0880 @ http://localhost:8770/index.js:451
[  268389ms] [LOG] MON 1 playing=false pos=0.000 stream_playing=false peak_db=-200.0 mix_rate=48000 latency=0.0880 @ http://localhost:8770/index.js:451
[  268638ms] [LOG] MON 1 playing=false pos=0.000 stream_playing=false peak_db=-200.0 mix_rate=48000 latency=0.0880 @ http://localhost:8770/index.js:451
[  268890ms] [LOG] MON 1 playing=false pos=0.000 stream_playing=false peak_db=-200.0 mix_rate=48000 latency=0.0880 @ http://localhost:8770/index.js:451
[  269138ms] [LOG] MON 1 playing=false pos=0.000 stream_playing=false peak_db=-200.0 mix_rate=48000 latency=0.0880 @ http://localhost:8770/index.js:451
[  269389ms] [LOG] MON 1 playing=false pos=0.000 stream_playing=false peak_db=-200.0 mix_rate=48000 latency=0.0880 @ http://localhost:8770/index.js:451
[  269639ms] [LOG] MON 1 playing=false pos=0.000 stream_playing=false peak_db=-200.0 mix_rate=48000 latency=0.0880 @ http://localhost:8770/index.js:451
[  269889ms] [LOG] MON 1 playing=false pos=0.000 stream_playing=false peak_db=-200.0 mix_rate=48000 latency=0.0880 @ http://localhost:8770/index.js:451
[  270140ms] [LOG] MON 1 playing=false pos=0.000 stream_playing=false peak_db=-200.0 mix_rate=48000 latency=0.0880 @ http://localhost:8770/index.js:451
[  270390ms] [LOG] MON 1 playing=false pos=0.000 stream_playing=false peak_db=-200.0 mix_rate=48000 latency=0.0880 @ http://localhost:8770/index.js:451
[  270640ms] [LOG] MON 1 playing=false pos=0.000 stream_playing=false peak_db=-200.0 mix_rate=48000 latency=0.0880 @ http://localhost:8770/index.js:451
[  270889ms] [LOG] MON 1 playing=false pos=0.000 stream_playing=false peak_db=-200.0 mix_rate=48000 latency=0.0880 @ http://localhost:8770/index.js:451
[  271139ms] [LOG] MON 1 playing=false pos=0.000 stream_playing=false peak_db=-200.0 mix_rate=48000 latency=0.0880 @ http://localhost:8770/index.js:451
[  271387ms] [LOG] MON 1 playing=false pos=0.000 stream_playing=false peak_db=-200.0 mix_rate=48000 latency=0.0880 @ http://localhost:8770/index.js:451
[  271639ms] [LOG] MON 1 playing=false pos=0.000 stream_playing=false peak_db=-200.0 mix_rate=48000 latency=0.0880 @ http://localhost:8770/index.js:451
[  271889ms] [LOG] MON 1 playing=false pos=0.000 stream_playing=false peak_db=-200.0 mix_rate=48000 latency=0.0880 @ http://localhost:8770/index.js:451
[  272137ms] [LOG] MON 1 playing=false pos=0.000 stream_playing=false peak_db=-200.0 mix_rate=48000 latency=0.0880 @ http://localhost:8770/index.js:451
[  272389ms] [LOG] MON 1 playing=false pos=0.000 stream_playing=false peak_db=-200.0 mix_rate=48000 latency=0.0880 @ http://localhost:8770/index.js:451
[  272638ms] [LOG] MON 1 playing=false pos=0.000 stream_playing=false peak_db=-200.0 mix_rate=48000 latency=0.0880 @ http://localhost:8770/index.js:451
[  272887ms] [LOG] MON 1 playing=false pos=0.000 stream_playing=false peak_db=-200.0 mix_rate=48000 latency=0.0880 @ http://localhost:8770/index.js:451
[  273139ms] [LOG] MON 1 playing=false pos=0.000 stream_playing=false peak_db=-200.0 mix_rate=48000 latency=0.0880 @ http://localhost:8770/index.js:451
[  273389ms] [LOG] MON 1 playing=false pos=0.000 stream_playing=false peak_db=-200.0 mix_rate=48000 latency=0.0880 @ http://localhost:8770/index.js:451
[  273639ms] [LOG] MON 1 playing=false pos=0.000 stream_playing=false peak_db=-200.0 mix_rate=48000 latency=0.0880 @ http://localhost:8770/index.js:451
[  273888ms] [LOG] MON 1 playing=false pos=0.000 stream_playing=false peak_db=-200.0 mix_rate=48000 latency=0.0880 @ http://localhost:8770/index.js:451
[  274139ms] [LOG] MON 1 playing=false pos=0.000 stream_playing=false peak_db=-200.0 mix_rate=48000 latency=0.0880 @ http://localhost:8770/index.js:451
[  274388ms] [LOG] MON 1 playing=false pos=0.000 stream_playing=false peak_db=-200.0 mix_rate=48000 latency=0.0880 @ http://localhost:8770/index.js:451
[  274639ms] [LOG] MON 1 playing=false pos=0.000 stream_playing=false peak_db=-200.0 mix_rate=48000 latency=0.0880 @ http://localhost:8770/index.js:451
[  274889ms] [LOG] MON 1 playing=false pos=0.000 stream_playing=false peak_db=-200.0 mix_rate=48000 latency=0.0880 @ http://localhost:8770/index.js:451
[  275139ms] [LOG] MON 1 playing=false pos=0.000 stream_playing=false peak_db=-200.0 mix_rate=48000 latency=0.0880 @ http://localhost:8770/index.js:451
[  275388ms] [LOG] MON 1 playing=false pos=0.000 stream_playing=false peak_db=-200.0 mix_rate=48000 latency=0.0880 @ http://localhost:8770/index.js:451
[  275640ms] [LOG] MON 1 playing=false pos=0.000 stream_playing=false peak_db=-200.0 mix_rate=48000 latency=0.0880 @ http://localhost:8770/index.js:451
[  275890ms] [LOG] MON 1 playing=false pos=0.000 stream_playing=false peak_db=-200.0 mix_rate=48000 latency=0.0880 @ http://localhost:8770/index.js:451
[  276139ms] [LOG] MON 1 playing=false pos=0.000 stream_playing=false peak_db=-200.0 mix_rate=48000 latency=0.0880 @ http://localhost:8770/index.js:451
[  276389ms] [LOG] MON 1 playing=false pos=0.000 stream_playing=false peak_db=-200.0 mix_rate=48000 latency=0.0880 @ http://localhost:8770/index.js:451
[  276639ms] [LOG] MON 1 playing=false pos=0.000 stream_playing=false peak_db=-200.0 mix_rate=48000 latency=0.0880 @ http://localhost:8770/index.js:451
[  276889ms] [LOG] MON 1 playing=false pos=0.000 stream_playing=false peak_db=-200.0 mix_rate=48000 latency=0.0880 @ http://localhost:8770/index.js:451
[  277139ms] [LOG] MON 1 playing=false pos=0.000 stream_playing=false peak_db=-200.0 mix_rate=48000 latency=0.0880 @ http://localhost:8770/index.js:451
[  277389ms] [LOG] MON 1 playing=false pos=0.000 stream_playing=false peak_db=-200.0 mix_rate=48000 latency=0.0880 @ http://localhost:8770/index.js:451
[  277639ms] [LOG] MON 1 playing=false pos=0.000 stream_playing=false peak_db=-200.0 mix_rate=48000 latency=0.0880 @ http://localhost:8770/index.js:451
[  277888ms] [LOG] MON 1 playing=false pos=0.000 stream_playing=false peak_db=-200.0 mix_rate=48000 latency=0.0880 @ http://localhost:8770/index.js:451
[  278139ms] [LOG] MON 1 playing=false pos=0.000 stream_playing=false peak_db=-200.0 mix_rate=48000 latency=0.0880 @ http://localhost:8770/index.js:451
[  278390ms] [LOG] MON 1 playing=false pos=0.000 stream_playing=false peak_db=-200.0 mix_rate=48000 latency=0.0880 @ http://localhost:8770/index.js:451
[  278639ms] [LOG] MON 1 playing=false pos=0.000 stream_playing=false peak_db=-200.0 mix_rate=48000 latency=0.0880 @ http://localhost:8770/index.js:451
[  278889ms] [LOG] MON 1 playing=false pos=0.000 stream_playing=false peak_db=-200.0 mix_rate=48000 latency=0.0880 @ http://localhost:8770/index.js:451
[  279137ms] [LOG] MON 1 playing=false pos=0.000 stream_playing=false peak_db=-200.0 mix_rate=48000 latency=0.0880 @ http://localhost:8770/index.js:451
[  279388ms] [LOG] MON 1 playing=false pos=0.000 stream_playing=false peak_db=-200.0 mix_rate=48000 latency=0.0880 @ http://localhost:8770/index.js:451
[  279638ms] [LOG] MON 1 playing=false pos=0.000 stream_playing=false peak_db=-200.0 mix_rate=48000 latency=0.0880 @ http://localhost:8770/index.js:451
[  279889ms] [LOG] MON 1 playing=false pos=0.000 stream_playing=false peak_db=-200.0 mix_rate=48000 latency=0.0880 @ http://localhost:8770/index.js:451
[  280139ms] [LOG] MON 1 playing=false pos=0.000 stream_playing=false peak_db=-200.0 mix_rate=48000 latency=0.0880 @ http://localhost:8770/index.js:451
[  280389ms] [LOG] MON 1 playing=false pos=0.000 stream_playing=false peak_db=-200.0 mix_rate=48000 latency=0.0880 @ http://localhost:8770/index.js:451
[  280639ms] [LOG] MON 1 playing=false pos=0.000 stream_playing=false peak_db=-200.0 mix_rate=48000 latency=0.0880 @ http://localhost:8770/index.js:451
[  280891ms] [LOG] MON 1 playing=false pos=0.000 stream_playing=false peak_db=-200.0 mix_rate=48000 latency=0.0880 @ http://localhost:8770/index.js:451
[  281139ms] [LOG] MON 1 playing=false pos=0.000 stream_playing=false peak_db=-200.0 mix_rate=48000 latency=0.0880 @ http://localhost:8770/index.js:451
[  281388ms] [LOG] MON 1 playing=false pos=0.000 stream_playing=false peak_db=-200.0 mix_rate=48000 latency=0.0880 @ http://localhost:8770/index.js:451
[  281639ms] [LOG] MON 1 playing=false pos=0.000 stream_playing=false peak_db=-200.0 mix_rate=48000 latency=0.0880 @ http://localhost:8770/index.js:451
[  281889ms] [LOG] MON 1 playing=false pos=0.000 stream_playing=false peak_db=-200.0 mix_rate=48000 latency=0.0880 @ http://localhost:8770/index.js:451
[  282138ms] [LOG] MON 1 playing=false pos=0.000 stream_playing=false peak_db=-200.0 mix_rate=48000 latency=0.0880 @ http://localhost:8770/index.js:451
[  282389ms] [LOG] MON 1 playing=false pos=0.000 stream_playing=false peak_db=-200.0 mix_rate=48000 latency=0.0880 @ http://localhost:8770/index.js:451
[  282639ms] [LOG] MON 1 playing=false pos=0.000 stream_playing=false peak_db=-200.0 mix_rate=48000 latency=0.0880 @ http://localhost:8770/index.js:451
[  282889ms] [LOG] MON 1 playing=false pos=0.000 stream_playing=false peak_db=-200.0 mix_rate=48000 latency=0.0880 @ http://localhost:8770/index.js:451
[  283139ms] [LOG] MON 1 playing=false pos=0.000 stream_playing=false peak_db=-200.0 mix_rate=48000 latency=0.0880 @ http://localhost:8770/index.js:451
[  283389ms] [LOG] MON 1 playing=false pos=0.000 stream_playing=false peak_db=-200.0 mix_rate=48000 latency=0.0880 @ http://localhost:8770/index.js:451
[  283639ms] [LOG] MON 1 playing=false pos=0.000 stream_playing=false peak_db=-200.0 mix_rate=48000 latency=0.0880 @ http://localhost:8770/index.js:451
[  283889ms] [LOG] MON 1 playing=false pos=0.000 stream_playing=false peak_db=-200.0 mix_rate=48000 latency=0.0880 @ http://localhost:8770/index.js:451
[  284139ms] [LOG] MON 1 playing=false pos=0.000 stream_playing=false peak_db=-200.0 mix_rate=48000 latency=0.0880 @ http://localhost:8770/index.js:451
[  284389ms] [LOG] MON 1 playing=false pos=0.000 stream_playing=false peak_db=-200.0 mix_rate=48000 latency=0.0880 @ http://localhost:8770/index.js:451
[  284639ms] [LOG] MON 1 playing=false pos=0.000 stream_playing=false peak_db=-200.0 mix_rate=48000 latency=0.0880 @ http://localhost:8770/index.js:451
[  284889ms] [LOG] MON 1 playing=false pos=0.000 stream_playing=false peak_db=-200.0 mix_rate=48000 latency=0.0880 @ http://localhost:8770/index.js:451
[  285139ms] [LOG] MON 1 playing=false pos=0.000 stream_playing=false peak_db=-200.0 mix_rate=48000 latency=0.0880 @ http://localhost:8770/index.js:451
[  285389ms] [LOG] MON 1 playing=false pos=0.000 stream_playing=false peak_db=-200.0 mix_rate=48000 latency=0.0880 @ http://localhost:8770/index.js:451
[  285638ms] [LOG] MON 1 playing=false pos=0.000 stream_playing=false peak_db=-200.0 mix_rate=48000 latency=0.0880 @ http://localhost:8770/index.js:451
[  285889ms] [LOG] MON 1 playing=false pos=0.000 stream_playing=false peak_db=-200.0 mix_rate=48000 latency=0.0880 @ http://localhost:8770/index.js:451
[  286137ms] [LOG] MON 1 playing=false pos=0.000 stream_playing=false peak_db=-200.0 mix_rate=48000 latency=0.0880 @ http://localhost:8770/index.js:451
[  286389ms] [LOG] MON 1 playing=false pos=0.000 stream_playing=false peak_db=-200.0 mix_rate=48000 latency=0.0880 @ http://localhost:8770/index.js:451
[  286639ms] [LOG] MON 1 playing=false pos=0.000 stream_playing=false peak_db=-200.0 mix_rate=48000 latency=0.0880 @ http://localhost:8770/index.js:451
[  286889ms] [LOG] MON 1 playing=false pos=0.000 stream_playing=false peak_db=-200.0 mix_rate=48000 latency=0.0880 @ http://localhost:8770/index.js:451
[  287139ms] [LOG] MON 1 playing=false pos=0.000 stream_playing=false peak_db=-200.0 mix_rate=48000 latency=0.0880 @ http://localhost:8770/index.js:451
[  287388ms] [LOG] MON 1 playing=false pos=0.000 stream_playing=false peak_db=-200.0 mix_rate=48000 latency=0.0880 @ http://localhost:8770/index.js:451
[  287639ms] [LOG] MON 1 playing=false pos=0.000 stream_playing=false peak_db=-200.0 mix_rate=48000 latency=0.0880 @ http://localhost:8770/index.js:451
[  287889ms] [LOG] MON 1 playing=false pos=0.000 stream_playing=false peak_db=-200.0 mix_rate=48000 latency=0.0880 @ http://localhost:8770/index.js:451
[  288139ms] [LOG] MON 1 playing=false pos=0.000 stream_playing=false peak_db=-200.0 mix_rate=48000 latency=0.0880 @ http://localhost:8770/index.js:451
[  288389ms] [LOG] MON 1 playing=false pos=0.000 stream_playing=false peak_db=-200.0 mix_rate=48000 latency=0.0880 @ http://localhost:8770/index.js:451
[  288639ms] [LOG] MON 1 playing=false pos=0.000 stream_playing=false peak_db=-200.0 mix_rate=48000 latency=0.0880 @ http://localhost:8770/index.js:451
[  288889ms] [LOG] MON 1 playing=false pos=0.000 stream_playing=false peak_db=-200.0 mix_rate=48000 latency=0.0880 @ http://localhost:8770/index.js:451
[  289139ms] [LOG] MON 1 playing=false pos=0.000 stream_playing=false peak_db=-200.0 mix_rate=48000 latency=0.0880 @ http://localhost:8770/index.js:451
[  289388ms] [LOG] MON 1 playing=false pos=0.000 stream_playing=false peak_db=-200.0 mix_rate=48000 latency=0.0880 @ http://localhost:8770/index.js:451
[  289640ms] [LOG] MON 1 playing=false pos=0.000 stream_playing=false peak_db=-200.0 mix_rate=48000 latency=0.0880 @ http://localhost:8770/index.js:451
[  289889ms] [LOG] MON 1 playing=false pos=0.000 stream_playing=false peak_db=-200.0 mix_rate=48000 latency=0.0880 @ http://localhost:8770/index.js:451
[  290137ms] [LOG] MON 1 playing=false pos=0.000 stream_playing=false peak_db=-200.0 mix_rate=48000 latency=0.0880 @ http://localhost:8770/index.js:451
[  290388ms] [LOG] MON 1 playing=false pos=0.000 stream_playing=false peak_db=-200.0 mix_rate=48000 latency=0.0880 @ http://localhost:8770/index.js:451
[  290639ms] [LOG] MON 1 playing=false pos=0.000 stream_playing=false peak_db=-200.0 mix_rate=48000 latency=0.0880 @ http://localhost:8770/index.js:451
[  290888ms] [LOG] MON 1 playing=false pos=0.000 stream_playing=false peak_db=-200.0 mix_rate=48000 latency=0.0880 @ http://localhost:8770/index.js:451
[  291139ms] [LOG] MON 1 playing=false pos=0.000 stream_playing=false peak_db=-200.0 mix_rate=48000 latency=0.0880 @ http://localhost:8770/index.js:451
[  291389ms] [LOG] MON 1 playing=false pos=0.000 stream_playing=false peak_db=-200.0 mix_rate=48000 latency=0.0880 @ http://localhost:8770/index.js:451
[  291639ms] [LOG] MON 1 playing=false pos=0.000 stream_playing=false peak_db=-200.0 mix_rate=48000 latency=0.0880 @ http://localhost:8770/index.js:451
[  291889ms] [LOG] MON 1 playing=false pos=0.000 stream_playing=false peak_db=-200.0 mix_rate=48000 latency=0.0880 @ http://localhost:8770/index.js:451
[  292138ms] [LOG] MON 1 playing=false pos=0.000 stream_playing=false peak_db=-200.0 mix_rate=48000 latency=0.0880 @ http://localhost:8770/index.js:451
[  292390ms] [LOG] MON 1 playing=false pos=0.000 stream_playing=false peak_db=-200.0 mix_rate=48000 latency=0.0880 @ http://localhost:8770/index.js:451
[  292639ms] [LOG] MON 1 playing=false pos=0.000 stream_playing=false peak_db=-200.0 mix_rate=48000 latency=0.0880 @ http://localhost:8770/index.js:451
[  292889ms] [LOG] MON 1 playing=false pos=0.000 stream_playing=false peak_db=-200.0 mix_rate=48000 latency=0.0880 @ http://localhost:8770/index.js:451
[  293137ms] [LOG] MON 1 playing=false pos=0.000 stream_playing=false peak_db=-200.0 mix_rate=48000 latency=0.0880 @ http://localhost:8770/index.js:451
[  293389ms] [LOG] MON 1 playing=false pos=0.000 stream_playing=false peak_db=-200.0 mix_rate=48000 latency=0.0880 @ http://localhost:8770/index.js:451
[  293639ms] [LOG] MON 1 playing=false pos=0.000 stream_playing=false peak_db=-200.0 mix_rate=48000 latency=0.0880 @ http://localhost:8770/index.js:451
[  293889ms] [LOG] MON 1 playing=false pos=0.000 stream_playing=false peak_db=-200.0 mix_rate=48000 latency=0.0880 @ http://localhost:8770/index.js:451
[  294138ms] [LOG] MON 1 playing=false pos=0.000 stream_playing=false peak_db=-200.0 mix_rate=48000 latency=0.0880 @ http://localhost:8770/index.js:451
[  294389ms] [LOG] MON 1 playing=false pos=0.000 stream_playing=false peak_db=-200.0 mix_rate=48000 latency=0.0880 @ http://localhost:8770/index.js:451
[  294640ms] [LOG] MON 1 playing=false pos=0.000 stream_playing=false peak_db=-200.0 mix_rate=48000 latency=0.0880 @ http://localhost:8770/index.js:451
[  294888ms] [LOG] MON 1 playing=false pos=0.000 stream_playing=false peak_db=-200.0 mix_rate=48000 latency=0.0880 @ http://localhost:8770/index.js:451
[  295140ms] [LOG] MON 1 playing=false pos=0.000 stream_playing=false peak_db=-200.0 mix_rate=48000 latency=0.0880 @ http://localhost:8770/index.js:451
[  295389ms] [LOG] MON 1 playing=false pos=0.000 stream_playing=false peak_db=-200.0 mix_rate=48000 latency=0.0880 @ http://localhost:8770/index.js:451
[  295639ms] [LOG] MON 1 playing=false pos=0.000 stream_playing=false peak_db=-200.0 mix_rate=48000 latency=0.0880 @ http://localhost:8770/index.js:451
[  295889ms] [LOG] MON 1 playing=false pos=0.000 stream_playing=false peak_db=-200.0 mix_rate=48000 latency=0.0880 @ http://localhost:8770/index.js:451
[  296138ms] [LOG] MON 1 playing=false pos=0.000 stream_playing=false peak_db=-200.0 mix_rate=48000 latency=0.0880 @ http://localhost:8770/index.js:451
[  296434ms] [LOG] MON 1 playing=false pos=0.000 stream_playing=false peak_db=-200.0 mix_rate=48000 latency=0.0880 @ http://localhost:8770/index.js:451
[  296680ms] [LOG] MON 1 playing=false pos=0.000 stream_playing=false peak_db=-200.0 mix_rate=48000 latency=0.0880 @ http://localhost:8770/index.js:451
[  296905ms] [LOG] MON 1 playing=false pos=0.000 stream_playing=false peak_db=-200.0 mix_rate=48000 latency=0.0880 @ http://localhost:8770/index.js:451
[  297134ms] [LOG] MON 1 playing=false pos=0.000 stream_playing=false peak_db=-200.0 mix_rate=48000 latency=0.0880 @ http://localhost:8770/index.js:451
[  297386ms] [LOG] MON 1 playing=false pos=0.000 stream_playing=false peak_db=-200.0 mix_rate=48000 latency=0.0880 @ http://localhost:8770/index.js:451
[  297630ms] [LOG] MON 1 playing=false pos=0.000 stream_playing=false peak_db=-200.0 mix_rate=48000 latency=0.0880 @ http://localhost:8770/index.js:451
[  297897ms] [LOG] MON 1 playing=false pos=0.000 stream_playing=false peak_db=-200.0 mix_rate=48000 latency=0.0880 @ http://localhost:8770/index.js:451
[  298148ms] [LOG] MON 1 playing=false pos=0.000 stream_playing=false peak_db=-200.0 mix_rate=48000 latency=0.0880 @ http://localhost:8770/index.js:451
[  298398ms] [LOG] MON 1 playing=false pos=0.000 stream_playing=false peak_db=-200.0 mix_rate=48000 latency=0.0880 @ http://localhost:8770/index.js:451
[  298647ms] [LOG] MON 1 playing=false pos=0.000 stream_playing=false peak_db=-200.0 mix_rate=48000 latency=0.0880 @ http://localhost:8770/index.js:451
[  298906ms] [LOG] MON 1 playing=false pos=0.000 stream_playing=false peak_db=-200.0 mix_rate=48000 latency=0.0880 @ http://localhost:8770/index.js:451
[  299146ms] [LOG] MON 1 playing=false pos=0.000 stream_playing=false peak_db=-200.0 mix_rate=48000 latency=0.0880 @ http://localhost:8770/index.js:451
[  299396ms] [LOG] MON 1 playing=false pos=0.000 stream_playing=false peak_db=-200.0 mix_rate=48000 latency=0.0880 @ http://localhost:8770/index.js:451
[  299646ms] [LOG] MON 1 playing=false pos=0.000 stream_playing=false peak_db=-200.0 mix_rate=48000 latency=0.0880 @ http://localhost:8770/index.js:451
[  299895ms] [LOG] MON 1 playing=false pos=0.000 stream_playing=false peak_db=-200.0 mix_rate=48000 latency=0.0880 @ http://localhost:8770/index.js:451
[  300146ms] [LOG] MON 1 playing=false pos=0.000 stream_playing=false peak_db=-200.0 mix_rate=48000 latency=0.0880 @ http://localhost:8770/index.js:451
[  300397ms] [LOG] MON 1 playing=false pos=0.000 stream_playing=false peak_db=-200.0 mix_rate=48000 latency=0.0880 @ http://localhost:8770/index.js:451
[  300652ms] [LOG] MON 1 playing=false pos=0.000 stream_playing=false peak_db=-200.0 mix_rate=48000 latency=0.0880 @ http://localhost:8770/index.js:451
[  300898ms] [LOG] MON 1 playing=false pos=0.000 stream_playing=false peak_db=-200.0 mix_rate=48000 latency=0.0880 @ http://localhost:8770/index.js:451
[  301150ms] [LOG] MON 1 playing=false pos=0.000 stream_playing=false peak_db=-200.0 mix_rate=48000 latency=0.0880 @ http://localhost:8770/index.js:451
[  301398ms] [LOG] MON 1 playing=false pos=0.000 stream_playing=false peak_db=-200.0 mix_rate=48000 latency=0.0880 @ http://localhost:8770/index.js:451
[  301647ms] [LOG] MON 1 playing=false pos=0.000 stream_playing=false peak_db=-200.0 mix_rate=48000 latency=0.0880 @ http://localhost:8770/index.js:451
[  301896ms] [LOG] MON 1 playing=false pos=0.000 stream_playing=false peak_db=-200.0 mix_rate=48000 latency=0.0880 @ http://localhost:8770/index.js:451
[  302148ms] [LOG] MON 1 playing=false pos=0.000 stream_playing=false peak_db=-200.0 mix_rate=48000 latency=0.0880 @ http://localhost:8770/index.js:451
[  302398ms] [LOG] MON 1 playing=false pos=0.000 stream_playing=false peak_db=-200.0 mix_rate=48000 latency=0.0880 @ http://localhost:8770/index.js:451
[  302648ms] [LOG] MON 1 playing=false pos=0.000 stream_playing=false peak_db=-200.0 mix_rate=48000 latency=0.0880 @ http://localhost:8770/index.js:451
[  302897ms] [LOG] MON 1 playing=false pos=0.000 stream_playing=false peak_db=-200.0 mix_rate=48000 latency=0.0880 @ http://localhost:8770/index.js:451
[  303147ms] [LOG] MON 1 playing=false pos=0.000 stream_playing=false peak_db=-200.0 mix_rate=48000 latency=0.0880 @ http://localhost:8770/index.js:451
[  303396ms] [LOG] MON 1 playing=false pos=0.000 stream_playing=false peak_db=-200.0 mix_rate=48000 latency=0.0880 @ http://localhost:8770/index.js:451
[  303648ms] [LOG] MON 1 playing=false pos=0.000 stream_playing=false peak_db=-200.0 mix_rate=48000 latency=0.0880 @ http://localhost:8770/index.js:451
[  303898ms] [LOG] MON 1 playing=false pos=0.000 stream_playing=false peak_db=-200.0 mix_rate=48000 latency=0.0880 @ http://localhost:8770/index.js:451
[  304149ms] [LOG] MON 1 playing=false pos=0.000 stream_playing=false peak_db=-200.0 mix_rate=48000 latency=0.0880 @ http://localhost:8770/index.js:451
[  304396ms] [LOG] MON 1 playing=false pos=0.000 stream_playing=false peak_db=-200.0 mix_rate=48000 latency=0.0880 @ http://localhost:8770/index.js:451
[  304646ms] [LOG] MON 1 playing=false pos=0.000 stream_playing=false peak_db=-200.0 mix_rate=48000 latency=0.0880 @ http://localhost:8770/index.js:451
[  304896ms] [LOG] MON 1 playing=false pos=0.000 stream_playing=false peak_db=-200.0 mix_rate=48000 latency=0.0880 @ http://localhost:8770/index.js:451
[  305147ms] [LOG] MON 1 playing=false pos=0.000 stream_playing=false peak_db=-200.0 mix_rate=48000 latency=0.0880 @ http://localhost:8770/index.js:451
[  305398ms] [LOG] MON 1 playing=false pos=0.000 stream_playing=false peak_db=-200.0 mix_rate=48000 latency=0.0880 @ http://localhost:8770/index.js:451
[  305652ms] [LOG] MON 1 playing=false pos=0.000 stream_playing=false peak_db=-200.0 mix_rate=48000 latency=0.0880 @ http://localhost:8770/index.js:451
[  305898ms] [LOG] MON 1 playing=false pos=0.000 stream_playing=false peak_db=-200.0 mix_rate=48000 latency=0.0880 @ http://localhost:8770/index.js:451
[  306147ms] [LOG] MON 1 playing=false pos=0.000 stream_playing=false peak_db=-200.0 mix_rate=48000 latency=0.0880 @ http://localhost:8770/index.js:451
[  306395ms] [LOG] MON 1 playing=false pos=0.000 stream_playing=false peak_db=-200.0 mix_rate=48000 latency=0.0880 @ http://localhost:8770/index.js:451
[  306647ms] [LOG] MON 1 playing=false pos=0.000 stream_playing=false peak_db=-200.0 mix_rate=48000 latency=0.0880 @ http://localhost:8770/index.js:451
[  306896ms] [LOG] MON 1 playing=false pos=0.000 stream_playing=false peak_db=-200.0 mix_rate=48000 latency=0.0880 @ http://localhost:8770/index.js:451
[  307147ms] [LOG] MON 1 playing=false pos=0.000 stream_playing=false peak_db=-200.0 mix_rate=48000 latency=0.0880 @ http://localhost:8770/index.js:451
[  307397ms] [LOG] MON 1 playing=false pos=0.000 stream_playing=false peak_db=-200.0 mix_rate=48000 latency=0.0880 @ http://localhost:8770/index.js:451
[  307648ms] [LOG] MON 1 playing=false pos=0.000 stream_playing=false peak_db=-200.0 mix_rate=48000 latency=0.0880 @ http://localhost:8770/index.js:451
[  307896ms] [LOG] MON 1 playing=false pos=0.000 stream_playing=false peak_db=-200.0 mix_rate=48000 latency=0.0880 @ http://localhost:8770/index.js:451
[  308148ms] [LOG] MON 1 playing=false pos=0.000 stream_playing=false peak_db=-200.0 mix_rate=48000 latency=0.0880 @ http://localhost:8770/index.js:451
[  308397ms] [LOG] MON 1 playing=false pos=0.000 stream_playing=false peak_db=-200.0 mix_rate=48000 latency=0.0880 @ http://localhost:8770/index.js:451
[  308646ms] [LOG] MON 1 playing=false pos=0.000 stream_playing=false peak_db=-200.0 mix_rate=48000 latency=0.0880 @ http://localhost:8770/index.js:451
[  308897ms] [LOG] MON 1 playing=false pos=0.000 stream_playing=false peak_db=-200.0 mix_rate=48000 latency=0.0880 @ http://localhost:8770/index.js:451
[  309147ms] [LOG] MON 1 playing=false pos=0.000 stream_playing=false peak_db=-200.0 mix_rate=48000 latency=0.0880 @ http://localhost:8770/index.js:451
[  309397ms] [LOG] MON 1 playing=false pos=0.000 stream_playing=false peak_db=-200.0 mix_rate=48000 latency=0.0880 @ http://localhost:8770/index.js:451
[  309647ms] [LOG] MON 1 playing=false pos=0.000 stream_playing=false peak_db=-200.0 mix_rate=48000 latency=0.0880 @ http://localhost:8770/index.js:451
[  309899ms] [LOG] MON 1 playing=false pos=0.000 stream_playing=false peak_db=-200.0 mix_rate=48000 latency=0.0880 @ http://localhost:8770/index.js:451
[  310147ms] [LOG] MON 1 playing=false pos=0.000 stream_playing=false peak_db=-200.0 mix_rate=48000 latency=0.0880 @ http://localhost:8770/index.js:451
[  310397ms] [LOG] MON 1 playing=false pos=0.000 stream_playing=false peak_db=-200.0 mix_rate=48000 latency=0.0880 @ http://localhost:8770/index.js:451
[  310647ms] [LOG] MON 1 playing=false pos=0.000 stream_playing=false peak_db=-200.0 mix_rate=48000 latency=0.0880 @ http://localhost:8770/index.js:451
[  310896ms] [LOG] MON 1 playing=false pos=0.000 stream_playing=false peak_db=-200.0 mix_rate=48000 latency=0.0880 @ http://localhost:8770/index.js:451
[  311146ms] [LOG] MON 1 playing=false pos=0.000 stream_playing=false peak_db=-200.0 mix_rate=48000 latency=0.0880 @ http://localhost:8770/index.js:451
[  311398ms] [LOG] MON 1 playing=false pos=0.000 stream_playing=false peak_db=-200.0 mix_rate=48000 latency=0.0880 @ http://localhost:8770/index.js:451
[  311647ms] [LOG] MON 1 playing=false pos=0.000 stream_playing=false peak_db=-200.0 mix_rate=48000 latency=0.0880 @ http://localhost:8770/index.js:451
[  311903ms] [LOG] MON 1 playing=false pos=0.000 stream_playing=false peak_db=-200.0 mix_rate=48000 latency=0.0880 @ http://localhost:8770/index.js:451
[  312147ms] [LOG] MON 1 playing=false pos=0.000 stream_playing=false peak_db=-200.0 mix_rate=48000 latency=0.0880 @ http://localhost:8770/index.js:451
[  312398ms] [LOG] MON 1 playing=false pos=0.000 stream_playing=false peak_db=-200.0 mix_rate=48000 latency=0.0880 @ http://localhost:8770/index.js:451
[  312646ms] [LOG] MON 1 playing=false pos=0.000 stream_playing=false peak_db=-200.0 mix_rate=48000 latency=0.0880 @ http://localhost:8770/index.js:451
[  312896ms] [LOG] MON 1 playing=false pos=0.000 stream_playing=false peak_db=-200.0 mix_rate=48000 latency=0.0880 @ http://localhost:8770/index.js:451
[  313146ms] [LOG] MON 1 playing=false pos=0.000 stream_playing=false peak_db=-200.0 mix_rate=48000 latency=0.0880 @ http://localhost:8770/index.js:451
[  313397ms] [LOG] MON 1 playing=false pos=0.000 stream_playing=false peak_db=-200.0 mix_rate=48000 latency=0.0880 @ http://localhost:8770/index.js:451
[  313647ms] [LOG] MON 1 playing=false pos=0.000 stream_playing=false peak_db=-200.0 mix_rate=48000 latency=0.0880 @ http://localhost:8770/index.js:451
[  313896ms] [LOG] MON 1 playing=false pos=0.000 stream_playing=false peak_db=-200.0 mix_rate=48000 latency=0.0880 @ http://localhost:8770/index.js:451
[  314146ms] [LOG] MON 1 playing=false pos=0.000 stream_playing=false peak_db=-200.0 mix_rate=48000 latency=0.0880 @ http://localhost:8770/index.js:451
[  314398ms] [LOG] MON 1 playing=false pos=0.000 stream_playing=false peak_db=-200.0 mix_rate=48000 latency=0.0880 @ http://localhost:8770/index.js:451
[  314646ms] [LOG] MON 1 playing=false pos=0.000 stream_playing=false peak_db=-200.0 mix_rate=48000 latency=0.0880 @ http://localhost:8770/index.js:451
[  314896ms] [LOG] MON 1 playing=false pos=0.000 stream_playing=false peak_db=-200.0 mix_rate=48000 latency=0.0880 @ http://localhost:8770/index.js:451
[  315147ms] [LOG] MON 1 playing=false pos=0.000 stream_playing=false peak_db=-200.0 mix_rate=48000 latency=0.0880 @ http://localhost:8770/index.js:451
[  315396ms] [LOG] MON 1 playing=false pos=0.000 stream_playing=false peak_db=-200.0 mix_rate=48000 latency=0.0880 @ http://localhost:8770/index.js:451
[  315647ms] [LOG] MON 1 playing=false pos=0.000 stream_playing=false peak_db=-200.0 mix_rate=48000 latency=0.0880 @ http://localhost:8770/index.js:451
[  315898ms] [LOG] MON 1 playing=false pos=0.000 stream_playing=false peak_db=-200.0 mix_rate=48000 latency=0.0880 @ http://localhost:8770/index.js:451
[  316146ms] [LOG] MON 1 playing=false pos=0.000 stream_playing=false peak_db=-200.0 mix_rate=48000 latency=0.0880 @ http://localhost:8770/index.js:451
[  316397ms] [LOG] MON 1 playing=false pos=0.000 stream_playing=false peak_db=-200.0 mix_rate=48000 latency=0.0880 @ http://localhost:8770/index.js:451
[  316646ms] [LOG] MON 1 playing=false pos=0.000 stream_playing=false peak_db=-200.0 mix_rate=48000 latency=0.0880 @ http://localhost:8770/index.js:451
[  316898ms] [LOG] MON 1 playing=false pos=0.000 stream_playing=false peak_db=-200.0 mix_rate=48000 latency=0.0880 @ http://localhost:8770/index.js:451
[  317147ms] [LOG] MON 1 playing=false pos=0.000 stream_playing=false peak_db=-200.0 mix_rate=48000 latency=0.0880 @ http://localhost:8770/index.js:451
[  317397ms] [LOG] MON 1 playing=false pos=0.000 stream_playing=false peak_db=-200.0 mix_rate=48000 latency=0.0880 @ http://localhost:8770/index.js:451
[  317647ms] [LOG] MON 1 playing=false pos=0.000 stream_playing=false peak_db=-200.0 mix_rate=48000 latency=0.0880 @ http://localhost:8770/index.js:451
[  317898ms] [LOG] MON 1 playing=false pos=0.000 stream_playing=false peak_db=-200.0 mix_rate=48000 latency=0.0880 @ http://localhost:8770/index.js:451
[  318147ms] [LOG] MON 1 playing=false pos=0.000 stream_playing=false peak_db=-200.0 mix_rate=48000 latency=0.0880 @ http://localhost:8770/index.js:451
[  318396ms] [LOG] MON 1 playing=false pos=0.000 stream_playing=false peak_db=-200.0 mix_rate=48000 latency=0.0880 @ http://localhost:8770/index.js:451
[  318648ms] [LOG] MON 1 playing=false pos=0.000 stream_playing=false peak_db=-200.0 mix_rate=48000 latency=0.0880 @ http://localhost:8770/index.js:451
[  318897ms] [LOG] MON 1 playing=false pos=0.000 stream_playing=false peak_db=-200.0 mix_rate=48000 latency=0.0880 @ http://localhost:8770/index.js:451
[  319154ms] [LOG] MON 1 playing=false pos=0.000 stream_playing=false peak_db=-200.0 mix_rate=48000 latency=0.0880 @ http://localhost:8770/index.js:451
[  319396ms] [LOG] MON 1 playing=false pos=0.000 stream_playing=false peak_db=-200.0 mix_rate=48000 latency=0.0880 @ http://localhost:8770/index.js:451
[  319646ms] [LOG] MON 1 playing=false pos=0.000 stream_playing=false peak_db=-200.0 mix_rate=48000 latency=0.0880 @ http://localhost:8770/index.js:451
[  319896ms] [LOG] MON 1 playing=false pos=0.000 stream_playing=false peak_db=-200.0 mix_rate=48000 latency=0.0880 @ http://localhost:8770/index.js:451
[  320147ms] [LOG] MON 1 playing=false pos=0.000 stream_playing=false peak_db=-200.0 mix_rate=48000 latency=0.0880 @ http://localhost:8770/index.js:451
[  320400ms] [LOG] MON 1 playing=false pos=0.000 stream_playing=false peak_db=-200.0 mix_rate=48000 latency=0.0880 @ http://localhost:8770/index.js:451
[  320647ms] [LOG] MON 1 playing=false pos=0.000 stream_playing=false peak_db=-200.0 mix_rate=48000 latency=0.0880 @ http://localhost:8770/index.js:451
[  320897ms] [LOG] MON 1 playing=false pos=0.000 stream_playing=false peak_db=-200.0 mix_rate=48000 latency=0.0880 @ http://localhost:8770/index.js:451
[  321147ms] [LOG] MON 1 playing=false pos=0.000 stream_playing=false peak_db=-200.0 mix_rate=48000 latency=0.0880 @ http://localhost:8770/index.js:451
[  321397ms] [LOG] MON 1 playing=false pos=0.000 stream_playing=false peak_db=-200.0 mix_rate=48000 latency=0.0880 @ http://localhost:8770/index.js:451
[  321647ms] [LOG] MON 1 playing=false pos=0.000 stream_playing=false peak_db=-200.0 mix_rate=48000 latency=0.0880 @ http://localhost:8770/index.js:451
[  321896ms] [LOG] MON 1 playing=false pos=0.000 stream_playing=false peak_db=-200.0 mix_rate=48000 latency=0.0880 @ http://localhost:8770/index.js:451
[  322147ms] [LOG] MON 1 playing=false pos=0.000 stream_playing=false peak_db=-200.0 mix_rate=48000 latency=0.0880 @ http://localhost:8770/index.js:451
[  322398ms] [LOG] MON 1 playing=false pos=0.000 stream_playing=false peak_db=-200.0 mix_rate=48000 latency=0.0880 @ http://localhost:8770/index.js:451
[  322647ms] [LOG] MON 1 playing=false pos=0.000 stream_playing=false peak_db=-200.0 mix_rate=48000 latency=0.0880 @ http://localhost:8770/index.js:451
[  322898ms] [LOG] MON 1 playing=false pos=0.000 stream_playing=false peak_db=-200.0 mix_rate=48000 latency=0.0880 @ http://localhost:8770/index.js:451
[  323148ms] [LOG] MON 1 playing=false pos=0.000 stream_playing=false peak_db=-200.0 mix_rate=48000 latency=0.0880 @ http://localhost:8770/index.js:451
[  323398ms] [LOG] MON 1 playing=false pos=0.000 stream_playing=false peak_db=-200.0 mix_rate=48000 latency=0.0880 @ http://localhost:8770/index.js:451
[  323649ms] [LOG] MON 1 playing=false pos=0.000 stream_playing=false peak_db=-200.0 mix_rate=48000 latency=0.0880 @ http://localhost:8770/index.js:451
[  323897ms] [LOG] MON 1 playing=false pos=0.000 stream_playing=false peak_db=-200.0 mix_rate=48000 latency=0.0880 @ http://localhost:8770/index.js:451
[  324146ms] [LOG] MON 1 playing=false pos=0.000 stream_playing=false peak_db=-200.0 mix_rate=48000 latency=0.0880 @ http://localhost:8770/index.js:451
[  324398ms] [LOG] MON 1 playing=false pos=0.000 stream_playing=false peak_db=-200.0 mix_rate=48000 latency=0.0880 @ http://localhost:8770/index.js:451
[  324646ms] [LOG] MON 1 playing=false pos=0.000 stream_playing=false peak_db=-200.0 mix_rate=48000 latency=0.0880 @ http://localhost:8770/index.js:451
[  324897ms] [LOG] MON 1 playing=false pos=0.000 stream_playing=false peak_db=-200.0 mix_rate=48000 latency=0.0880 @ http://localhost:8770/index.js:451
[  325147ms] [LOG] MON 1 playing=false pos=0.000 stream_playing=false peak_db=-200.0 mix_rate=48000 latency=0.0880 @ http://localhost:8770/index.js:451
[  325397ms] [LOG] MON 1 playing=false pos=0.000 stream_playing=false peak_db=-200.0 mix_rate=48000 latency=0.0880 @ http://localhost:8770/index.js:451
[  325647ms] [LOG] MON 1 playing=false pos=0.000 stream_playing=false peak_db=-200.0 mix_rate=48000 latency=0.0880 @ http://localhost:8770/index.js:451
[  325896ms] [LOG] MON 1 playing=false pos=0.000 stream_playing=false peak_db=-200.0 mix_rate=48000 latency=0.0880 @ http://localhost:8770/index.js:451
[  326147ms] [LOG] MON 1 playing=false pos=0.000 stream_playing=false peak_db=-200.0 mix_rate=48000 latency=0.0880 @ http://localhost:8770/index.js:451
[  326397ms] [LOG] MON 1 playing=false pos=0.000 stream_playing=false peak_db=-200.0 mix_rate=48000 latency=0.0880 @ http://localhost:8770/index.js:451
[  326646ms] [LOG] MON 1 playing=false pos=0.000 stream_playing=false peak_db=-200.0 mix_rate=48000 latency=0.0880 @ http://localhost:8770/index.js:451
[  326898ms] [LOG] MON 1 playing=false pos=0.000 stream_playing=false peak_db=-200.0 mix_rate=48000 latency=0.0880 @ http://localhost:8770/index.js:451
[  327147ms] [LOG] MON 1 playing=false pos=0.000 stream_playing=false peak_db=-200.0 mix_rate=48000 latency=0.0880 @ http://localhost:8770/index.js:451
[  327399ms] [LOG] MON 1 playing=false pos=0.000 stream_playing=false peak_db=-200.0 mix_rate=48000 latency=0.0880 @ http://localhost:8770/index.js:451
[  327646ms] [LOG] MON 1 playing=false pos=0.000 stream_playing=false peak_db=-200.0 mix_rate=48000 latency=0.0880 @ http://localhost:8770/index.js:451
[  327896ms] [LOG] MON 1 playing=false pos=0.000 stream_playing=false peak_db=-200.0 mix_rate=48000 latency=0.0880 @ http://localhost:8770/index.js:451
[  328146ms] [LOG] MON 1 playing=false pos=0.000 stream_playing=false peak_db=-200.0 mix_rate=48000 latency=0.0880 @ http://localhost:8770/index.js:451
[  328396ms] [LOG] MON 1 playing=false pos=0.000 stream_playing=false peak_db=-200.0 mix_rate=48000 latency=0.0880 @ http://localhost:8770/index.js:451
[  328647ms] [LOG] MON 1 playing=false pos=0.000 stream_playing=false peak_db=-200.0 mix_rate=48000 latency=0.0880 @ http://localhost:8770/index.js:451
[  328896ms] [LOG] MON 1 playing=false pos=0.000 stream_playing=false peak_db=-200.0 mix_rate=48000 latency=0.0880 @ http://localhost:8770/index.js:451
[  329147ms] [LOG] MON 1 playing=false pos=0.000 stream_playing=false peak_db=-200.0 mix_rate=48000 latency=0.0880 @ http://localhost:8770/index.js:451
[  329396ms] [LOG] MON 1 playing=false pos=0.000 stream_playing=false peak_db=-200.0 mix_rate=48000 latency=0.0880 @ http://localhost:8770/index.js:451
[  329647ms] [LOG] MON 1 playing=false pos=0.000 stream_playing=false peak_db=-200.0 mix_rate=48000 latency=0.0880 @ http://localhost:8770/index.js:451
[  329897ms] [LOG] MON 1 playing=false pos=0.000 stream_playing=false peak_db=-200.0 mix_rate=48000 latency=0.0880 @ http://localhost:8770/index.js:451
[  330147ms] [LOG] MON 1 playing=false pos=0.000 stream_playing=false peak_db=-200.0 mix_rate=48000 latency=0.0880 @ http://localhost:8770/index.js:451
[  330396ms] [LOG] MON 1 playing=false pos=0.000 stream_playing=false peak_db=-200.0 mix_rate=48000 latency=0.0880 @ http://localhost:8770/index.js:451
[  330647ms] [LOG] MON 1 playing=false pos=0.000 stream_playing=false peak_db=-200.0 mix_rate=48000 latency=0.0880 @ http://localhost:8770/index.js:451
[  330909ms] [LOG] MON 1 playing=false pos=0.000 stream_playing=false peak_db=-200.0 mix_rate=48000 latency=0.0880 @ http://localhost:8770/index.js:451
[  331147ms] [LOG] MON 1 playing=false pos=0.000 stream_playing=false peak_db=-200.0 mix_rate=48000 latency=0.0880 @ http://localhost:8770/index.js:451
[  331398ms] [LOG] MON 1 playing=false pos=0.000 stream_playing=false peak_db=-200.0 mix_rate=48000 latency=0.0880 @ http://localhost:8770/index.js:451
[  331647ms] [LOG] MON 1 playing=false pos=0.000 stream_playing=false peak_db=-200.0 mix_rate=48000 latency=0.0880 @ http://localhost:8770/index.js:451
[  331896ms] [LOG] MON 1 playing=false pos=0.000 stream_playing=false peak_db=-200.0 mix_rate=48000 latency=0.0880 @ http://localhost:8770/index.js:451
[  332146ms] [LOG] MON 1 playing=false pos=0.000 stream_playing=false peak_db=-200.0 mix_rate=48000 latency=0.0880 @ http://localhost:8770/index.js:451
[  332397ms] [LOG] MON 1 playing=false pos=0.000 stream_playing=false peak_db=-200.0 mix_rate=48000 latency=0.0880 @ http://localhost:8770/index.js:451
[  332647ms] [LOG] MON 1 playing=false pos=0.000 stream_playing=false peak_db=-200.0 mix_rate=48000 latency=0.0880 @ http://localhost:8770/index.js:451
[  332897ms] [LOG] MON 1 playing=false pos=0.000 stream_playing=false peak_db=-200.0 mix_rate=48000 latency=0.0880 @ http://localhost:8770/index.js:451
[  333147ms] [LOG] MON 1 playing=false pos=0.000 stream_playing=false peak_db=-200.0 mix_rate=48000 latency=0.0880 @ http://localhost:8770/index.js:451
[  333399ms] [LOG] MON 1 playing=false pos=0.000 stream_playing=false peak_db=-200.0 mix_rate=48000 latency=0.0880 @ http://localhost:8770/index.js:451
[  333647ms] [LOG] MON 1 playing=false pos=0.000 stream_playing=false peak_db=-200.0 mix_rate=48000 latency=0.0880 @ http://localhost:8770/index.js:451
[  333897ms] [LOG] MON 1 playing=false pos=0.000 stream_playing=false peak_db=-200.0 mix_rate=48000 latency=0.0880 @ http://localhost:8770/index.js:451
[  334146ms] [LOG] MON 1 playing=false pos=0.000 stream_playing=false peak_db=-200.0 mix_rate=48000 latency=0.0880 @ http://localhost:8770/index.js:451
[  334396ms] [LOG] MON 1 playing=false pos=0.000 stream_playing=false peak_db=-200.0 mix_rate=48000 latency=0.0880 @ http://localhost:8770/index.js:451
[  334647ms] [LOG] MON 1 playing=false pos=0.000 stream_playing=false peak_db=-200.0 mix_rate=48000 latency=0.0880 @ http://localhost:8770/index.js:451
[  334899ms] [LOG] MON 1 playing=false pos=0.000 stream_playing=false peak_db=-200.0 mix_rate=48000 latency=0.0880 @ http://localhost:8770/index.js:451
[  335147ms] [LOG] MON 1 playing=false pos=0.000 stream_playing=false peak_db=-200.0 mix_rate=48000 latency=0.0880 @ http://localhost:8770/index.js:451
[  335396ms] [LOG] MON 1 playing=false pos=0.000 stream_playing=false peak_db=-200.0 mix_rate=48000 latency=0.0880 @ http://localhost:8770/index.js:451
[  335646ms] [LOG] MON 1 playing=false pos=0.000 stream_playing=false peak_db=-200.0 mix_rate=48000 latency=0.0880 @ http://localhost:8770/index.js:451
[  335896ms] [LOG] MON 1 playing=false pos=0.000 stream_playing=false peak_db=-200.0 mix_rate=48000 latency=0.0880 @ http://localhost:8770/index.js:451
[  336146ms] [LOG] MON 1 playing=false pos=0.000 stream_playing=false peak_db=-200.0 mix_rate=48000 latency=0.0880 @ http://localhost:8770/index.js:451
[  336397ms] [LOG] MON 1 playing=false pos=0.000 stream_playing=false peak_db=-200.0 mix_rate=48000 latency=0.0880 @ http://localhost:8770/index.js:451
[  336646ms] [LOG] MON 1 playing=false pos=0.000 stream_playing=false peak_db=-200.0 mix_rate=48000 latency=0.0880 @ http://localhost:8770/index.js:451
[  336896ms] [LOG] MON 1 playing=false pos=0.000 stream_playing=false peak_db=-200.0 mix_rate=48000 latency=0.0880 @ http://localhost:8770/index.js:451
[  337146ms] [LOG] MON 1 playing=false pos=0.000 stream_playing=false peak_db=-200.0 mix_rate=48000 latency=0.0880 @ http://localhost:8770/index.js:451
[  337396ms] [LOG] MON 1 playing=false pos=0.000 stream_playing=false peak_db=-200.0 mix_rate=48000 latency=0.0880 @ http://localhost:8770/index.js:451
[  337647ms] [LOG] MON 1 playing=false pos=0.000 stream_playing=false peak_db=-200.0 mix_rate=48000 latency=0.0880 @ http://localhost:8770/index.js:451
[  337896ms] [LOG] MON 1 playing=false pos=0.000 stream_playing=false peak_db=-200.0 mix_rate=48000 latency=0.0880 @ http://localhost:8770/index.js:451
[  338145ms] [LOG] MON 1 playing=false pos=0.000 stream_playing=false peak_db=-200.0 mix_rate=48000 latency=0.0880 @ http://localhost:8770/index.js:451
[  338396ms] [LOG] MON 1 playing=false pos=0.000 stream_playing=false peak_db=-200.0 mix_rate=48000 latency=0.0880 @ http://localhost:8770/index.js:451
[  338647ms] [LOG] MON 1 playing=false pos=0.000 stream_playing=false peak_db=-200.0 mix_rate=48000 latency=0.0880 @ http://localhost:8770/index.js:451
[  338897ms] [LOG] MON 1 playing=false pos=0.000 stream_playing=false peak_db=-200.0 mix_rate=48000 latency=0.0880 @ http://localhost:8770/index.js:451
[  339146ms] [LOG] MON 1 playing=false pos=0.000 stream_playing=false peak_db=-200.0 mix_rate=48000 latency=0.0880 @ http://localhost:8770/index.js:451
[  339396ms] [LOG] MON 1 playing=false pos=0.000 stream_playing=false peak_db=-200.0 mix_rate=48000 latency=0.0880 @ http://localhost:8770/index.js:451
[  339646ms] [LOG] MON 1 playing=false pos=0.000 stream_playing=false peak_db=-200.0 mix_rate=48000 latency=0.0880 @ http://localhost:8770/index.js:451
[  339896ms] [LOG] MON 1 playing=false pos=0.000 stream_playing=false peak_db=-200.0 mix_rate=48000 latency=0.0880 @ http://localhost:8770/index.js:451
[  340148ms] [LOG] MON 1 playing=false pos=0.000 stream_playing=false peak_db=-200.0 mix_rate=48000 latency=0.0880 @ http://localhost:8770/index.js:451
[  340397ms] [LOG] MON 1 playing=false pos=0.000 stream_playing=false peak_db=-200.0 mix_rate=48000 latency=0.0880 @ http://localhost:8770/index.js:451
[  340646ms] [LOG] MON 1 playing=false pos=0.000 stream_playing=false peak_db=-200.0 mix_rate=48000 latency=0.0880 @ http://localhost:8770/index.js:451
[  340900ms] [LOG] MON 1 playing=false pos=0.000 stream_playing=false peak_db=-200.0 mix_rate=48000 latency=0.0880 @ http://localhost:8770/index.js:451
[  341147ms] [LOG] MON 1 playing=false pos=0.000 stream_playing=false peak_db=-200.0 mix_rate=48000 latency=0.0880 @ http://localhost:8770/index.js:451
[  341397ms] [LOG] MON 1 playing=false pos=0.000 stream_playing=false peak_db=-200.0 mix_rate=48000 latency=0.0880 @ http://localhost:8770/index.js:451
[  341647ms] [LOG] MON 1 playing=false pos=0.000 stream_playing=false peak_db=-200.0 mix_rate=48000 latency=0.0880 @ http://localhost:8770/index.js:451
[  341897ms] [LOG] MON 1 playing=false pos=0.000 stream_playing=false peak_db=-200.0 mix_rate=48000 latency=0.0880 @ http://localhost:8770/index.js:451
[  342147ms] [LOG] MON 1 playing=false pos=0.000 stream_playing=false peak_db=-200.0 mix_rate=48000 latency=0.0880 @ http://localhost:8770/index.js:451
[  342400ms] [LOG] MON 1 playing=false pos=0.000 stream_playing=false peak_db=-200.0 mix_rate=48000 latency=0.0880 @ http://localhost:8770/index.js:451
[  342647ms] [LOG] MON 1 playing=false pos=0.000 stream_playing=false peak_db=-200.0 mix_rate=48000 latency=0.0880 @ http://localhost:8770/index.js:451
[  342897ms] [LOG] MON 1 playing=false pos=0.000 stream_playing=false peak_db=-200.0 mix_rate=48000 latency=0.0880 @ http://localhost:8770/index.js:451
[  343147ms] [LOG] MON 1 playing=false pos=0.000 stream_playing=false peak_db=-200.0 mix_rate=48000 latency=0.0880 @ http://localhost:8770/index.js:451
[  343396ms] [LOG] MON 1 playing=false pos=0.000 stream_playing=false peak_db=-200.0 mix_rate=48000 latency=0.0880 @ http://localhost:8770/index.js:451
[  343647ms] [LOG] MON 1 playing=false pos=0.000 stream_playing=false peak_db=-200.0 mix_rate=48000 latency=0.0880 @ http://localhost:8770/index.js:451
[  343898ms] [LOG] MON 1 playing=false pos=0.000 stream_playing=false peak_db=-200.0 mix_rate=48000 latency=0.0880 @ http://localhost:8770/index.js:451
[  344147ms] [LOG] MON 1 playing=false pos=0.000 stream_playing=false peak_db=-200.0 mix_rate=48000 latency=0.0880 @ http://localhost:8770/index.js:451
[  344397ms] [LOG] MON 1 playing=false pos=0.000 stream_playing=false peak_db=-200.0 mix_rate=48000 latency=0.0880 @ http://localhost:8770/index.js:451
[  344647ms] [LOG] MON 1 playing=false pos=0.000 stream_playing=false peak_db=-200.0 mix_rate=48000 latency=0.0880 @ http://localhost:8770/index.js:451
[  344898ms] [LOG] MON 1 playing=false pos=0.000 stream_playing=false peak_db=-200.0 mix_rate=48000 latency=0.0880 @ http://localhost:8770/index.js:451
[  345148ms] [LOG] MON 1 playing=false pos=0.000 stream_playing=false peak_db=-200.0 mix_rate=48000 latency=0.0880 @ http://localhost:8770/index.js:451
[  345397ms] [LOG] MON 1 playing=false pos=0.000 stream_playing=false peak_db=-200.0 mix_rate=48000 latency=0.0880 @ http://localhost:8770/index.js:451
[  345647ms] [LOG] MON 1 playing=false pos=0.000 stream_playing=false peak_db=-200.0 mix_rate=48000 latency=0.0880 @ http://localhost:8770/index.js:451
[  345895ms] [LOG] MON 1 playing=false pos=0.000 stream_playing=false peak_db=-200.0 mix_rate=48000 latency=0.0880 @ http://localhost:8770/index.js:451
[  346148ms] [LOG] MON 1 playing=false pos=0.000 stream_playing=false peak_db=-200.0 mix_rate=48000 latency=0.0880 @ http://localhost:8770/index.js:451
[  346397ms] [LOG] MON 1 playing=false pos=0.000 stream_playing=false peak_db=-200.0 mix_rate=48000 latency=0.0880 @ http://localhost:8770/index.js:451
[  346649ms] [LOG] MON 1 playing=false pos=0.000 stream_playing=false peak_db=-200.0 mix_rate=48000 latency=0.0880 @ http://localhost:8770/index.js:451
[  346897ms] [LOG] MON 1 playing=false pos=0.000 stream_playing=false peak_db=-200.0 mix_rate=48000 latency=0.0880 @ http://localhost:8770/index.js:451
[  347147ms] [LOG] MON 1 playing=false pos=0.000 stream_playing=false peak_db=-200.0 mix_rate=48000 latency=0.0880 @ http://localhost:8770/index.js:451
[  347396ms] [LOG] MON 1 playing=false pos=0.000 stream_playing=false peak_db=-200.0 mix_rate=48000 latency=0.0880 @ http://localhost:8770/index.js:451
[  347646ms] [LOG] MON 1 playing=false pos=0.000 stream_playing=false peak_db=-200.0 mix_rate=48000 latency=0.0880 @ http://localhost:8770/index.js:451
[  347897ms] [LOG] MON 1 playing=false pos=0.000 stream_playing=false peak_db=-200.0 mix_rate=48000 latency=0.0880 @ http://localhost:8770/index.js:451
[  348145ms] [LOG] MON 1 playing=false pos=0.000 stream_playing=false peak_db=-200.0 mix_rate=48000 latency=0.0880 @ http://localhost:8770/index.js:451
[  348396ms] [LOG] MON 1 playing=false pos=0.000 stream_playing=false peak_db=-200.0 mix_rate=48000 latency=0.0880 @ http://localhost:8770/index.js:451
[  348646ms] [LOG] MON 1 playing=false pos=0.000 stream_playing=false peak_db=-200.0 mix_rate=48000 latency=0.0880 @ http://localhost:8770/index.js:451
[  348896ms] [LOG] MON 1 playing=false pos=0.000 stream_playing=false peak_db=-200.0 mix_rate=48000 latency=0.0880 @ http://localhost:8770/index.js:451
[  349147ms] [LOG] MON 1 playing=false pos=0.000 stream_playing=false peak_db=-200.0 mix_rate=48000 latency=0.0880 @ http://localhost:8770/index.js:451
[  349398ms] [LOG] MON 1 playing=false pos=0.000 stream_playing=false peak_db=-200.0 mix_rate=48000 latency=0.0880 @ http://localhost:8770/index.js:451
[  349646ms] [LOG] MON 1 playing=false pos=0.000 stream_playing=false peak_db=-200.0 mix_rate=48000 latency=0.0880 @ http://localhost:8770/index.js:451
[  349897ms] [LOG] MON 1 playing=false pos=0.000 stream_playing=false peak_db=-200.0 mix_rate=48000 latency=0.0880 @ http://localhost:8770/index.js:451
[  350147ms] [LOG] MON 1 playing=false pos=0.000 stream_playing=false peak_db=-200.0 mix_rate=48000 latency=0.0880 @ http://localhost:8770/index.js:451
[  350396ms] [LOG] MON 1 playing=false pos=0.000 stream_playing=false peak_db=-200.0 mix_rate=48000 latency=0.0880 @ http://localhost:8770/index.js:451
[  350646ms] [LOG] MON 1 playing=false pos=0.000 stream_playing=false peak_db=-200.0 mix_rate=48000 latency=0.0880 @ http://localhost:8770/index.js:451
[  350896ms] [LOG] MON 1 playing=false pos=0.000 stream_playing=false peak_db=-200.0 mix_rate=48000 latency=0.0880 @ http://localhost:8770/index.js:451
[  351147ms] [LOG] MON 1 playing=false pos=0.000 stream_playing=false peak_db=-200.0 mix_rate=48000 latency=0.0880 @ http://localhost:8770/index.js:451
[  351397ms] [LOG] MON 1 playing=false pos=0.000 stream_playing=false peak_db=-200.0 mix_rate=48000 latency=0.0880 @ http://localhost:8770/index.js:451
[  351647ms] [LOG] MON 1 playing=false pos=0.000 stream_playing=false peak_db=-200.0 mix_rate=48000 latency=0.0880 @ http://localhost:8770/index.js:451
[  351896ms] [LOG] MON 1 playing=false pos=0.000 stream_playing=false peak_db=-200.0 mix_rate=48000 latency=0.0880 @ http://localhost:8770/index.js:451
[  352146ms] [LOG] MON 1 playing=false pos=0.000 stream_playing=false peak_db=-200.0 mix_rate=48000 latency=0.0880 @ http://localhost:8770/index.js:451
[  352396ms] [LOG] MON 1 playing=false pos=0.000 stream_playing=false peak_db=-200.0 mix_rate=48000 latency=0.0880 @ http://localhost:8770/index.js:451
[  352646ms] [LOG] MON 1 playing=false pos=0.000 stream_playing=false peak_db=-200.0 mix_rate=48000 latency=0.0880 @ http://localhost:8770/index.js:451
[  352897ms] [LOG] MON 1 playing=false pos=0.000 stream_playing=false peak_db=-200.0 mix_rate=48000 latency=0.0880 @ http://localhost:8770/index.js:451
[  353147ms] [LOG] MON 1 playing=false pos=0.000 stream_playing=false peak_db=-200.0 mix_rate=48000 latency=0.0880 @ http://localhost:8770/index.js:451
[  353396ms] [LOG] MON 1 playing=false pos=0.000 stream_playing=false peak_db=-200.0 mix_rate=48000 latency=0.0880 @ http://localhost:8770/index.js:451
[  353646ms] [LOG] MON 1 playing=false pos=0.000 stream_playing=false peak_db=-200.0 mix_rate=48000 latency=0.0880 @ http://localhost:8770/index.js:451
[  353896ms] [LOG] MON 1 playing=false pos=0.000 stream_playing=false peak_db=-200.0 mix_rate=48000 latency=0.0880 @ http://localhost:8770/index.js:451
[  354146ms] [LOG] MON 1 playing=false pos=0.000 stream_playing=false peak_db=-200.0 mix_rate=48000 latency=0.0880 @ http://localhost:8770/index.js:451
[  354396ms] [LOG] MON 1 playing=false pos=0.000 stream_playing=false peak_db=-200.0 mix_rate=48000 latency=0.0880 @ http://localhost:8770/index.js:451
[  354646ms] [LOG] MON 1 playing=false pos=0.000 stream_playing=false peak_db=-200.0 mix_rate=48000 latency=0.0880 @ http://localhost:8770/index.js:451
[  354896ms] [LOG] MON 1 playing=false pos=0.000 stream_playing=false peak_db=-200.0 mix_rate=48000 latency=0.0880 @ http://localhost:8770/index.js:451
[  355146ms] [LOG] MON 1 playing=false pos=0.000 stream_playing=false peak_db=-200.0 mix_rate=48000 latency=0.0880 @ http://localhost:8770/index.js:451
[  355396ms] [LOG] MON 1 playing=false pos=0.000 stream_playing=false peak_db=-200.0 mix_rate=48000 latency=0.0880 @ http://localhost:8770/index.js:451
[  355647ms] [LOG] MON 1 playing=false pos=0.000 stream_playing=false peak_db=-200.0 mix_rate=48000 latency=0.0880 @ http://localhost:8770/index.js:451
[  355897ms] [LOG] MON 1 playing=false pos=0.000 stream_playing=false peak_db=-200.0 mix_rate=48000 latency=0.0880 @ http://localhost:8770/index.js:451
[  356146ms] [LOG] MON 1 playing=false pos=0.000 stream_playing=false peak_db=-200.0 mix_rate=48000 latency=0.0880 @ http://localhost:8770/index.js:451
[  356397ms] [LOG] MON 1 playing=false pos=0.000 stream_playing=false peak_db=-200.0 mix_rate=48000 latency=0.0800 @ http://localhost:8770/index.js:451
[  356646ms] [LOG] MON 1 playing=false pos=0.000 stream_playing=false peak_db=-200.0 mix_rate=48000 latency=0.0800 @ http://localhost:8770/index.js:451
[  356895ms] [LOG] MON 1 playing=false pos=0.000 stream_playing=false peak_db=-200.0 mix_rate=48000 latency=0.0800 @ http://localhost:8770/index.js:451
[  357147ms] [LOG] MON 1 playing=false pos=0.000 stream_playing=false peak_db=-200.0 mix_rate=48000 latency=0.0800 @ http://localhost:8770/index.js:451
[  357397ms] [LOG] MON 1 playing=false pos=0.000 stream_playing=false peak_db=-200.0 mix_rate=48000 latency=0.0880 @ http://localhost:8770/index.js:451
[  357647ms] [LOG] MON 1 playing=false pos=0.000 stream_playing=false peak_db=-200.0 mix_rate=48000 latency=0.0880 @ http://localhost:8770/index.js:451
[  357896ms] [LOG] MON 1 playing=false pos=0.000 stream_playing=false peak_db=-200.0 mix_rate=48000 latency=0.0880 @ http://localhost:8770/index.js:451
[  358146ms] [LOG] MON 1 playing=false pos=0.000 stream_playing=false peak_db=-200.0 mix_rate=48000 latency=0.0880 @ http://localhost:8770/index.js:451
[  358395ms] [LOG] MON 1 playing=false pos=0.000 stream_playing=false peak_db=-200.0 mix_rate=48000 latency=0.0880 @ http://localhost:8770/index.js:451
[  358648ms] [LOG] MON 1 playing=false pos=0.000 stream_playing=false peak_db=-200.0 mix_rate=48000 latency=0.0880 @ http://localhost:8770/index.js:451
[  358897ms] [LOG] MON 1 playing=false pos=0.000 stream_playing=false peak_db=-200.0 mix_rate=48000 latency=0.0880 @ http://localhost:8770/index.js:451
[  359147ms] [LOG] MON 1 playing=false pos=0.000 stream_playing=false peak_db=-200.0 mix_rate=48000 latency=0.0880 @ http://localhost:8770/index.js:451
[  359396ms] [LOG] MON 1 playing=false pos=0.000 stream_playing=false peak_db=-200.0 mix_rate=48000 latency=0.0880 @ http://localhost:8770/index.js:451
[  359647ms] [LOG] MON 1 playing=false pos=0.000 stream_playing=false peak_db=-200.0 mix_rate=48000 latency=0.0880 @ http://localhost:8770/index.js:451
[  359896ms] [LOG] MON 1 playing=false pos=0.000 stream_playing=false peak_db=-200.0 mix_rate=48000 latency=0.0880 @ http://localhost:8770/index.js:451
[  360146ms] [LOG] MON 1 playing=false pos=0.000 stream_playing=false peak_db=-200.0 mix_rate=48000 latency=0.0880 @ http://localhost:8770/index.js:451
[  360396ms] [LOG] MON 1 playing=false pos=0.000 stream_playing=false peak_db=-200.0 mix_rate=48000 latency=0.0880 @ http://localhost:8770/index.js:451
[  360647ms] [LOG] MON 1 playing=false pos=0.000 stream_playing=false peak_db=-200.0 mix_rate=48000 latency=0.0880 @ http://localhost:8770/index.js:451
[  360897ms] [LOG] MON 1 playing=false pos=0.000 stream_playing=false peak_db=-200.0 mix_rate=48000 latency=0.0880 @ http://localhost:8770/index.js:451
[  361146ms] [LOG] MON 1 playing=false pos=0.000 stream_playing=false peak_db=-200.0 mix_rate=48000 latency=0.0880 @ http://localhost:8770/index.js:451
[  361396ms] [LOG] MON 1 playing=false pos=0.000 stream_playing=false peak_db=-200.0 mix_rate=48000 latency=0.0880 @ http://localhost:8770/index.js:451
[  361646ms] [LOG] MON 1 playing=false pos=0.000 stream_playing=false peak_db=-200.0 mix_rate=48000 latency=0.0880 @ http://localhost:8770/index.js:451
[  361896ms] [LOG] MON 1 playing=false pos=0.000 stream_playing=false peak_db=-200.0 mix_rate=48000 latency=0.0880 @ http://localhost:8770/index.js:451
[  362147ms] [LOG] MON 1 playing=false pos=0.000 stream_playing=false peak_db=-200.0 mix_rate=48000 latency=0.0880 @ http://localhost:8770/index.js:451
[  362397ms] [LOG] MON 1 playing=false pos=0.000 stream_playing=false peak_db=-200.0 mix_rate=48000 latency=0.0880 @ http://localhost:8770/index.js:451
[  362646ms] [LOG] MON 1 playing=false pos=0.000 stream_playing=false peak_db=-200.0 mix_rate=48000 latency=0.0880 @ http://localhost:8770/index.js:451
[  362897ms] [LOG] MON 1 playing=false pos=0.000 stream_playing=false peak_db=-200.0 mix_rate=48000 latency=0.0880 @ http://localhost:8770/index.js:451
[  363145ms] [LOG] MON 1 playing=false pos=0.000 stream_playing=false peak_db=-200.0 mix_rate=48000 latency=0.0880 @ http://localhost:8770/index.js:451
[  363396ms] [LOG] MON 1 playing=false pos=0.000 stream_playing=false peak_db=-200.0 mix_rate=48000 latency=0.0880 @ http://localhost:8770/index.js:451
[  363647ms] [LOG] MON 1 playing=false pos=0.000 stream_playing=false peak_db=-200.0 mix_rate=48000 latency=0.0880 @ http://localhost:8770/index.js:451
[  363897ms] [LOG] MON 1 playing=false pos=0.000 stream_playing=false peak_db=-200.0 mix_rate=48000 latency=0.0880 @ http://localhost:8770/index.js:451
[  364149ms] [LOG] MON 1 playing=false pos=0.000 stream_playing=false peak_db=-200.0 mix_rate=48000 latency=0.0880 @ http://localhost:8770/index.js:451
[  364397ms] [LOG] MON 1 playing=false pos=0.000 stream_playing=false peak_db=-200.0 mix_rate=48000 latency=0.0880 @ http://localhost:8770/index.js:451
[  364647ms] [LOG] MON 1 playing=false pos=0.000 stream_playing=false peak_db=-200.0 mix_rate=48000 latency=0.0880 @ http://localhost:8770/index.js:451
[  364896ms] [LOG] MON 1 playing=false pos=0.000 stream_playing=false peak_db=-200.0 mix_rate=48000 latency=0.0880 @ http://localhost:8770/index.js:451
[  365147ms] [LOG] MON 1 playing=false pos=0.000 stream_playing=false peak_db=-200.0 mix_rate=48000 latency=0.0880 @ http://localhost:8770/index.js:451
[  365397ms] [LOG] MON 1 playing=false pos=0.000 stream_playing=false peak_db=-200.0 mix_rate=48000 latency=0.0880 @ http://localhost:8770/index.js:451
[  365647ms] [LOG] MON 1 playing=false pos=0.000 stream_playing=false peak_db=-200.0 mix_rate=48000 latency=0.0880 @ http://localhost:8770/index.js:451
[  365899ms] [LOG] MON 1 playing=false pos=0.000 stream_playing=false peak_db=-200.0 mix_rate=48000 latency=0.0880 @ http://localhost:8770/index.js:451
[  366148ms] [LOG] MON 1 playing=false pos=0.000 stream_playing=false peak_db=-200.0 mix_rate=48000 latency=0.0880 @ http://localhost:8770/index.js:451
[  366398ms] [LOG] MON 1 playing=false pos=0.000 stream_playing=false peak_db=-200.0 mix_rate=48000 latency=0.0880 @ http://localhost:8770/index.js:451
[  366649ms] [LOG] MON 1 playing=false pos=0.000 stream_playing=false peak_db=-200.0 mix_rate=48000 latency=0.0880 @ http://localhost:8770/index.js:451
[  366898ms] [LOG] MON 1 playing=false pos=0.000 stream_playing=false peak_db=-200.0 mix_rate=48000 latency=0.0880 @ http://localhost:8770/index.js:451
[  367148ms] [LOG] MON 1 playing=false pos=0.000 stream_playing=false peak_db=-200.0 mix_rate=48000 latency=0.0880 @ http://localhost:8770/index.js:451
[  367397ms] [LOG] MON 1 playing=false pos=0.000 stream_playing=false peak_db=-200.0 mix_rate=48000 latency=0.0880 @ http://localhost:8770/index.js:451
[  367646ms] [LOG] MON 1 playing=false pos=0.000 stream_playing=false peak_db=-200.0 mix_rate=48000 latency=0.0880 @ http://localhost:8770/index.js:451
[  367897ms] [LOG] MON 1 playing=false pos=0.000 stream_playing=false peak_db=-200.0 mix_rate=48000 latency=0.0880 @ http://localhost:8770/index.js:451
[  368146ms] [LOG] MON 1 playing=false pos=0.000 stream_playing=false peak_db=-200.0 mix_rate=48000 latency=0.0880 @ http://localhost:8770/index.js:451
[  368397ms] [LOG] MON 1 playing=false pos=0.000 stream_playing=false peak_db=-200.0 mix_rate=48000 latency=0.0880 @ http://localhost:8770/index.js:451
[  368646ms] [LOG] MON 1 playing=false pos=0.000 stream_playing=false peak_db=-200.0 mix_rate=48000 latency=0.0880 @ http://localhost:8770/index.js:451
[  368897ms] [LOG] MON 1 playing=false pos=0.000 stream_playing=false peak_db=-200.0 mix_rate=48000 latency=0.0880 @ http://localhost:8770/index.js:451
[  369149ms] [LOG] MON 1 playing=false pos=0.000 stream_playing=false peak_db=-200.0 mix_rate=48000 latency=0.0880 @ http://localhost:8770/index.js:451
[  369400ms] [LOG] MON 1 playing=false pos=0.000 stream_playing=false peak_db=-200.0 mix_rate=48000 latency=0.0880 @ http://localhost:8770/index.js:451
[  369649ms] [LOG] MON 1 playing=false pos=0.000 stream_playing=false peak_db=-200.0 mix_rate=48000 latency=0.0880 @ http://localhost:8770/index.js:451
[  369896ms] [LOG] MON 1 playing=false pos=0.000 stream_playing=false peak_db=-200.0 mix_rate=48000 latency=0.0880 @ http://localhost:8770/index.js:451
[  370146ms] [LOG] MON 1 playing=false pos=0.000 stream_playing=false peak_db=-200.0 mix_rate=48000 latency=0.0880 @ http://localhost:8770/index.js:451
[  370397ms] [LOG] MON 1 playing=false pos=0.000 stream_playing=false peak_db=-200.0 mix_rate=48000 latency=0.0880 @ http://localhost:8770/index.js:451
[  370648ms] [LOG] MON 1 playing=false pos=0.000 stream_playing=false peak_db=-200.0 mix_rate=48000 latency=0.0880 @ http://localhost:8770/index.js:451
[  370897ms] [LOG] MON 1 playing=false pos=0.000 stream_playing=false peak_db=-200.0 mix_rate=48000 latency=0.0880 @ http://localhost:8770/index.js:451
[  371147ms] [LOG] MON 1 playing=false pos=0.000 stream_playing=false peak_db=-200.0 mix_rate=48000 latency=0.0880 @ http://localhost:8770/index.js:451
[  371399ms] [LOG] MON 1 playing=false pos=0.000 stream_playing=false peak_db=-200.0 mix_rate=48000 latency=0.0880 @ http://localhost:8770/index.js:451
[  371647ms] [LOG] MON 1 playing=false pos=0.000 stream_playing=false peak_db=-200.0 mix_rate=48000 latency=0.0880 @ http://localhost:8770/index.js:451
[  371895ms] [LOG] MON 1 playing=false pos=0.000 stream_playing=false peak_db=-200.0 mix_rate=48000 latency=0.0880 @ http://localhost:8770/index.js:451
[  372147ms] [LOG] MON 1 playing=false pos=0.000 stream_playing=false peak_db=-200.0 mix_rate=48000 latency=0.0880 @ http://localhost:8770/index.js:451
[  372397ms] [LOG] MON 1 playing=false pos=0.000 stream_playing=false peak_db=-200.0 mix_rate=48000 latency=0.0880 @ http://localhost:8770/index.js:451
[  372647ms] [LOG] MON 1 playing=false pos=0.000 stream_playing=false peak_db=-200.0 mix_rate=48000 latency=0.0880 @ http://localhost:8770/index.js:451
[  372896ms] [LOG] MON 1 playing=false pos=0.000 stream_playing=false peak_db=-200.0 mix_rate=48000 latency=0.0880 @ http://localhost:8770/index.js:451
[  373148ms] [LOG] MON 1 playing=false pos=0.000 stream_playing=false peak_db=-200.0 mix_rate=48000 latency=0.0880 @ http://localhost:8770/index.js:451
[  373397ms] [LOG] MON 1 playing=false pos=0.000 stream_playing=false peak_db=-200.0 mix_rate=48000 latency=0.0880 @ http://localhost:8770/index.js:451
[  373648ms] [LOG] MON 1 playing=false pos=0.000 stream_playing=false peak_db=-200.0 mix_rate=48000 latency=0.0880 @ http://localhost:8770/index.js:451
[  373896ms] [LOG] MON 1 playing=false pos=0.000 stream_playing=false peak_db=-200.0 mix_rate=48000 latency=0.0880 @ http://localhost:8770/index.js:451
[  374151ms] [LOG] MON 1 playing=false pos=0.000 stream_playing=false peak_db=-200.0 mix_rate=48000 latency=0.0880 @ http://localhost:8770/index.js:451
[  374396ms] [LOG] MON 1 playing=false pos=0.000 stream_playing=false peak_db=-200.0 mix_rate=48000 latency=0.0880 @ http://localhost:8770/index.js:451
[  374647ms] [LOG] MON 1 playing=false pos=0.000 stream_playing=false peak_db=-200.0 mix_rate=48000 latency=0.0880 @ http://localhost:8770/index.js:451
[  374896ms] [LOG] MON 1 playing=false pos=0.000 stream_playing=false peak_db=-200.0 mix_rate=48000 latency=0.0880 @ http://localhost:8770/index.js:451
[  375147ms] [LOG] MON 1 playing=false pos=0.000 stream_playing=false peak_db=-200.0 mix_rate=48000 latency=0.0880 @ http://localhost:8770/index.js:451
[  375396ms] [LOG] MON 1 playing=false pos=0.000 stream_playing=false peak_db=-200.0 mix_rate=48000 latency=0.0880 @ http://localhost:8770/index.js:451
[  375647ms] [LOG] MON 1 playing=false pos=0.000 stream_playing=false peak_db=-200.0 mix_rate=48000 latency=0.0880 @ http://localhost:8770/index.js:451
[  375897ms] [LOG] MON 1 playing=false pos=0.000 stream_playing=false peak_db=-200.0 mix_rate=48000 latency=0.0880 @ http://localhost:8770/index.js:451
[  376147ms] [LOG] MON 1 playing=false pos=0.000 stream_playing=false peak_db=-200.0 mix_rate=48000 latency=0.0880 @ http://localhost:8770/index.js:451
[  376396ms] [LOG] MON 1 playing=false pos=0.000 stream_playing=false peak_db=-200.0 mix_rate=48000 latency=0.0880 @ http://localhost:8770/index.js:451
[  376649ms] [LOG] MON 1 playing=false pos=0.000 stream_playing=false peak_db=-200.0 mix_rate=48000 latency=0.0880 @ http://localhost:8770/index.js:451
[  376897ms] [LOG] MON 1 playing=false pos=0.000 stream_playing=false peak_db=-200.0 mix_rate=48000 latency=0.0880 @ http://localhost:8770/index.js:451
[  377146ms] [LOG] MON 1 playing=false pos=0.000 stream_playing=false peak_db=-200.0 mix_rate=48000 latency=0.0880 @ http://localhost:8770/index.js:451
[  377397ms] [LOG] MON 1 playing=false pos=0.000 stream_playing=false peak_db=-200.0 mix_rate=48000 latency=0.0880 @ http://localhost:8770/index.js:451
[  377647ms] [LOG] MON 1 playing=false pos=0.000 stream_playing=false peak_db=-200.0 mix_rate=48000 latency=0.0880 @ http://localhost:8770/index.js:451
[  377896ms] [LOG] MON 1 playing=false pos=0.000 stream_playing=false peak_db=-200.0 mix_rate=48000 latency=0.0880 @ http://localhost:8770/index.js:451
[  378147ms] [LOG] MON 1 playing=false pos=0.000 stream_playing=false peak_db=-200.0 mix_rate=48000 latency=0.0880 @ http://localhost:8770/index.js:451
[  378396ms] [LOG] MON 1 playing=false pos=0.000 stream_playing=false peak_db=-200.0 mix_rate=48000 latency=0.0880 @ http://localhost:8770/index.js:451
[  378648ms] [LOG] MON 1 playing=false pos=0.000 stream_playing=false peak_db=-200.0 mix_rate=48000 latency=0.0880 @ http://localhost:8770/index.js:451
[  378899ms] [LOG] MON 1 playing=false pos=0.000 stream_playing=false peak_db=-200.0 mix_rate=48000 latency=0.0880 @ http://localhost:8770/index.js:451
[  379147ms] [LOG] MON 1 playing=false pos=0.000 stream_playing=false peak_db=-200.0 mix_rate=48000 latency=0.0880 @ http://localhost:8770/index.js:451
[  379397ms] [LOG] MON 1 playing=false pos=0.000 stream_playing=false peak_db=-200.0 mix_rate=48000 latency=0.0880 @ http://localhost:8770/index.js:451
[  379646ms] [LOG] MON 1 playing=false pos=0.000 stream_playing=false peak_db=-200.0 mix_rate=48000 latency=0.0880 @ http://localhost:8770/index.js:451
[  379896ms] [LOG] MON 1 playing=false pos=0.000 stream_playing=false peak_db=-200.0 mix_rate=48000 latency=0.0880 @ http://localhost:8770/index.js:451
[  380146ms] [LOG] MON 1 playing=false pos=0.000 stream_playing=false peak_db=-200.0 mix_rate=48000 latency=0.0880 @ http://localhost:8770/index.js:451
[  380397ms] [LOG] MON 1 playing=false pos=0.000 stream_playing=false peak_db=-200.0 mix_rate=48000 latency=0.0880 @ http://localhost:8770/index.js:451
[  380647ms] [LOG] MON 1 playing=false pos=0.000 stream_playing=false peak_db=-200.0 mix_rate=48000 latency=0.0880 @ http://localhost:8770/index.js:451
[  380898ms] [LOG] MON 1 playing=false pos=0.000 stream_playing=false peak_db=-200.0 mix_rate=48000 latency=0.0880 @ http://localhost:8770/index.js:451
[  381147ms] [LOG] MON 1 playing=false pos=0.000 stream_playing=false peak_db=-200.0 mix_rate=48000 latency=0.0880 @ http://localhost:8770/index.js:451
[  381398ms] [LOG] MON 1 playing=false pos=0.000 stream_playing=false peak_db=-200.0 mix_rate=48000 latency=0.0880 @ http://localhost:8770/index.js:451
[  381647ms] [LOG] MON 1 playing=false pos=0.000 stream_playing=false peak_db=-200.0 mix_rate=48000 latency=0.0880 @ http://localhost:8770/index.js:451
[  381897ms] [LOG] MON 1 playing=false pos=0.000 stream_playing=false peak_db=-200.0 mix_rate=48000 latency=0.0880 @ http://localhost:8770/index.js:451
[  382147ms] [LOG] MON 1 playing=false pos=0.000 stream_playing=false peak_db=-200.0 mix_rate=48000 latency=0.0880 @ http://localhost:8770/index.js:451
[  382396ms] [LOG] MON 1 playing=false pos=0.000 stream_playing=false peak_db=-200.0 mix_rate=48000 latency=0.0880 @ http://localhost:8770/index.js:451
[  382647ms] [LOG] MON 1 playing=false pos=0.000 stream_playing=false peak_db=-200.0 mix_rate=48000 latency=0.0880 @ http://localhost:8770/index.js:451
[  382897ms] [LOG] MON 1 playing=false pos=0.000 stream_playing=false peak_db=-200.0 mix_rate=48000 latency=0.0880 @ http://localhost:8770/index.js:451
[  383147ms] [LOG] MON 1 playing=false pos=0.000 stream_playing=false peak_db=-200.0 mix_rate=48000 latency=0.0880 @ http://localhost:8770/index.js:451
[  383396ms] [LOG] MON 1 playing=false pos=0.000 stream_playing=false peak_db=-200.0 mix_rate=48000 latency=0.0880 @ http://localhost:8770/index.js:451
[  383646ms] [LOG] MON 1 playing=false pos=0.000 stream_playing=false peak_db=-200.0 mix_rate=48000 latency=0.0880 @ http://localhost:8770/index.js:451
[  383896ms] [LOG] MON 1 playing=false pos=0.000 stream_playing=false peak_db=-200.0 mix_rate=48000 latency=0.0880 @ http://localhost:8770/index.js:451
[  384146ms] [LOG] MON 1 playing=false pos=0.000 stream_playing=false peak_db=-200.0 mix_rate=48000 latency=0.0880 @ http://localhost:8770/index.js:451
[  384396ms] [LOG] MON 1 playing=false pos=0.000 stream_playing=false peak_db=-200.0 mix_rate=48000 latency=0.0880 @ http://localhost:8770/index.js:451
[  384646ms] [LOG] MON 1 playing=false pos=0.000 stream_playing=false peak_db=-200.0 mix_rate=48000 latency=0.0880 @ http://localhost:8770/index.js:451
[  384897ms] [LOG] MON 1 playing=false pos=0.000 stream_playing=false peak_db=-200.0 mix_rate=48000 latency=0.0880 @ http://localhost:8770/index.js:451
[  385147ms] [LOG] MON 1 playing=false pos=0.000 stream_playing=false peak_db=-200.0 mix_rate=48000 latency=0.0880 @ http://localhost:8770/index.js:451
[  385398ms] [LOG] MON 1 playing=false pos=0.000 stream_playing=false peak_db=-200.0 mix_rate=48000 latency=0.0880 @ http://localhost:8770/index.js:451
[  385647ms] [LOG] MON 1 playing=false pos=0.000 stream_playing=false peak_db=-200.0 mix_rate=48000 latency=0.0880 @ http://localhost:8770/index.js:451
[  385896ms] [LOG] MON 1 playing=false pos=0.000 stream_playing=false peak_db=-200.0 mix_rate=48000 latency=0.0880 @ http://localhost:8770/index.js:451
[  386146ms] [LOG] MON 1 playing=false pos=0.000 stream_playing=false peak_db=-200.0 mix_rate=48000 latency=0.0880 @ http://localhost:8770/index.js:451
[  386398ms] [LOG] MON 1 playing=false pos=0.000 stream_playing=false peak_db=-200.0 mix_rate=48000 latency=0.0880 @ http://localhost:8770/index.js:451
[  386647ms] [LOG] MON 1 playing=false pos=0.000 stream_playing=false peak_db=-200.0 mix_rate=48000 latency=0.0880 @ http://localhost:8770/index.js:451
[  386898ms] [LOG] MON 1 playing=false pos=0.000 stream_playing=false peak_db=-200.0 mix_rate=48000 latency=0.0880 @ http://localhost:8770/index.js:451
[  387148ms] [LOG] MON 1 playing=false pos=0.000 stream_playing=false peak_db=-200.0 mix_rate=48000 latency=0.0880 @ http://localhost:8770/index.js:451
[  387397ms] [LOG] MON 1 playing=false pos=0.000 stream_playing=false peak_db=-200.0 mix_rate=48000 latency=0.0880 @ http://localhost:8770/index.js:451
[  387645ms] [LOG] MON 1 playing=false pos=0.000 stream_playing=false peak_db=-200.0 mix_rate=48000 latency=0.0880 @ http://localhost:8770/index.js:451
[  387896ms] [LOG] MON 1 playing=false pos=0.000 stream_playing=false peak_db=-200.0 mix_rate=48000 latency=0.0880 @ http://localhost:8770/index.js:451
[  388146ms] [LOG] MON 1 playing=false pos=0.000 stream_playing=false peak_db=-200.0 mix_rate=48000 latency=0.0880 @ http://localhost:8770/index.js:451
[  388397ms] [LOG] MON 1 playing=false pos=0.000 stream_playing=false peak_db=-200.0 mix_rate=48000 latency=0.0880 @ http://localhost:8770/index.js:451
[  388649ms] [LOG] MON 1 playing=false pos=0.000 stream_playing=false peak_db=-200.0 mix_rate=48000 latency=0.0880 @ http://localhost:8770/index.js:451
[  388898ms] [LOG] MON 1 playing=false pos=0.000 stream_playing=false peak_db=-200.0 mix_rate=48000 latency=0.0880 @ http://localhost:8770/index.js:451
[  389146ms] [LOG] MON 1 playing=false pos=0.000 stream_playing=false peak_db=-200.0 mix_rate=48000 latency=0.0880 @ http://localhost:8770/index.js:451
[  389396ms] [LOG] MON 1 playing=false pos=0.000 stream_playing=false peak_db=-200.0 mix_rate=48000 latency=0.0880 @ http://localhost:8770/index.js:451
[  389647ms] [LOG] MON 1 playing=false pos=0.000 stream_playing=false peak_db=-200.0 mix_rate=48000 latency=0.0880 @ http://localhost:8770/index.js:451
[  389896ms] [LOG] MON 1 playing=false pos=0.000 stream_playing=false peak_db=-200.0 mix_rate=48000 latency=0.0880 @ http://localhost:8770/index.js:451
[  390147ms] [LOG] MON 1 playing=false pos=0.000 stream_playing=false peak_db=-200.0 mix_rate=48000 latency=0.0880 @ http://localhost:8770/index.js:451
[  390398ms] [LOG] MON 1 playing=false pos=0.000 stream_playing=false peak_db=-200.0 mix_rate=48000 latency=0.0880 @ http://localhost:8770/index.js:451
[  390647ms] [LOG] MON 1 playing=false pos=0.000 stream_playing=false peak_db=-200.0 mix_rate=48000 latency=0.0880 @ http://localhost:8770/index.js:451
[  390897ms] [LOG] MON 1 playing=false pos=0.000 stream_playing=false peak_db=-200.0 mix_rate=48000 latency=0.0880 @ http://localhost:8770/index.js:451
[  391147ms] [LOG] MON 1 playing=false pos=0.000 stream_playing=false peak_db=-200.0 mix_rate=48000 latency=0.0880 @ http://localhost:8770/index.js:451
[  391397ms] [LOG] MON 1 playing=false pos=0.000 stream_playing=false peak_db=-200.0 mix_rate=48000 latency=0.0880 @ http://localhost:8770/index.js:451
[  391647ms] [LOG] MON 1 playing=false pos=0.000 stream_playing=false peak_db=-200.0 mix_rate=48000 latency=0.0880 @ http://localhost:8770/index.js:451
[  391897ms] [LOG] MON 1 playing=false pos=0.000 stream_playing=false peak_db=-200.0 mix_rate=48000 latency=0.0880 @ http://localhost:8770/index.js:451
[  392147ms] [LOG] MON 1 playing=false pos=0.000 stream_playing=false peak_db=-200.0 mix_rate=48000 latency=0.0880 @ http://localhost:8770/index.js:451
[  392396ms] [LOG] MON 1 playing=false pos=0.000 stream_playing=false peak_db=-200.0 mix_rate=48000 latency=0.0880 @ http://localhost:8770/index.js:451
[  392647ms] [LOG] MON 1 playing=false pos=0.000 stream_playing=false peak_db=-200.0 mix_rate=48000 latency=0.0880 @ http://localhost:8770/index.js:451
[  392897ms] [LOG] MON 1 playing=false pos=0.000 stream_playing=false peak_db=-200.0 mix_rate=48000 latency=0.0880 @ http://localhost:8770/index.js:451
[  393148ms] [LOG] MON 1 playing=false pos=0.000 stream_playing=false peak_db=-200.0 mix_rate=48000 latency=0.0880 @ http://localhost:8770/index.js:451
[  393398ms] [LOG] MON 1 playing=false pos=0.000 stream_playing=false peak_db=-200.0 mix_rate=48000 latency=0.0880 @ http://localhost:8770/index.js:451
[  393647ms] [LOG] MON 1 playing=false pos=0.000 stream_playing=false peak_db=-200.0 mix_rate=48000 latency=0.0880 @ http://localhost:8770/index.js:451
[  393897ms] [LOG] MON 1 playing=false pos=0.000 stream_playing=false peak_db=-200.0 mix_rate=48000 latency=0.0880 @ http://localhost:8770/index.js:451
[  394146ms] [LOG] MON 1 playing=false pos=0.000 stream_playing=false peak_db=-200.0 mix_rate=48000 latency=0.0880 @ http://localhost:8770/index.js:451
[  394396ms] [LOG] MON 1 playing=false pos=0.000 stream_playing=false peak_db=-200.0 mix_rate=48000 latency=0.0880 @ http://localhost:8770/index.js:451
[  394647ms] [LOG] MON 1 playing=false pos=0.000 stream_playing=false peak_db=-200.0 mix_rate=48000 latency=0.0880 @ http://localhost:8770/index.js:451
[  394897ms] [LOG] MON 1 playing=false pos=0.000 stream_playing=false peak_db=-200.0 mix_rate=48000 latency=0.0880 @ http://localhost:8770/index.js:451
[  395147ms] [LOG] MON 1 playing=false pos=0.000 stream_playing=false peak_db=-200.0 mix_rate=48000 latency=0.0880 @ http://localhost:8770/index.js:451
[  395398ms] [LOG] MON 1 playing=false pos=0.000 stream_playing=false peak_db=-200.0 mix_rate=48000 latency=0.0880 @ http://localhost:8770/index.js:451
[  395647ms] [LOG] MON 1 playing=false pos=0.000 stream_playing=false peak_db=-200.0 mix_rate=48000 latency=0.0880 @ http://localhost:8770/index.js:451
[  395897ms] [LOG] MON 1 playing=false pos=0.000 stream_playing=false peak_db=-200.0 mix_rate=48000 latency=0.0880 @ http://localhost:8770/index.js:451
[  396146ms] [LOG] MON 1 playing=false pos=0.000 stream_playing=false peak_db=-200.0 mix_rate=48000 latency=0.0880 @ http://localhost:8770/index.js:451
[  396397ms] [LOG] MON 1 playing=false pos=0.000 stream_playing=false peak_db=-200.0 mix_rate=48000 latency=0.0880 @ http://localhost:8770/index.js:451
[  396646ms] [LOG] MON 1 playing=false pos=0.000 stream_playing=false peak_db=-200.0 mix_rate=48000 latency=0.0880 @ http://localhost:8770/index.js:451
[  396898ms] [LOG] MON 1 playing=false pos=0.000 stream_playing=false peak_db=-200.0 mix_rate=48000 latency=0.0880 @ http://localhost:8770/index.js:451
[  397147ms] [LOG] MON 1 playing=false pos=0.000 stream_playing=false peak_db=-200.0 mix_rate=48000 latency=0.0880 @ http://localhost:8770/index.js:451
[  397397ms] [LOG] MON 1 playing=false pos=0.000 stream_playing=false peak_db=-200.0 mix_rate=48000 latency=0.0880 @ http://localhost:8770/index.js:451
[  397646ms] [LOG] MON 1 playing=false pos=0.000 stream_playing=false peak_db=-200.0 mix_rate=48000 latency=0.0880 @ http://localhost:8770/index.js:451
[  397896ms] [LOG] MON 1 playing=false pos=0.000 stream_playing=false peak_db=-200.0 mix_rate=48000 latency=0.0880 @ http://localhost:8770/index.js:451
[  398147ms] [LOG] MON 1 playing=false pos=0.000 stream_playing=false peak_db=-200.0 mix_rate=48000 latency=0.0880 @ http://localhost:8770/index.js:451
[  398396ms] [LOG] MON 1 playing=false pos=0.000 stream_playing=false peak_db=-200.0 mix_rate=48000 latency=0.0880 @ http://localhost:8770/index.js:451
[  398647ms] [LOG] MON 1 playing=false pos=0.000 stream_playing=false peak_db=-200.0 mix_rate=48000 latency=0.0880 @ http://localhost:8770/index.js:451
[  398897ms] [LOG] MON 1 playing=false pos=0.000 stream_playing=false peak_db=-200.0 mix_rate=48000 latency=0.0880 @ http://localhost:8770/index.js:451
[  399147ms] [LOG] MON 1 playing=false pos=0.000 stream_playing=false peak_db=-200.0 mix_rate=48000 latency=0.0880 @ http://localhost:8770/index.js:451
[  399396ms] [LOG] MON 1 playing=false pos=0.000 stream_playing=false peak_db=-200.0 mix_rate=48000 latency=0.0880 @ http://localhost:8770/index.js:451
[  399648ms] [LOG] MON 1 playing=false pos=0.000 stream_playing=false peak_db=-200.0 mix_rate=48000 latency=0.0880 @ http://localhost:8770/index.js:451
[  399896ms] [LOG] MON 1 playing=false pos=0.000 stream_playing=false peak_db=-200.0 mix_rate=48000 latency=0.0880 @ http://localhost:8770/index.js:451
[  400147ms] [LOG] MON 1 playing=false pos=0.000 stream_playing=false peak_db=-200.0 mix_rate=48000 latency=0.0880 @ http://localhost:8770/index.js:451
[  400398ms] [LOG] MON 1 playing=false pos=0.000 stream_playing=false peak_db=-200.0 mix_rate=48000 latency=0.0880 @ http://localhost:8770/index.js:451
[  400647ms] [LOG] MON 1 playing=false pos=0.000 stream_playing=false peak_db=-200.0 mix_rate=48000 latency=0.0880 @ http://localhost:8770/index.js:451
[  400896ms] [LOG] MON 1 playing=false pos=0.000 stream_playing=false peak_db=-200.0 mix_rate=48000 latency=0.0880 @ http://localhost:8770/index.js:451
[  401146ms] [LOG] MON 1 playing=false pos=0.000 stream_playing=false peak_db=-200.0 mix_rate=48000 latency=0.0880 @ http://localhost:8770/index.js:451
[  401397ms] [LOG] MON 1 playing=false pos=0.000 stream_playing=false peak_db=-200.0 mix_rate=48000 latency=0.0880 @ http://localhost:8770/index.js:451
[  401646ms] [LOG] MON 1 playing=false pos=0.000 stream_playing=false peak_db=-200.0 mix_rate=48000 latency=0.0880 @ http://localhost:8770/index.js:451
[  401896ms] [LOG] MON 1 playing=false pos=0.000 stream_playing=false peak_db=-200.0 mix_rate=48000 latency=0.0880 @ http://localhost:8770/index.js:451
[  402148ms] [LOG] MON 1 playing=false pos=0.000 stream_playing=false peak_db=-200.0 mix_rate=48000 latency=0.0880 @ http://localhost:8770/index.js:451
[  402398ms] [LOG] MON 1 playing=false pos=0.000 stream_playing=false peak_db=-200.0 mix_rate=48000 latency=0.0880 @ http://localhost:8770/index.js:451
[  402647ms] [LOG] MON 1 playing=false pos=0.000 stream_playing=false peak_db=-200.0 mix_rate=48000 latency=0.0880 @ http://localhost:8770/index.js:451
[  402897ms] [LOG] MON 1 playing=false pos=0.000 stream_playing=false peak_db=-200.0 mix_rate=48000 latency=0.0880 @ http://localhost:8770/index.js:451
[  403146ms] [LOG] MON 1 playing=false pos=0.000 stream_playing=false peak_db=-200.0 mix_rate=48000 latency=0.0880 @ http://localhost:8770/index.js:451
[  403399ms] [LOG] MON 1 playing=false pos=0.000 stream_playing=false peak_db=-200.0 mix_rate=48000 latency=0.0880 @ http://localhost:8770/index.js:451
[  403646ms] [LOG] MON 1 playing=false pos=0.000 stream_playing=false peak_db=-200.0 mix_rate=48000 latency=0.0880 @ http://localhost:8770/index.js:451
[  403898ms] [LOG] MON 1 playing=false pos=0.000 stream_playing=false peak_db=-200.0 mix_rate=48000 latency=0.0880 @ http://localhost:8770/index.js:451
[  404147ms] [LOG] MON 1 playing=false pos=0.000 stream_playing=false peak_db=-200.0 mix_rate=48000 latency=0.0880 @ http://localhost:8770/index.js:451
[  404397ms] [LOG] MON 1 playing=false pos=0.000 stream_playing=false peak_db=-200.0 mix_rate=48000 latency=0.0880 @ http://localhost:8770/index.js:451
[  404646ms] [LOG] MON 1 playing=false pos=0.000 stream_playing=false peak_db=-200.0 mix_rate=48000 latency=0.0880 @ http://localhost:8770/index.js:451
[  404897ms] [LOG] MON 1 playing=false pos=0.000 stream_playing=false peak_db=-200.0 mix_rate=48000 latency=0.0880 @ http://localhost:8770/index.js:451
[  405146ms] [LOG] MON 1 playing=false pos=0.000 stream_playing=false peak_db=-200.0 mix_rate=48000 latency=0.0880 @ http://localhost:8770/index.js:451
[  405396ms] [LOG] MON 1 playing=false pos=0.000 stream_playing=false peak_db=-200.0 mix_rate=48000 latency=0.0880 @ http://localhost:8770/index.js:451
[  405647ms] [LOG] MON 1 playing=false pos=0.000 stream_playing=false peak_db=-200.0 mix_rate=48000 latency=0.0880 @ http://localhost:8770/index.js:451
[  405897ms] [LOG] MON 1 playing=false pos=0.000 stream_playing=false peak_db=-200.0 mix_rate=48000 latency=0.0880 @ http://localhost:8770/index.js:451
[  406147ms] [LOG] MON 1 playing=false pos=0.000 stream_playing=false peak_db=-200.0 mix_rate=48000 latency=0.0880 @ http://localhost:8770/index.js:451
[  406396ms] [LOG] MON 1 playing=false pos=0.000 stream_playing=false peak_db=-200.0 mix_rate=48000 latency=0.0800 @ http://localhost:8770/index.js:451
[  406646ms] [LOG] MON 1 playing=false pos=0.000 stream_playing=false peak_db=-200.0 mix_rate=48000 latency=0.0800 @ http://localhost:8770/index.js:451
[  406896ms] [LOG] MON 1 playing=false pos=0.000 stream_playing=false peak_db=-200.0 mix_rate=48000 latency=0.0800 @ http://localhost:8770/index.js:451
[  407146ms] [LOG] MON 1 playing=false pos=0.000 stream_playing=false peak_db=-200.0 mix_rate=48000 latency=0.0800 @ http://localhost:8770/index.js:451
[  407397ms] [LOG] MON 1 playing=false pos=0.000 stream_playing=false peak_db=-200.0 mix_rate=48000 latency=0.0880 @ http://localhost:8770/index.js:451
[  407646ms] [LOG] MON 1 playing=false pos=0.000 stream_playing=false peak_db=-200.0 mix_rate=48000 latency=0.0880 @ http://localhost:8770/index.js:451
[  407896ms] [LOG] MON 1 playing=false pos=0.000 stream_playing=false peak_db=-200.0 mix_rate=48000 latency=0.0880 @ http://localhost:8770/index.js:451
[  408147ms] [LOG] MON 1 playing=false pos=0.000 stream_playing=false peak_db=-200.0 mix_rate=48000 latency=0.0880 @ http://localhost:8770/index.js:451
[  408397ms] [LOG] MON 1 playing=false pos=0.000 stream_playing=false peak_db=-200.0 mix_rate=48000 latency=0.0880 @ http://localhost:8770/index.js:451
[  408645ms] [LOG] MON 1 playing=false pos=0.000 stream_playing=false peak_db=-200.0 mix_rate=48000 latency=0.0880 @ http://localhost:8770/index.js:451
[  408896ms] [LOG] MON 1 playing=false pos=0.000 stream_playing=false peak_db=-200.0 mix_rate=48000 latency=0.0880 @ http://localhost:8770/index.js:451
[  409146ms] [LOG] MON 1 playing=false pos=0.000 stream_playing=false peak_db=-200.0 mix_rate=48000 latency=0.0880 @ http://localhost:8770/index.js:451
[  409397ms] [LOG] MON 1 playing=false pos=0.000 stream_playing=false peak_db=-200.0 mix_rate=48000 latency=0.0880 @ http://localhost:8770/index.js:451
[  409647ms] [LOG] MON 1 playing=false pos=0.000 stream_playing=false peak_db=-200.0 mix_rate=48000 latency=0.0880 @ http://localhost:8770/index.js:451
[  409897ms] [LOG] MON 1 playing=false pos=0.000 stream_playing=false peak_db=-200.0 mix_rate=48000 latency=0.0880 @ http://localhost:8770/index.js:451
[  410148ms] [LOG] MON 1 playing=false pos=0.000 stream_playing=false peak_db=-200.0 mix_rate=48000 latency=0.0880 @ http://localhost:8770/index.js:451
[  410397ms] [LOG] MON 1 playing=false pos=0.000 stream_playing=false peak_db=-200.0 mix_rate=48000 latency=0.0880 @ http://localhost:8770/index.js:451
[  410648ms] [LOG] MON 1 playing=false pos=0.000 stream_playing=false peak_db=-200.0 mix_rate=48000 latency=0.0880 @ http://localhost:8770/index.js:451
[  410896ms] [LOG] MON 1 playing=false pos=0.000 stream_playing=false peak_db=-200.0 mix_rate=48000 latency=0.0880 @ http://localhost:8770/index.js:451
[  411147ms] [LOG] MON 1 playing=false pos=0.000 stream_playing=false peak_db=-200.0 mix_rate=48000 latency=0.0880 @ http://localhost:8770/index.js:451
[  411397ms] [LOG] MON 1 playing=false pos=0.000 stream_playing=false peak_db=-200.0 mix_rate=48000 latency=0.0880 @ http://localhost:8770/index.js:451
[  411646ms] [LOG] MON 1 playing=false pos=0.000 stream_playing=false peak_db=-200.0 mix_rate=48000 latency=0.0880 @ http://localhost:8770/index.js:451
[  411896ms] [LOG] MON 1 playing=false pos=0.000 stream_playing=false peak_db=-200.0 mix_rate=48000 latency=0.0880 @ http://localhost:8770/index.js:451
[  412150ms] [LOG] MON 1 playing=false pos=0.000 stream_playing=false peak_db=-200.0 mix_rate=48000 latency=0.0880 @ http://localhost:8770/index.js:451
[  412397ms] [LOG] MON 1 playing=false pos=0.000 stream_playing=false peak_db=-200.0 mix_rate=48000 latency=0.0880 @ http://localhost:8770/index.js:451
[  412647ms] [LOG] MON 1 playing=false pos=0.000 stream_playing=false peak_db=-200.0 mix_rate=48000 latency=0.0880 @ http://localhost:8770/index.js:451
[  412899ms] [LOG] MON 1 playing=false pos=0.000 stream_playing=false peak_db=-200.0 mix_rate=48000 latency=0.0880 @ http://localhost:8770/index.js:451
[  413149ms] [LOG] MON 1 playing=false pos=0.000 stream_playing=false peak_db=-200.0 mix_rate=48000 latency=0.0880 @ http://localhost:8770/index.js:451
[  413397ms] [LOG] MON 1 playing=false pos=0.000 stream_playing=false peak_db=-200.0 mix_rate=48000 latency=0.0880 @ http://localhost:8770/index.js:451
[  413648ms] [LOG] MON 1 playing=false pos=0.000 stream_playing=false peak_db=-200.0 mix_rate=48000 latency=0.0880 @ http://localhost:8770/index.js:451
[  413897ms] [LOG] MON 1 playing=false pos=0.000 stream_playing=false peak_db=-200.0 mix_rate=48000 latency=0.0880 @ http://localhost:8770/index.js:451
[  414147ms] [LOG] MON 1 playing=false pos=0.000 stream_playing=false peak_db=-200.0 mix_rate=48000 latency=0.0880 @ http://localhost:8770/index.js:451
[  414397ms] [LOG] MON 1 playing=false pos=0.000 stream_playing=false peak_db=-200.0 mix_rate=48000 latency=0.0880 @ http://localhost:8770/index.js:451
[  414648ms] [LOG] MON 1 playing=false pos=0.000 stream_playing=false peak_db=-200.0 mix_rate=48000 latency=0.0880 @ http://localhost:8770/index.js:451
[  414897ms] [LOG] MON 1 playing=false pos=0.000 stream_playing=false peak_db=-200.0 mix_rate=48000 latency=0.0880 @ http://localhost:8770/index.js:451
[  415147ms] [LOG] MON 1 playing=false pos=0.000 stream_playing=false peak_db=-200.0 mix_rate=48000 latency=0.0880 @ http://localhost:8770/index.js:451
[  415396ms] [LOG] MON 1 playing=false pos=0.000 stream_playing=false peak_db=-200.0 mix_rate=48000 latency=0.0880 @ http://localhost:8770/index.js:451
[  415647ms] [LOG] MON 1 playing=false pos=0.000 stream_playing=false peak_db=-200.0 mix_rate=48000 latency=0.0880 @ http://localhost:8770/index.js:451
[  415896ms] [LOG] MON 1 playing=false pos=0.000 stream_playing=false peak_db=-200.0 mix_rate=48000 latency=0.0880 @ http://localhost:8770/index.js:451
[  416147ms] [LOG] MON 1 playing=false pos=0.000 stream_playing=false peak_db=-200.0 mix_rate=48000 latency=0.0880 @ http://localhost:8770/index.js:451
[  416395ms] [LOG] MON 1 playing=false pos=0.000 stream_playing=false peak_db=-200.0 mix_rate=48000 latency=0.0880 @ http://localhost:8770/index.js:451
[  416646ms] [LOG] MON 1 playing=false pos=0.000 stream_playing=false peak_db=-200.0 mix_rate=48000 latency=0.0880 @ http://localhost:8770/index.js:451
[  416897ms] [LOG] MON 1 playing=false pos=0.000 stream_playing=false peak_db=-200.0 mix_rate=48000 latency=0.0880 @ http://localhost:8770/index.js:451
[  417147ms] [LOG] MON 1 playing=false pos=0.000 stream_playing=false peak_db=-200.0 mix_rate=48000 latency=0.0880 @ http://localhost:8770/index.js:451
[  417397ms] [LOG] MON 1 playing=false pos=0.000 stream_playing=false peak_db=-200.0 mix_rate=48000 latency=0.0880 @ http://localhost:8770/index.js:451
[  417646ms] [LOG] MON 1 playing=false pos=0.000 stream_playing=false peak_db=-200.0 mix_rate=48000 latency=0.0880 @ http://localhost:8770/index.js:451
[  417896ms] [LOG] MON 1 playing=false pos=0.000 stream_playing=false peak_db=-200.0 mix_rate=48000 latency=0.0880 @ http://localhost:8770/index.js:451
[  418147ms] [LOG] MON 1 playing=false pos=0.000 stream_playing=false peak_db=-200.0 mix_rate=48000 latency=0.0880 @ http://localhost:8770/index.js:451
[  418397ms] [LOG] MON 1 playing=false pos=0.000 stream_playing=false peak_db=-200.0 mix_rate=48000 latency=0.0880 @ http://localhost:8770/index.js:451
[  418648ms] [LOG] MON 1 playing=false pos=0.000 stream_playing=false peak_db=-200.0 mix_rate=48000 latency=0.0880 @ http://localhost:8770/index.js:451
[  418897ms] [LOG] MON 1 playing=false pos=0.000 stream_playing=false peak_db=-200.0 mix_rate=48000 latency=0.0880 @ http://localhost:8770/index.js:451
[  419147ms] [LOG] MON 1 playing=false pos=0.000 stream_playing=false peak_db=-200.0 mix_rate=48000 latency=0.0880 @ http://localhost:8770/index.js:451
[  419397ms] [LOG] MON 1 playing=false pos=0.000 stream_playing=false peak_db=-200.0 mix_rate=48000 latency=0.0880 @ http://localhost:8770/index.js:451
[  419647ms] [LOG] MON 1 playing=false pos=0.000 stream_playing=false peak_db=-200.0 mix_rate=48000 latency=0.0880 @ http://localhost:8770/index.js:451
[  419896ms] [LOG] MON 1 playing=false pos=0.000 stream_playing=false peak_db=-200.0 mix_rate=48000 latency=0.0880 @ http://localhost:8770/index.js:451
[  420147ms] [LOG] MON 1 playing=false pos=0.000 stream_playing=false peak_db=-200.0 mix_rate=48000 latency=0.0880 @ http://localhost:8770/index.js:451
[  420397ms] [LOG] MON 1 playing=false pos=0.000 stream_playing=false peak_db=-200.0 mix_rate=48000 latency=0.0880 @ http://localhost:8770/index.js:451
[  420646ms] [LOG] MON 1 playing=false pos=0.000 stream_playing=false peak_db=-200.0 mix_rate=48000 latency=0.0880 @ http://localhost:8770/index.js:451
[  420897ms] [LOG] MON 1 playing=false pos=0.000 stream_playing=false peak_db=-200.0 mix_rate=48000 latency=0.0880 @ http://localhost:8770/index.js:451
[  421146ms] [LOG] MON 1 playing=false pos=0.000 stream_playing=false peak_db=-200.0 mix_rate=48000 latency=0.0880 @ http://localhost:8770/index.js:451
[  421398ms] [LOG] MON 1 playing=false pos=0.000 stream_playing=false peak_db=-200.0 mix_rate=48000 latency=0.0880 @ http://localhost:8770/index.js:451
[  421646ms] [LOG] MON 1 playing=false pos=0.000 stream_playing=false peak_db=-200.0 mix_rate=48000 latency=0.0880 @ http://localhost:8770/index.js:451
[  421896ms] [LOG] MON 1 playing=false pos=0.000 stream_playing=false peak_db=-200.0 mix_rate=48000 latency=0.0880 @ http://localhost:8770/index.js:451
[  422146ms] [LOG] MON 1 playing=false pos=0.000 stream_playing=false peak_db=-200.0 mix_rate=48000 latency=0.0880 @ http://localhost:8770/index.js:451
[  422397ms] [LOG] MON 1 playing=false pos=0.000 stream_playing=false peak_db=-200.0 mix_rate=48000 latency=0.0880 @ http://localhost:8770/index.js:451
[  422646ms] [LOG] MON 1 playing=false pos=0.000 stream_playing=false peak_db=-200.0 mix_rate=48000 latency=0.0880 @ http://localhost:8770/index.js:451
[  422897ms] [LOG] MON 1 playing=false pos=0.000 stream_playing=false peak_db=-200.0 mix_rate=48000 latency=0.0880 @ http://localhost:8770/index.js:451
[  423146ms] [LOG] MON 1 playing=false pos=0.000 stream_playing=false peak_db=-200.0 mix_rate=48000 latency=0.0880 @ http://localhost:8770/index.js:451
[  423397ms] [LOG] MON 1 playing=false pos=0.000 stream_playing=false peak_db=-200.0 mix_rate=48000 latency=0.0880 @ http://localhost:8770/index.js:451
[  423648ms] [LOG] MON 1 playing=false pos=0.000 stream_playing=false peak_db=-200.0 mix_rate=48000 latency=0.0880 @ http://localhost:8770/index.js:451
[  423898ms] [LOG] MON 1 playing=false pos=0.000 stream_playing=false peak_db=-200.0 mix_rate=48000 latency=0.0880 @ http://localhost:8770/index.js:451
[  424146ms] [LOG] MON 1 playing=false pos=0.000 stream_playing=false peak_db=-200.0 mix_rate=48000 latency=0.0880 @ http://localhost:8770/index.js:451
[  424397ms] [LOG] MON 1 playing=false pos=0.000 stream_playing=false peak_db=-200.0 mix_rate=48000 latency=0.0880 @ http://localhost:8770/index.js:451
[  424648ms] [LOG] MON 1 playing=false pos=0.000 stream_playing=false peak_db=-200.0 mix_rate=48000 latency=0.0880 @ http://localhost:8770/index.js:451
[  424896ms] [LOG] MON 1 playing=false pos=0.000 stream_playing=false peak_db=-200.0 mix_rate=48000 latency=0.0880 @ http://localhost:8770/index.js:451
[  425146ms] [LOG] MON 1 playing=false pos=0.000 stream_playing=false peak_db=-200.0 mix_rate=48000 latency=0.0880 @ http://localhost:8770/index.js:451
[  425398ms] [LOG] MON 1 playing=false pos=0.000 stream_playing=false peak_db=-200.0 mix_rate=48000 latency=0.0880 @ http://localhost:8770/index.js:451
[  425646ms] [LOG] MON 1 playing=false pos=0.000 stream_playing=false peak_db=-200.0 mix_rate=48000 latency=0.0880 @ http://localhost:8770/index.js:451
[  425897ms] [LOG] MON 1 playing=false pos=0.000 stream_playing=false peak_db=-200.0 mix_rate=48000 latency=0.0880 @ http://localhost:8770/index.js:451
[  426146ms] [LOG] MON 1 playing=false pos=0.000 stream_playing=false peak_db=-200.0 mix_rate=48000 latency=0.0880 @ http://localhost:8770/index.js:451
[  426396ms] [LOG] MON 1 playing=false pos=0.000 stream_playing=false peak_db=-200.0 mix_rate=48000 latency=0.0880 @ http://localhost:8770/index.js:451
[  426647ms] [LOG] MON 1 playing=false pos=0.000 stream_playing=false peak_db=-200.0 mix_rate=48000 latency=0.0880 @ http://localhost:8770/index.js:451
[  426896ms] [LOG] MON 1 playing=false pos=0.000 stream_playing=false peak_db=-200.0 mix_rate=48000 latency=0.0880 @ http://localhost:8770/index.js:451
[  427146ms] [LOG] MON 1 playing=false pos=0.000 stream_playing=false peak_db=-200.0 mix_rate=48000 latency=0.0880 @ http://localhost:8770/index.js:451
[  427397ms] [LOG] MON 1 playing=false pos=0.000 stream_playing=false peak_db=-200.0 mix_rate=48000 latency=0.0880 @ http://localhost:8770/index.js:451
[  427651ms] [LOG] MON 1 playing=false pos=0.000 stream_playing=false peak_db=-200.0 mix_rate=48000 latency=0.0880 @ http://localhost:8770/index.js:451
[  427897ms] [LOG] MON 1 playing=false pos=0.000 stream_playing=false peak_db=-200.0 mix_rate=48000 latency=0.0880 @ http://localhost:8770/index.js:451
[  428147ms] [LOG] MON 1 playing=false pos=0.000 stream_playing=false peak_db=-200.0 mix_rate=48000 latency=0.0880 @ http://localhost:8770/index.js:451
[  428397ms] [LOG] MON 1 playing=false pos=0.000 stream_playing=false peak_db=-200.0 mix_rate=48000 latency=0.0880 @ http://localhost:8770/index.js:451
[  428648ms] [LOG] MON 1 playing=false pos=0.000 stream_playing=false peak_db=-200.0 mix_rate=48000 latency=0.0880 @ http://localhost:8770/index.js:451
[  428897ms] [LOG] MON 1 playing=false pos=0.000 stream_playing=false peak_db=-200.0 mix_rate=48000 latency=0.0880 @ http://localhost:8770/index.js:451
[  429147ms] [LOG] MON 1 playing=false pos=0.000 stream_playing=false peak_db=-200.0 mix_rate=48000 latency=0.0880 @ http://localhost:8770/index.js:451
[  429397ms] [LOG] MON 1 playing=false pos=0.000 stream_playing=false peak_db=-200.0 mix_rate=48000 latency=0.0880 @ http://localhost:8770/index.js:451
[  429648ms] [LOG] MON 1 playing=false pos=0.000 stream_playing=false peak_db=-200.0 mix_rate=48000 latency=0.0880 @ http://localhost:8770/index.js:451
[  429898ms] [LOG] MON 1 playing=false pos=0.000 stream_playing=false peak_db=-200.0 mix_rate=48000 latency=0.0880 @ http://localhost:8770/index.js:451
[  430147ms] [LOG] MON 1 playing=false pos=0.000 stream_playing=false peak_db=-200.0 mix_rate=48000 latency=0.0880 @ http://localhost:8770/index.js:451
[  430397ms] [LOG] MON 1 playing=false pos=0.000 stream_playing=false peak_db=-200.0 mix_rate=48000 latency=0.0880 @ http://localhost:8770/index.js:451
[  430647ms] [LOG] MON 1 playing=false pos=0.000 stream_playing=false peak_db=-200.0 mix_rate=48000 latency=0.0880 @ http://localhost:8770/index.js:451
[  430898ms] [LOG] MON 1 playing=false pos=0.000 stream_playing=false peak_db=-200.0 mix_rate=48000 latency=0.0880 @ http://localhost:8770/index.js:451
[  431146ms] [LOG] MON 1 playing=false pos=0.000 stream_playing=false peak_db=-200.0 mix_rate=48000 latency=0.0880 @ http://localhost:8770/index.js:451
[  431398ms] [LOG] MON 1 playing=false pos=0.000 stream_playing=false peak_db=-200.0 mix_rate=48000 latency=0.0880 @ http://localhost:8770/index.js:451
[  431646ms] [LOG] MON 1 playing=false pos=0.000 stream_playing=false peak_db=-200.0 mix_rate=48000 latency=0.0880 @ http://localhost:8770/index.js:451
[  431896ms] [LOG] MON 1 playing=false pos=0.000 stream_playing=false peak_db=-200.0 mix_rate=48000 latency=0.0880 @ http://localhost:8770/index.js:451
[  432147ms] [LOG] MON 1 playing=false pos=0.000 stream_playing=false peak_db=-200.0 mix_rate=48000 latency=0.0880 @ http://localhost:8770/index.js:451
[  432398ms] [LOG] MON 1 playing=false pos=0.000 stream_playing=false peak_db=-200.0 mix_rate=48000 latency=0.0880 @ http://localhost:8770/index.js:451
[  432648ms] [LOG] MON 1 playing=false pos=0.000 stream_playing=false peak_db=-200.0 mix_rate=48000 latency=0.0880 @ http://localhost:8770/index.js:451
[  432897ms] [LOG] MON 1 playing=false pos=0.000 stream_playing=false peak_db=-200.0 mix_rate=48000 latency=0.0880 @ http://localhost:8770/index.js:451
[  433147ms] [LOG] MON 1 playing=false pos=0.000 stream_playing=false peak_db=-200.0 mix_rate=48000 latency=0.0880 @ http://localhost:8770/index.js:451
[  433398ms] [LOG] MON 1 playing=false pos=0.000 stream_playing=false peak_db=-200.0 mix_rate=48000 latency=0.0880 @ http://localhost:8770/index.js:451
[  433647ms] [LOG] MON 1 playing=false pos=0.000 stream_playing=false peak_db=-200.0 mix_rate=48000 latency=0.0880 @ http://localhost:8770/index.js:451
[  433896ms] [LOG] MON 1 playing=false pos=0.000 stream_playing=false peak_db=-200.0 mix_rate=48000 latency=0.0880 @ http://localhost:8770/index.js:451
[  434148ms] [LOG] MON 1 playing=false pos=0.000 stream_playing=false peak_db=-200.0 mix_rate=48000 latency=0.0880 @ http://localhost:8770/index.js:451
[  434397ms] [LOG] MON 1 playing=false pos=0.000 stream_playing=false peak_db=-200.0 mix_rate=48000 latency=0.0880 @ http://localhost:8770/index.js:451
[  434646ms] [LOG] MON 1 playing=false pos=0.000 stream_playing=false peak_db=-200.0 mix_rate=48000 latency=0.0880 @ http://localhost:8770/index.js:451
[  434897ms] [LOG] MON 1 playing=false pos=0.000 stream_playing=false peak_db=-200.0 mix_rate=48000 latency=0.0880 @ http://localhost:8770/index.js:451
[  435146ms] [LOG] MON 1 playing=false pos=0.000 stream_playing=false peak_db=-200.0 mix_rate=48000 latency=0.0880 @ http://localhost:8770/index.js:451
[  435397ms] [LOG] MON 1 playing=false pos=0.000 stream_playing=false peak_db=-200.0 mix_rate=48000 latency=0.0880 @ http://localhost:8770/index.js:451
[  435648ms] [LOG] MON 1 playing=false pos=0.000 stream_playing=false peak_db=-200.0 mix_rate=48000 latency=0.0880 @ http://localhost:8770/index.js:451
[  435896ms] [LOG] MON 1 playing=false pos=0.000 stream_playing=false peak_db=-200.0 mix_rate=48000 latency=0.0880 @ http://localhost:8770/index.js:451
[  436147ms] [LOG] MON 1 playing=false pos=0.000 stream_playing=false peak_db=-200.0 mix_rate=48000 latency=0.0880 @ http://localhost:8770/index.js:451
[  436396ms] [LOG] MON 1 playing=false pos=0.000 stream_playing=false peak_db=-200.0 mix_rate=48000 latency=0.0880 @ http://localhost:8770/index.js:451
[  436646ms] [LOG] MON 1 playing=false pos=0.000 stream_playing=false peak_db=-200.0 mix_rate=48000 latency=0.0880 @ http://localhost:8770/index.js:451
[  436896ms] [LOG] MON 1 playing=false pos=0.000 stream_playing=false peak_db=-200.0 mix_rate=48000 latency=0.0880 @ http://localhost:8770/index.js:451
[  437147ms] [LOG] MON 1 playing=false pos=0.000 stream_playing=false peak_db=-200.0 mix_rate=48000 latency=0.0880 @ http://localhost:8770/index.js:451
[  437398ms] [LOG] MON 1 playing=false pos=0.000 stream_playing=false peak_db=-200.0 mix_rate=48000 latency=0.0880 @ http://localhost:8770/index.js:451
[  437646ms] [LOG] MON 1 playing=false pos=0.000 stream_playing=false peak_db=-200.0 mix_rate=48000 latency=0.0880 @ http://localhost:8770/index.js:451
[  437898ms] [LOG] MON 1 playing=false pos=0.000 stream_playing=false peak_db=-200.0 mix_rate=48000 latency=0.0880 @ http://localhost:8770/index.js:451
[  438147ms] [LOG] MON 1 playing=false pos=0.000 stream_playing=false peak_db=-200.0 mix_rate=48000 latency=0.0880 @ http://localhost:8770/index.js:451
[  438397ms] [LOG] MON 1 playing=false pos=0.000 stream_playing=false peak_db=-200.0 mix_rate=48000 latency=0.0880 @ http://localhost:8770/index.js:451
[  438646ms] [LOG] MON 1 playing=false pos=0.000 stream_playing=false peak_db=-200.0 mix_rate=48000 latency=0.0880 @ http://localhost:8770/index.js:451
[  438897ms] [LOG] MON 1 playing=false pos=0.000 stream_playing=false peak_db=-200.0 mix_rate=48000 latency=0.0880 @ http://localhost:8770/index.js:451
[  439147ms] [LOG] MON 1 playing=false pos=0.000 stream_playing=false peak_db=-200.0 mix_rate=48000 latency=0.0880 @ http://localhost:8770/index.js:451
[  439398ms] [LOG] MON 1 playing=false pos=0.000 stream_playing=false peak_db=-200.0 mix_rate=48000 latency=0.0880 @ http://localhost:8770/index.js:451
[  439648ms] [LOG] MON 1 playing=false pos=0.000 stream_playing=false peak_db=-200.0 mix_rate=48000 latency=0.0880 @ http://localhost:8770/index.js:451
[  439898ms] [LOG] MON 1 playing=false pos=0.000 stream_playing=false peak_db=-200.0 mix_rate=48000 latency=0.0880 @ http://localhost:8770/index.js:451
[  440146ms] [LOG] MON 1 playing=false pos=0.000 stream_playing=false peak_db=-200.0 mix_rate=48000 latency=0.0880 @ http://localhost:8770/index.js:451
[  440397ms] [LOG] MON 1 playing=false pos=0.000 stream_playing=false peak_db=-200.0 mix_rate=48000 latency=0.0880 @ http://localhost:8770/index.js:451
[  440647ms] [LOG] MON 1 playing=false pos=0.000 stream_playing=false peak_db=-200.0 mix_rate=48000 latency=0.0880 @ http://localhost:8770/index.js:451
[  440898ms] [LOG] MON 1 playing=false pos=0.000 stream_playing=false peak_db=-200.0 mix_rate=48000 latency=0.0880 @ http://localhost:8770/index.js:451
[  441146ms] [LOG] MON 1 playing=false pos=0.000 stream_playing=false peak_db=-200.0 mix_rate=48000 latency=0.0880 @ http://localhost:8770/index.js:451
[  441397ms] [LOG] MON 1 playing=false pos=0.000 stream_playing=false peak_db=-200.0 mix_rate=48000 latency=0.0880 @ http://localhost:8770/index.js:451
[  441647ms] [LOG] MON 1 playing=false pos=0.000 stream_playing=false peak_db=-200.0 mix_rate=48000 latency=0.0880 @ http://localhost:8770/index.js:451
[  441898ms] [LOG] MON 1 playing=false pos=0.000 stream_playing=false peak_db=-200.0 mix_rate=48000 latency=0.0880 @ http://localhost:8770/index.js:451
[  442147ms] [LOG] MON 1 playing=false pos=0.000 stream_playing=false peak_db=-200.0 mix_rate=48000 latency=0.0880 @ http://localhost:8770/index.js:451
[  442397ms] [LOG] MON 1 playing=false pos=0.000 stream_playing=false peak_db=-200.0 mix_rate=48000 latency=0.0880 @ http://localhost:8770/index.js:451
[  442647ms] [LOG] MON 1 playing=false pos=0.000 stream_playing=false peak_db=-200.0 mix_rate=48000 latency=0.0880 @ http://localhost:8770/index.js:451
[  442897ms] [LOG] MON 1 playing=false pos=0.000 stream_playing=false peak_db=-200.0 mix_rate=48000 latency=0.0880 @ http://localhost:8770/index.js:451
[  443147ms] [LOG] MON 1 playing=false pos=0.000 stream_playing=false peak_db=-200.0 mix_rate=48000 latency=0.0880 @ http://localhost:8770/index.js:451
[  443397ms] [LOG] MON 1 playing=false pos=0.000 stream_playing=false peak_db=-200.0 mix_rate=48000 latency=0.0880 @ http://localhost:8770/index.js:451
[  443647ms] [LOG] MON 1 playing=false pos=0.000 stream_playing=false peak_db=-200.0 mix_rate=48000 latency=0.0880 @ http://localhost:8770/index.js:451
[  443897ms] [LOG] MON 1 playing=false pos=0.000 stream_playing=false peak_db=-200.0 mix_rate=48000 latency=0.0880 @ http://localhost:8770/index.js:451
[  444147ms] [LOG] MON 1 playing=false pos=0.000 stream_playing=false peak_db=-200.0 mix_rate=48000 latency=0.0880 @ http://localhost:8770/index.js:451
[  444397ms] [LOG] MON 1 playing=false pos=0.000 stream_playing=false peak_db=-200.0 mix_rate=48000 latency=0.0880 @ http://localhost:8770/index.js:451
[  444647ms] [LOG] MON 1 playing=false pos=0.000 stream_playing=false peak_db=-200.0 mix_rate=48000 latency=0.0880 @ http://localhost:8770/index.js:451
[  444898ms] [LOG] MON 1 playing=false pos=0.000 stream_playing=false peak_db=-200.0 mix_rate=48000 latency=0.0880 @ http://localhost:8770/index.js:451
[  445146ms] [LOG] MON 1 playing=false pos=0.000 stream_playing=false peak_db=-200.0 mix_rate=48000 latency=0.0880 @ http://localhost:8770/index.js:451
[  445397ms] [LOG] MON 1 playing=false pos=0.000 stream_playing=false peak_db=-200.0 mix_rate=48000 latency=0.0880 @ http://localhost:8770/index.js:451
[  445646ms] [LOG] MON 1 playing=false pos=0.000 stream_playing=false peak_db=-200.0 mix_rate=48000 latency=0.0880 @ http://localhost:8770/index.js:451
[  445897ms] [LOG] MON 1 playing=false pos=0.000 stream_playing=false peak_db=-200.0 mix_rate=48000 latency=0.0880 @ http://localhost:8770/index.js:451
[  446147ms] [LOG] MON 1 playing=false pos=0.000 stream_playing=false peak_db=-200.0 mix_rate=48000 latency=0.0880 @ http://localhost:8770/index.js:451
[  446397ms] [LOG] MON 1 playing=false pos=0.000 stream_playing=false peak_db=-200.0 mix_rate=48000 latency=0.0880 @ http://localhost:8770/index.js:451
[  446646ms] [LOG] MON 1 playing=false pos=0.000 stream_playing=false peak_db=-200.0 mix_rate=48000 latency=0.0880 @ http://localhost:8770/index.js:451
[  446896ms] [LOG] MON 1 playing=false pos=0.000 stream_playing=false peak_db=-200.0 mix_rate=48000 latency=0.0880 @ http://localhost:8770/index.js:451
[  447149ms] [LOG] MON 1 playing=false pos=0.000 stream_playing=false peak_db=-200.0 mix_rate=48000 latency=0.0880 @ http://localhost:8770/index.js:451
[  447397ms] [LOG] MON 1 playing=false pos=0.000 stream_playing=false peak_db=-200.0 mix_rate=48000 latency=0.0880 @ http://localhost:8770/index.js:451
[  447646ms] [LOG] MON 1 playing=false pos=0.000 stream_playing=false peak_db=-200.0 mix_rate=48000 latency=0.0880 @ http://localhost:8770/index.js:451
[  447897ms] [LOG] MON 1 playing=false pos=0.000 stream_playing=false peak_db=-200.0 mix_rate=48000 latency=0.0880 @ http://localhost:8770/index.js:451
[  448147ms] [LOG] MON 1 playing=false pos=0.000 stream_playing=false peak_db=-200.0 mix_rate=48000 latency=0.0880 @ http://localhost:8770/index.js:451
[  448397ms] [LOG] MON 1 playing=false pos=0.000 stream_playing=false peak_db=-200.0 mix_rate=48000 latency=0.0880 @ http://localhost:8770/index.js:451
[  448648ms] [LOG] MON 1 playing=false pos=0.000 stream_playing=false peak_db=-200.0 mix_rate=48000 latency=0.0880 @ http://localhost:8770/index.js:451
[  448896ms] [LOG] MON 1 playing=false pos=0.000 stream_playing=false peak_db=-200.0 mix_rate=48000 latency=0.0880 @ http://localhost:8770/index.js:451
[  449146ms] [LOG] MON 1 playing=false pos=0.000 stream_playing=false peak_db=-200.0 mix_rate=48000 latency=0.0880 @ http://localhost:8770/index.js:451
[  449395ms] [LOG] MON 1 playing=false pos=0.000 stream_playing=false peak_db=-200.0 mix_rate=48000 latency=0.0880 @ http://localhost:8770/index.js:451
[  449647ms] [LOG] MON 1 playing=false pos=0.000 stream_playing=false peak_db=-200.0 mix_rate=48000 latency=0.0880 @ http://localhost:8770/index.js:451
[  449897ms] [LOG] MON 1 playing=false pos=0.000 stream_playing=false peak_db=-200.0 mix_rate=48000 latency=0.0880 @ http://localhost:8770/index.js:451
[  450147ms] [LOG] MON 1 playing=false pos=0.000 stream_playing=false peak_db=-200.0 mix_rate=48000 latency=0.0880 @ http://localhost:8770/index.js:451
[  450396ms] [LOG] MON 1 playing=false pos=0.000 stream_playing=false peak_db=-200.0 mix_rate=48000 latency=0.0880 @ http://localhost:8770/index.js:451
[  450648ms] [LOG] MON 1 playing=false pos=0.000 stream_playing=false peak_db=-200.0 mix_rate=48000 latency=0.0880 @ http://localhost:8770/index.js:451
[  450897ms] [LOG] MON 1 playing=false pos=0.000 stream_playing=false peak_db=-200.0 mix_rate=48000 latency=0.0880 @ http://localhost:8770/index.js:451
[  451147ms] [LOG] MON 1 playing=false pos=0.000 stream_playing=false peak_db=-200.0 mix_rate=48000 latency=0.0880 @ http://localhost:8770/index.js:451
[  451397ms] [LOG] MON 1 playing=false pos=0.000 stream_playing=false peak_db=-200.0 mix_rate=48000 latency=0.0880 @ http://localhost:8770/index.js:451
[  451647ms] [LOG] MON 1 playing=false pos=0.000 stream_playing=false peak_db=-200.0 mix_rate=48000 latency=0.0880 @ http://localhost:8770/index.js:451
[  451896ms] [LOG] MON 1 playing=false pos=0.000 stream_playing=false peak_db=-200.0 mix_rate=48000 latency=0.0880 @ http://localhost:8770/index.js:451
[  452147ms] [LOG] MON 1 playing=false pos=0.000 stream_playing=false peak_db=-200.0 mix_rate=48000 latency=0.0880 @ http://localhost:8770/index.js:451
[  452397ms] [LOG] MON 1 playing=false pos=0.000 stream_playing=false peak_db=-200.0 mix_rate=48000 latency=0.0880 @ http://localhost:8770/index.js:451
[  452647ms] [LOG] MON 1 playing=false pos=0.000 stream_playing=false peak_db=-200.0 mix_rate=48000 latency=0.0880 @ http://localhost:8770/index.js:451
[  452896ms] [LOG] MON 1 playing=false pos=0.000 stream_playing=false peak_db=-200.0 mix_rate=48000 latency=0.0880 @ http://localhost:8770/index.js:451
[  453146ms] [LOG] MON 1 playing=false pos=0.000 stream_playing=false peak_db=-200.0 mix_rate=48000 latency=0.0880 @ http://localhost:8770/index.js:451
[  453397ms] [LOG] MON 1 playing=false pos=0.000 stream_playing=false peak_db=-200.0 mix_rate=48000 latency=0.0880 @ http://localhost:8770/index.js:451
[  453648ms] [LOG] MON 1 playing=false pos=0.000 stream_playing=false peak_db=-200.0 mix_rate=48000 latency=0.0880 @ http://localhost:8770/index.js:451
[  453897ms] [LOG] MON 1 playing=false pos=0.000 stream_playing=false peak_db=-200.0 mix_rate=48000 latency=0.0880 @ http://localhost:8770/index.js:451
[  454150ms] [LOG] MON 1 playing=false pos=0.000 stream_playing=false peak_db=-200.0 mix_rate=48000 latency=0.0880 @ http://localhost:8770/index.js:451
[  454399ms] [LOG] MON 1 playing=false pos=0.000 stream_playing=false peak_db=-200.0 mix_rate=48000 latency=0.0880 @ http://localhost:8770/index.js:451
[  454647ms] [LOG] MON 1 playing=false pos=0.000 stream_playing=false peak_db=-200.0 mix_rate=48000 latency=0.0880 @ http://localhost:8770/index.js:451
[  454897ms] [LOG] MON 1 playing=false pos=0.000 stream_playing=false peak_db=-200.0 mix_rate=48000 latency=0.0880 @ http://localhost:8770/index.js:451
[  455145ms] [LOG] MON 1 playing=false pos=0.000 stream_playing=false peak_db=-200.0 mix_rate=48000 latency=0.0880 @ http://localhost:8770/index.js:451
[  455397ms] [LOG] MON 1 playing=false pos=0.000 stream_playing=false peak_db=-200.0 mix_rate=48000 latency=0.0880 @ http://localhost:8770/index.js:451
[  455647ms] [LOG] MON 1 playing=false pos=0.000 stream_playing=false peak_db=-200.0 mix_rate=48000 latency=0.0880 @ http://localhost:8770/index.js:451
[  455898ms] [LOG] MON 1 playing=false pos=0.000 stream_playing=false peak_db=-200.0 mix_rate=48000 latency=0.0880 @ http://localhost:8770/index.js:451
[  456147ms] [LOG] MON 1 playing=false pos=0.000 stream_playing=false peak_db=-200.0 mix_rate=48000 latency=0.0880 @ http://localhost:8770/index.js:451
[  456396ms] [LOG] MON 1 playing=false pos=0.000 stream_playing=false peak_db=-200.0 mix_rate=48000 latency=0.0880 @ http://localhost:8770/index.js:451
[  456648ms] [LOG] MON 1 playing=false pos=0.000 stream_playing=false peak_db=-200.0 mix_rate=48000 latency=0.0880 @ http://localhost:8770/index.js:451
[  456899ms] [LOG] MON 1 playing=false pos=0.000 stream_playing=false peak_db=-200.0 mix_rate=48000 latency=0.0880 @ http://localhost:8770/index.js:451
[  457149ms] [LOG] MON 1 playing=false pos=0.000 stream_playing=false peak_db=-200.0 mix_rate=48000 latency=0.0880 @ http://localhost:8770/index.js:451
[  457397ms] [LOG] MON 1 playing=false pos=0.000 stream_playing=false peak_db=-200.0 mix_rate=48000 latency=0.0880 @ http://localhost:8770/index.js:451
[  457647ms] [LOG] MON 1 playing=false pos=0.000 stream_playing=false peak_db=-200.0 mix_rate=48000 latency=0.0880 @ http://localhost:8770/index.js:451
[  457896ms] [LOG] MON 1 playing=false pos=0.000 stream_playing=false peak_db=-200.0 mix_rate=48000 latency=0.0880 @ http://localhost:8770/index.js:451
[  458148ms] [LOG] MON 1 playing=false pos=0.000 stream_playing=false peak_db=-200.0 mix_rate=48000 latency=0.0880 @ http://localhost:8770/index.js:451
[  458397ms] [LOG] MON 1 playing=false pos=0.000 stream_playing=false peak_db=-200.0 mix_rate=48000 latency=0.0880 @ http://localhost:8770/index.js:451
[  458646ms] [LOG] MON 1 playing=false pos=0.000 stream_playing=false peak_db=-200.0 mix_rate=48000 latency=0.0880 @ http://localhost:8770/index.js:451
[  458897ms] [LOG] MON 1 playing=false pos=0.000 stream_playing=false peak_db=-200.0 mix_rate=48000 latency=0.0880 @ http://localhost:8770/index.js:451
[  459147ms] [LOG] MON 1 playing=false pos=0.000 stream_playing=false peak_db=-200.0 mix_rate=48000 latency=0.0880 @ http://localhost:8770/index.js:451
[  459397ms] [LOG] MON 1 playing=false pos=0.000 stream_playing=false peak_db=-200.0 mix_rate=48000 latency=0.0880 @ http://localhost:8770/index.js:451
[  459647ms] [LOG] MON 1 playing=false pos=0.000 stream_playing=false peak_db=-200.0 mix_rate=48000 latency=0.0880 @ http://localhost:8770/index.js:451
[  459896ms] [LOG] MON 1 playing=false pos=0.000 stream_playing=false peak_db=-200.0 mix_rate=48000 latency=0.0880 @ http://localhost:8770/index.js:451
[  460146ms] [LOG] MON 1 playing=false pos=0.000 stream_playing=false peak_db=-200.0 mix_rate=48000 latency=0.0880 @ http://localhost:8770/index.js:451
[  460397ms] [LOG] MON 1 playing=false pos=0.000 stream_playing=false peak_db=-200.0 mix_rate=48000 latency=0.0880 @ http://localhost:8770/index.js:451
[  460647ms] [LOG] MON 1 playing=false pos=0.000 stream_playing=false peak_db=-200.0 mix_rate=48000 latency=0.0880 @ http://localhost:8770/index.js:451
[  460898ms] [LOG] MON 1 playing=false pos=0.000 stream_playing=false peak_db=-200.0 mix_rate=48000 latency=0.0880 @ http://localhost:8770/index.js:451
[  461148ms] [LOG] MON 1 playing=false pos=0.000 stream_playing=false peak_db=-200.0 mix_rate=48000 latency=0.0880 @ http://localhost:8770/index.js:451
[  461397ms] [LOG] MON 1 playing=false pos=0.000 stream_playing=false peak_db=-200.0 mix_rate=48000 latency=0.0880 @ http://localhost:8770/index.js:451
[  461648ms] [LOG] MON 1 playing=false pos=0.000 stream_playing=false peak_db=-200.0 mix_rate=48000 latency=0.0880 @ http://localhost:8770/index.js:451
[  461897ms] [LOG] MON 1 playing=false pos=0.000 stream_playing=false peak_db=-200.0 mix_rate=48000 latency=0.0880 @ http://localhost:8770/index.js:451
[  462147ms] [LOG] MON 1 playing=false pos=0.000 stream_playing=false peak_db=-200.0 mix_rate=48000 latency=0.0880 @ http://localhost:8770/index.js:451
[  462397ms] [LOG] MON 1 playing=false pos=0.000 stream_playing=false peak_db=-200.0 mix_rate=48000 latency=0.0880 @ http://localhost:8770/index.js:451
[  462647ms] [LOG] MON 1 playing=false pos=0.000 stream_playing=false peak_db=-200.0 mix_rate=48000 latency=0.0880 @ http://localhost:8770/index.js:451
[  462896ms] [LOG] MON 1 playing=false pos=0.000 stream_playing=false peak_db=-200.0 mix_rate=48000 latency=0.0880 @ http://localhost:8770/index.js:451
[  463147ms] [LOG] MON 1 playing=false pos=0.000 stream_playing=false peak_db=-200.0 mix_rate=48000 latency=0.0880 @ http://localhost:8770/index.js:451
[  463396ms] [LOG] MON 1 playing=false pos=0.000 stream_playing=false peak_db=-200.0 mix_rate=48000 latency=0.0880 @ http://localhost:8770/index.js:451
[  463652ms] [LOG] MON 1 playing=false pos=0.000 stream_playing=false peak_db=-200.0 mix_rate=48000 latency=0.0880 @ http://localhost:8770/index.js:451
[  463897ms] [LOG] MON 1 playing=false pos=0.000 stream_playing=false peak_db=-200.0 mix_rate=48000 latency=0.0880 @ http://localhost:8770/index.js:451
[  464147ms] [LOG] MON 1 playing=false pos=0.000 stream_playing=false peak_db=-200.0 mix_rate=48000 latency=0.0880 @ http://localhost:8770/index.js:451
[  464397ms] [LOG] MON 1 playing=false pos=0.000 stream_playing=false peak_db=-200.0 mix_rate=48000 latency=0.0880 @ http://localhost:8770/index.js:451
[  464649ms] [LOG] MON 1 playing=false pos=0.000 stream_playing=false peak_db=-200.0 mix_rate=48000 latency=0.0880 @ http://localhost:8770/index.js:451
[  464897ms] [LOG] MON 1 playing=false pos=0.000 stream_playing=false peak_db=-200.0 mix_rate=48000 latency=0.0880 @ http://localhost:8770/index.js:451
[  465149ms] [LOG] MON 1 playing=false pos=0.000 stream_playing=false peak_db=-200.0 mix_rate=48000 latency=0.0880 @ http://localhost:8770/index.js:451
[  465396ms] [LOG] MON 1 playing=false pos=0.000 stream_playing=false peak_db=-200.0 mix_rate=48000 latency=0.0880 @ http://localhost:8770/index.js:451
[  465647ms] [LOG] MON 1 playing=false pos=0.000 stream_playing=false peak_db=-200.0 mix_rate=48000 latency=0.0880 @ http://localhost:8770/index.js:451
[  465897ms] [LOG] MON 1 playing=false pos=0.000 stream_playing=false peak_db=-200.0 mix_rate=48000 latency=0.0880 @ http://localhost:8770/index.js:451
[  466131ms] [LOG] MON 1 playing=false pos=0.000 stream_playing=false peak_db=-200.0 mix_rate=48000 latency=0.0880 @ http://localhost:8770/index.js:451
[  466381ms] [LOG] MON 1 playing=false pos=0.000 stream_playing=false peak_db=-200.0 mix_rate=48000 latency=0.0880 @ http://localhost:8770/index.js:451
[  466630ms] [LOG] MON 1 playing=false pos=0.000 stream_playing=false peak_db=-200.0 mix_rate=48000 latency=0.0880 @ http://localhost:8770/index.js:451
[  466880ms] [LOG] MON 1 playing=false pos=0.000 stream_playing=false peak_db=-200.0 mix_rate=48000 latency=0.0880 @ http://localhost:8770/index.js:451
[  467131ms] [LOG] MON 1 playing=false pos=0.000 stream_playing=false peak_db=-200.0 mix_rate=48000 latency=0.0880 @ http://localhost:8770/index.js:451
[  467380ms] [LOG] MON 1 playing=false pos=0.000 stream_playing=false peak_db=-200.0 mix_rate=48000 latency=0.0880 @ http://localhost:8770/index.js:451
[  467630ms] [LOG] MON 1 playing=false pos=0.000 stream_playing=false peak_db=-200.0 mix_rate=48000 latency=0.0880 @ http://localhost:8770/index.js:451
[  467880ms] [LOG] MON 1 playing=false pos=0.000 stream_playing=false peak_db=-200.0 mix_rate=48000 latency=0.0880 @ http://localhost:8770/index.js:451
[  468130ms] [LOG] MON 1 playing=false pos=0.000 stream_playing=false peak_db=-200.0 mix_rate=48000 latency=0.0880 @ http://localhost:8770/index.js:451
[  468379ms] [LOG] MON 1 playing=false pos=0.000 stream_playing=false peak_db=-200.0 mix_rate=48000 latency=0.0880 @ http://localhost:8770/index.js:451
[  468630ms] [LOG] MON 1 playing=false pos=0.000 stream_playing=false peak_db=-200.0 mix_rate=48000 latency=0.0880 @ http://localhost:8770/index.js:451
[  468880ms] [LOG] MON 1 playing=false pos=0.000 stream_playing=false peak_db=-200.0 mix_rate=48000 latency=0.0880 @ http://localhost:8770/index.js:451
[  469130ms] [LOG] MON 1 playing=false pos=0.000 stream_playing=false peak_db=-200.0 mix_rate=48000 latency=0.0880 @ http://localhost:8770/index.js:451
[  469380ms] [LOG] MON 1 playing=false pos=0.000 stream_playing=false peak_db=-200.0 mix_rate=48000 latency=0.0880 @ http://localhost:8770/index.js:451
[  469633ms] [LOG] MON 1 playing=false pos=0.000 stream_playing=false peak_db=-200.0 mix_rate=48000 latency=0.0880 @ http://localhost:8770/index.js:451
[  469881ms] [LOG] MON 1 playing=false pos=0.000 stream_playing=false peak_db=-200.0 mix_rate=48000 latency=0.0880 @ http://localhost:8770/index.js:451
[  470134ms] [LOG] MON 1 playing=false pos=0.000 stream_playing=false peak_db=-200.0 mix_rate=48000 latency=0.0880 @ http://localhost:8770/index.js:451
[  470381ms] [LOG] MON 1 playing=false pos=0.000 stream_playing=false peak_db=-200.0 mix_rate=48000 latency=0.0880 @ http://localhost:8770/index.js:451
[  470629ms] [LOG] MON 1 playing=false pos=0.000 stream_playing=false peak_db=-200.0 mix_rate=48000 latency=0.0880 @ http://localhost:8770/index.js:451
[  470880ms] [LOG] MON 1 playing=false pos=0.000 stream_playing=false peak_db=-200.0 mix_rate=48000 latency=0.0880 @ http://localhost:8770/index.js:451
[  471132ms] [LOG] MON 1 playing=false pos=0.000 stream_playing=false peak_db=-200.0 mix_rate=48000 latency=0.0880 @ http://localhost:8770/index.js:451
[  471380ms] [LOG] MON 1 playing=false pos=0.000 stream_playing=false peak_db=-200.0 mix_rate=48000 latency=0.0880 @ http://localhost:8770/index.js:451
[  471631ms] [LOG] MON 1 playing=false pos=0.000 stream_playing=false peak_db=-200.0 mix_rate=48000 latency=0.0880 @ http://localhost:8770/index.js:451
[  471880ms] [LOG] MON 1 playing=false pos=0.000 stream_playing=false peak_db=-200.0 mix_rate=48000 latency=0.0880 @ http://localhost:8770/index.js:451
[  472133ms] [LOG] MON 1 playing=false pos=0.000 stream_playing=false peak_db=-200.0 mix_rate=48000 latency=0.0880 @ http://localhost:8770/index.js:451
[  472381ms] [LOG] MON 1 playing=false pos=0.000 stream_playing=false peak_db=-200.0 mix_rate=48000 latency=0.0880 @ http://localhost:8770/index.js:451
[  472631ms] [LOG] MON 1 playing=false pos=0.000 stream_playing=false peak_db=-200.0 mix_rate=48000 latency=0.0880 @ http://localhost:8770/index.js:451
[  472881ms] [LOG] MON 1 playing=false pos=0.000 stream_playing=false peak_db=-200.0 mix_rate=48000 latency=0.0880 @ http://localhost:8770/index.js:451
[  473130ms] [LOG] MON 1 playing=false pos=0.000 stream_playing=false peak_db=-200.0 mix_rate=48000 latency=0.0880 @ http://localhost:8770/index.js:451
[  473381ms] [LOG] MON 1 playing=false pos=0.000 stream_playing=false peak_db=-200.0 mix_rate=48000 latency=0.0880 @ http://localhost:8770/index.js:451
[  473630ms] [LOG] MON 1 playing=false pos=0.000 stream_playing=false peak_db=-200.0 mix_rate=48000 latency=0.0880 @ http://localhost:8770/index.js:451
[  473881ms] [LOG] MON 1 playing=false pos=0.000 stream_playing=false peak_db=-200.0 mix_rate=48000 latency=0.0880 @ http://localhost:8770/index.js:451
[  474130ms] [LOG] MON 1 playing=false pos=0.000 stream_playing=false peak_db=-200.0 mix_rate=48000 latency=0.0880 @ http://localhost:8770/index.js:451
[  474381ms] [LOG] MON 1 playing=false pos=0.000 stream_playing=false peak_db=-200.0 mix_rate=48000 latency=0.0880 @ http://localhost:8770/index.js:451
[  474630ms] [LOG] MON 1 playing=false pos=0.000 stream_playing=false peak_db=-200.0 mix_rate=48000 latency=0.0880 @ http://localhost:8770/index.js:451
[  474882ms] [LOG] MON 1 playing=false pos=0.000 stream_playing=false peak_db=-200.0 mix_rate=48000 latency=0.0880 @ http://localhost:8770/index.js:451
[  475132ms] [LOG] MON 1 playing=false pos=0.000 stream_playing=false peak_db=-200.0 mix_rate=48000 latency=0.0880 @ http://localhost:8770/index.js:451
[  475380ms] [LOG] MON 1 playing=false pos=0.000 stream_playing=false peak_db=-200.0 mix_rate=48000 latency=0.0880 @ http://localhost:8770/index.js:451
[  475630ms] [LOG] MON 1 playing=false pos=0.000 stream_playing=false peak_db=-200.0 mix_rate=48000 latency=0.0880 @ http://localhost:8770/index.js:451
[  475883ms] [LOG] MON 1 playing=false pos=0.000 stream_playing=false peak_db=-200.0 mix_rate=48000 latency=0.0880 @ http://localhost:8770/index.js:451
[  476131ms] [LOG] MON 1 playing=false pos=0.000 stream_playing=false peak_db=-200.0 mix_rate=48000 latency=0.0880 @ http://localhost:8770/index.js:451
[  476382ms] [LOG] MON 1 playing=false pos=0.000 stream_playing=false peak_db=-200.0 mix_rate=48000 latency=0.0880 @ http://localhost:8770/index.js:451
[  476633ms] [LOG] MON 1 playing=false pos=0.000 stream_playing=false peak_db=-200.0 mix_rate=48000 latency=0.0880 @ http://localhost:8770/index.js:451
[  476881ms] [LOG] MON 1 playing=false pos=0.000 stream_playing=false peak_db=-200.0 mix_rate=48000 latency=0.0880 @ http://localhost:8770/index.js:451
[  477132ms] [LOG] MON 1 playing=false pos=0.000 stream_playing=false peak_db=-200.0 mix_rate=48000 latency=0.0880 @ http://localhost:8770/index.js:451
[  477382ms] [LOG] MON 1 playing=false pos=0.000 stream_playing=false peak_db=-200.0 mix_rate=48000 latency=0.0880 @ http://localhost:8770/index.js:451
[  477629ms] [LOG] MON 1 playing=false pos=0.000 stream_playing=false peak_db=-200.0 mix_rate=48000 latency=0.0880 @ http://localhost:8770/index.js:451
[  477880ms] [LOG] MON 1 playing=false pos=0.000 stream_playing=false peak_db=-200.0 mix_rate=48000 latency=0.0880 @ http://localhost:8770/index.js:451
[  478131ms] [LOG] MON 1 playing=false pos=0.000 stream_playing=false peak_db=-200.0 mix_rate=48000 latency=0.0880 @ http://localhost:8770/index.js:451
[  478381ms] [LOG] MON 1 playing=false pos=0.000 stream_playing=false peak_db=-200.0 mix_rate=48000 latency=0.0880 @ http://localhost:8770/index.js:451
[  478630ms] [LOG] MON 1 playing=false pos=0.000 stream_playing=false peak_db=-200.0 mix_rate=48000 latency=0.0880 @ http://localhost:8770/index.js:451
[  478880ms] [LOG] MON 1 playing=false pos=0.000 stream_playing=false peak_db=-200.0 mix_rate=48000 latency=0.0880 @ http://localhost:8770/index.js:451
[  479130ms] [LOG] MON 1 playing=false pos=0.000 stream_playing=false peak_db=-200.0 mix_rate=48000 latency=0.0880 @ http://localhost:8770/index.js:451
[  479380ms] [LOG] MON 1 playing=false pos=0.000 stream_playing=false peak_db=-200.0 mix_rate=48000 latency=0.0880 @ http://localhost:8770/index.js:451
[  479629ms] [LOG] MON 1 playing=false pos=0.000 stream_playing=false peak_db=-200.0 mix_rate=48000 latency=0.0880 @ http://localhost:8770/index.js:451
[  479880ms] [LOG] MON 1 playing=false pos=0.000 stream_playing=false peak_db=-200.0 mix_rate=48000 latency=0.0880 @ http://localhost:8770/index.js:451
[  480130ms] [LOG] MON 1 playing=false pos=0.000 stream_playing=false peak_db=-200.0 mix_rate=48000 latency=0.0880 @ http://localhost:8770/index.js:451
[  480380ms] [LOG] MON 1 playing=false pos=0.000 stream_playing=false peak_db=-200.0 mix_rate=48000 latency=0.0880 @ http://localhost:8770/index.js:451
[  480629ms] [LOG] MON 1 playing=false pos=0.000 stream_playing=false peak_db=-200.0 mix_rate=48000 latency=0.0880 @ http://localhost:8770/index.js:451
[  480882ms] [LOG] MON 1 playing=false pos=0.000 stream_playing=false peak_db=-200.0 mix_rate=48000 latency=0.0880 @ http://localhost:8770/index.js:451
[  481131ms] [LOG] MON 1 playing=false pos=0.000 stream_playing=false peak_db=-200.0 mix_rate=48000 latency=0.0880 @ http://localhost:8770/index.js:451
[  481385ms] [LOG] MON 1 playing=false pos=0.000 stream_playing=false peak_db=-200.0 mix_rate=48000 latency=0.0880 @ http://localhost:8770/index.js:451
[  481630ms] [LOG] MON 1 playing=false pos=0.000 stream_playing=false peak_db=-200.0 mix_rate=48000 latency=0.0880 @ http://localhost:8770/index.js:451
[  481881ms] [LOG] MON 1 playing=false pos=0.000 stream_playing=false peak_db=-200.0 mix_rate=48000 latency=0.0880 @ http://localhost:8770/index.js:451
[  482130ms] [LOG] MON 1 playing=false pos=0.000 stream_playing=false peak_db=-200.0 mix_rate=48000 latency=0.0880 @ http://localhost:8770/index.js:451
[  482383ms] [LOG] MON 1 playing=false pos=0.000 stream_playing=false peak_db=-200.0 mix_rate=48000 latency=0.0880 @ http://localhost:8770/index.js:451
[  482630ms] [LOG] MON 1 playing=false pos=0.000 stream_playing=false peak_db=-200.0 mix_rate=48000 latency=0.0880 @ http://localhost:8770/index.js:451
[  482882ms] [LOG] MON 1 playing=false pos=0.000 stream_playing=false peak_db=-200.0 mix_rate=48000 latency=0.0880 @ http://localhost:8770/index.js:451
[  483130ms] [LOG] MON 1 playing=false pos=0.000 stream_playing=false peak_db=-200.0 mix_rate=48000 latency=0.0880 @ http://localhost:8770/index.js:451
[  483380ms] [LOG] MON 1 playing=false pos=0.000 stream_playing=false peak_db=-200.0 mix_rate=48000 latency=0.0880 @ http://localhost:8770/index.js:451
[  483630ms] [LOG] MON 1 playing=false pos=0.000 stream_playing=false peak_db=-200.0 mix_rate=48000 latency=0.0880 @ http://localhost:8770/index.js:451
[  483881ms] [LOG] MON 1 playing=false pos=0.000 stream_playing=false peak_db=-200.0 mix_rate=48000 latency=0.0880 @ http://localhost:8770/index.js:451
[  484130ms] [LOG] MON 1 playing=false pos=0.000 stream_playing=false peak_db=-200.0 mix_rate=48000 latency=0.0880 @ http://localhost:8770/index.js:451
[  484380ms] [LOG] MON 1 playing=false pos=0.000 stream_playing=false peak_db=-200.0 mix_rate=48000 latency=0.0880 @ http://localhost:8770/index.js:451
[  484630ms] [LOG] MON 1 playing=false pos=0.000 stream_playing=false peak_db=-200.0 mix_rate=48000 latency=0.0880 @ http://localhost:8770/index.js:451
[  484880ms] [LOG] MON 1 playing=false pos=0.000 stream_playing=false peak_db=-200.0 mix_rate=48000 latency=0.0880 @ http://localhost:8770/index.js:451
[  485131ms] [LOG] MON 1 playing=false pos=0.000 stream_playing=false peak_db=-200.0 mix_rate=48000 latency=0.0880 @ http://localhost:8770/index.js:451
[  485380ms] [LOG] MON 1 playing=false pos=0.000 stream_playing=false peak_db=-200.0 mix_rate=48000 latency=0.0880 @ http://localhost:8770/index.js:451
[  485630ms] [LOG] MON 1 playing=false pos=0.000 stream_playing=false peak_db=-200.0 mix_rate=48000 latency=0.0880 @ http://localhost:8770/index.js:451
[  485880ms] [LOG] MON 1 playing=false pos=0.000 stream_playing=false peak_db=-200.0 mix_rate=48000 latency=0.0880 @ http://localhost:8770/index.js:451
[  486129ms] [LOG] MON 1 playing=false pos=0.000 stream_playing=false peak_db=-200.0 mix_rate=48000 latency=0.0880 @ http://localhost:8770/index.js:451
[  486381ms] [LOG] MON 1 playing=false pos=0.000 stream_playing=false peak_db=-200.0 mix_rate=48000 latency=0.0880 @ http://localhost:8770/index.js:451
[  486631ms] [LOG] MON 1 playing=false pos=0.000 stream_playing=false peak_db=-200.0 mix_rate=48000 latency=0.0880 @ http://localhost:8770/index.js:451
[  486880ms] [LOG] MON 1 playing=false pos=0.000 stream_playing=false peak_db=-200.0 mix_rate=48000 latency=0.0880 @ http://localhost:8770/index.js:451
[  487130ms] [LOG] MON 1 playing=false pos=0.000 stream_playing=false peak_db=-200.0 mix_rate=48000 latency=0.0880 @ http://localhost:8770/index.js:451
[  487389ms] [LOG] MON 1 playing=false pos=0.000 stream_playing=false peak_db=-200.0 mix_rate=48000 latency=0.0880 @ http://localhost:8770/index.js:451
[  487631ms] [LOG] MON 1 playing=false pos=0.000 stream_playing=false peak_db=-200.0 mix_rate=48000 latency=0.0880 @ http://localhost:8770/index.js:451
[  487880ms] [LOG] MON 1 playing=false pos=0.000 stream_playing=false peak_db=-200.0 mix_rate=48000 latency=0.0880 @ http://localhost:8770/index.js:451
[  488130ms] [LOG] MON 1 playing=false pos=0.000 stream_playing=false peak_db=-200.0 mix_rate=48000 latency=0.0880 @ http://localhost:8770/index.js:451
[  488380ms] [LOG] MON 1 playing=false pos=0.000 stream_playing=false peak_db=-200.0 mix_rate=48000 latency=0.0880 @ http://localhost:8770/index.js:451
[  488631ms] [LOG] MON 1 playing=false pos=0.000 stream_playing=false peak_db=-200.0 mix_rate=48000 latency=0.0880 @ http://localhost:8770/index.js:451
[  488879ms] [LOG] MON 1 playing=false pos=0.000 stream_playing=false peak_db=-200.0 mix_rate=48000 latency=0.0880 @ http://localhost:8770/index.js:451
[  489131ms] [LOG] MON 1 playing=false pos=0.000 stream_playing=false peak_db=-200.0 mix_rate=48000 latency=0.0880 @ http://localhost:8770/index.js:451
[  489379ms] [LOG] MON 1 playing=false pos=0.000 stream_playing=false peak_db=-200.0 mix_rate=48000 latency=0.0880 @ http://localhost:8770/index.js:451
[  489630ms] [LOG] MON 1 playing=false pos=0.000 stream_playing=false peak_db=-200.0 mix_rate=48000 latency=0.0880 @ http://localhost:8770/index.js:451
[  489881ms] [LOG] MON 1 playing=false pos=0.000 stream_playing=false peak_db=-200.0 mix_rate=48000 latency=0.0880 @ http://localhost:8770/index.js:451
[  490131ms] [LOG] MON 1 playing=false pos=0.000 stream_playing=false peak_db=-200.0 mix_rate=48000 latency=0.0880 @ http://localhost:8770/index.js:451
[  490379ms] [LOG] MON 1 playing=false pos=0.000 stream_playing=false peak_db=-200.0 mix_rate=48000 latency=0.0880 @ http://localhost:8770/index.js:451
[  490630ms] [LOG] MON 1 playing=false pos=0.000 stream_playing=false peak_db=-200.0 mix_rate=48000 latency=0.0880 @ http://localhost:8770/index.js:451
[  490880ms] [LOG] MON 1 playing=false pos=0.000 stream_playing=false peak_db=-200.0 mix_rate=48000 latency=0.0880 @ http://localhost:8770/index.js:451
[  491129ms] [LOG] MON 1 playing=false pos=0.000 stream_playing=false peak_db=-200.0 mix_rate=48000 latency=0.0880 @ http://localhost:8770/index.js:451
[  491380ms] [LOG] MON 1 playing=false pos=0.000 stream_playing=false peak_db=-200.0 mix_rate=48000 latency=0.0880 @ http://localhost:8770/index.js:451
[  491631ms] [LOG] MON 1 playing=false pos=0.000 stream_playing=false peak_db=-200.0 mix_rate=48000 latency=0.0880 @ http://localhost:8770/index.js:451
[  491881ms] [LOG] MON 1 playing=false pos=0.000 stream_playing=false peak_db=-200.0 mix_rate=48000 latency=0.0880 @ http://localhost:8770/index.js:451
[  492131ms] [LOG] MON 1 playing=false pos=0.000 stream_playing=false peak_db=-200.0 mix_rate=48000 latency=0.0880 @ http://localhost:8770/index.js:451
[  492380ms] [LOG] MON 1 playing=false pos=0.000 stream_playing=false peak_db=-200.0 mix_rate=48000 latency=0.0880 @ http://localhost:8770/index.js:451
[  492630ms] [LOG] MON 1 playing=false pos=0.000 stream_playing=false peak_db=-200.0 mix_rate=48000 latency=0.0880 @ http://localhost:8770/index.js:451
[  492880ms] [LOG] MON 1 playing=false pos=0.000 stream_playing=false peak_db=-200.0 mix_rate=48000 latency=0.0880 @ http://localhost:8770/index.js:451
[  493130ms] [LOG] MON 1 playing=false pos=0.000 stream_playing=false peak_db=-200.0 mix_rate=48000 latency=0.0880 @ http://localhost:8770/index.js:451
[  493381ms] [LOG] MON 1 playing=false pos=0.000 stream_playing=false peak_db=-200.0 mix_rate=48000 latency=0.0880 @ http://localhost:8770/index.js:451
[  493631ms] [LOG] MON 1 playing=false pos=0.000 stream_playing=false peak_db=-200.0 mix_rate=48000 latency=0.0880 @ http://localhost:8770/index.js:451
[  493879ms] [LOG] MON 1 playing=false pos=0.000 stream_playing=false peak_db=-200.0 mix_rate=48000 latency=0.0880 @ http://localhost:8770/index.js:451
[  494131ms] [LOG] MON 1 playing=false pos=0.000 stream_playing=false peak_db=-200.0 mix_rate=48000 latency=0.0880 @ http://localhost:8770/index.js:451
[  494380ms] [LOG] MON 1 playing=false pos=0.000 stream_playing=false peak_db=-200.0 mix_rate=48000 latency=0.0880 @ http://localhost:8770/index.js:451
[  494630ms] [LOG] MON 1 playing=false pos=0.000 stream_playing=false peak_db=-200.0 mix_rate=48000 latency=0.0880 @ http://localhost:8770/index.js:451
[  494880ms] [LOG] MON 1 playing=false pos=0.000 stream_playing=false peak_db=-200.0 mix_rate=48000 latency=0.0880 @ http://localhost:8770/index.js:451
[  495131ms] [LOG] MON 1 playing=false pos=0.000 stream_playing=false peak_db=-200.0 mix_rate=48000 latency=0.0880 @ http://localhost:8770/index.js:451
[  495381ms] [LOG] MON 1 playing=false pos=0.000 stream_playing=false peak_db=-200.0 mix_rate=48000 latency=0.0880 @ http://localhost:8770/index.js:451
[  495630ms] [LOG] MON 1 playing=false pos=0.000 stream_playing=false peak_db=-200.0 mix_rate=48000 latency=0.0880 @ http://localhost:8770/index.js:451
[  495880ms] [LOG] MON 1 playing=false pos=0.000 stream_playing=false peak_db=-200.0 mix_rate=48000 latency=0.0880 @ http://localhost:8770/index.js:451
[  496130ms] [LOG] MON 1 playing=false pos=0.000 stream_playing=false peak_db=-200.0 mix_rate=48000 latency=0.0880 @ http://localhost:8770/index.js:451
[  496380ms] [LOG] MON 1 playing=false pos=0.000 stream_playing=false peak_db=-200.0 mix_rate=48000 latency=0.0880 @ http://localhost:8770/index.js:451
[  496631ms] [LOG] MON 1 playing=false pos=0.000 stream_playing=false peak_db=-200.0 mix_rate=48000 latency=0.0880 @ http://localhost:8770/index.js:451
[  496880ms] [LOG] MON 1 playing=false pos=0.000 stream_playing=false peak_db=-200.0 mix_rate=48000 latency=0.0880 @ http://localhost:8770/index.js:451
[  497130ms] [LOG] MON 1 playing=false pos=0.000 stream_playing=false peak_db=-200.0 mix_rate=48000 latency=0.0880 @ http://localhost:8770/index.js:451
[  497380ms] [LOG] MON 1 playing=false pos=0.000 stream_playing=false peak_db=-200.0 mix_rate=48000 latency=0.0880 @ http://localhost:8770/index.js:451
[  497629ms] [LOG] MON 1 playing=false pos=0.000 stream_playing=false peak_db=-200.0 mix_rate=48000 latency=0.0880 @ http://localhost:8770/index.js:451
[  497881ms] [LOG] MON 1 playing=false pos=0.000 stream_playing=false peak_db=-200.0 mix_rate=48000 latency=0.0880 @ http://localhost:8770/index.js:451
[  498130ms] [LOG] MON 1 playing=false pos=0.000 stream_playing=false peak_db=-200.0 mix_rate=48000 latency=0.0880 @ http://localhost:8770/index.js:451
[  498380ms] [LOG] MON 1 playing=false pos=0.000 stream_playing=false peak_db=-200.0 mix_rate=48000 latency=0.0880 @ http://localhost:8770/index.js:451
[  498630ms] [LOG] MON 1 playing=false pos=0.000 stream_playing=false peak_db=-200.0 mix_rate=48000 latency=0.0880 @ http://localhost:8770/index.js:451
[  498880ms] [LOG] MON 1 playing=false pos=0.000 stream_playing=false peak_db=-200.0 mix_rate=48000 latency=0.0880 @ http://localhost:8770/index.js:451
[  499130ms] [LOG] MON 1 playing=false pos=0.000 stream_playing=false peak_db=-200.0 mix_rate=48000 latency=0.0880 @ http://localhost:8770/index.js:451
[  499379ms] [LOG] MON 1 playing=false pos=0.000 stream_playing=false peak_db=-200.0 mix_rate=48000 latency=0.0880 @ http://localhost:8770/index.js:451
[  499630ms] [LOG] MON 1 playing=false pos=0.000 stream_playing=false peak_db=-200.0 mix_rate=48000 latency=0.0880 @ http://localhost:8770/index.js:451
[  499882ms] [LOG] MON 1 playing=false pos=0.000 stream_playing=false peak_db=-200.0 mix_rate=48000 latency=0.0880 @ http://localhost:8770/index.js:451
[  500131ms] [LOG] MON 1 playing=false pos=0.000 stream_playing=false peak_db=-200.0 mix_rate=48000 latency=0.0880 @ http://localhost:8770/index.js:451
[  500380ms] [LOG] MON 1 playing=false pos=0.000 stream_playing=false peak_db=-200.0 mix_rate=48000 latency=0.0880 @ http://localhost:8770/index.js:451
[  500629ms] [LOG] MON 1 playing=false pos=0.000 stream_playing=false peak_db=-200.0 mix_rate=48000 latency=0.0880 @ http://localhost:8770/index.js:451
[  500883ms] [LOG] MON 1 playing=false pos=0.000 stream_playing=false peak_db=-200.0 mix_rate=48000 latency=0.0880 @ http://localhost:8770/index.js:451
[  501130ms] [LOG] MON 1 playing=false pos=0.000 stream_playing=false peak_db=-200.0 mix_rate=48000 latency=0.0880 @ http://localhost:8770/index.js:451
[  501380ms] [LOG] MON 1 playing=false pos=0.000 stream_playing=false peak_db=-200.0 mix_rate=48000 latency=0.0880 @ http://localhost:8770/index.js:451
[  501630ms] [LOG] MON 1 playing=false pos=0.000 stream_playing=false peak_db=-200.0 mix_rate=48000 latency=0.0880 @ http://localhost:8770/index.js:451
[  501881ms] [LOG] MON 1 playing=false pos=0.000 stream_playing=false peak_db=-200.0 mix_rate=48000 latency=0.0880 @ http://localhost:8770/index.js:451
[  502132ms] [LOG] MON 1 playing=false pos=0.000 stream_playing=false peak_db=-200.0 mix_rate=48000 latency=0.0880 @ http://localhost:8770/index.js:451
[  502381ms] [LOG] MON 1 playing=false pos=0.000 stream_playing=false peak_db=-200.0 mix_rate=48000 latency=0.0880 @ http://localhost:8770/index.js:451
[  502629ms] [LOG] MON 1 playing=false pos=0.000 stream_playing=false peak_db=-200.0 mix_rate=48000 latency=0.0880 @ http://localhost:8770/index.js:451
[  502881ms] [LOG] MON 1 playing=false pos=0.000 stream_playing=false peak_db=-200.0 mix_rate=48000 latency=0.0880 @ http://localhost:8770/index.js:451
[  503130ms] [LOG] MON 1 playing=false pos=0.000 stream_playing=false peak_db=-200.0 mix_rate=48000 latency=0.0880 @ http://localhost:8770/index.js:451
[  503380ms] [LOG] MON 1 playing=false pos=0.000 stream_playing=false peak_db=-200.0 mix_rate=48000 latency=0.0880 @ http://localhost:8770/index.js:451
[  503630ms] [LOG] MON 1 playing=false pos=0.000 stream_playing=false peak_db=-200.0 mix_rate=48000 latency=0.0880 @ http://localhost:8770/index.js:451
[  503880ms] [LOG] MON 1 playing=false pos=0.000 stream_playing=false peak_db=-200.0 mix_rate=48000 latency=0.0880 @ http://localhost:8770/index.js:451
[  504129ms] [LOG] MON 1 playing=false pos=0.000 stream_playing=false peak_db=-200.0 mix_rate=48000 latency=0.0880 @ http://localhost:8770/index.js:451
[  504380ms] [LOG] MON 1 playing=false pos=0.000 stream_playing=false peak_db=-200.0 mix_rate=48000 latency=0.0880 @ http://localhost:8770/index.js:451
[  504630ms] [LOG] MON 1 playing=false pos=0.000 stream_playing=false peak_db=-200.0 mix_rate=48000 latency=0.0880 @ http://localhost:8770/index.js:451
[  504881ms] [LOG] MON 1 playing=false pos=0.000 stream_playing=false peak_db=-200.0 mix_rate=48000 latency=0.0880 @ http://localhost:8770/index.js:451
[  505131ms] [LOG] MON 1 playing=false pos=0.000 stream_playing=false peak_db=-200.0 mix_rate=48000 latency=0.0880 @ http://localhost:8770/index.js:451
[  505380ms] [LOG] MON 1 playing=false pos=0.000 stream_playing=false peak_db=-200.0 mix_rate=48000 latency=0.0880 @ http://localhost:8770/index.js:451
[  505631ms] [LOG] MON 1 playing=false pos=0.000 stream_playing=false peak_db=-200.0 mix_rate=48000 latency=0.0880 @ http://localhost:8770/index.js:451
[  505879ms] [LOG] MON 1 playing=false pos=0.000 stream_playing=false peak_db=-200.0 mix_rate=48000 latency=0.0880 @ http://localhost:8770/index.js:451
[  506132ms] [LOG] MON 1 playing=false pos=0.000 stream_playing=false peak_db=-200.0 mix_rate=48000 latency=0.0880 @ http://localhost:8770/index.js:451
[  506380ms] [LOG] MON 1 playing=false pos=0.000 stream_playing=false peak_db=-200.0 mix_rate=48000 latency=0.0880 @ http://localhost:8770/index.js:451
[  506630ms] [LOG] MON 1 playing=false pos=0.000 stream_playing=false peak_db=-200.0 mix_rate=48000 latency=0.0880 @ http://localhost:8770/index.js:451
[  506880ms] [LOG] MON 1 playing=false pos=0.000 stream_playing=false peak_db=-200.0 mix_rate=48000 latency=0.0880 @ http://localhost:8770/index.js:451
[  507130ms] [LOG] MON 1 playing=false pos=0.000 stream_playing=false peak_db=-200.0 mix_rate=48000 latency=0.0880 @ http://localhost:8770/index.js:451
[  507380ms] [LOG] MON 1 playing=false pos=0.000 stream_playing=false peak_db=-200.0 mix_rate=48000 latency=0.0880 @ http://localhost:8770/index.js:451
[  507630ms] [LOG] MON 1 playing=false pos=0.000 stream_playing=false peak_db=-200.0 mix_rate=48000 latency=0.0880 @ http://localhost:8770/index.js:451
[  507880ms] [LOG] MON 1 playing=false pos=0.000 stream_playing=false peak_db=-200.0 mix_rate=48000 latency=0.0880 @ http://localhost:8770/index.js:451
[  508129ms] [LOG] MON 1 playing=false pos=0.000 stream_playing=false peak_db=-200.0 mix_rate=48000 latency=0.0880 @ http://localhost:8770/index.js:451
[  508381ms] [LOG] MON 1 playing=false pos=0.000 stream_playing=false peak_db=-200.0 mix_rate=48000 latency=0.0880 @ http://localhost:8770/index.js:451
[  508629ms] [LOG] MON 1 playing=false pos=0.000 stream_playing=false peak_db=-200.0 mix_rate=48000 latency=0.0880 @ http://localhost:8770/index.js:451
[  508880ms] [LOG] MON 1 playing=false pos=0.000 stream_playing=false peak_db=-200.0 mix_rate=48000 latency=0.0880 @ http://localhost:8770/index.js:451
[  509130ms] [LOG] MON 1 playing=false pos=0.000 stream_playing=false peak_db=-200.0 mix_rate=48000 latency=0.0880 @ http://localhost:8770/index.js:451
[  509381ms] [LOG] MON 1 playing=false pos=0.000 stream_playing=false peak_db=-200.0 mix_rate=48000 latency=0.0880 @ http://localhost:8770/index.js:451
[  509630ms] [LOG] MON 1 playing=false pos=0.000 stream_playing=false peak_db=-200.0 mix_rate=48000 latency=0.0880 @ http://localhost:8770/index.js:451
[  509880ms] [LOG] MON 1 playing=false pos=0.000 stream_playing=false peak_db=-200.0 mix_rate=48000 latency=0.0880 @ http://localhost:8770/index.js:451
[  510131ms] [LOG] MON 1 playing=false pos=0.000 stream_playing=false peak_db=-200.0 mix_rate=48000 latency=0.0880 @ http://localhost:8770/index.js:451
[  510380ms] [LOG] MON 1 playing=false pos=0.000 stream_playing=false peak_db=-200.0 mix_rate=48000 latency=0.0880 @ http://localhost:8770/index.js:451
[  510630ms] [LOG] MON 1 playing=false pos=0.000 stream_playing=false peak_db=-200.0 mix_rate=48000 latency=0.0880 @ http://localhost:8770/index.js:451
[  510883ms] [LOG] MON 1 playing=false pos=0.000 stream_playing=false peak_db=-200.0 mix_rate=48000 latency=0.0880 @ http://localhost:8770/index.js:451
[  511132ms] [LOG] MON 1 playing=false pos=0.000 stream_playing=false peak_db=-200.0 mix_rate=48000 latency=0.0880 @ http://localhost:8770/index.js:451
[  511381ms] [LOG] MON 1 playing=false pos=0.000 stream_playing=false peak_db=-200.0 mix_rate=48000 latency=0.0880 @ http://localhost:8770/index.js:451
[  511630ms] [LOG] MON 1 playing=false pos=0.000 stream_playing=false peak_db=-200.0 mix_rate=48000 latency=0.0880 @ http://localhost:8770/index.js:451
[  511882ms] [LOG] MON 1 playing=false pos=0.000 stream_playing=false peak_db=-200.0 mix_rate=48000 latency=0.0880 @ http://localhost:8770/index.js:451
[  512154ms] [LOG] MON 1 playing=false pos=0.000 stream_playing=false peak_db=-200.0 mix_rate=48000 latency=0.0880 @ http://localhost:8770/index.js:451
[  512397ms] [LOG] MON 1 playing=false pos=0.000 stream_playing=false peak_db=-200.0 mix_rate=48000 latency=0.0880 @ http://localhost:8770/index.js:451
[  512646ms] [LOG] MON 1 playing=false pos=0.000 stream_playing=false peak_db=-200.0 mix_rate=48000 latency=0.0880 @ http://localhost:8770/index.js:451
[  512897ms] [LOG] MON 1 playing=false pos=0.000 stream_playing=false peak_db=-200.0 mix_rate=48000 latency=0.0880 @ http://localhost:8770/index.js:451
[  513147ms] [LOG] MON 1 playing=false pos=0.000 stream_playing=false peak_db=-200.0 mix_rate=48000 latency=0.0880 @ http://localhost:8770/index.js:451
[  513396ms] [LOG] MON 1 playing=false pos=0.000 stream_playing=false peak_db=-200.0 mix_rate=48000 latency=0.0880 @ http://localhost:8770/index.js:451
[  513648ms] [LOG] MON 1 playing=false pos=0.000 stream_playing=false peak_db=-200.0 mix_rate=48000 latency=0.0880 @ http://localhost:8770/index.js:451
[  513896ms] [LOG] MON 1 playing=false pos=0.000 stream_playing=false peak_db=-200.0 mix_rate=48000 latency=0.0880 @ http://localhost:8770/index.js:451
[  514147ms] [LOG] MON 1 playing=false pos=0.000 stream_playing=false peak_db=-200.0 mix_rate=48000 latency=0.0880 @ http://localhost:8770/index.js:451
[  514396ms] [LOG] MON 1 playing=false pos=0.000 stream_playing=false peak_db=-200.0 mix_rate=48000 latency=0.0880 @ http://localhost:8770/index.js:451
[  514646ms] [LOG] MON 1 playing=false pos=0.000 stream_playing=false peak_db=-200.0 mix_rate=48000 latency=0.0880 @ http://localhost:8770/index.js:451
[  514898ms] [LOG] MON 1 playing=false pos=0.000 stream_playing=false peak_db=-200.0 mix_rate=48000 latency=0.0880 @ http://localhost:8770/index.js:451
[  515148ms] [LOG] MON 1 playing=false pos=0.000 stream_playing=false peak_db=-200.0 mix_rate=48000 latency=0.0880 @ http://localhost:8770/index.js:451
[  515398ms] [LOG] MON 1 playing=false pos=0.000 stream_playing=false peak_db=-200.0 mix_rate=48000 latency=0.0880 @ http://localhost:8770/index.js:451
[  515646ms] [LOG] MON 1 playing=false pos=0.000 stream_playing=false peak_db=-200.0 mix_rate=48000 latency=0.0880 @ http://localhost:8770/index.js:451
[  515897ms] [LOG] MON 1 playing=false pos=0.000 stream_playing=false peak_db=-200.0 mix_rate=48000 latency=0.0880 @ http://localhost:8770/index.js:451
[  516146ms] [LOG] MON 1 playing=false pos=0.000 stream_playing=false peak_db=-200.0 mix_rate=48000 latency=0.0880 @ http://localhost:8770/index.js:451
[  516397ms] [LOG] MON 1 playing=false pos=0.000 stream_playing=false peak_db=-200.0 mix_rate=48000 latency=0.0880 @ http://localhost:8770/index.js:451
[  516646ms] [LOG] MON 1 playing=false pos=0.000 stream_playing=false peak_db=-200.0 mix_rate=48000 latency=0.0880 @ http://localhost:8770/index.js:451
[  516895ms] [LOG] MON 1 playing=false pos=0.000 stream_playing=false peak_db=-200.0 mix_rate=48000 latency=0.0880 @ http://localhost:8770/index.js:451
[  517146ms] [LOG] MON 1 playing=false pos=0.000 stream_playing=false peak_db=-200.0 mix_rate=48000 latency=0.0880 @ http://localhost:8770/index.js:451
[  517396ms] [LOG] MON 1 playing=false pos=0.000 stream_playing=false peak_db=-200.0 mix_rate=48000 latency=0.0880 @ http://localhost:8770/index.js:451
[  517646ms] [LOG] MON 1 playing=false pos=0.000 stream_playing=false peak_db=-200.0 mix_rate=48000 latency=0.0880 @ http://localhost:8770/index.js:451
[  517896ms] [LOG] MON 1 playing=false pos=0.000 stream_playing=false peak_db=-200.0 mix_rate=48000 latency=0.0880 @ http://localhost:8770/index.js:451
[  518147ms] [LOG] MON 1 playing=false pos=0.000 stream_playing=false peak_db=-200.0 mix_rate=48000 latency=0.0880 @ http://localhost:8770/index.js:451
[  518395ms] [LOG] MON 1 playing=false pos=0.000 stream_playing=false peak_db=-200.0 mix_rate=48000 latency=0.0880 @ http://localhost:8770/index.js:451
[  518646ms] [LOG] MON 1 playing=false pos=0.000 stream_playing=false peak_db=-200.0 mix_rate=48000 latency=0.0880 @ http://localhost:8770/index.js:451
[  518897ms] [LOG] MON 1 playing=false pos=0.000 stream_playing=false peak_db=-200.0 mix_rate=48000 latency=0.0880 @ http://localhost:8770/index.js:451
[  519149ms] [LOG] MON 1 playing=false pos=0.000 stream_playing=false peak_db=-200.0 mix_rate=48000 latency=0.0880 @ http://localhost:8770/index.js:451
[  519397ms] [LOG] MON 1 playing=false pos=0.000 stream_playing=false peak_db=-200.0 mix_rate=48000 latency=0.0880 @ http://localhost:8770/index.js:451
[  519647ms] [LOG] MON 1 playing=false pos=0.000 stream_playing=false peak_db=-200.0 mix_rate=48000 latency=0.0880 @ http://localhost:8770/index.js:451
[  519897ms] [LOG] MON 1 playing=false pos=0.000 stream_playing=false peak_db=-200.0 mix_rate=48000 latency=0.0880 @ http://localhost:8770/index.js:451
[  520147ms] [LOG] MON 1 playing=false pos=0.000 stream_playing=false peak_db=-200.0 mix_rate=48000 latency=0.0880 @ http://localhost:8770/index.js:451
[  520397ms] [LOG] MON 1 playing=false pos=0.000 stream_playing=false peak_db=-200.0 mix_rate=48000 latency=0.0880 @ http://localhost:8770/index.js:451
[  520646ms] [LOG] MON 1 playing=false pos=0.000 stream_playing=false peak_db=-200.0 mix_rate=48000 latency=0.0880 @ http://localhost:8770/index.js:451
[  520897ms] [LOG] MON 1 playing=false pos=0.000 stream_playing=false peak_db=-200.0 mix_rate=48000 latency=0.0880 @ http://localhost:8770/index.js:451
[  521147ms] [LOG] MON 1 playing=false pos=0.000 stream_playing=false peak_db=-200.0 mix_rate=48000 latency=0.0880 @ http://localhost:8770/index.js:451
[  521399ms] [LOG] MON 1 playing=false pos=0.000 stream_playing=false peak_db=-200.0 mix_rate=48000 latency=0.0880 @ http://localhost:8770/index.js:451
[  521646ms] [LOG] MON 1 playing=false pos=0.000 stream_playing=false peak_db=-200.0 mix_rate=48000 latency=0.0880 @ http://localhost:8770/index.js:451
[  521897ms] [LOG] MON 1 playing=false pos=0.000 stream_playing=false peak_db=-200.0 mix_rate=48000 latency=0.0880 @ http://localhost:8770/index.js:451
[  522147ms] [LOG] MON 1 playing=false pos=0.000 stream_playing=false peak_db=-200.0 mix_rate=48000 latency=0.0880 @ http://localhost:8770/index.js:451
[  522396ms] [LOG] MON 1 playing=false pos=0.000 stream_playing=false peak_db=-200.0 mix_rate=48000 latency=0.0880 @ http://localhost:8770/index.js:451
[  522647ms] [LOG] MON 1 playing=false pos=0.000 stream_playing=false peak_db=-200.0 mix_rate=48000 latency=0.0880 @ http://localhost:8770/index.js:451
[  522897ms] [LOG] MON 1 playing=false pos=0.000 stream_playing=false peak_db=-200.0 mix_rate=48000 latency=0.0880 @ http://localhost:8770/index.js:451
[  523146ms] [LOG] MON 1 playing=false pos=0.000 stream_playing=false peak_db=-200.0 mix_rate=48000 latency=0.0880 @ http://localhost:8770/index.js:451
[  523397ms] [LOG] MON 1 playing=false pos=0.000 stream_playing=false peak_db=-200.0 mix_rate=48000 latency=0.0800 @ http://localhost:8770/index.js:451
[  523648ms] [LOG] MON 1 playing=false pos=0.000 stream_playing=false peak_db=-200.0 mix_rate=48000 latency=0.0800 @ http://localhost:8770/index.js:451
[  523898ms] [LOG] MON 1 playing=false pos=0.000 stream_playing=false peak_db=-200.0 mix_rate=48000 latency=0.0800 @ http://localhost:8770/index.js:451
[  524146ms] [LOG] MON 1 playing=false pos=0.000 stream_playing=false peak_db=-200.0 mix_rate=48000 latency=0.0800 @ http://localhost:8770/index.js:451
[  524396ms] [LOG] MON 1 playing=false pos=0.000 stream_playing=false peak_db=-200.0 mix_rate=48000 latency=0.0880 @ http://localhost:8770/index.js:451
[  524647ms] [LOG] MON 1 playing=false pos=0.000 stream_playing=false peak_db=-200.0 mix_rate=48000 latency=0.0880 @ http://localhost:8770/index.js:451
[  524897ms] [LOG] MON 1 playing=false pos=0.000 stream_playing=false peak_db=-200.0 mix_rate=48000 latency=0.0880 @ http://localhost:8770/index.js:451
[  525147ms] [LOG] MON 1 playing=false pos=0.000 stream_playing=false peak_db=-200.0 mix_rate=48000 latency=0.0880 @ http://localhost:8770/index.js:451
[  525396ms] [LOG] MON 1 playing=false pos=0.000 stream_playing=false peak_db=-200.0 mix_rate=48000 latency=0.0880 @ http://localhost:8770/index.js:451
[  525647ms] [LOG] MON 1 playing=false pos=0.000 stream_playing=false peak_db=-200.0 mix_rate=48000 latency=0.0880 @ http://localhost:8770/index.js:451
[  525899ms] [LOG] MON 1 playing=false pos=0.000 stream_playing=false peak_db=-200.0 mix_rate=48000 latency=0.0880 @ http://localhost:8770/index.js:451
[  526146ms] [LOG] MON 1 playing=false pos=0.000 stream_playing=false peak_db=-200.0 mix_rate=48000 latency=0.0880 @ http://localhost:8770/index.js:451
[  526396ms] [LOG] MON 1 playing=false pos=0.000 stream_playing=false peak_db=-200.0 mix_rate=48000 latency=0.0880 @ http://localhost:8770/index.js:451
[  526647ms] [LOG] MON 1 playing=false pos=0.000 stream_playing=false peak_db=-200.0 mix_rate=48000 latency=0.0880 @ http://localhost:8770/index.js:451
[  526895ms] [LOG] MON 1 playing=false pos=0.000 stream_playing=false peak_db=-200.0 mix_rate=48000 latency=0.0880 @ http://localhost:8770/index.js:451
[  527147ms] [LOG] MON 1 playing=false pos=0.000 stream_playing=false peak_db=-200.0 mix_rate=48000 latency=0.0880 @ http://localhost:8770/index.js:451
[  527396ms] [LOG] MON 1 playing=false pos=0.000 stream_playing=false peak_db=-200.0 mix_rate=48000 latency=0.0880 @ http://localhost:8770/index.js:451
[  527647ms] [LOG] MON 1 playing=false pos=0.000 stream_playing=false peak_db=-200.0 mix_rate=48000 latency=0.0880 @ http://localhost:8770/index.js:451
[  527896ms] [LOG] MON 1 playing=false pos=0.000 stream_playing=false peak_db=-200.0 mix_rate=48000 latency=0.0880 @ http://localhost:8770/index.js:451
[  528147ms] [LOG] MON 1 playing=false pos=0.000 stream_playing=false peak_db=-200.0 mix_rate=48000 latency=0.0880 @ http://localhost:8770/index.js:451
[  528396ms] [LOG] MON 1 playing=false pos=0.000 stream_playing=false peak_db=-200.0 mix_rate=48000 latency=0.0880 @ http://localhost:8770/index.js:451
[  528646ms] [LOG] MON 1 playing=false pos=0.000 stream_playing=false peak_db=-200.0 mix_rate=48000 latency=0.0880 @ http://localhost:8770/index.js:451
[  528897ms] [LOG] MON 1 playing=false pos=0.000 stream_playing=false peak_db=-200.0 mix_rate=48000 latency=0.0880 @ http://localhost:8770/index.js:451
[  529146ms] [LOG] MON 1 playing=false pos=0.000 stream_playing=false peak_db=-200.0 mix_rate=48000 latency=0.0880 @ http://localhost:8770/index.js:451
[  529396ms] [LOG] MON 1 playing=false pos=0.000 stream_playing=false peak_db=-200.0 mix_rate=48000 latency=0.0880 @ http://localhost:8770/index.js:451
[  529646ms] [LOG] MON 1 playing=false pos=0.000 stream_playing=false peak_db=-200.0 mix_rate=48000 latency=0.0880 @ http://localhost:8770/index.js:451
[  529896ms] [LOG] MON 1 playing=false pos=0.000 stream_playing=false peak_db=-200.0 mix_rate=48000 latency=0.0880 @ http://localhost:8770/index.js:451
[  530146ms] [LOG] MON 1 playing=false pos=0.000 stream_playing=false peak_db=-200.0 mix_rate=48000 latency=0.0880 @ http://localhost:8770/index.js:451
[  530396ms] [LOG] MON 1 playing=false pos=0.000 stream_playing=false peak_db=-200.0 mix_rate=48000 latency=0.0880 @ http://localhost:8770/index.js:451
[  530647ms] [LOG] MON 1 playing=false pos=0.000 stream_playing=false peak_db=-200.0 mix_rate=48000 latency=0.0880 @ http://localhost:8770/index.js:451
[  530897ms] [LOG] MON 1 playing=false pos=0.000 stream_playing=false peak_db=-200.0 mix_rate=48000 latency=0.0880 @ http://localhost:8770/index.js:451
[  531147ms] [LOG] MON 1 playing=false pos=0.000 stream_playing=false peak_db=-200.0 mix_rate=48000 latency=0.0880 @ http://localhost:8770/index.js:451
[  531397ms] [LOG] MON 1 playing=false pos=0.000 stream_playing=false peak_db=-200.0 mix_rate=48000 latency=0.0880 @ http://localhost:8770/index.js:451
[  531648ms] [LOG] MON 1 playing=false pos=0.000 stream_playing=false peak_db=-200.0 mix_rate=48000 latency=0.0880 @ http://localhost:8770/index.js:451
[  531896ms] [LOG] MON 1 playing=false pos=0.000 stream_playing=false peak_db=-200.0 mix_rate=48000 latency=0.0880 @ http://localhost:8770/index.js:451
[  532146ms] [LOG] MON 1 playing=false pos=0.000 stream_playing=false peak_db=-200.0 mix_rate=48000 latency=0.0880 @ http://localhost:8770/index.js:451
[  532396ms] [LOG] MON 1 playing=false pos=0.000 stream_playing=false peak_db=-200.0 mix_rate=48000 latency=0.0880 @ http://localhost:8770/index.js:451
[  532646ms] [LOG] MON 1 playing=false pos=0.000 stream_playing=false peak_db=-200.0 mix_rate=48000 latency=0.0880 @ http://localhost:8770/index.js:451
[  532896ms] [LOG] MON 1 playing=false pos=0.000 stream_playing=false peak_db=-200.0 mix_rate=48000 latency=0.0880 @ http://localhost:8770/index.js:451
[  533147ms] [LOG] MON 1 playing=false pos=0.000 stream_playing=false peak_db=-200.0 mix_rate=48000 latency=0.0880 @ http://localhost:8770/index.js:451
[  533397ms] [LOG] MON 1 playing=false pos=0.000 stream_playing=false peak_db=-200.0 mix_rate=48000 latency=0.0880 @ http://localhost:8770/index.js:451
[  533648ms] [LOG] MON 1 playing=false pos=0.000 stream_playing=false peak_db=-200.0 mix_rate=48000 latency=0.0880 @ http://localhost:8770/index.js:451
[  533897ms] [LOG] MON 1 playing=false pos=0.000 stream_playing=false peak_db=-200.0 mix_rate=48000 latency=0.0880 @ http://localhost:8770/index.js:451
[  534147ms] [LOG] MON 1 playing=false pos=0.000 stream_playing=false peak_db=-200.0 mix_rate=48000 latency=0.0880 @ http://localhost:8770/index.js:451
[  534396ms] [LOG] MON 1 playing=false pos=0.000 stream_playing=false peak_db=-200.0 mix_rate=48000 latency=0.0880 @ http://localhost:8770/index.js:451
[  534650ms] [LOG] MON 1 playing=false pos=0.000 stream_playing=false peak_db=-200.0 mix_rate=48000 latency=0.0880 @ http://localhost:8770/index.js:451
[  534896ms] [LOG] MON 1 playing=false pos=0.000 stream_playing=false peak_db=-200.0 mix_rate=48000 latency=0.0880 @ http://localhost:8770/index.js:451
[  535146ms] [LOG] MON 1 playing=false pos=0.000 stream_playing=false peak_db=-200.0 mix_rate=48000 latency=0.0880 @ http://localhost:8770/index.js:451
[  535396ms] [LOG] MON 1 playing=false pos=0.000 stream_playing=false peak_db=-200.0 mix_rate=48000 latency=0.0880 @ http://localhost:8770/index.js:451
[  535647ms] [LOG] MON 1 playing=false pos=0.000 stream_playing=false peak_db=-200.0 mix_rate=48000 latency=0.0880 @ http://localhost:8770/index.js:451
[  535897ms] [LOG] MON 1 playing=false pos=0.000 stream_playing=false peak_db=-200.0 mix_rate=48000 latency=0.0880 @ http://localhost:8770/index.js:451
[  536146ms] [LOG] MON 1 playing=false pos=0.000 stream_playing=false peak_db=-200.0 mix_rate=48000 latency=0.0880 @ http://localhost:8770/index.js:451
[  536397ms] [LOG] MON 1 playing=false pos=0.000 stream_playing=false peak_db=-200.0 mix_rate=48000 latency=0.0880 @ http://localhost:8770/index.js:451
[  536646ms] [LOG] MON 1 playing=false pos=0.000 stream_playing=false peak_db=-200.0 mix_rate=48000 latency=0.0880 @ http://localhost:8770/index.js:451
[  536897ms] [LOG] MON 1 playing=false pos=0.000 stream_playing=false peak_db=-200.0 mix_rate=48000 latency=0.0880 @ http://localhost:8770/index.js:451
[  537146ms] [LOG] MON 1 playing=false pos=0.000 stream_playing=false peak_db=-200.0 mix_rate=48000 latency=0.0880 @ http://localhost:8770/index.js:451
[  537398ms] [LOG] MON 1 playing=false pos=0.000 stream_playing=false peak_db=-200.0 mix_rate=48000 latency=0.0880 @ http://localhost:8770/index.js:451
[  537646ms] [LOG] MON 1 playing=false pos=0.000 stream_playing=false peak_db=-200.0 mix_rate=48000 latency=0.0880 @ http://localhost:8770/index.js:451
[  537897ms] [LOG] MON 1 playing=false pos=0.000 stream_playing=false peak_db=-200.0 mix_rate=48000 latency=0.0880 @ http://localhost:8770/index.js:451
[  538147ms] [LOG] MON 1 playing=false pos=0.000 stream_playing=false peak_db=-200.0 mix_rate=48000 latency=0.0880 @ http://localhost:8770/index.js:451
[  538396ms] [LOG] MON 1 playing=false pos=0.000 stream_playing=false peak_db=-200.0 mix_rate=48000 latency=0.0880 @ http://localhost:8770/index.js:451
[  538648ms] [LOG] MON 1 playing=false pos=0.000 stream_playing=false peak_db=-200.0 mix_rate=48000 latency=0.0880 @ http://localhost:8770/index.js:451
[  538898ms] [LOG] MON 1 playing=false pos=0.000 stream_playing=false peak_db=-200.0 mix_rate=48000 latency=0.0880 @ http://localhost:8770/index.js:451
[  539148ms] [LOG] MON 1 playing=false pos=0.000 stream_playing=false peak_db=-200.0 mix_rate=48000 latency=0.0880 @ http://localhost:8770/index.js:451
[  539397ms] [LOG] MON 1 playing=false pos=0.000 stream_playing=false peak_db=-200.0 mix_rate=48000 latency=0.0880 @ http://localhost:8770/index.js:451
[  539648ms] [LOG] MON 1 playing=false pos=0.000 stream_playing=false peak_db=-200.0 mix_rate=48000 latency=0.0880 @ http://localhost:8770/index.js:451
[  539896ms] [LOG] MON 1 playing=false pos=0.000 stream_playing=false peak_db=-200.0 mix_rate=48000 latency=0.0880 @ http://localhost:8770/index.js:451
[  540147ms] [LOG] MON 1 playing=false pos=0.000 stream_playing=false peak_db=-200.0 mix_rate=48000 latency=0.0880 @ http://localhost:8770/index.js:451
[  540397ms] [LOG] MON 1 playing=false pos=0.000 stream_playing=false peak_db=-200.0 mix_rate=48000 latency=0.0880 @ http://localhost:8770/index.js:451
[  540646ms] [LOG] MON 1 playing=false pos=0.000 stream_playing=false peak_db=-200.0 mix_rate=48000 latency=0.0880 @ http://localhost:8770/index.js:451
[  540896ms] [LOG] MON 1 playing=false pos=0.000 stream_playing=false peak_db=-200.0 mix_rate=48000 latency=0.0880 @ http://localhost:8770/index.js:451
[  541147ms] [LOG] MON 1 playing=false pos=0.000 stream_playing=false peak_db=-200.0 mix_rate=48000 latency=0.0880 @ http://localhost:8770/index.js:451
[  541397ms] [LOG] MON 1 playing=false pos=0.000 stream_playing=false peak_db=-200.0 mix_rate=48000 latency=0.0880 @ http://localhost:8770/index.js:451
[  541646ms] [LOG] MON 1 playing=false pos=0.000 stream_playing=false peak_db=-200.0 mix_rate=48000 latency=0.0880 @ http://localhost:8770/index.js:451
[  541897ms] [LOG] MON 1 playing=false pos=0.000 stream_playing=false peak_db=-200.0 mix_rate=48000 latency=0.0880 @ http://localhost:8770/index.js:451
[  542147ms] [LOG] MON 1 playing=false pos=0.000 stream_playing=false peak_db=-200.0 mix_rate=48000 latency=0.0880 @ http://localhost:8770/index.js:451
[  542397ms] [LOG] MON 1 playing=false pos=0.000 stream_playing=false peak_db=-200.0 mix_rate=48000 latency=0.0880 @ http://localhost:8770/index.js:451
[  542647ms] [LOG] MON 1 playing=false pos=0.000 stream_playing=false peak_db=-200.0 mix_rate=48000 latency=0.0880 @ http://localhost:8770/index.js:451
[  542896ms] [LOG] MON 1 playing=false pos=0.000 stream_playing=false peak_db=-200.0 mix_rate=48000 latency=0.0880 @ http://localhost:8770/index.js:451
[  543146ms] [LOG] MON 1 playing=false pos=0.000 stream_playing=false peak_db=-200.0 mix_rate=48000 latency=0.0880 @ http://localhost:8770/index.js:451
[  543397ms] [LOG] MON 1 playing=false pos=0.000 stream_playing=false peak_db=-200.0 mix_rate=48000 latency=0.0880 @ http://localhost:8770/index.js:451
[  543646ms] [LOG] MON 1 playing=false pos=0.000 stream_playing=false peak_db=-200.0 mix_rate=48000 latency=0.0880 @ http://localhost:8770/index.js:451
[  543897ms] [LOG] MON 1 playing=false pos=0.000 stream_playing=false peak_db=-200.0 mix_rate=48000 latency=0.0880 @ http://localhost:8770/index.js:451
[  544146ms] [LOG] MON 1 playing=false pos=0.000 stream_playing=false peak_db=-200.0 mix_rate=48000 latency=0.0880 @ http://localhost:8770/index.js:451
[  544397ms] [LOG] MON 1 playing=false pos=0.000 stream_playing=false peak_db=-200.0 mix_rate=48000 latency=0.0880 @ http://localhost:8770/index.js:451
[  544646ms] [LOG] MON 1 playing=false pos=0.000 stream_playing=false peak_db=-200.0 mix_rate=48000 latency=0.0880 @ http://localhost:8770/index.js:451
[  544897ms] [LOG] MON 1 playing=false pos=0.000 stream_playing=false peak_db=-200.0 mix_rate=48000 latency=0.0880 @ http://localhost:8770/index.js:451
[  545146ms] [LOG] MON 1 playing=false pos=0.000 stream_playing=false peak_db=-200.0 mix_rate=48000 latency=0.0880 @ http://localhost:8770/index.js:451
[  545396ms] [LOG] MON 1 playing=false pos=0.000 stream_playing=false peak_db=-200.0 mix_rate=48000 latency=0.0880 @ http://localhost:8770/index.js:451
[  545647ms] [LOG] MON 1 playing=false pos=0.000 stream_playing=false peak_db=-200.0 mix_rate=48000 latency=0.0880 @ http://localhost:8770/index.js:451
[  545898ms] [LOG] MON 1 playing=false pos=0.000 stream_playing=false peak_db=-200.0 mix_rate=48000 latency=0.0880 @ http://localhost:8770/index.js:451
[  546147ms] [LOG] MON 1 playing=false pos=0.000 stream_playing=false peak_db=-200.0 mix_rate=48000 latency=0.0880 @ http://localhost:8770/index.js:451
[  546397ms] [LOG] MON 1 playing=false pos=0.000 stream_playing=false peak_db=-200.0 mix_rate=48000 latency=0.0880 @ http://localhost:8770/index.js:451
[  546648ms] [LOG] MON 1 playing=false pos=0.000 stream_playing=false peak_db=-200.0 mix_rate=48000 latency=0.0880 @ http://localhost:8770/index.js:451
[  546896ms] [LOG] MON 1 playing=false pos=0.000 stream_playing=false peak_db=-200.0 mix_rate=48000 latency=0.0880 @ http://localhost:8770/index.js:451
[  547146ms] [LOG] MON 1 playing=false pos=0.000 stream_playing=false peak_db=-200.0 mix_rate=48000 latency=0.0880 @ http://localhost:8770/index.js:451
[  547395ms] [LOG] MON 1 playing=false pos=0.000 stream_playing=false peak_db=-200.0 mix_rate=48000 latency=0.0880 @ http://localhost:8770/index.js:451
[  547648ms] [LOG] MON 1 playing=false pos=0.000 stream_playing=false peak_db=-200.0 mix_rate=48000 latency=0.0880 @ http://localhost:8770/index.js:451
[  547897ms] [LOG] MON 1 playing=false pos=0.000 stream_playing=false peak_db=-200.0 mix_rate=48000 latency=0.0880 @ http://localhost:8770/index.js:451
[  548147ms] [LOG] MON 1 playing=false pos=0.000 stream_playing=false peak_db=-200.0 mix_rate=48000 latency=0.0880 @ http://localhost:8770/index.js:451
[  548396ms] [LOG] MON 1 playing=false pos=0.000 stream_playing=false peak_db=-200.0 mix_rate=48000 latency=0.0880 @ http://localhost:8770/index.js:451
[  548648ms] [LOG] MON 1 playing=false pos=0.000 stream_playing=false peak_db=-200.0 mix_rate=48000 latency=0.0880 @ http://localhost:8770/index.js:451
[  548897ms] [LOG] MON 1 playing=false pos=0.000 stream_playing=false peak_db=-200.0 mix_rate=48000 latency=0.0880 @ http://localhost:8770/index.js:451
[  549146ms] [LOG] MON 1 playing=false pos=0.000 stream_playing=false peak_db=-200.0 mix_rate=48000 latency=0.0880 @ http://localhost:8770/index.js:451
[  549397ms] [LOG] MON 1 playing=false pos=0.000 stream_playing=false peak_db=-200.0 mix_rate=48000 latency=0.0880 @ http://localhost:8770/index.js:451
[  549646ms] [LOG] MON 1 playing=false pos=0.000 stream_playing=false peak_db=-200.0 mix_rate=48000 latency=0.0880 @ http://localhost:8770/index.js:451
[  549897ms] [LOG] MON 1 playing=false pos=0.000 stream_playing=false peak_db=-200.0 mix_rate=48000 latency=0.0880 @ http://localhost:8770/index.js:451
[  550147ms] [LOG] MON 1 playing=false pos=0.000 stream_playing=false peak_db=-200.0 mix_rate=48000 latency=0.0880 @ http://localhost:8770/index.js:451
[  550396ms] [LOG] MON 1 playing=false pos=0.000 stream_playing=false peak_db=-200.0 mix_rate=48000 latency=0.0880 @ http://localhost:8770/index.js:451
[  550647ms] [LOG] MON 1 playing=false pos=0.000 stream_playing=false peak_db=-200.0 mix_rate=48000 latency=0.0880 @ http://localhost:8770/index.js:451
[  550897ms] [LOG] MON 1 playing=false pos=0.000 stream_playing=false peak_db=-200.0 mix_rate=48000 latency=0.0880 @ http://localhost:8770/index.js:451
[  551146ms] [LOG] MON 1 playing=false pos=0.000 stream_playing=false peak_db=-200.0 mix_rate=48000 latency=0.0880 @ http://localhost:8770/index.js:451
[  551397ms] [LOG] MON 1 playing=false pos=0.000 stream_playing=false peak_db=-200.0 mix_rate=48000 latency=0.0880 @ http://localhost:8770/index.js:451
[  551647ms] [LOG] MON 1 playing=false pos=0.000 stream_playing=false peak_db=-200.0 mix_rate=48000 latency=0.0880 @ http://localhost:8770/index.js:451
[  551896ms] [LOG] MON 1 playing=false pos=0.000 stream_playing=false peak_db=-200.0 mix_rate=48000 latency=0.0880 @ http://localhost:8770/index.js:451
[  552147ms] [LOG] MON 1 playing=false pos=0.000 stream_playing=false peak_db=-200.0 mix_rate=48000 latency=0.0880 @ http://localhost:8770/index.js:451
[  552399ms] [LOG] MON 1 playing=false pos=0.000 stream_playing=false peak_db=-200.0 mix_rate=48000 latency=0.0880 @ http://localhost:8770/index.js:451
[  552648ms] [LOG] MON 1 playing=false pos=0.000 stream_playing=false peak_db=-200.0 mix_rate=48000 latency=0.0880 @ http://localhost:8770/index.js:451
[  552896ms] [LOG] MON 1 playing=false pos=0.000 stream_playing=false peak_db=-200.0 mix_rate=48000 latency=0.0880 @ http://localhost:8770/index.js:451
[  553145ms] [LOG] MON 1 playing=false pos=0.000 stream_playing=false peak_db=-200.0 mix_rate=48000 latency=0.0880 @ http://localhost:8770/index.js:451
[  553397ms] [LOG] MON 1 playing=false pos=0.000 stream_playing=false peak_db=-200.0 mix_rate=48000 latency=0.0880 @ http://localhost:8770/index.js:451
[  553646ms] [LOG] MON 1 playing=false pos=0.000 stream_playing=false peak_db=-200.0 mix_rate=48000 latency=0.0880 @ http://localhost:8770/index.js:451
[  553897ms] [LOG] MON 1 playing=false pos=0.000 stream_playing=false peak_db=-200.0 mix_rate=48000 latency=0.0880 @ http://localhost:8770/index.js:451
[  554147ms] [LOG] MON 1 playing=false pos=0.000 stream_playing=false peak_db=-200.0 mix_rate=48000 latency=0.0880 @ http://localhost:8770/index.js:451
[  554395ms] [LOG] MON 1 playing=false pos=0.000 stream_playing=false peak_db=-200.0 mix_rate=48000 latency=0.0880 @ http://localhost:8770/index.js:451
[  554646ms] [LOG] MON 1 playing=false pos=0.000 stream_playing=false peak_db=-200.0 mix_rate=48000 latency=0.0880 @ http://localhost:8770/index.js:451
[  554901ms] [LOG] MON 1 playing=false pos=0.000 stream_playing=false peak_db=-200.0 mix_rate=48000 latency=0.0880 @ http://localhost:8770/index.js:451
[  555147ms] [LOG] MON 1 playing=false pos=0.000 stream_playing=false peak_db=-200.0 mix_rate=48000 latency=0.0880 @ http://localhost:8770/index.js:451
[  555397ms] [LOG] MON 1 playing=false pos=0.000 stream_playing=false peak_db=-200.0 mix_rate=48000 latency=0.0880 @ http://localhost:8770/index.js:451
[  555646ms] [LOG] MON 1 playing=false pos=0.000 stream_playing=false peak_db=-200.0 mix_rate=48000 latency=0.0880 @ http://localhost:8770/index.js:451
[  555896ms] [LOG] MON 1 playing=false pos=0.000 stream_playing=false peak_db=-200.0 mix_rate=48000 latency=0.0880 @ http://localhost:8770/index.js:451
[  556149ms] [LOG] MON 1 playing=false pos=0.000 stream_playing=false peak_db=-200.0 mix_rate=48000 latency=0.0880 @ http://localhost:8770/index.js:451
[  556396ms] [LOG] MON 1 playing=false pos=0.000 stream_playing=false peak_db=-200.0 mix_rate=48000 latency=0.0880 @ http://localhost:8770/index.js:451
[  556648ms] [LOG] MON 1 playing=false pos=0.000 stream_playing=false peak_db=-200.0 mix_rate=48000 latency=0.0880 @ http://localhost:8770/index.js:451
[  556896ms] [LOG] MON 1 playing=false pos=0.000 stream_playing=false peak_db=-200.0 mix_rate=48000 latency=0.0880 @ http://localhost:8770/index.js:451
[  557146ms] [LOG] MON 1 playing=false pos=0.000 stream_playing=false peak_db=-200.0 mix_rate=48000 latency=0.0880 @ http://localhost:8770/index.js:451
[  557396ms] [LOG] MON 1 playing=false pos=0.000 stream_playing=false peak_db=-200.0 mix_rate=48000 latency=0.0880 @ http://localhost:8770/index.js:451
[  557651ms] [LOG] MON 1 playing=false pos=0.000 stream_playing=false peak_db=-200.0 mix_rate=48000 latency=0.0880 @ http://localhost:8770/index.js:451
[  557897ms] [LOG] MON 1 playing=false pos=0.000 stream_playing=false peak_db=-200.0 mix_rate=48000 latency=0.0880 @ http://localhost:8770/index.js:451
[  558147ms] [LOG] MON 1 playing=false pos=0.000 stream_playing=false peak_db=-200.0 mix_rate=48000 latency=0.0880 @ http://localhost:8770/index.js:451
[  558398ms] [LOG] MON 1 playing=false pos=0.000 stream_playing=false peak_db=-200.0 mix_rate=48000 latency=0.0880 @ http://localhost:8770/index.js:451
[  558645ms] [LOG] MON 1 playing=false pos=0.000 stream_playing=false peak_db=-200.0 mix_rate=48000 latency=0.0880 @ http://localhost:8770/index.js:451
[  558897ms] [LOG] MON 1 playing=false pos=0.000 stream_playing=false peak_db=-200.0 mix_rate=48000 latency=0.0880 @ http://localhost:8770/index.js:451
[  559147ms] [LOG] MON 1 playing=false pos=0.000 stream_playing=false peak_db=-200.0 mix_rate=48000 latency=0.0880 @ http://localhost:8770/index.js:451
[  559397ms] [LOG] MON 1 playing=false pos=0.000 stream_playing=false peak_db=-200.0 mix_rate=48000 latency=0.0880 @ http://localhost:8770/index.js:451
[  559646ms] [LOG] MON 1 playing=false pos=0.000 stream_playing=false peak_db=-200.0 mix_rate=48000 latency=0.0880 @ http://localhost:8770/index.js:451
[  559896ms] [LOG] MON 1 playing=false pos=0.000 stream_playing=false peak_db=-200.0 mix_rate=48000 latency=0.0880 @ http://localhost:8770/index.js:451
[  560147ms] [LOG] MON 1 playing=false pos=0.000 stream_playing=false peak_db=-200.0 mix_rate=48000 latency=0.0880 @ http://localhost:8770/index.js:451
[  560397ms] [LOG] MON 1 playing=false pos=0.000 stream_playing=false peak_db=-200.0 mix_rate=48000 latency=0.0880 @ http://localhost:8770/index.js:451
[  560647ms] [LOG] MON 1 playing=false pos=0.000 stream_playing=false peak_db=-200.0 mix_rate=48000 latency=0.0880 @ http://localhost:8770/index.js:451
[  560896ms] [LOG] MON 1 playing=false pos=0.000 stream_playing=false peak_db=-200.0 mix_rate=48000 latency=0.0880 @ http://localhost:8770/index.js:451
[  561146ms] [LOG] MON 1 playing=false pos=0.000 stream_playing=false peak_db=-200.0 mix_rate=48000 latency=0.0880 @ http://localhost:8770/index.js:451
[  561397ms] [LOG] MON 1 playing=false pos=0.000 stream_playing=false peak_db=-200.0 mix_rate=48000 latency=0.0880 @ http://localhost:8770/index.js:451
[  561646ms] [LOG] MON 1 playing=false pos=0.000 stream_playing=false peak_db=-200.0 mix_rate=48000 latency=0.0880 @ http://localhost:8770/index.js:451
[  561897ms] [LOG] MON 1 playing=false pos=0.000 stream_playing=false peak_db=-200.0 mix_rate=48000 latency=0.0880 @ http://localhost:8770/index.js:451
[  562146ms] [LOG] MON 1 playing=false pos=0.000 stream_playing=false peak_db=-200.0 mix_rate=48000 latency=0.0880 @ http://localhost:8770/index.js:451
[  562399ms] [LOG] MON 1 playing=false pos=0.000 stream_playing=false peak_db=-200.0 mix_rate=48000 latency=0.0880 @ http://localhost:8770/index.js:451
[  562646ms] [LOG] MON 1 playing=false pos=0.000 stream_playing=false peak_db=-200.0 mix_rate=48000 latency=0.0880 @ http://localhost:8770/index.js:451
[  562898ms] [LOG] MON 1 playing=false pos=0.000 stream_playing=false peak_db=-200.0 mix_rate=48000 latency=0.0880 @ http://localhost:8770/index.js:451
[  563146ms] [LOG] MON 1 playing=false pos=0.000 stream_playing=false peak_db=-200.0 mix_rate=48000 latency=0.0880 @ http://localhost:8770/index.js:451
[  563396ms] [LOG] MON 1 playing=false pos=0.000 stream_playing=false peak_db=-200.0 mix_rate=48000 latency=0.0880 @ http://localhost:8770/index.js:451
[  563647ms] [LOG] MON 1 playing=false pos=0.000 stream_playing=false peak_db=-200.0 mix_rate=48000 latency=0.0880 @ http://localhost:8770/index.js:451
[  563897ms] [LOG] MON 1 playing=false pos=0.000 stream_playing=false peak_db=-200.0 mix_rate=48000 latency=0.0880 @ http://localhost:8770/index.js:451
[  564146ms] [LOG] MON 1 playing=false pos=0.000 stream_playing=false peak_db=-200.0 mix_rate=48000 latency=0.0880 @ http://localhost:8770/index.js:451
[  564397ms] [LOG] MON 1 playing=false pos=0.000 stream_playing=false peak_db=-200.0 mix_rate=48000 latency=0.0880 @ http://localhost:8770/index.js:451
[  564646ms] [LOG] MON 1 playing=false pos=0.000 stream_playing=false peak_db=-200.0 mix_rate=48000 latency=0.0880 @ http://localhost:8770/index.js:451
[  564897ms] [LOG] MON 1 playing=false pos=0.000 stream_playing=false peak_db=-200.0 mix_rate=48000 latency=0.0880 @ http://localhost:8770/index.js:451
[  565146ms] [LOG] MON 1 playing=false pos=0.000 stream_playing=false peak_db=-200.0 mix_rate=48000 latency=0.0880 @ http://localhost:8770/index.js:451
[  565396ms] [LOG] MON 1 playing=false pos=0.000 stream_playing=false peak_db=-200.0 mix_rate=48000 latency=0.0880 @ http://localhost:8770/index.js:451
[  565646ms] [LOG] MON 1 playing=false pos=0.000 stream_playing=false peak_db=-200.0 mix_rate=48000 latency=0.0880 @ http://localhost:8770/index.js:451
[  565896ms] [LOG] MON 1 playing=false pos=0.000 stream_playing=false peak_db=-200.0 mix_rate=48000 latency=0.0880 @ http://localhost:8770/index.js:451
[  566146ms] [LOG] MON 1 playing=false pos=0.000 stream_playing=false peak_db=-200.0 mix_rate=48000 latency=0.0880 @ http://localhost:8770/index.js:451
[  566397ms] [LOG] MON 1 playing=false pos=0.000 stream_playing=false peak_db=-200.0 mix_rate=48000 latency=0.0880 @ http://localhost:8770/index.js:451
[  566647ms] [LOG] MON 1 playing=false pos=0.000 stream_playing=false peak_db=-200.0 mix_rate=48000 latency=0.0880 @ http://localhost:8770/index.js:451
[  566897ms] [LOG] MON 1 playing=false pos=0.000 stream_playing=false peak_db=-200.0 mix_rate=48000 latency=0.0880 @ http://localhost:8770/index.js:451
[  567147ms] [LOG] MON 1 playing=false pos=0.000 stream_playing=false peak_db=-200.0 mix_rate=48000 latency=0.0880 @ http://localhost:8770/index.js:451
[  567396ms] [LOG] MON 1 playing=false pos=0.000 stream_playing=false peak_db=-200.0 mix_rate=48000 latency=0.0880 @ http://localhost:8770/index.js:451
[  567646ms] [LOG] MON 1 playing=false pos=0.000 stream_playing=false peak_db=-200.0 mix_rate=48000 latency=0.0880 @ http://localhost:8770/index.js:451
[  567897ms] [LOG] MON 1 playing=false pos=0.000 stream_playing=false peak_db=-200.0 mix_rate=48000 latency=0.0880 @ http://localhost:8770/index.js:451
[  568147ms] [LOG] MON 1 playing=false pos=0.000 stream_playing=false peak_db=-200.0 mix_rate=48000 latency=0.0880 @ http://localhost:8770/index.js:451
[  568398ms] [LOG] MON 1 playing=false pos=0.000 stream_playing=false peak_db=-200.0 mix_rate=48000 latency=0.0880 @ http://localhost:8770/index.js:451
[  568646ms] [LOG] MON 1 playing=false pos=0.000 stream_playing=false peak_db=-200.0 mix_rate=48000 latency=0.0880 @ http://localhost:8770/index.js:451
[  568896ms] [LOG] MON 1 playing=false pos=0.000 stream_playing=false peak_db=-200.0 mix_rate=48000 latency=0.0880 @ http://localhost:8770/index.js:451
[  569147ms] [LOG] MON 1 playing=false pos=0.000 stream_playing=false peak_db=-200.0 mix_rate=48000 latency=0.0880 @ http://localhost:8770/index.js:451
[  569396ms] [LOG] MON 1 playing=false pos=0.000 stream_playing=false peak_db=-200.0 mix_rate=48000 latency=0.0880 @ http://localhost:8770/index.js:451
[  569647ms] [LOG] MON 1 playing=false pos=0.000 stream_playing=false peak_db=-200.0 mix_rate=48000 latency=0.0880 @ http://localhost:8770/index.js:451
[  569897ms] [LOG] MON 1 playing=false pos=0.000 stream_playing=false peak_db=-200.0 mix_rate=48000 latency=0.0880 @ http://localhost:8770/index.js:451
[  570146ms] [LOG] MON 1 playing=false pos=0.000 stream_playing=false peak_db=-200.0 mix_rate=48000 latency=0.0880 @ http://localhost:8770/index.js:451
[  570398ms] [LOG] MON 1 playing=false pos=0.000 stream_playing=false peak_db=-200.0 mix_rate=48000 latency=0.0880 @ http://localhost:8770/index.js:451
[  570647ms] [LOG] MON 1 playing=false pos=0.000 stream_playing=false peak_db=-200.0 mix_rate=48000 latency=0.0880 @ http://localhost:8770/index.js:451
[  570902ms] [LOG] MON 1 playing=false pos=0.000 stream_playing=false peak_db=-200.0 mix_rate=48000 latency=0.0880 @ http://localhost:8770/index.js:451
[  571146ms] [LOG] MON 1 playing=false pos=0.000 stream_playing=false peak_db=-200.0 mix_rate=48000 latency=0.0880 @ http://localhost:8770/index.js:451
[  571397ms] [LOG] MON 1 playing=false pos=0.000 stream_playing=false peak_db=-200.0 mix_rate=48000 latency=0.0880 @ http://localhost:8770/index.js:451
[  571646ms] [LOG] MON 1 playing=false pos=0.000 stream_playing=false peak_db=-200.0 mix_rate=48000 latency=0.0880 @ http://localhost:8770/index.js:451
[  571898ms] [LOG] MON 1 playing=false pos=0.000 stream_playing=false peak_db=-200.0 mix_rate=48000 latency=0.0880 @ http://localhost:8770/index.js:451
[  572146ms] [LOG] MON 1 playing=false pos=0.000 stream_playing=false peak_db=-200.0 mix_rate=48000 latency=0.0880 @ http://localhost:8770/index.js:451
[  572397ms] [LOG] MON 1 playing=false pos=0.000 stream_playing=false peak_db=-200.0 mix_rate=48000 latency=0.0880 @ http://localhost:8770/index.js:451
[  572647ms] [LOG] MON 1 playing=false pos=0.000 stream_playing=false peak_db=-200.0 mix_rate=48000 latency=0.0880 @ http://localhost:8770/index.js:451
[  572898ms] [LOG] MON 1 playing=false pos=0.000 stream_playing=false peak_db=-200.0 mix_rate=48000 latency=0.0880 @ http://localhost:8770/index.js:451
[  573150ms] [LOG] MON 1 playing=false pos=0.000 stream_playing=false peak_db=-200.0 mix_rate=48000 latency=0.0880 @ http://localhost:8770/index.js:451
[  573396ms] [LOG] MON 1 playing=false pos=0.000 stream_playing=false peak_db=-200.0 mix_rate=48000 latency=0.0880 @ http://localhost:8770/index.js:451
[  573647ms] [LOG] MON 1 playing=false pos=0.000 stream_playing=false peak_db=-200.0 mix_rate=48000 latency=0.0880 @ http://localhost:8770/index.js:451
[  573897ms] [LOG] MON 1 playing=false pos=0.000 stream_playing=false peak_db=-200.0 mix_rate=48000 latency=0.0880 @ http://localhost:8770/index.js:451
[  574147ms] [LOG] MON 1 playing=false pos=0.000 stream_playing=false peak_db=-200.0 mix_rate=48000 latency=0.0880 @ http://localhost:8770/index.js:451
[  574397ms] [LOG] MON 1 playing=false pos=0.000 stream_playing=false peak_db=-200.0 mix_rate=48000 latency=0.0880 @ http://localhost:8770/index.js:451
[  574646ms] [LOG] MON 1 playing=false pos=0.000 stream_playing=false peak_db=-200.0 mix_rate=48000 latency=0.0880 @ http://localhost:8770/index.js:451
[  574896ms] [LOG] MON 1 playing=false pos=0.000 stream_playing=false peak_db=-200.0 mix_rate=48000 latency=0.0880 @ http://localhost:8770/index.js:451
[  575146ms] [LOG] MON 1 playing=false pos=0.000 stream_playing=false peak_db=-200.0 mix_rate=48000 latency=0.0880 @ http://localhost:8770/index.js:451
[  575398ms] [LOG] MON 1 playing=false pos=0.000 stream_playing=false peak_db=-200.0 mix_rate=48000 latency=0.0880 @ http://localhost:8770/index.js:451
[  575646ms] [LOG] MON 1 playing=false pos=0.000 stream_playing=false peak_db=-200.0 mix_rate=48000 latency=0.0880 @ http://localhost:8770/index.js:451
[  575896ms] [LOG] MON 1 playing=false pos=0.000 stream_playing=false peak_db=-200.0 mix_rate=48000 latency=0.0880 @ http://localhost:8770/index.js:451
[  576146ms] [LOG] MON 1 playing=false pos=0.000 stream_playing=false peak_db=-200.0 mix_rate=48000 latency=0.0880 @ http://localhost:8770/index.js:451
[  576399ms] [LOG] MON 1 playing=false pos=0.000 stream_playing=false peak_db=-200.0 mix_rate=48000 latency=0.0880 @ http://localhost:8770/index.js:451
[  576647ms] [LOG] MON 1 playing=false pos=0.000 stream_playing=false peak_db=-200.0 mix_rate=48000 latency=0.0880 @ http://localhost:8770/index.js:451
[  576897ms] [LOG] MON 1 playing=false pos=0.000 stream_playing=false peak_db=-200.0 mix_rate=48000 latency=0.0880 @ http://localhost:8770/index.js:451
[  577147ms] [LOG] MON 1 playing=false pos=0.000 stream_playing=false peak_db=-200.0 mix_rate=48000 latency=0.0880 @ http://localhost:8770/index.js:451
[  577396ms] [LOG] MON 1 playing=false pos=0.000 stream_playing=false peak_db=-200.0 mix_rate=48000 latency=0.0880 @ http://localhost:8770/index.js:451
[  577646ms] [LOG] MON 1 playing=false pos=0.000 stream_playing=false peak_db=-200.0 mix_rate=48000 latency=0.0880 @ http://localhost:8770/index.js:451
[  577896ms] [LOG] MON 1 playing=false pos=0.000 stream_playing=false peak_db=-200.0 mix_rate=48000 latency=0.0880 @ http://localhost:8770/index.js:451
[  578146ms] [LOG] MON 1 playing=false pos=0.000 stream_playing=false peak_db=-200.0 mix_rate=48000 latency=0.0880 @ http://localhost:8770/index.js:451
[  578397ms] [LOG] MON 1 playing=false pos=0.000 stream_playing=false peak_db=-200.0 mix_rate=48000 latency=0.0880 @ http://localhost:8770/index.js:451
[  578646ms] [LOG] MON 1 playing=false pos=0.000 stream_playing=false peak_db=-200.0 mix_rate=48000 latency=0.0880 @ http://localhost:8770/index.js:451
[  578897ms] [LOG] MON 1 playing=false pos=0.000 stream_playing=false peak_db=-200.0 mix_rate=48000 latency=0.0880 @ http://localhost:8770/index.js:451
[  579146ms] [LOG] MON 1 playing=false pos=0.000 stream_playing=false peak_db=-200.0 mix_rate=48000 latency=0.0880 @ http://localhost:8770/index.js:451
[  579396ms] [LOG] MON 1 playing=false pos=0.000 stream_playing=false peak_db=-200.0 mix_rate=48000 latency=0.0880 @ http://localhost:8770/index.js:451
[  579647ms] [LOG] MON 1 playing=false pos=0.000 stream_playing=false peak_db=-200.0 mix_rate=48000 latency=0.0880 @ http://localhost:8770/index.js:451
[  579898ms] [LOG] MON 1 playing=false pos=0.000 stream_playing=false peak_db=-200.0 mix_rate=48000 latency=0.0880 @ http://localhost:8770/index.js:451
[  580147ms] [LOG] MON 1 playing=false pos=0.000 stream_playing=false peak_db=-200.0 mix_rate=48000 latency=0.0880 @ http://localhost:8770/index.js:451
[  580395ms] [LOG] MON 1 playing=false pos=0.000 stream_playing=false peak_db=-200.0 mix_rate=48000 latency=0.0880 @ http://localhost:8770/index.js:451
[  580648ms] [LOG] MON 1 playing=false pos=0.000 stream_playing=false peak_db=-200.0 mix_rate=48000 latency=0.0880 @ http://localhost:8770/index.js:451
[  580896ms] [LOG] MON 1 playing=false pos=0.000 stream_playing=false peak_db=-200.0 mix_rate=48000 latency=0.0880 @ http://localhost:8770/index.js:451
[  581147ms] [LOG] MON 1 playing=false pos=0.000 stream_playing=false peak_db=-200.0 mix_rate=48000 latency=0.0880 @ http://localhost:8770/index.js:451
[  581396ms] [LOG] MON 1 playing=false pos=0.000 stream_playing=false peak_db=-200.0 mix_rate=48000 latency=0.0880 @ http://localhost:8770/index.js:451
[  581646ms] [LOG] MON 1 playing=false pos=0.000 stream_playing=false peak_db=-200.0 mix_rate=48000 latency=0.0880 @ http://localhost:8770/index.js:451
[  581896ms] [LOG] MON 1 playing=false pos=0.000 stream_playing=false peak_db=-200.0 mix_rate=48000 latency=0.0880 @ http://localhost:8770/index.js:451
[  582146ms] [LOG] MON 1 playing=false pos=0.000 stream_playing=false peak_db=-200.0 mix_rate=48000 latency=0.0880 @ http://localhost:8770/index.js:451
[  582397ms] [LOG] MON 1 playing=false pos=0.000 stream_playing=false peak_db=-200.0 mix_rate=48000 latency=0.0880 @ http://localhost:8770/index.js:451
[  582647ms] [LOG] MON 1 playing=false pos=0.000 stream_playing=false peak_db=-200.0 mix_rate=48000 latency=0.0880 @ http://localhost:8770/index.js:451
[  582898ms] [LOG] MON 1 playing=false pos=0.000 stream_playing=false peak_db=-200.0 mix_rate=48000 latency=0.0880 @ http://localhost:8770/index.js:451
[  583146ms] [LOG] MON 1 playing=false pos=0.000 stream_playing=false peak_db=-200.0 mix_rate=48000 latency=0.0880 @ http://localhost:8770/index.js:451
[  583397ms] [LOG] MON 1 playing=false pos=0.000 stream_playing=false peak_db=-200.0 mix_rate=48000 latency=0.0880 @ http://localhost:8770/index.js:451
[  583647ms] [LOG] MON 1 playing=false pos=0.000 stream_playing=false peak_db=-200.0 mix_rate=48000 latency=0.0880 @ http://localhost:8770/index.js:451
[  583897ms] [LOG] MON 1 playing=false pos=0.000 stream_playing=false peak_db=-200.0 mix_rate=48000 latency=0.0880 @ http://localhost:8770/index.js:451
[  584146ms] [LOG] MON 1 playing=false pos=0.000 stream_playing=false peak_db=-200.0 mix_rate=48000 latency=0.0880 @ http://localhost:8770/index.js:451
[  584396ms] [LOG] MON 1 playing=false pos=0.000 stream_playing=false peak_db=-200.0 mix_rate=48000 latency=0.0880 @ http://localhost:8770/index.js:451
[  584647ms] [LOG] MON 1 playing=false pos=0.000 stream_playing=false peak_db=-200.0 mix_rate=48000 latency=0.0880 @ http://localhost:8770/index.js:451
[  584898ms] [LOG] MON 1 playing=false pos=0.000 stream_playing=false peak_db=-200.0 mix_rate=48000 latency=0.0880 @ http://localhost:8770/index.js:451
[  585145ms] [LOG] MON 1 playing=false pos=0.000 stream_playing=false peak_db=-200.0 mix_rate=48000 latency=0.0880 @ http://localhost:8770/index.js:451
[  585396ms] [LOG] MON 1 playing=false pos=0.000 stream_playing=false peak_db=-200.0 mix_rate=48000 latency=0.0880 @ http://localhost:8770/index.js:451
[  585648ms] [LOG] MON 1 playing=false pos=0.000 stream_playing=false peak_db=-200.0 mix_rate=48000 latency=0.0880 @ http://localhost:8770/index.js:451
[  585896ms] [LOG] MON 1 playing=false pos=0.000 stream_playing=false peak_db=-200.0 mix_rate=48000 latency=0.0880 @ http://localhost:8770/index.js:451
[  586147ms] [LOG] MON 1 playing=false pos=0.000 stream_playing=false peak_db=-200.0 mix_rate=48000 latency=0.0880 @ http://localhost:8770/index.js:451
[  586397ms] [LOG] MON 1 playing=false pos=0.000 stream_playing=false peak_db=-200.0 mix_rate=48000 latency=0.0880 @ http://localhost:8770/index.js:451
[  586647ms] [LOG] MON 1 playing=false pos=0.000 stream_playing=false peak_db=-200.0 mix_rate=48000 latency=0.0880 @ http://localhost:8770/index.js:451
[  586896ms] [LOG] MON 1 playing=false pos=0.000 stream_playing=false peak_db=-200.0 mix_rate=48000 latency=0.0880 @ http://localhost:8770/index.js:451
[  587148ms] [LOG] MON 1 playing=false pos=0.000 stream_playing=false peak_db=-200.0 mix_rate=48000 latency=0.0880 @ http://localhost:8770/index.js:451
[  587396ms] [LOG] MON 1 playing=false pos=0.000 stream_playing=false peak_db=-200.0 mix_rate=48000 latency=0.0880 @ http://localhost:8770/index.js:451
[  587646ms] [LOG] MON 1 playing=false pos=0.000 stream_playing=false peak_db=-200.0 mix_rate=48000 latency=0.0880 @ http://localhost:8770/index.js:451
[  587897ms] [LOG] MON 1 playing=false pos=0.000 stream_playing=false peak_db=-200.0 mix_rate=48000 latency=0.0880 @ http://localhost:8770/index.js:451
[  588147ms] [LOG] MON 1 playing=false pos=0.000 stream_playing=false peak_db=-200.0 mix_rate=48000 latency=0.0880 @ http://localhost:8770/index.js:451
[  588396ms] [LOG] MON 1 playing=false pos=0.000 stream_playing=false peak_db=-200.0 mix_rate=48000 latency=0.0880 @ http://localhost:8770/index.js:451
[  588647ms] [LOG] MON 1 playing=false pos=0.000 stream_playing=false peak_db=-200.0 mix_rate=48000 latency=0.0880 @ http://localhost:8770/index.js:451
[  588897ms] [LOG] MON 1 playing=false pos=0.000 stream_playing=false peak_db=-200.0 mix_rate=48000 latency=0.0880 @ http://localhost:8770/index.js:451
[  589147ms] [LOG] MON 1 playing=false pos=0.000 stream_playing=false peak_db=-200.0 mix_rate=48000 latency=0.0880 @ http://localhost:8770/index.js:451
[  589395ms] [LOG] MON 1 playing=false pos=0.000 stream_playing=false peak_db=-200.0 mix_rate=48000 latency=0.0880 @ http://localhost:8770/index.js:451
[  589646ms] [LOG] MON 1 playing=false pos=0.000 stream_playing=false peak_db=-200.0 mix_rate=48000 latency=0.0880 @ http://localhost:8770/index.js:451
[  589896ms] [LOG] MON 1 playing=false pos=0.000 stream_playing=false peak_db=-200.0 mix_rate=48000 latency=0.0880 @ http://localhost:8770/index.js:451
[  590147ms] [LOG] MON 1 playing=false pos=0.000 stream_playing=false peak_db=-200.0 mix_rate=48000 latency=0.0880 @ http://localhost:8770/index.js:451
[  590396ms] [LOG] MON 1 playing=false pos=0.000 stream_playing=false peak_db=-200.0 mix_rate=48000 latency=0.0880 @ http://localhost:8770/index.js:451
[  590647ms] [LOG] MON 1 playing=false pos=0.000 stream_playing=false peak_db=-200.0 mix_rate=48000 latency=0.0880 @ http://localhost:8770/index.js:451
[  590898ms] [LOG] MON 1 playing=false pos=0.000 stream_playing=false peak_db=-200.0 mix_rate=48000 latency=0.0880 @ http://localhost:8770/index.js:451
[  591146ms] [LOG] MON 1 playing=false pos=0.000 stream_playing=false peak_db=-200.0 mix_rate=48000 latency=0.0880 @ http://localhost:8770/index.js:451
[  591397ms] [LOG] MON 1 playing=false pos=0.000 stream_playing=false peak_db=-200.0 mix_rate=48000 latency=0.0880 @ http://localhost:8770/index.js:451
[  591647ms] [LOG] MON 1 playing=false pos=0.000 stream_playing=false peak_db=-200.0 mix_rate=48000 latency=0.0880 @ http://localhost:8770/index.js:451
[  591896ms] [LOG] MON 1 playing=false pos=0.000 stream_playing=false peak_db=-200.0 mix_rate=48000 latency=0.0880 @ http://localhost:8770/index.js:451
[  592147ms] [LOG] MON 1 playing=false pos=0.000 stream_playing=false peak_db=-200.0 mix_rate=48000 latency=0.0880 @ http://localhost:8770/index.js:451
[  592396ms] [LOG] MON 1 playing=false pos=0.000 stream_playing=false peak_db=-200.0 mix_rate=48000 latency=0.0880 @ http://localhost:8770/index.js:451
[  592647ms] [LOG] MON 1 playing=false pos=0.000 stream_playing=false peak_db=-200.0 mix_rate=48000 latency=0.0880 @ http://localhost:8770/index.js:451
[  592896ms] [LOG] MON 1 playing=false pos=0.000 stream_playing=false peak_db=-200.0 mix_rate=48000 latency=0.0880 @ http://localhost:8770/index.js:451
[  593147ms] [LOG] MON 1 playing=false pos=0.000 stream_playing=false peak_db=-200.0 mix_rate=48000 latency=0.0880 @ http://localhost:8770/index.js:451
[  593397ms] [LOG] MON 1 playing=false pos=0.000 stream_playing=false peak_db=-200.0 mix_rate=48000 latency=0.0880 @ http://localhost:8770/index.js:451
[  593647ms] [LOG] MON 1 playing=false pos=0.000 stream_playing=false peak_db=-200.0 mix_rate=48000 latency=0.0880 @ http://localhost:8770/index.js:451
[  593896ms] [LOG] MON 1 playing=false pos=0.000 stream_playing=false peak_db=-200.0 mix_rate=48000 latency=0.0880 @ http://localhost:8770/index.js:451
[  594147ms] [LOG] MON 1 playing=false pos=0.000 stream_playing=false peak_db=-200.0 mix_rate=48000 latency=0.0880 @ http://localhost:8770/index.js:451
[  594397ms] [LOG] MON 1 playing=false pos=0.000 stream_playing=false peak_db=-200.0 mix_rate=48000 latency=0.0880 @ http://localhost:8770/index.js:451
[  594647ms] [LOG] MON 1 playing=false pos=0.000 stream_playing=false peak_db=-200.0 mix_rate=48000 latency=0.0880 @ http://localhost:8770/index.js:451
[  594897ms] [LOG] MON 1 playing=false pos=0.000 stream_playing=false peak_db=-200.0 mix_rate=48000 latency=0.0880 @ http://localhost:8770/index.js:451
[  595145ms] [LOG] MON 1 playing=false pos=0.000 stream_playing=false peak_db=-200.0 mix_rate=48000 latency=0.0880 @ http://localhost:8770/index.js:451
[  595396ms] [LOG] MON 1 playing=false pos=0.000 stream_playing=false peak_db=-200.0 mix_rate=48000 latency=0.0880 @ http://localhost:8770/index.js:451
[  595646ms] [LOG] MON 1 playing=false pos=0.000 stream_playing=false peak_db=-200.0 mix_rate=48000 latency=0.0880 @ http://localhost:8770/index.js:451
[  595897ms] [LOG] MON 1 playing=false pos=0.000 stream_playing=false peak_db=-200.0 mix_rate=48000 latency=0.0880 @ http://localhost:8770/index.js:451
[  596147ms] [LOG] MON 1 playing=false pos=0.000 stream_playing=false peak_db=-200.0 mix_rate=48000 latency=0.0880 @ http://localhost:8770/index.js:451
[  596397ms] [LOG] MON 1 playing=false pos=0.000 stream_playing=false peak_db=-200.0 mix_rate=48000 latency=0.0880 @ http://localhost:8770/index.js:451
[  596648ms] [LOG] MON 1 playing=false pos=0.000 stream_playing=false peak_db=-200.0 mix_rate=48000 latency=0.0880 @ http://localhost:8770/index.js:451
[  596898ms] [LOG] MON 1 playing=false pos=0.000 stream_playing=false peak_db=-200.0 mix_rate=48000 latency=0.0880 @ http://localhost:8770/index.js:451
[  597146ms] [LOG] MON 1 playing=false pos=0.000 stream_playing=false peak_db=-200.0 mix_rate=48000 latency=0.0880 @ http://localhost:8770/index.js:451
[  597397ms] [LOG] MON 1 playing=false pos=0.000 stream_playing=false peak_db=-200.0 mix_rate=48000 latency=0.0880 @ http://localhost:8770/index.js:451
[  597648ms] [LOG] MON 1 playing=false pos=0.000 stream_playing=false peak_db=-200.0 mix_rate=48000 latency=0.0880 @ http://localhost:8770/index.js:451
[  597901ms] [LOG] MON 1 playing=false pos=0.000 stream_playing=false peak_db=-200.0 mix_rate=48000 latency=0.0880 @ http://localhost:8770/index.js:451
[  598148ms] [LOG] MON 1 playing=false pos=0.000 stream_playing=false peak_db=-200.0 mix_rate=48000 latency=0.0880 @ http://localhost:8770/index.js:451
[  598397ms] [LOG] MON 1 playing=false pos=0.000 stream_playing=false peak_db=-200.0 mix_rate=48000 latency=0.0880 @ http://localhost:8770/index.js:451
[  598648ms] [LOG] MON 1 playing=false pos=0.000 stream_playing=false peak_db=-200.0 mix_rate=48000 latency=0.0880 @ http://localhost:8770/index.js:451
[  598898ms] [LOG] MON 1 playing=false pos=0.000 stream_playing=false peak_db=-200.0 mix_rate=48000 latency=0.0880 @ http://localhost:8770/index.js:451
[  599146ms] [LOG] MON 1 playing=false pos=0.000 stream_playing=false peak_db=-200.0 mix_rate=48000 latency=0.0880 @ http://localhost:8770/index.js:451
[  599396ms] [LOG] MON 1 playing=false pos=0.000 stream_playing=false peak_db=-200.0 mix_rate=48000 latency=0.0880 @ http://localhost:8770/index.js:451
[  599647ms] [LOG] MON 1 playing=false pos=0.000 stream_playing=false peak_db=-200.0 mix_rate=48000 latency=0.0880 @ http://localhost:8770/index.js:451
[  599897ms] [LOG] MON 1 playing=false pos=0.000 stream_playing=false peak_db=-200.0 mix_rate=48000 latency=0.0880 @ http://localhost:8770/index.js:451
[  600148ms] [LOG] MON 1 playing=false pos=0.000 stream_playing=false peak_db=-200.0 mix_rate=48000 latency=0.0880 @ http://localhost:8770/index.js:451
[  600397ms] [LOG] MON 1 playing=false pos=0.000 stream_playing=false peak_db=-200.0 mix_rate=48000 latency=0.0880 @ http://localhost:8770/index.js:451
[  600647ms] [LOG] MON 1 playing=false pos=0.000 stream_playing=false peak_db=-200.0 mix_rate=48000 latency=0.0880 @ http://localhost:8770/index.js:451
[  600899ms] [LOG] MON 1 playing=false pos=0.000 stream_playing=false peak_db=-200.0 mix_rate=48000 latency=0.0880 @ http://localhost:8770/index.js:451
[  601148ms] [LOG] MON 1 playing=false pos=0.000 stream_playing=false peak_db=-200.0 mix_rate=48000 latency=0.0880 @ http://localhost:8770/index.js:451
[  601398ms] [LOG] MON 1 playing=false pos=0.000 stream_playing=false peak_db=-200.0 mix_rate=48000 latency=0.0880 @ http://localhost:8770/index.js:451
[  601647ms] [LOG] MON 1 playing=false pos=0.000 stream_playing=false peak_db=-200.0 mix_rate=48000 latency=0.0880 @ http://localhost:8770/index.js:451
[  601897ms] [LOG] MON 1 playing=false pos=0.000 stream_playing=false peak_db=-200.0 mix_rate=48000 latency=0.0880 @ http://localhost:8770/index.js:451
[  602147ms] [LOG] MON 1 playing=false pos=0.000 stream_playing=false peak_db=-200.0 mix_rate=48000 latency=0.0880 @ http://localhost:8770/index.js:451
[  602396ms] [LOG] MON 1 playing=false pos=0.000 stream_playing=false peak_db=-200.0 mix_rate=48000 latency=0.0880 @ http://localhost:8770/index.js:451
[  602648ms] [LOG] MON 1 playing=false pos=0.000 stream_playing=false peak_db=-200.0 mix_rate=48000 latency=0.0880 @ http://localhost:8770/index.js:451
[  602899ms] [LOG] MON 1 playing=false pos=0.000 stream_playing=false peak_db=-200.0 mix_rate=48000 latency=0.0880 @ http://localhost:8770/index.js:451
[  603147ms] [LOG] MON 1 playing=false pos=0.000 stream_playing=false peak_db=-200.0 mix_rate=48000 latency=0.0880 @ http://localhost:8770/index.js:451
[  603400ms] [LOG] MON 1 playing=false pos=0.000 stream_playing=false peak_db=-200.0 mix_rate=48000 latency=0.0880 @ http://localhost:8770/index.js:451
[  603649ms] [LOG] MON 1 playing=false pos=0.000 stream_playing=false peak_db=-200.0 mix_rate=48000 latency=0.0880 @ http://localhost:8770/index.js:451
[  603898ms] [LOG] MON 1 playing=false pos=0.000 stream_playing=false peak_db=-200.0 mix_rate=48000 latency=0.0880 @ http://localhost:8770/index.js:451
[  604148ms] [LOG] MON 1 playing=false pos=0.000 stream_playing=false peak_db=-200.0 mix_rate=48000 latency=0.0880 @ http://localhost:8770/index.js:451
[  604398ms] [LOG] MON 1 playing=false pos=0.000 stream_playing=false peak_db=-200.0 mix_rate=48000 latency=0.0880 @ http://localhost:8770/index.js:451
[  604648ms] [LOG] MON 1 playing=false pos=0.000 stream_playing=false peak_db=-200.0 mix_rate=48000 latency=0.0880 @ http://localhost:8770/index.js:451
[  604898ms] [LOG] MON 1 playing=false pos=0.000 stream_playing=false peak_db=-200.0 mix_rate=48000 latency=0.0880 @ http://localhost:8770/index.js:451
[  605149ms] [LOG] MON 1 playing=false pos=0.000 stream_playing=false peak_db=-200.0 mix_rate=48000 latency=0.0880 @ http://localhost:8770/index.js:451
[  605400ms] [LOG] MON 1 playing=false pos=0.000 stream_playing=false peak_db=-200.0 mix_rate=48000 latency=0.0880 @ http://localhost:8770/index.js:451
[  605648ms] [LOG] MON 1 playing=false pos=0.000 stream_playing=false peak_db=-200.0 mix_rate=48000 latency=0.0880 @ http://localhost:8770/index.js:451
[  605902ms] [LOG] MON 1 playing=false pos=0.000 stream_playing=false peak_db=-200.0 mix_rate=48000 latency=0.0880 @ http://localhost:8770/index.js:451
[  606146ms] [LOG] MON 1 playing=false pos=0.000 stream_playing=false peak_db=-200.0 mix_rate=48000 latency=0.0880 @ http://localhost:8770/index.js:451
[  606399ms] [LOG] MON 1 playing=false pos=0.000 stream_playing=false peak_db=-200.0 mix_rate=48000 latency=0.0880 @ http://localhost:8770/index.js:451
[  606673ms] [LOG] MON 1 playing=false pos=0.000 stream_playing=false peak_db=-200.0 mix_rate=48000 latency=0.0880 @ http://localhost:8770/index.js:451
[  606900ms] [LOG] MON 1 playing=false pos=0.000 stream_playing=false peak_db=-200.0 mix_rate=48000 latency=0.0880 @ http://localhost:8770/index.js:451
[  607149ms] [LOG] MON 1 playing=false pos=0.000 stream_playing=false peak_db=-200.0 mix_rate=48000 latency=0.0880 @ http://localhost:8770/index.js:451
[  607401ms] [LOG] MON 1 playing=false pos=0.000 stream_playing=false peak_db=-200.0 mix_rate=48000 latency=0.0880 @ http://localhost:8770/index.js:451
[  607649ms] [LOG] MON 1 playing=false pos=0.000 stream_playing=false peak_db=-200.0 mix_rate=48000 latency=0.0880 @ http://localhost:8770/index.js:451
[  607910ms] [LOG] MON 1 playing=false pos=0.000 stream_playing=false peak_db=-200.0 mix_rate=48000 latency=0.0880 @ http://localhost:8770/index.js:451
[  608150ms] [LOG] MON 1 playing=false pos=0.000 stream_playing=false peak_db=-200.0 mix_rate=48000 latency=0.0880 @ http://localhost:8770/index.js:451
[  608399ms] [LOG] MON 1 playing=false pos=0.000 stream_playing=false peak_db=-200.0 mix_rate=48000 latency=0.0880 @ http://localhost:8770/index.js:451
[  608647ms] [LOG] MON 1 playing=false pos=0.000 stream_playing=false peak_db=-200.0 mix_rate=48000 latency=0.0880 @ http://localhost:8770/index.js:451
[  608898ms] [LOG] MON 1 playing=false pos=0.000 stream_playing=false peak_db=-200.0 mix_rate=48000 latency=0.0880 @ http://localhost:8770/index.js:451
[  609146ms] [LOG] MON 1 playing=false pos=0.000 stream_playing=false peak_db=-200.0 mix_rate=48000 latency=0.0880 @ http://localhost:8770/index.js:451
[  609397ms] [LOG] MON 1 playing=false pos=0.000 stream_playing=false peak_db=-200.0 mix_rate=48000 latency=0.0880 @ http://localhost:8770/index.js:451
[  609647ms] [LOG] MON 1 playing=false pos=0.000 stream_playing=false peak_db=-200.0 mix_rate=48000 latency=0.0880 @ http://localhost:8770/index.js:451
[  609897ms] [LOG] MON 1 playing=false pos=0.000 stream_playing=false peak_db=-200.0 mix_rate=48000 latency=0.0880 @ http://localhost:8770/index.js:451
[  610147ms] [LOG] MON 1 playing=false pos=0.000 stream_playing=false peak_db=-200.0 mix_rate=48000 latency=0.0880 @ http://localhost:8770/index.js:451
[  610396ms] [LOG] MON 1 playing=false pos=0.000 stream_playing=false peak_db=-200.0 mix_rate=48000 latency=0.0880 @ http://localhost:8770/index.js:451
[  610647ms] [LOG] MON 1 playing=false pos=0.000 stream_playing=false peak_db=-200.0 mix_rate=48000 latency=0.0880 @ http://localhost:8770/index.js:451
[  610896ms] [LOG] MON 1 playing=false pos=0.000 stream_playing=false peak_db=-200.0 mix_rate=48000 latency=0.0880 @ http://localhost:8770/index.js:451
[  611147ms] [LOG] MON 1 playing=false pos=0.000 stream_playing=false peak_db=-200.0 mix_rate=48000 latency=0.0880 @ http://localhost:8770/index.js:451
[  611398ms] [LOG] MON 1 playing=false pos=0.000 stream_playing=false peak_db=-200.0 mix_rate=48000 latency=0.0880 @ http://localhost:8770/index.js:451
[  611649ms] [LOG] MON 1 playing=false pos=0.000 stream_playing=false peak_db=-200.0 mix_rate=48000 latency=0.0880 @ http://localhost:8770/index.js:451
[  611896ms] [LOG] MON 1 playing=false pos=0.000 stream_playing=false peak_db=-200.0 mix_rate=48000 latency=0.0880 @ http://localhost:8770/index.js:451
[  612146ms] [LOG] MON 1 playing=false pos=0.000 stream_playing=false peak_db=-200.0 mix_rate=48000 latency=0.0880 @ http://localhost:8770/index.js:451
[  612397ms] [LOG] MON 1 playing=false pos=0.000 stream_playing=false peak_db=-200.0 mix_rate=48000 latency=0.0880 @ http://localhost:8770/index.js:451
[  612645ms] [LOG] MON 1 playing=false pos=0.000 stream_playing=false peak_db=-200.0 mix_rate=48000 latency=0.0880 @ http://localhost:8770/index.js:451
[  612898ms] [LOG] MON 1 playing=false pos=0.000 stream_playing=false peak_db=-200.0 mix_rate=48000 latency=0.0880 @ http://localhost:8770/index.js:451
[  613148ms] [LOG] MON 1 playing=false pos=0.000 stream_playing=false peak_db=-200.0 mix_rate=48000 latency=0.0880 @ http://localhost:8770/index.js:451
[  613405ms] [LOG] MON 1 playing=false pos=0.000 stream_playing=false peak_db=-200.0 mix_rate=48000 latency=0.0880 @ http://localhost:8770/index.js:451
[  613647ms] [LOG] MON 1 playing=false pos=0.000 stream_playing=false peak_db=-200.0 mix_rate=48000 latency=0.0880 @ http://localhost:8770/index.js:451
[  613897ms] [LOG] MON 1 playing=false pos=0.000 stream_playing=false peak_db=-200.0 mix_rate=48000 latency=0.0880 @ http://localhost:8770/index.js:451
[  614148ms] [LOG] MON 1 playing=false pos=0.000 stream_playing=false peak_db=-200.0 mix_rate=48000 latency=0.0880 @ http://localhost:8770/index.js:451
[  614396ms] [LOG] MON 1 playing=false pos=0.000 stream_playing=false peak_db=-200.0 mix_rate=48000 latency=0.0880 @ http://localhost:8770/index.js:451
[  614648ms] [LOG] MON 1 playing=false pos=0.000 stream_playing=false peak_db=-200.0 mix_rate=48000 latency=0.0880 @ http://localhost:8770/index.js:451
[  614898ms] [LOG] MON 1 playing=false pos=0.000 stream_playing=false peak_db=-200.0 mix_rate=48000 latency=0.0880 @ http://localhost:8770/index.js:451
[  615146ms] [LOG] MON 1 playing=false pos=0.000 stream_playing=false peak_db=-200.0 mix_rate=48000 latency=0.0880 @ http://localhost:8770/index.js:451
[  615398ms] [LOG] MON 1 playing=false pos=0.000 stream_playing=false peak_db=-200.0 mix_rate=48000 latency=0.0880 @ http://localhost:8770/index.js:451
[  615648ms] [LOG] MON 1 playing=false pos=0.000 stream_playing=false peak_db=-200.0 mix_rate=48000 latency=0.0880 @ http://localhost:8770/index.js:451
[  615896ms] [LOG] MON 1 playing=false pos=0.000 stream_playing=false peak_db=-200.0 mix_rate=48000 latency=0.0880 @ http://localhost:8770/index.js:451
[  616148ms] [LOG] MON 1 playing=false pos=0.000 stream_playing=false peak_db=-200.0 mix_rate=48000 latency=0.0880 @ http://localhost:8770/index.js:451
[  616397ms] [LOG] MON 1 playing=false pos=0.000 stream_playing=false peak_db=-200.0 mix_rate=48000 latency=0.0880 @ http://localhost:8770/index.js:451
[  616647ms] [LOG] MON 1 playing=false pos=0.000 stream_playing=false peak_db=-200.0 mix_rate=48000 latency=0.0880 @ http://localhost:8770/index.js:451
[  616897ms] [LOG] MON 1 playing=false pos=0.000 stream_playing=false peak_db=-200.0 mix_rate=48000 latency=0.0880 @ http://localhost:8770/index.js:451
[  617147ms] [LOG] MON 1 playing=false pos=0.000 stream_playing=false peak_db=-200.0 mix_rate=48000 latency=0.0880 @ http://localhost:8770/index.js:451
[  617396ms] [LOG] MON 1 playing=false pos=0.000 stream_playing=false peak_db=-200.0 mix_rate=48000 latency=0.0880 @ http://localhost:8770/index.js:451
[  617648ms] [LOG] MON 1 playing=false pos=0.000 stream_playing=false peak_db=-200.0 mix_rate=48000 latency=0.0880 @ http://localhost:8770/index.js:451
[  617897ms] [LOG] MON 1 playing=false pos=0.000 stream_playing=false peak_db=-200.0 mix_rate=48000 latency=0.0880 @ http://localhost:8770/index.js:451
[  618147ms] [LOG] MON 1 playing=false pos=0.000 stream_playing=false peak_db=-200.0 mix_rate=48000 latency=0.0880 @ http://localhost:8770/index.js:451
[  618398ms] [LOG] MON 1 playing=false pos=0.000 stream_playing=false peak_db=-200.0 mix_rate=48000 latency=0.0880 @ http://localhost:8770/index.js:451
[  618647ms] [LOG] MON 1 playing=false pos=0.000 stream_playing=false peak_db=-200.0 mix_rate=48000 latency=0.0880 @ http://localhost:8770/index.js:451
[  618896ms] [LOG] MON 1 playing=false pos=0.000 stream_playing=false peak_db=-200.0 mix_rate=48000 latency=0.0880 @ http://localhost:8770/index.js:451
[  619148ms] [LOG] MON 1 playing=false pos=0.000 stream_playing=false peak_db=-200.0 mix_rate=48000 latency=0.0880 @ http://localhost:8770/index.js:451
[  619396ms] [LOG] MON 1 playing=false pos=0.000 stream_playing=false peak_db=-200.0 mix_rate=48000 latency=0.0880 @ http://localhost:8770/index.js:451
[  619648ms] [LOG] MON 1 playing=false pos=0.000 stream_playing=false peak_db=-200.0 mix_rate=48000 latency=0.0880 @ http://localhost:8770/index.js:451
[  619898ms] [LOG] MON 1 playing=false pos=0.000 stream_playing=false peak_db=-200.0 mix_rate=48000 latency=0.0880 @ http://localhost:8770/index.js:451
[  620148ms] [LOG] MON 1 playing=false pos=0.000 stream_playing=false peak_db=-200.0 mix_rate=48000 latency=0.0880 @ http://localhost:8770/index.js:451
[  620397ms] [LOG] MON 1 playing=false pos=0.000 stream_playing=false peak_db=-200.0 mix_rate=48000 latency=0.0880 @ http://localhost:8770/index.js:451
[  620646ms] [LOG] MON 1 playing=false pos=0.000 stream_playing=false peak_db=-200.0 mix_rate=48000 latency=0.0880 @ http://localhost:8770/index.js:451
[  620897ms] [LOG] MON 1 playing=false pos=0.000 stream_playing=false peak_db=-200.0 mix_rate=48000 latency=0.0880 @ http://localhost:8770/index.js:451
[  621148ms] [LOG] MON 1 playing=false pos=0.000 stream_playing=false peak_db=-200.0 mix_rate=48000 latency=0.0880 @ http://localhost:8770/index.js:451
[  621398ms] [LOG] MON 1 playing=false pos=0.000 stream_playing=false peak_db=-200.0 mix_rate=48000 latency=0.0880 @ http://localhost:8770/index.js:451
[  621646ms] [LOG] MON 1 playing=false pos=0.000 stream_playing=false peak_db=-200.0 mix_rate=48000 latency=0.0880 @ http://localhost:8770/index.js:451
[  621898ms] [LOG] MON 1 playing=false pos=0.000 stream_playing=false peak_db=-200.0 mix_rate=48000 latency=0.0880 @ http://localhost:8770/index.js:451
[  622147ms] [LOG] MON 1 playing=false pos=0.000 stream_playing=false peak_db=-200.0 mix_rate=48000 latency=0.0880 @ http://localhost:8770/index.js:451
[  622397ms] [LOG] MON 1 playing=false pos=0.000 stream_playing=false peak_db=-200.0 mix_rate=48000 latency=0.0880 @ http://localhost:8770/index.js:451
[  622648ms] [LOG] MON 1 playing=false pos=0.000 stream_playing=false peak_db=-200.0 mix_rate=48000 latency=0.0880 @ http://localhost:8770/index.js:451
[  622897ms] [LOG] MON 1 playing=false pos=0.000 stream_playing=false peak_db=-200.0 mix_rate=48000 latency=0.0880 @ http://localhost:8770/index.js:451
[  623148ms] [LOG] MON 1 playing=false pos=0.000 stream_playing=false peak_db=-200.0 mix_rate=48000 latency=0.0880 @ http://localhost:8770/index.js:451
[  623397ms] [LOG] MON 1 playing=false pos=0.000 stream_playing=false peak_db=-200.0 mix_rate=48000 latency=0.0880 @ http://localhost:8770/index.js:451
[  623647ms] [LOG] MON 1 playing=false pos=0.000 stream_playing=false peak_db=-200.0 mix_rate=48000 latency=0.0880 @ http://localhost:8770/index.js:451
[  623897ms] [LOG] MON 1 playing=false pos=0.000 stream_playing=false peak_db=-200.0 mix_rate=48000 latency=0.0880 @ http://localhost:8770/index.js:451
[  624146ms] [LOG] MON 1 playing=false pos=0.000 stream_playing=false peak_db=-200.0 mix_rate=48000 latency=0.0880 @ http://localhost:8770/index.js:451
[  624397ms] [LOG] MON 1 playing=false pos=0.000 stream_playing=false peak_db=-200.0 mix_rate=48000 latency=0.0880 @ http://localhost:8770/index.js:451
[  624647ms] [LOG] MON 1 playing=false pos=0.000 stream_playing=false peak_db=-200.0 mix_rate=48000 latency=0.0880 @ http://localhost:8770/index.js:451
[  624898ms] [LOG] MON 1 playing=false pos=0.000 stream_playing=false peak_db=-200.0 mix_rate=48000 latency=0.0880 @ http://localhost:8770/index.js:451
[  625148ms] [LOG] MON 1 playing=false pos=0.000 stream_playing=false peak_db=-200.0 mix_rate=48000 latency=0.0880 @ http://localhost:8770/index.js:451
[  625397ms] [LOG] MON 1 playing=false pos=0.000 stream_playing=false peak_db=-200.0 mix_rate=48000 latency=0.0880 @ http://localhost:8770/index.js:451
[  625648ms] [LOG] MON 1 playing=false pos=0.000 stream_playing=false peak_db=-200.0 mix_rate=48000 latency=0.0880 @ http://localhost:8770/index.js:451
[  625898ms] [LOG] MON 1 playing=false pos=0.000 stream_playing=false peak_db=-200.0 mix_rate=48000 latency=0.0880 @ http://localhost:8770/index.js:451
[  626154ms] [LOG] MON 1 playing=false pos=0.000 stream_playing=false peak_db=-200.0 mix_rate=48000 latency=0.0880 @ http://localhost:8770/index.js:451
[  626397ms] [LOG] MON 1 playing=false pos=0.000 stream_playing=false peak_db=-200.0 mix_rate=48000 latency=0.0880 @ http://localhost:8770/index.js:451
[  626647ms] [LOG] MON 1 playing=false pos=0.000 stream_playing=false peak_db=-200.0 mix_rate=48000 latency=0.0880 @ http://localhost:8770/index.js:451
[  626895ms] [LOG] MON 1 playing=false pos=0.000 stream_playing=false peak_db=-200.0 mix_rate=48000 latency=0.0880 @ http://localhost:8770/index.js:451
[  627148ms] [LOG] MON 1 playing=false pos=0.000 stream_playing=false peak_db=-200.0 mix_rate=48000 latency=0.0880 @ http://localhost:8770/index.js:451
[  627397ms] [LOG] MON 1 playing=false pos=0.000 stream_playing=false peak_db=-200.0 mix_rate=48000 latency=0.0880 @ http://localhost:8770/index.js:451
[  627648ms] [LOG] MON 1 playing=false pos=0.000 stream_playing=false peak_db=-200.0 mix_rate=48000 latency=0.0880 @ http://localhost:8770/index.js:451
[  627898ms] [LOG] MON 1 playing=false pos=0.000 stream_playing=false peak_db=-200.0 mix_rate=48000 latency=0.0880 @ http://localhost:8770/index.js:451
[  628149ms] [LOG] MON 1 playing=false pos=0.000 stream_playing=false peak_db=-200.0 mix_rate=48000 latency=0.0880 @ http://localhost:8770/index.js:451
[  628398ms] [LOG] MON 1 playing=false pos=0.000 stream_playing=false peak_db=-200.0 mix_rate=48000 latency=0.0880 @ http://localhost:8770/index.js:451
[  628649ms] [LOG] MON 1 playing=false pos=0.000 stream_playing=false peak_db=-200.0 mix_rate=48000 latency=0.0880 @ http://localhost:8770/index.js:451
[  628897ms] [LOG] MON 1 playing=false pos=0.000 stream_playing=false peak_db=-200.0 mix_rate=48000 latency=0.0880 @ http://localhost:8770/index.js:451
[  629148ms] [LOG] MON 1 playing=false pos=0.000 stream_playing=false peak_db=-200.0 mix_rate=48000 latency=0.0880 @ http://localhost:8770/index.js:451
[  629398ms] [LOG] MON 1 playing=false pos=0.000 stream_playing=false peak_db=-200.0 mix_rate=48000 latency=0.0880 @ http://localhost:8770/index.js:451
[  629648ms] [LOG] MON 1 playing=false pos=0.000 stream_playing=false peak_db=-200.0 mix_rate=48000 latency=0.0880 @ http://localhost:8770/index.js:451
[  629897ms] [LOG] MON 1 playing=false pos=0.000 stream_playing=false peak_db=-200.0 mix_rate=48000 latency=0.0880 @ http://localhost:8770/index.js:451
[  630148ms] [LOG] MON 1 playing=false pos=0.000 stream_playing=false peak_db=-200.0 mix_rate=48000 latency=0.0880 @ http://localhost:8770/index.js:451
[  630397ms] [LOG] MON 1 playing=false pos=0.000 stream_playing=false peak_db=-200.0 mix_rate=48000 latency=0.0880 @ http://localhost:8770/index.js:451
[  630648ms] [LOG] MON 1 playing=false pos=0.000 stream_playing=false peak_db=-200.0 mix_rate=48000 latency=0.0880 @ http://localhost:8770/index.js:451
[  630897ms] [LOG] MON 1 playing=false pos=0.000 stream_playing=false peak_db=-200.0 mix_rate=48000 latency=0.0880 @ http://localhost:8770/index.js:451
[  631148ms] [LOG] MON 1 playing=false pos=0.000 stream_playing=false peak_db=-200.0 mix_rate=48000 latency=0.0880 @ http://localhost:8770/index.js:451
[  631397ms] [LOG] MON 1 playing=false pos=0.000 stream_playing=false peak_db=-200.0 mix_rate=48000 latency=0.0880 @ http://localhost:8770/index.js:451
[  631648ms] [LOG] MON 1 playing=false pos=0.000 stream_playing=false peak_db=-200.0 mix_rate=48000 latency=0.0880 @ http://localhost:8770/index.js:451
[  631898ms] [LOG] MON 1 playing=false pos=0.000 stream_playing=false peak_db=-200.0 mix_rate=48000 latency=0.0880 @ http://localhost:8770/index.js:451
[  632148ms] [LOG] MON 1 playing=false pos=0.000 stream_playing=false peak_db=-200.0 mix_rate=48000 latency=0.0880 @ http://localhost:8770/index.js:451
[  632398ms] [LOG] MON 1 playing=false pos=0.000 stream_playing=false peak_db=-200.0 mix_rate=48000 latency=0.0880 @ http://localhost:8770/index.js:451
[  632647ms] [LOG] MON 1 playing=false pos=0.000 stream_playing=false peak_db=-200.0 mix_rate=48000 latency=0.0880 @ http://localhost:8770/index.js:451
[  632897ms] [LOG] MON 1 playing=false pos=0.000 stream_playing=false peak_db=-200.0 mix_rate=48000 latency=0.0880 @ http://localhost:8770/index.js:451
[  633147ms] [LOG] MON 1 playing=false pos=0.000 stream_playing=false peak_db=-200.0 mix_rate=48000 latency=0.0880 @ http://localhost:8770/index.js:451
[  633397ms] [LOG] MON 1 playing=false pos=0.000 stream_playing=false peak_db=-200.0 mix_rate=48000 latency=0.0880 @ http://localhost:8770/index.js:451
[  633648ms] [LOG] MON 1 playing=false pos=0.000 stream_playing=false peak_db=-200.0 mix_rate=48000 latency=0.0880 @ http://localhost:8770/index.js:451
[  633896ms] [LOG] MON 1 playing=false pos=0.000 stream_playing=false peak_db=-200.0 mix_rate=48000 latency=0.0880 @ http://localhost:8770/index.js:451
[  634146ms] [LOG] MON 1 playing=false pos=0.000 stream_playing=false peak_db=-200.0 mix_rate=48000 latency=0.0880 @ http://localhost:8770/index.js:451
[  634399ms] [LOG] MON 1 playing=false pos=0.000 stream_playing=false peak_db=-200.0 mix_rate=48000 latency=0.0880 @ http://localhost:8770/index.js:451
[  634647ms] [LOG] MON 1 playing=false pos=0.000 stream_playing=false peak_db=-200.0 mix_rate=48000 latency=0.0880 @ http://localhost:8770/index.js:451
[  634897ms] [LOG] MON 1 playing=false pos=0.000 stream_playing=false peak_db=-200.0 mix_rate=48000 latency=0.0880 @ http://localhost:8770/index.js:451
[  635148ms] [LOG] MON 1 playing=false pos=0.000 stream_playing=false peak_db=-200.0 mix_rate=48000 latency=0.0880 @ http://localhost:8770/index.js:451
[  635399ms] [LOG] MON 1 playing=false pos=0.000 stream_playing=false peak_db=-200.0 mix_rate=48000 latency=0.0880 @ http://localhost:8770/index.js:451
[  635647ms] [LOG] MON 1 playing=false pos=0.000 stream_playing=false peak_db=-200.0 mix_rate=48000 latency=0.0880 @ http://localhost:8770/index.js:451
[  635896ms] [LOG] MON 1 playing=false pos=0.000 stream_playing=false peak_db=-200.0 mix_rate=48000 latency=0.0880 @ http://localhost:8770/index.js:451
[  636147ms] [LOG] MON 1 playing=false pos=0.000 stream_playing=false peak_db=-200.0 mix_rate=48000 latency=0.0880 @ http://localhost:8770/index.js:451
[  636397ms] [LOG] MON 1 playing=false pos=0.000 stream_playing=false peak_db=-200.0 mix_rate=48000 latency=0.0880 @ http://localhost:8770/index.js:451
[  636647ms] [LOG] MON 1 playing=false pos=0.000 stream_playing=false peak_db=-200.0 mix_rate=48000 latency=0.0880 @ http://localhost:8770/index.js:451
[  636897ms] [LOG] MON 1 playing=false pos=0.000 stream_playing=false peak_db=-200.0 mix_rate=48000 latency=0.0880 @ http://localhost:8770/index.js:451
[  637147ms] [LOG] MON 1 playing=false pos=0.000 stream_playing=false peak_db=-200.0 mix_rate=48000 latency=0.0880 @ http://localhost:8770/index.js:451
[  637396ms] [LOG] MON 1 playing=false pos=0.000 stream_playing=false peak_db=-200.0 mix_rate=48000 latency=0.0880 @ http://localhost:8770/index.js:451
[  637648ms] [LOG] MON 1 playing=false pos=0.000 stream_playing=false peak_db=-200.0 mix_rate=48000 latency=0.0880 @ http://localhost:8770/index.js:451
[  637898ms] [LOG] MON 1 playing=false pos=0.000 stream_playing=false peak_db=-200.0 mix_rate=48000 latency=0.0880 @ http://localhost:8770/index.js:451
[  638147ms] [LOG] MON 1 playing=false pos=0.000 stream_playing=false peak_db=-200.0 mix_rate=48000 latency=0.0880 @ http://localhost:8770/index.js:451
[  638397ms] [LOG] MON 1 playing=false pos=0.000 stream_playing=false peak_db=-200.0 mix_rate=48000 latency=0.0880 @ http://localhost:8770/index.js:451
[  638647ms] [LOG] MON 1 playing=false pos=0.000 stream_playing=false peak_db=-200.0 mix_rate=48000 latency=0.0880 @ http://localhost:8770/index.js:451
[  638897ms] [LOG] MON 1 playing=false pos=0.000 stream_playing=false peak_db=-200.0 mix_rate=48000 latency=0.0880 @ http://localhost:8770/index.js:451
[  639146ms] [LOG] MON 1 playing=false pos=0.000 stream_playing=false peak_db=-200.0 mix_rate=48000 latency=0.0880 @ http://localhost:8770/index.js:451
[  639397ms] [LOG] MON 1 playing=false pos=0.000 stream_playing=false peak_db=-200.0 mix_rate=48000 latency=0.0880 @ http://localhost:8770/index.js:451
[  639647ms] [LOG] MON 1 playing=false pos=0.000 stream_playing=false peak_db=-200.0 mix_rate=48000 latency=0.0880 @ http://localhost:8770/index.js:451
[  639896ms] [LOG] MON 1 playing=false pos=0.000 stream_playing=false peak_db=-200.0 mix_rate=48000 latency=0.0880 @ http://localhost:8770/index.js:451
[  640146ms] [LOG] MON 1 playing=false pos=0.000 stream_playing=false peak_db=-200.0 mix_rate=48000 latency=0.0880 @ http://localhost:8770/index.js:451
[  640396ms] [LOG] MON 1 playing=false pos=0.000 stream_playing=false peak_db=-200.0 mix_rate=48000 latency=0.0880 @ http://localhost:8770/index.js:451
[  640647ms] [LOG] MON 1 playing=false pos=0.000 stream_playing=false peak_db=-200.0 mix_rate=48000 latency=0.0880 @ http://localhost:8770/index.js:451
[  640897ms] [LOG] MON 1 playing=false pos=0.000 stream_playing=false peak_db=-200.0 mix_rate=48000 latency=0.0880 @ http://localhost:8770/index.js:451
[  641147ms] [LOG] MON 1 playing=false pos=0.000 stream_playing=false peak_db=-200.0 mix_rate=48000 latency=0.0880 @ http://localhost:8770/index.js:451
[  641397ms] [LOG] MON 1 playing=false pos=0.000 stream_playing=false peak_db=-200.0 mix_rate=48000 latency=0.0880 @ http://localhost:8770/index.js:451
[  641647ms] [LOG] MON 1 playing=false pos=0.000 stream_playing=false peak_db=-200.0 mix_rate=48000 latency=0.0880 @ http://localhost:8770/index.js:451
[  641897ms] [LOG] MON 1 playing=false pos=0.000 stream_playing=false peak_db=-200.0 mix_rate=48000 latency=0.0880 @ http://localhost:8770/index.js:451
[  642148ms] [LOG] MON 1 playing=false pos=0.000 stream_playing=false peak_db=-200.0 mix_rate=48000 latency=0.0880 @ http://localhost:8770/index.js:451
[  642397ms] [LOG] MON 1 playing=false pos=0.000 stream_playing=false peak_db=-200.0 mix_rate=48000 latency=0.0880 @ http://localhost:8770/index.js:451
[  642648ms] [LOG] MON 1 playing=false pos=0.000 stream_playing=false peak_db=-200.0 mix_rate=48000 latency=0.0880 @ http://localhost:8770/index.js:451
[  642901ms] [LOG] MON 1 playing=false pos=0.000 stream_playing=false peak_db=-200.0 mix_rate=48000 latency=0.0880 @ http://localhost:8770/index.js:451
[  643147ms] [LOG] MON 1 playing=false pos=0.000 stream_playing=false peak_db=-200.0 mix_rate=48000 latency=0.0880 @ http://localhost:8770/index.js:451
[  643397ms] [LOG] MON 1 playing=false pos=0.000 stream_playing=false peak_db=-200.0 mix_rate=48000 latency=0.0880 @ http://localhost:8770/index.js:451
[  643647ms] [LOG] MON 1 playing=false pos=0.000 stream_playing=false peak_db=-200.0 mix_rate=48000 latency=0.0880 @ http://localhost:8770/index.js:451
[  643896ms] [LOG] MON 1 playing=false pos=0.000 stream_playing=false peak_db=-200.0 mix_rate=48000 latency=0.0880 @ http://localhost:8770/index.js:451
[  644148ms] [LOG] MON 1 playing=false pos=0.000 stream_playing=false peak_db=-200.0 mix_rate=48000 latency=0.0880 @ http://localhost:8770/index.js:451
[  644398ms] [LOG] MON 1 playing=false pos=0.000 stream_playing=false peak_db=-200.0 mix_rate=48000 latency=0.0880 @ http://localhost:8770/index.js:451
[  644647ms] [LOG] MON 1 playing=false pos=0.000 stream_playing=false peak_db=-200.0 mix_rate=48000 latency=0.0880 @ http://localhost:8770/index.js:451
[  644898ms] [LOG] MON 1 playing=false pos=0.000 stream_playing=false peak_db=-200.0 mix_rate=48000 latency=0.0880 @ http://localhost:8770/index.js:451
[  645147ms] [LOG] MON 1 playing=false pos=0.000 stream_playing=false peak_db=-200.0 mix_rate=48000 latency=0.0880 @ http://localhost:8770/index.js:451
[  645397ms] [LOG] MON 1 playing=false pos=0.000 stream_playing=false peak_db=-200.0 mix_rate=48000 latency=0.0880 @ http://localhost:8770/index.js:451
[  645646ms] [LOG] MON 1 playing=false pos=0.000 stream_playing=false peak_db=-200.0 mix_rate=48000 latency=0.0880 @ http://localhost:8770/index.js:451
[  645897ms] [LOG] MON 1 playing=false pos=0.000 stream_playing=false peak_db=-200.0 mix_rate=48000 latency=0.0880 @ http://localhost:8770/index.js:451
[  646146ms] [LOG] MON 1 playing=false pos=0.000 stream_playing=false peak_db=-200.0 mix_rate=48000 latency=0.0880 @ http://localhost:8770/index.js:451
[  646398ms] [LOG] MON 1 playing=false pos=0.000 stream_playing=false peak_db=-200.0 mix_rate=48000 latency=0.0880 @ http://localhost:8770/index.js:451
[  646648ms] [LOG] MON 1 playing=false pos=0.000 stream_playing=false peak_db=-200.0 mix_rate=48000 latency=0.0880 @ http://localhost:8770/index.js:451
[  646897ms] [LOG] MON 1 playing=false pos=0.000 stream_playing=false peak_db=-200.0 mix_rate=48000 latency=0.0880 @ http://localhost:8770/index.js:451
[  647148ms] [LOG] MON 1 playing=false pos=0.000 stream_playing=false peak_db=-200.0 mix_rate=48000 latency=0.0880 @ http://localhost:8770/index.js:451
[  647396ms] [LOG] MON 1 playing=false pos=0.000 stream_playing=false peak_db=-200.0 mix_rate=48000 latency=0.0880 @ http://localhost:8770/index.js:451
[  647646ms] [LOG] MON 1 playing=false pos=0.000 stream_playing=false peak_db=-200.0 mix_rate=48000 latency=0.0880 @ http://localhost:8770/index.js:451
[  647896ms] [LOG] MON 1 playing=false pos=0.000 stream_playing=false peak_db=-200.0 mix_rate=48000 latency=0.0880 @ http://localhost:8770/index.js:451
[  648147ms] [LOG] MON 1 playing=false pos=0.000 stream_playing=false peak_db=-200.0 mix_rate=48000 latency=0.0880 @ http://localhost:8770/index.js:451
[  648398ms] [LOG] MON 1 playing=false pos=0.000 stream_playing=false peak_db=-200.0 mix_rate=48000 latency=0.0880 @ http://localhost:8770/index.js:451
[  648646ms] [LOG] MON 1 playing=false pos=0.000 stream_playing=false peak_db=-200.0 mix_rate=48000 latency=0.0880 @ http://localhost:8770/index.js:451
[  648896ms] [LOG] MON 1 playing=false pos=0.000 stream_playing=false peak_db=-200.0 mix_rate=48000 latency=0.0880 @ http://localhost:8770/index.js:451
[  649147ms] [LOG] MON 1 playing=false pos=0.000 stream_playing=false peak_db=-200.0 mix_rate=48000 latency=0.0880 @ http://localhost:8770/index.js:451
[  649397ms] [LOG] MON 1 playing=false pos=0.000 stream_playing=false peak_db=-200.0 mix_rate=48000 latency=0.0880 @ http://localhost:8770/index.js:451
[  649647ms] [LOG] MON 1 playing=false pos=0.000 stream_playing=false peak_db=-200.0 mix_rate=48000 latency=0.0880 @ http://localhost:8770/index.js:451
[  649896ms] [LOG] MON 1 playing=false pos=0.000 stream_playing=false peak_db=-200.0 mix_rate=48000 latency=0.0880 @ http://localhost:8770/index.js:451
[  650148ms] [LOG] MON 1 playing=false pos=0.000 stream_playing=false peak_db=-200.0 mix_rate=48000 latency=0.0880 @ http://localhost:8770/index.js:451
[  650397ms] [LOG] MON 1 playing=false pos=0.000 stream_playing=false peak_db=-200.0 mix_rate=48000 latency=0.0880 @ http://localhost:8770/index.js:451
[  650646ms] [LOG] MON 1 playing=false pos=0.000 stream_playing=false peak_db=-200.0 mix_rate=48000 latency=0.0880 @ http://localhost:8770/index.js:451
[  650898ms] [LOG] MON 1 playing=false pos=0.000 stream_playing=false peak_db=-200.0 mix_rate=48000 latency=0.0880 @ http://localhost:8770/index.js:451
[  651147ms] [LOG] MON 1 playing=false pos=0.000 stream_playing=false peak_db=-200.0 mix_rate=48000 latency=0.0880 @ http://localhost:8770/index.js:451
[  651397ms] [LOG] MON 1 playing=false pos=0.000 stream_playing=false peak_db=-200.0 mix_rate=48000 latency=0.0880 @ http://localhost:8770/index.js:451
[  651647ms] [LOG] MON 1 playing=false pos=0.000 stream_playing=false peak_db=-200.0 mix_rate=48000 latency=0.0880 @ http://localhost:8770/index.js:451
[  651898ms] [LOG] MON 1 playing=false pos=0.000 stream_playing=false peak_db=-200.0 mix_rate=48000 latency=0.0880 @ http://localhost:8770/index.js:451
[  652147ms] [LOG] MON 1 playing=false pos=0.000 stream_playing=false peak_db=-200.0 mix_rate=48000 latency=0.0880 @ http://localhost:8770/index.js:451
[  652397ms] [LOG] MON 1 playing=false pos=0.000 stream_playing=false peak_db=-200.0 mix_rate=48000 latency=0.0880 @ http://localhost:8770/index.js:451
[  652646ms] [LOG] MON 1 playing=false pos=0.000 stream_playing=false peak_db=-200.0 mix_rate=48000 latency=0.0880 @ http://localhost:8770/index.js:451
[  652899ms] [LOG] MON 1 playing=false pos=0.000 stream_playing=false peak_db=-200.0 mix_rate=48000 latency=0.0880 @ http://localhost:8770/index.js:451
[  653150ms] [LOG] MON 1 playing=false pos=0.000 stream_playing=false peak_db=-200.0 mix_rate=48000 latency=0.0880 @ http://localhost:8770/index.js:451
[  653396ms] [LOG] MON 1 playing=false pos=0.000 stream_playing=false peak_db=-200.0 mix_rate=48000 latency=0.0880 @ http://localhost:8770/index.js:451
[  653646ms] [LOG] MON 1 playing=false pos=0.000 stream_playing=false peak_db=-200.0 mix_rate=48000 latency=0.0880 @ http://localhost:8770/index.js:451
[  653898ms] [LOG] MON 1 playing=false pos=0.000 stream_playing=false peak_db=-200.0 mix_rate=48000 latency=0.0880 @ http://localhost:8770/index.js:451
[  654147ms] [LOG] MON 1 playing=false pos=0.000 stream_playing=false peak_db=-200.0 mix_rate=48000 latency=0.0880 @ http://localhost:8770/index.js:451
[  654398ms] [LOG] MON 1 playing=false pos=0.000 stream_playing=false peak_db=-200.0 mix_rate=48000 latency=0.0880 @ http://localhost:8770/index.js:451
[  654647ms] [LOG] MON 1 playing=false pos=0.000 stream_playing=false peak_db=-200.0 mix_rate=48000 latency=0.0880 @ http://localhost:8770/index.js:451
[  654897ms] [LOG] MON 1 playing=false pos=0.000 stream_playing=false peak_db=-200.0 mix_rate=48000 latency=0.0880 @ http://localhost:8770/index.js:451
[  655146ms] [LOG] MON 1 playing=false pos=0.000 stream_playing=false peak_db=-200.0 mix_rate=48000 latency=0.0880 @ http://localhost:8770/index.js:451
[  655397ms] [LOG] MON 1 playing=false pos=0.000 stream_playing=false peak_db=-200.0 mix_rate=48000 latency=0.0880 @ http://localhost:8770/index.js:451
[  655646ms] [LOG] MON 1 playing=false pos=0.000 stream_playing=false peak_db=-200.0 mix_rate=48000 latency=0.0880 @ http://localhost:8770/index.js:451
[  655896ms] [LOG] MON 1 playing=false pos=0.000 stream_playing=false peak_db=-200.0 mix_rate=48000 latency=0.0880 @ http://localhost:8770/index.js:451
[  656148ms] [LOG] MON 1 playing=false pos=0.000 stream_playing=false peak_db=-200.0 mix_rate=48000 latency=0.0880 @ http://localhost:8770/index.js:451
[  656398ms] [LOG] MON 1 playing=false pos=0.000 stream_playing=false peak_db=-200.0 mix_rate=48000 latency=0.0880 @ http://localhost:8770/index.js:451
[  656647ms] [LOG] MON 1 playing=false pos=0.000 stream_playing=false peak_db=-200.0 mix_rate=48000 latency=0.0880 @ http://localhost:8770/index.js:451
[  656906ms] [LOG] MON 1 playing=false pos=0.000 stream_playing=false peak_db=-200.0 mix_rate=48000 latency=0.0880 @ http://localhost:8770/index.js:451
[  657177ms] [LOG] MON 1 playing=false pos=0.000 stream_playing=false peak_db=-200.0 mix_rate=48000 latency=0.0880 @ http://localhost:8770/index.js:451
[  657400ms] [LOG] MON 1 playing=false pos=0.000 stream_playing=false peak_db=-200.0 mix_rate=48000 latency=0.0880 @ http://localhost:8770/index.js:451
[  657659ms] [LOG] MON 1 playing=false pos=0.000 stream_playing=false peak_db=-200.0 mix_rate=48000 latency=0.0880 @ http://localhost:8770/index.js:451
[  657907ms] [LOG] MON 1 playing=false pos=0.000 stream_playing=false peak_db=-200.0 mix_rate=48000 latency=0.0880 @ http://localhost:8770/index.js:451
[  658148ms] [LOG] MON 1 playing=false pos=0.000 stream_playing=false peak_db=-200.0 mix_rate=48000 latency=0.0880 @ http://localhost:8770/index.js:451
[  658398ms] [LOG] MON 1 playing=false pos=0.000 stream_playing=false peak_db=-200.0 mix_rate=48000 latency=0.0880 @ http://localhost:8770/index.js:451
[  658649ms] [LOG] MON 1 playing=false pos=0.000 stream_playing=false peak_db=-200.0 mix_rate=48000 latency=0.0880 @ http://localhost:8770/index.js:451
[  658896ms] [LOG] MON 1 playing=false pos=0.000 stream_playing=false peak_db=-200.0 mix_rate=48000 latency=0.0880 @ http://localhost:8770/index.js:451
[  659131ms] [LOG] MON 1 playing=false pos=0.000 stream_playing=false peak_db=-200.0 mix_rate=48000 latency=0.0880 @ http://localhost:8770/index.js:451
[  659381ms] [LOG] MON 1 playing=false pos=0.000 stream_playing=false peak_db=-200.0 mix_rate=48000 latency=0.0880 @ http://localhost:8770/index.js:451
[  659634ms] [LOG] MON 1 playing=false pos=0.000 stream_playing=false peak_db=-200.0 mix_rate=48000 latency=0.0880 @ http://localhost:8770/index.js:451
[  659883ms] [LOG] MON 1 playing=false pos=0.000 stream_playing=false peak_db=-200.0 mix_rate=48000 latency=0.0880 @ http://localhost:8770/index.js:451
[  660131ms] [LOG] MON 1 playing=false pos=0.000 stream_playing=false peak_db=-200.0 mix_rate=48000 latency=0.0880 @ http://localhost:8770/index.js:451
[  660383ms] [LOG] MON 1 playing=false pos=0.000 stream_playing=false peak_db=-200.0 mix_rate=48000 latency=0.0880 @ http://localhost:8770/index.js:451
[  660632ms] [LOG] MON 1 playing=false pos=0.000 stream_playing=false peak_db=-200.0 mix_rate=48000 latency=0.0880 @ http://localhost:8770/index.js:451
[  660883ms] [LOG] MON 1 playing=false pos=0.000 stream_playing=false peak_db=-200.0 mix_rate=48000 latency=0.0880 @ http://localhost:8770/index.js:451
[  661138ms] [LOG] MON 1 playing=false pos=0.000 stream_playing=false peak_db=-200.0 mix_rate=48000 latency=0.0880 @ http://localhost:8770/index.js:451
[  661381ms] [LOG] MON 1 playing=false pos=0.000 stream_playing=false peak_db=-200.0 mix_rate=48000 latency=0.0880 @ http://localhost:8770/index.js:451
[  661633ms] [LOG] MON 1 playing=false pos=0.000 stream_playing=false peak_db=-200.0 mix_rate=48000 latency=0.0880 @ http://localhost:8770/index.js:451
[  661882ms] [LOG] MON 1 playing=false pos=0.000 stream_playing=false peak_db=-200.0 mix_rate=48000 latency=0.0880 @ http://localhost:8770/index.js:451
[  662133ms] [LOG] MON 1 playing=false pos=0.000 stream_playing=false peak_db=-200.0 mix_rate=48000 latency=0.0880 @ http://localhost:8770/index.js:451
[  662384ms] [LOG] MON 1 playing=false pos=0.000 stream_playing=false peak_db=-200.0 mix_rate=48000 latency=0.0880 @ http://localhost:8770/index.js:451
[  662631ms] [LOG] MON 1 playing=false pos=0.000 stream_playing=false peak_db=-200.0 mix_rate=48000 latency=0.0880 @ http://localhost:8770/index.js:451
[  662896ms] [LOG] MON 1 playing=false pos=0.000 stream_playing=false peak_db=-200.0 mix_rate=48000 latency=0.0880 @ http://localhost:8770/index.js:451
[  663132ms] [LOG] MON 1 playing=false pos=0.000 stream_playing=false peak_db=-200.0 mix_rate=48000 latency=0.0880 @ http://localhost:8770/index.js:451
[  663383ms] [LOG] MON 1 playing=false pos=0.000 stream_playing=false peak_db=-200.0 mix_rate=48000 latency=0.0880 @ http://localhost:8770/index.js:451
[  663630ms] [LOG] MON 1 playing=false pos=0.000 stream_playing=false peak_db=-200.0 mix_rate=48000 latency=0.0880 @ http://localhost:8770/index.js:451
[  663881ms] [LOG] MON 1 playing=false pos=0.000 stream_playing=false peak_db=-200.0 mix_rate=48000 latency=0.0880 @ http://localhost:8770/index.js:451
[  664131ms] [LOG] MON 1 playing=false pos=0.000 stream_playing=false peak_db=-200.0 mix_rate=48000 latency=0.0880 @ http://localhost:8770/index.js:451
[  664382ms] [LOG] MON 1 playing=false pos=0.000 stream_playing=false peak_db=-200.0 mix_rate=48000 latency=0.0880 @ http://localhost:8770/index.js:451
[  664630ms] [LOG] MON 1 playing=false pos=0.000 stream_playing=false peak_db=-200.0 mix_rate=48000 latency=0.0880 @ http://localhost:8770/index.js:451
[  664882ms] [LOG] MON 1 playing=false pos=0.000 stream_playing=false peak_db=-200.0 mix_rate=48000 latency=0.0880 @ http://localhost:8770/index.js:451
[  665131ms] [LOG] MON 1 playing=false pos=0.000 stream_playing=false peak_db=-200.0 mix_rate=48000 latency=0.0880 @ http://localhost:8770/index.js:451
[  665381ms] [LOG] MON 1 playing=false pos=0.000 stream_playing=false peak_db=-200.0 mix_rate=48000 latency=0.0880 @ http://localhost:8770/index.js:451
[  665631ms] [LOG] MON 1 playing=false pos=0.000 stream_playing=false peak_db=-200.0 mix_rate=48000 latency=0.0880 @ http://localhost:8770/index.js:451
[  665881ms] [LOG] MON 1 playing=false pos=0.000 stream_playing=false peak_db=-200.0 mix_rate=48000 latency=0.0880 @ http://localhost:8770/index.js:451
[  666131ms] [LOG] MON 1 playing=false pos=0.000 stream_playing=false peak_db=-200.0 mix_rate=48000 latency=0.0880 @ http://localhost:8770/index.js:451
[  666382ms] [LOG] MON 1 playing=false pos=0.000 stream_playing=false peak_db=-200.0 mix_rate=48000 latency=0.0880 @ http://localhost:8770/index.js:451
[  666632ms] [LOG] MON 1 playing=false pos=0.000 stream_playing=false peak_db=-200.0 mix_rate=48000 latency=0.0880 @ http://localhost:8770/index.js:451
[  666882ms] [LOG] MON 1 playing=false pos=0.000 stream_playing=false peak_db=-200.0 mix_rate=48000 latency=0.0880 @ http://localhost:8770/index.js:451
[  667130ms] [LOG] MON 1 playing=false pos=0.000 stream_playing=false peak_db=-200.0 mix_rate=48000 latency=0.0880 @ http://localhost:8770/index.js:451
[  667381ms] [LOG] MON 1 playing=false pos=0.000 stream_playing=false peak_db=-200.0 mix_rate=48000 latency=0.0880 @ http://localhost:8770/index.js:451
[  667630ms] [LOG] MON 1 playing=false pos=0.000 stream_playing=false peak_db=-200.0 mix_rate=48000 latency=0.0880 @ http://localhost:8770/index.js:451
[  667881ms] [LOG] MON 1 playing=false pos=0.000 stream_playing=false peak_db=-200.0 mix_rate=48000 latency=0.0880 @ http://localhost:8770/index.js:451
[  668131ms] [LOG] MON 1 playing=false pos=0.000 stream_playing=false peak_db=-200.0 mix_rate=48000 latency=0.0880 @ http://localhost:8770/index.js:451
[  668380ms] [LOG] MON 1 playing=false pos=0.000 stream_playing=false peak_db=-200.0 mix_rate=48000 latency=0.0880 @ http://localhost:8770/index.js:451
[  668631ms] [LOG] MON 1 playing=false pos=0.000 stream_playing=false peak_db=-200.0 mix_rate=48000 latency=0.0880 @ http://localhost:8770/index.js:451
[  668882ms] [LOG] MON 1 playing=false pos=0.000 stream_playing=false peak_db=-200.0 mix_rate=48000 latency=0.0880 @ http://localhost:8770/index.js:451
[  669131ms] [LOG] MON 1 playing=false pos=0.000 stream_playing=false peak_db=-200.0 mix_rate=48000 latency=0.0880 @ http://localhost:8770/index.js:451
[  669381ms] [LOG] MON 1 playing=false pos=0.000 stream_playing=false peak_db=-200.0 mix_rate=48000 latency=0.0880 @ http://localhost:8770/index.js:451
[  669631ms] [LOG] MON 1 playing=false pos=0.000 stream_playing=false peak_db=-200.0 mix_rate=48000 latency=0.0880 @ http://localhost:8770/index.js:451
[  669880ms] [LOG] MON 1 playing=false pos=0.000 stream_playing=false peak_db=-200.0 mix_rate=48000 latency=0.0880 @ http://localhost:8770/index.js:451
[  670132ms] [LOG] MON 1 playing=false pos=0.000 stream_playing=false peak_db=-200.0 mix_rate=48000 latency=0.0880 @ http://localhost:8770/index.js:451
[  670381ms] [LOG] MON 1 playing=false pos=0.000 stream_playing=false peak_db=-200.0 mix_rate=48000 latency=0.0880 @ http://localhost:8770/index.js:451
[  670632ms] [LOG] MON 1 playing=false pos=0.000 stream_playing=false peak_db=-200.0 mix_rate=48000 latency=0.0880 @ http://localhost:8770/index.js:451
[  670882ms] [LOG] MON 1 playing=false pos=0.000 stream_playing=false peak_db=-200.0 mix_rate=48000 latency=0.0880 @ http://localhost:8770/index.js:451
[  671133ms] [LOG] MON 1 playing=false pos=0.000 stream_playing=false peak_db=-200.0 mix_rate=48000 latency=0.0880 @ http://localhost:8770/index.js:451
[  671384ms] [LOG] MON 1 playing=false pos=0.000 stream_playing=false peak_db=-200.0 mix_rate=48000 latency=0.0880 @ http://localhost:8770/index.js:451
[  671631ms] [LOG] MON 1 playing=false pos=0.000 stream_playing=false peak_db=-200.0 mix_rate=48000 latency=0.0880 @ http://localhost:8770/index.js:451
[  671881ms] [LOG] MON 1 playing=false pos=0.000 stream_playing=false peak_db=-200.0 mix_rate=48000 latency=0.0880 @ http://localhost:8770/index.js:451
[  672132ms] [LOG] MON 1 playing=false pos=0.000 stream_playing=false peak_db=-200.0 mix_rate=48000 latency=0.0880 @ http://localhost:8770/index.js:451
[  672382ms] [LOG] MON 1 playing=false pos=0.000 stream_playing=false peak_db=-200.0 mix_rate=48000 latency=0.0880 @ http://localhost:8770/index.js:451
[  672633ms] [LOG] MON 1 playing=false pos=0.000 stream_playing=false peak_db=-200.0 mix_rate=48000 latency=0.0880 @ http://localhost:8770/index.js:451
[  672883ms] [LOG] MON 1 playing=false pos=0.000 stream_playing=false peak_db=-200.0 mix_rate=48000 latency=0.0880 @ http://localhost:8770/index.js:451
[  673132ms] [LOG] MON 1 playing=false pos=0.000 stream_playing=false peak_db=-200.0 mix_rate=48000 latency=0.0880 @ http://localhost:8770/index.js:451
[  673381ms] [LOG] MON 1 playing=false pos=0.000 stream_playing=false peak_db=-200.0 mix_rate=48000 latency=0.0880 @ http://localhost:8770/index.js:451
[  673632ms] [LOG] MON 1 playing=false pos=0.000 stream_playing=false peak_db=-200.0 mix_rate=48000 latency=0.0880 @ http://localhost:8770/index.js:451
[  673881ms] [LOG] MON 1 playing=false pos=0.000 stream_playing=false peak_db=-200.0 mix_rate=48000 latency=0.0880 @ http://localhost:8770/index.js:451
[  674132ms] [LOG] MON 1 playing=false pos=0.000 stream_playing=false peak_db=-200.0 mix_rate=48000 latency=0.0880 @ http://localhost:8770/index.js:451
[  674383ms] [LOG] MON 1 playing=false pos=0.000 stream_playing=false peak_db=-200.0 mix_rate=48000 latency=0.0880 @ http://localhost:8770/index.js:451
[  674633ms] [LOG] MON 1 playing=false pos=0.000 stream_playing=false peak_db=-200.0 mix_rate=48000 latency=0.0880 @ http://localhost:8770/index.js:451
[  674883ms] [LOG] MON 1 playing=false pos=0.000 stream_playing=false peak_db=-200.0 mix_rate=48000 latency=0.0880 @ http://localhost:8770/index.js:451
[  675131ms] [LOG] MON 1 playing=false pos=0.000 stream_playing=false peak_db=-200.0 mix_rate=48000 latency=0.0880 @ http://localhost:8770/index.js:451
[  675381ms] [LOG] MON 1 playing=false pos=0.000 stream_playing=false peak_db=-200.0 mix_rate=48000 latency=0.0880 @ http://localhost:8770/index.js:451
[  675632ms] [LOG] MON 1 playing=false pos=0.000 stream_playing=false peak_db=-200.0 mix_rate=48000 latency=0.0880 @ http://localhost:8770/index.js:451
[  675881ms] [LOG] MON 1 playing=false pos=0.000 stream_playing=false peak_db=-200.0 mix_rate=48000 latency=0.0880 @ http://localhost:8770/index.js:451
[  676131ms] [LOG] MON 1 playing=false pos=0.000 stream_playing=false peak_db=-200.0 mix_rate=48000 latency=0.0880 @ http://localhost:8770/index.js:451
[  676382ms] [LOG] MON 1 playing=false pos=0.000 stream_playing=false peak_db=-200.0 mix_rate=48000 latency=0.0880 @ http://localhost:8770/index.js:451
[  676632ms] [LOG] MON 1 playing=false pos=0.000 stream_playing=false peak_db=-200.0 mix_rate=48000 latency=0.0880 @ http://localhost:8770/index.js:451
[  676881ms] [LOG] MON 1 playing=false pos=0.000 stream_playing=false peak_db=-200.0 mix_rate=48000 latency=0.0880 @ http://localhost:8770/index.js:451
[  677132ms] [LOG] MON 1 playing=false pos=0.000 stream_playing=false peak_db=-200.0 mix_rate=48000 latency=0.0880 @ http://localhost:8770/index.js:451
[  677381ms] [LOG] MON 1 playing=false pos=0.000 stream_playing=false peak_db=-200.0 mix_rate=48000 latency=0.0880 @ http://localhost:8770/index.js:451
[  677631ms] [LOG] MON 1 playing=false pos=0.000 stream_playing=false peak_db=-200.0 mix_rate=48000 latency=0.0880 @ http://localhost:8770/index.js:451
[  677881ms] [LOG] MON 1 playing=false pos=0.000 stream_playing=false peak_db=-200.0 mix_rate=48000 latency=0.0880 @ http://localhost:8770/index.js:451
[  678132ms] [LOG] MON 1 playing=false pos=0.000 stream_playing=false peak_db=-200.0 mix_rate=48000 latency=0.0880 @ http://localhost:8770/index.js:451
[  678382ms] [LOG] MON 1 playing=false pos=0.000 stream_playing=false peak_db=-200.0 mix_rate=48000 latency=0.0880 @ http://localhost:8770/index.js:451
[  678631ms] [LOG] MON 1 playing=false pos=0.000 stream_playing=false peak_db=-200.0 mix_rate=48000 latency=0.0880 @ http://localhost:8770/index.js:451
[  678882ms] [LOG] MON 1 playing=false pos=0.000 stream_playing=false peak_db=-200.0 mix_rate=48000 latency=0.0880 @ http://localhost:8770/index.js:451
[  679131ms] [LOG] MON 1 playing=false pos=0.000 stream_playing=false peak_db=-200.0 mix_rate=48000 latency=0.0880 @ http://localhost:8770/index.js:451
[  679386ms] [LOG] MON 1 playing=false pos=0.000 stream_playing=false peak_db=-200.0 mix_rate=48000 latency=0.0880 @ http://localhost:8770/index.js:451
[  679632ms] [LOG] MON 1 playing=false pos=0.000 stream_playing=false peak_db=-200.0 mix_rate=48000 latency=0.0880 @ http://localhost:8770/index.js:451
[  679883ms] [LOG] MON 1 playing=false pos=0.000 stream_playing=false peak_db=-200.0 mix_rate=48000 latency=0.0880 @ http://localhost:8770/index.js:451
[  680132ms] [LOG] MON 1 playing=false pos=0.000 stream_playing=false peak_db=-200.0 mix_rate=48000 latency=0.0880 @ http://localhost:8770/index.js:451
[  680382ms] [LOG] MON 1 playing=false pos=0.000 stream_playing=false peak_db=-200.0 mix_rate=48000 latency=0.0880 @ http://localhost:8770/index.js:451
[  680633ms] [LOG] MON 1 playing=false pos=0.000 stream_playing=false peak_db=-200.0 mix_rate=48000 latency=0.0880 @ http://localhost:8770/index.js:451
[  680881ms] [LOG] MON 1 playing=false pos=0.000 stream_playing=false peak_db=-200.0 mix_rate=48000 latency=0.0880 @ http://localhost:8770/index.js:451
[  681134ms] [LOG] MON 1 playing=false pos=0.000 stream_playing=false peak_db=-200.0 mix_rate=48000 latency=0.0880 @ http://localhost:8770/index.js:451
[  681380ms] [LOG] MON 1 playing=false pos=0.000 stream_playing=false peak_db=-200.0 mix_rate=48000 latency=0.0880 @ http://localhost:8770/index.js:451
[  681631ms] [LOG] MON 1 playing=false pos=0.000 stream_playing=false peak_db=-200.0 mix_rate=48000 latency=0.0880 @ http://localhost:8770/index.js:451
[  681881ms] [LOG] MON 1 playing=false pos=0.000 stream_playing=false peak_db=-200.0 mix_rate=48000 latency=0.0880 @ http://localhost:8770/index.js:451
[  682131ms] [LOG] MON 1 playing=false pos=0.000 stream_playing=false peak_db=-200.0 mix_rate=48000 latency=0.0880 @ http://localhost:8770/index.js:451
[  682384ms] [LOG] MON 1 playing=false pos=0.000 stream_playing=false peak_db=-200.0 mix_rate=48000 latency=0.0880 @ http://localhost:8770/index.js:451
[  682632ms] [LOG] MON 1 playing=false pos=0.000 stream_playing=false peak_db=-200.0 mix_rate=48000 latency=0.0880 @ http://localhost:8770/index.js:451
[  682881ms] [LOG] MON 1 playing=false pos=0.000 stream_playing=false peak_db=-200.0 mix_rate=48000 latency=0.0880 @ http://localhost:8770/index.js:451
[  683132ms] [LOG] MON 1 playing=false pos=0.000 stream_playing=false peak_db=-200.0 mix_rate=48000 latency=0.0880 @ http://localhost:8770/index.js:451
[  683382ms] [LOG] MON 1 playing=false pos=0.000 stream_playing=false peak_db=-200.0 mix_rate=48000 latency=0.0880 @ http://localhost:8770/index.js:451
[  683630ms] [LOG] MON 1 playing=false pos=0.000 stream_playing=false peak_db=-200.0 mix_rate=48000 latency=0.0880 @ http://localhost:8770/index.js:451
[  683881ms] [LOG] MON 1 playing=false pos=0.000 stream_playing=false peak_db=-200.0 mix_rate=48000 latency=0.0880 @ http://localhost:8770/index.js:451
[  684131ms] [LOG] MON 1 playing=false pos=0.000 stream_playing=false peak_db=-200.0 mix_rate=48000 latency=0.0880 @ http://localhost:8770/index.js:451
[  684381ms] [LOG] MON 1 playing=false pos=0.000 stream_playing=false peak_db=-200.0 mix_rate=48000 latency=0.0880 @ http://localhost:8770/index.js:451
[  684648ms] [LOG] MON 1 playing=false pos=0.000 stream_playing=false peak_db=-200.0 mix_rate=48000 latency=0.0880 @ http://localhost:8770/index.js:451
[  684898ms] [LOG] MON 1 playing=false pos=0.000 stream_playing=false peak_db=-200.0 mix_rate=48000 latency=0.0880 @ http://localhost:8770/index.js:451
[  685148ms] [LOG] MON 1 playing=false pos=0.000 stream_playing=false peak_db=-200.0 mix_rate=48000 latency=0.0880 @ http://localhost:8770/index.js:451
[  685398ms] [LOG] MON 1 playing=false pos=0.000 stream_playing=false peak_db=-200.0 mix_rate=48000 latency=0.0880 @ http://localhost:8770/index.js:451
[  685648ms] [LOG] MON 1 playing=false pos=0.000 stream_playing=false peak_db=-200.0 mix_rate=48000 latency=0.0880 @ http://localhost:8770/index.js:451
[  685898ms] [LOG] MON 1 playing=false pos=0.000 stream_playing=false peak_db=-200.0 mix_rate=48000 latency=0.0880 @ http://localhost:8770/index.js:451
[  686149ms] [LOG] MON 1 playing=false pos=0.000 stream_playing=false peak_db=-200.0 mix_rate=48000 latency=0.0880 @ http://localhost:8770/index.js:451
[  686397ms] [LOG] MON 1 playing=false pos=0.000 stream_playing=false peak_db=-200.0 mix_rate=48000 latency=0.0880 @ http://localhost:8770/index.js:451
[  686648ms] [LOG] MON 1 playing=false pos=0.000 stream_playing=false peak_db=-200.0 mix_rate=48000 latency=0.0880 @ http://localhost:8770/index.js:451
[  686929ms] [LOG] MON 1 playing=false pos=0.000 stream_playing=false peak_db=-200.0 mix_rate=48000 latency=0.0880 @ http://localhost:8770/index.js:451
[  687147ms] [LOG] MON 1 playing=false pos=0.000 stream_playing=false peak_db=-200.0 mix_rate=48000 latency=0.0880 @ http://localhost:8770/index.js:451
[  687398ms] [LOG] MON 1 playing=false pos=0.000 stream_playing=false peak_db=-200.0 mix_rate=48000 latency=0.0880 @ http://localhost:8770/index.js:451
[  687647ms] [LOG] MON 1 playing=false pos=0.000 stream_playing=false peak_db=-200.0 mix_rate=48000 latency=0.0880 @ http://localhost:8770/index.js:451
[  687898ms] [LOG] MON 1 playing=false pos=0.000 stream_playing=false peak_db=-200.0 mix_rate=48000 latency=0.0880 @ http://localhost:8770/index.js:451
[  688148ms] [LOG] MON 1 playing=false pos=0.000 stream_playing=false peak_db=-200.0 mix_rate=48000 latency=0.0880 @ http://localhost:8770/index.js:451
[  688397ms] [LOG] MON 1 playing=false pos=0.000 stream_playing=false peak_db=-200.0 mix_rate=48000 latency=0.0880 @ http://localhost:8770/index.js:451
[  688647ms] [LOG] MON 1 playing=false pos=0.000 stream_playing=false peak_db=-200.0 mix_rate=48000 latency=0.0880 @ http://localhost:8770/index.js:451
[  688897ms] [LOG] MON 1 playing=false pos=0.000 stream_playing=false peak_db=-200.0 mix_rate=48000 latency=0.0880 @ http://localhost:8770/index.js:451
[  689148ms] [LOG] MON 1 playing=false pos=0.000 stream_playing=false peak_db=-200.0 mix_rate=48000 latency=0.0880 @ http://localhost:8770/index.js:451
[  689397ms] [LOG] MON 1 playing=false pos=0.000 stream_playing=false peak_db=-200.0 mix_rate=48000 latency=0.0880 @ http://localhost:8770/index.js:451
[  689648ms] [LOG] MON 1 playing=false pos=0.000 stream_playing=false peak_db=-200.0 mix_rate=48000 latency=0.0880 @ http://localhost:8770/index.js:451
[  689896ms] [LOG] MON 1 playing=false pos=0.000 stream_playing=false peak_db=-200.0 mix_rate=48000 latency=0.0880 @ http://localhost:8770/index.js:451
[  690146ms] [LOG] MON 1 playing=false pos=0.000 stream_playing=false peak_db=-200.0 mix_rate=48000 latency=0.0880 @ http://localhost:8770/index.js:451
[  690409ms] [LOG] MON 1 playing=false pos=0.000 stream_playing=false peak_db=-200.0 mix_rate=48000 latency=0.0880 @ http://localhost:8770/index.js:451
[  690650ms] [LOG] MON 1 playing=false pos=0.000 stream_playing=false peak_db=-200.0 mix_rate=48000 latency=0.0880 @ http://localhost:8770/index.js:451
[  690897ms] [LOG] MON 1 playing=false pos=0.000 stream_playing=false peak_db=-200.0 mix_rate=48000 latency=0.0880 @ http://localhost:8770/index.js:451
[  691148ms] [LOG] MON 1 playing=false pos=0.000 stream_playing=false peak_db=-200.0 mix_rate=48000 latency=0.0880 @ http://localhost:8770/index.js:451
[  691397ms] [LOG] MON 1 playing=false pos=0.000 stream_playing=false peak_db=-200.0 mix_rate=48000 latency=0.0880 @ http://localhost:8770/index.js:451
[  691648ms] [LOG] MON 1 playing=false pos=0.000 stream_playing=false peak_db=-200.0 mix_rate=48000 latency=0.0880 @ http://localhost:8770/index.js:451
[  691897ms] [LOG] MON 1 playing=false pos=0.000 stream_playing=false peak_db=-200.0 mix_rate=48000 latency=0.0880 @ http://localhost:8770/index.js:451
[  692148ms] [LOG] MON 1 playing=false pos=0.000 stream_playing=false peak_db=-200.0 mix_rate=48000 latency=0.0880 @ http://localhost:8770/index.js:451
[  692398ms] [LOG] MON 1 playing=false pos=0.000 stream_playing=false peak_db=-200.0 mix_rate=48000 latency=0.0880 @ http://localhost:8770/index.js:451
[  692648ms] [LOG] MON 1 playing=false pos=0.000 stream_playing=false peak_db=-200.0 mix_rate=48000 latency=0.0880 @ http://localhost:8770/index.js:451
[  692898ms] [LOG] MON 1 playing=false pos=0.000 stream_playing=false peak_db=-200.0 mix_rate=48000 latency=0.0880 @ http://localhost:8770/index.js:451
[  693149ms] [LOG] MON 1 playing=false pos=0.000 stream_playing=false peak_db=-200.0 mix_rate=48000 latency=0.0880 @ http://localhost:8770/index.js:451
[  693398ms] [LOG] MON 1 playing=false pos=0.000 stream_playing=false peak_db=-200.0 mix_rate=48000 latency=0.0880 @ http://localhost:8770/index.js:451
[  693646ms] [LOG] MON 1 playing=false pos=0.000 stream_playing=false peak_db=-200.0 mix_rate=48000 latency=0.0880 @ http://localhost:8770/index.js:451
[  693898ms] [LOG] MON 1 playing=false pos=0.000 stream_playing=false peak_db=-200.0 mix_rate=48000 latency=0.0880 @ http://localhost:8770/index.js:451
[  694147ms] [LOG] MON 1 playing=false pos=0.000 stream_playing=false peak_db=-200.0 mix_rate=48000 latency=0.0880 @ http://localhost:8770/index.js:451
[  694397ms] [LOG] MON 1 playing=false pos=0.000 stream_playing=false peak_db=-200.0 mix_rate=48000 latency=0.0880 @ http://localhost:8770/index.js:451
[  694648ms] [LOG] MON 1 playing=false pos=0.000 stream_playing=false peak_db=-200.0 mix_rate=48000 latency=0.0880 @ http://localhost:8770/index.js:451
[  694900ms] [LOG] MON 1 playing=false pos=0.000 stream_playing=false peak_db=-200.0 mix_rate=48000 latency=0.0880 @ http://localhost:8770/index.js:451
[  695148ms] [LOG] MON 1 playing=false pos=0.000 stream_playing=false peak_db=-200.0 mix_rate=48000 latency=0.0880 @ http://localhost:8770/index.js:451
[  695398ms] [LOG] MON 1 playing=false pos=0.000 stream_playing=false peak_db=-200.0 mix_rate=48000 latency=0.0880 @ http://localhost:8770/index.js:451
[  695647ms] [LOG] MON 1 playing=false pos=0.000 stream_playing=false peak_db=-200.0 mix_rate=48000 latency=0.0880 @ http://localhost:8770/index.js:451
[  695900ms] [LOG] MON 1 playing=false pos=0.000 stream_playing=false peak_db=-200.0 mix_rate=48000 latency=0.0880 @ http://localhost:8770/index.js:451
[  696147ms] [LOG] MON 1 playing=false pos=0.000 stream_playing=false peak_db=-200.0 mix_rate=48000 latency=0.0880 @ http://localhost:8770/index.js:451
[  696398ms] [LOG] MON 1 playing=false pos=0.000 stream_playing=false peak_db=-200.0 mix_rate=48000 latency=0.0880 @ http://localhost:8770/index.js:451
[  696648ms] [LOG] MON 1 playing=false pos=0.000 stream_playing=false peak_db=-200.0 mix_rate=48000 latency=0.0880 @ http://localhost:8770/index.js:451
[  696898ms] [LOG] MON 1 playing=false pos=0.000 stream_playing=false peak_db=-200.0 mix_rate=48000 latency=0.0880 @ http://localhost:8770/index.js:451
[  697146ms] [LOG] MON 1 playing=false pos=0.000 stream_playing=false peak_db=-200.0 mix_rate=48000 latency=0.0880 @ http://localhost:8770/index.js:451
[  697399ms] [LOG] MON 1 playing=false pos=0.000 stream_playing=false peak_db=-200.0 mix_rate=48000 latency=0.0880 @ http://localhost:8770/index.js:451
[  697649ms] [LOG] MON 1 playing=false pos=0.000 stream_playing=false peak_db=-200.0 mix_rate=48000 latency=0.0880 @ http://localhost:8770/index.js:451
[  697898ms] [LOG] MON 1 playing=false pos=0.000 stream_playing=false peak_db=-200.0 mix_rate=48000 latency=0.0880 @ http://localhost:8770/index.js:451
[  698147ms] [LOG] MON 1 playing=false pos=0.000 stream_playing=false peak_db=-200.0 mix_rate=48000 latency=0.0880 @ http://localhost:8770/index.js:451
[  698399ms] [LOG] MON 1 playing=false pos=0.000 stream_playing=false peak_db=-200.0 mix_rate=48000 latency=0.0880 @ http://localhost:8770/index.js:451
[  698650ms] [LOG] MON 1 playing=false pos=0.000 stream_playing=false peak_db=-200.0 mix_rate=48000 latency=0.0880 @ http://localhost:8770/index.js:451
[  698898ms] [LOG] MON 1 playing=false pos=0.000 stream_playing=false peak_db=-200.0 mix_rate=48000 latency=0.0880 @ http://localhost:8770/index.js:451
[  699148ms] [LOG] MON 1 playing=false pos=0.000 stream_playing=false peak_db=-200.0 mix_rate=48000 latency=0.0880 @ http://localhost:8770/index.js:451
[  699398ms] [LOG] MON 1 playing=false pos=0.000 stream_playing=false peak_db=-200.0 mix_rate=48000 latency=0.0880 @ http://localhost:8770/index.js:451
[  699647ms] [LOG] MON 1 playing=false pos=0.000 stream_playing=false peak_db=-200.0 mix_rate=48000 latency=0.0880 @ http://localhost:8770/index.js:451
[  699899ms] [LOG] MON 1 playing=false pos=0.000 stream_playing=false peak_db=-200.0 mix_rate=48000 latency=0.0880 @ http://localhost:8770/index.js:451
[  700147ms] [LOG] MON 1 playing=false pos=0.000 stream_playing=false peak_db=-200.0 mix_rate=48000 latency=0.0880 @ http://localhost:8770/index.js:451
[  700398ms] [LOG] MON 1 playing=false pos=0.000 stream_playing=false peak_db=-200.0 mix_rate=48000 latency=0.0880 @ http://localhost:8770/index.js:451
[  700649ms] [LOG] MON 1 playing=false pos=0.000 stream_playing=false peak_db=-200.0 mix_rate=48000 latency=0.0880 @ http://localhost:8770/index.js:451
[  700898ms] [LOG] MON 1 playing=false pos=0.000 stream_playing=false peak_db=-200.0 mix_rate=48000 latency=0.0880 @ http://localhost:8770/index.js:451
[  701148ms] [LOG] MON 1 playing=false pos=0.000 stream_playing=false peak_db=-200.0 mix_rate=48000 latency=0.0880 @ http://localhost:8770/index.js:451
[  701397ms] [LOG] MON 1 playing=false pos=0.000 stream_playing=false peak_db=-200.0 mix_rate=48000 latency=0.0880 @ http://localhost:8770/index.js:451
[  701648ms] [LOG] MON 1 playing=false pos=0.000 stream_playing=false peak_db=-200.0 mix_rate=48000 latency=0.0880 @ http://localhost:8770/index.js:451
[  701898ms] [LOG] MON 1 playing=false pos=0.000 stream_playing=false peak_db=-200.0 mix_rate=48000 latency=0.0880 @ http://localhost:8770/index.js:451
[  702150ms] [LOG] MON 1 playing=false pos=0.000 stream_playing=false peak_db=-200.0 mix_rate=48000 latency=0.0880 @ http://localhost:8770/index.js:451
[  702400ms] [LOG] MON 1 playing=false pos=0.000 stream_playing=false peak_db=-200.0 mix_rate=48000 latency=0.0880 @ http://localhost:8770/index.js:451
[  702649ms] [LOG] MON 1 playing=false pos=0.000 stream_playing=false peak_db=-200.0 mix_rate=48000 latency=0.0880 @ http://localhost:8770/index.js:451
[  702896ms] [LOG] MON 1 playing=false pos=0.000 stream_playing=false peak_db=-200.0 mix_rate=48000 latency=0.0880 @ http://localhost:8770/index.js:451
[  703148ms] [LOG] MON 1 playing=false pos=0.000 stream_playing=false peak_db=-200.0 mix_rate=48000 latency=0.0880 @ http://localhost:8770/index.js:451
[  703401ms] [LOG] MON 1 playing=false pos=0.000 stream_playing=false peak_db=-200.0 mix_rate=48000 latency=0.0880 @ http://localhost:8770/index.js:451
[  703647ms] [LOG] MON 1 playing=false pos=0.000 stream_playing=false peak_db=-200.0 mix_rate=48000 latency=0.0880 @ http://localhost:8770/index.js:451
[  703898ms] [LOG] MON 1 playing=false pos=0.000 stream_playing=false peak_db=-200.0 mix_rate=48000 latency=0.0880 @ http://localhost:8770/index.js:451
[  704148ms] [LOG] MON 1 playing=false pos=0.000 stream_playing=false peak_db=-200.0 mix_rate=48000 latency=0.0880 @ http://localhost:8770/index.js:451
[  704398ms] [LOG] MON 1 playing=false pos=0.000 stream_playing=false peak_db=-200.0 mix_rate=48000 latency=0.0880 @ http://localhost:8770/index.js:451
[  704648ms] [LOG] MON 1 playing=false pos=0.000 stream_playing=false peak_db=-200.0 mix_rate=48000 latency=0.0880 @ http://localhost:8770/index.js:451
[  704898ms] [LOG] MON 1 playing=false pos=0.000 stream_playing=false peak_db=-200.0 mix_rate=48000 latency=0.0880 @ http://localhost:8770/index.js:451
[  705151ms] [LOG] MON 1 playing=false pos=0.000 stream_playing=false peak_db=-200.0 mix_rate=48000 latency=0.0880 @ http://localhost:8770/index.js:451
[  705399ms] [LOG] MON 1 playing=false pos=0.000 stream_playing=false peak_db=-200.0 mix_rate=48000 latency=0.0880 @ http://localhost:8770/index.js:451
[  705647ms] [LOG] MON 1 playing=false pos=0.000 stream_playing=false peak_db=-200.0 mix_rate=48000 latency=0.0880 @ http://localhost:8770/index.js:451
[  705900ms] [LOG] MON 1 playing=false pos=0.000 stream_playing=false peak_db=-200.0 mix_rate=48000 latency=0.0880 @ http://localhost:8770/index.js:451
[  706148ms] [LOG] MON 1 playing=false pos=0.000 stream_playing=false peak_db=-200.0 mix_rate=48000 latency=0.0880 @ http://localhost:8770/index.js:451
[  706399ms] [LOG] MON 1 playing=false pos=0.000 stream_playing=false peak_db=-200.0 mix_rate=48000 latency=0.0880 @ http://localhost:8770/index.js:451
[  706649ms] [LOG] MON 1 playing=false pos=0.000 stream_playing=false peak_db=-200.0 mix_rate=48000 latency=0.0880 @ http://localhost:8770/index.js:451
[  706899ms] [LOG] MON 1 playing=false pos=0.000 stream_playing=false peak_db=-200.0 mix_rate=48000 latency=0.0880 @ http://localhost:8770/index.js:451
[  707148ms] [LOG] MON 1 playing=false pos=0.000 stream_playing=false peak_db=-200.0 mix_rate=48000 latency=0.0880 @ http://localhost:8770/index.js:451
[  707398ms] [LOG] MON 1 playing=false pos=0.000 stream_playing=false peak_db=-200.0 mix_rate=48000 latency=0.0880 @ http://localhost:8770/index.js:451
[  707647ms] [LOG] MON 1 playing=false pos=0.000 stream_playing=false peak_db=-200.0 mix_rate=48000 latency=0.0880 @ http://localhost:8770/index.js:451
[  707897ms] [LOG] MON 1 playing=false pos=0.000 stream_playing=false peak_db=-200.0 mix_rate=48000 latency=0.0880 @ http://localhost:8770/index.js:451
[  708148ms] [LOG] MON 1 playing=false pos=0.000 stream_playing=false peak_db=-200.0 mix_rate=48000 latency=0.0880 @ http://localhost:8770/index.js:451
[  708398ms] [LOG] MON 1 playing=false pos=0.000 stream_playing=false peak_db=-200.0 mix_rate=48000 latency=0.0880 @ http://localhost:8770/index.js:451
[  708647ms] [LOG] MON 1 playing=false pos=0.000 stream_playing=false peak_db=-200.0 mix_rate=48000 latency=0.0880 @ http://localhost:8770/index.js:451
[  708899ms] [LOG] MON 1 playing=false pos=0.000 stream_playing=false peak_db=-200.0 mix_rate=48000 latency=0.0880 @ http://localhost:8770/index.js:451
[  709148ms] [LOG] MON 1 playing=false pos=0.000 stream_playing=false peak_db=-200.0 mix_rate=48000 latency=0.0880 @ http://localhost:8770/index.js:451
[  709399ms] [LOG] MON 1 playing=false pos=0.000 stream_playing=false peak_db=-200.0 mix_rate=48000 latency=0.0880 @ http://localhost:8770/index.js:451
[  709650ms] [LOG] MON 1 playing=false pos=0.000 stream_playing=false peak_db=-200.0 mix_rate=48000 latency=0.0880 @ http://localhost:8770/index.js:451
[  709898ms] [LOG] MON 1 playing=false pos=0.000 stream_playing=false peak_db=-200.0 mix_rate=48000 latency=0.0880 @ http://localhost:8770/index.js:451
[  710147ms] [LOG] MON 1 playing=false pos=0.000 stream_playing=false peak_db=-200.0 mix_rate=48000 latency=0.0880 @ http://localhost:8770/index.js:451
[  710398ms] [LOG] MON 1 playing=false pos=0.000 stream_playing=false peak_db=-200.0 mix_rate=48000 latency=0.0880 @ http://localhost:8770/index.js:451
[  710647ms] [LOG] MON 1 playing=false pos=0.000 stream_playing=false peak_db=-200.0 mix_rate=48000 latency=0.0880 @ http://localhost:8770/index.js:451
[  710898ms] [LOG] MON 1 playing=false pos=0.000 stream_playing=false peak_db=-200.0 mix_rate=48000 latency=0.0880 @ http://localhost:8770/index.js:451
[  711149ms] [LOG] MON 1 playing=false pos=0.000 stream_playing=false peak_db=-200.0 mix_rate=48000 latency=0.0880 @ http://localhost:8770/index.js:451
[  711397ms] [LOG] MON 1 playing=false pos=0.000 stream_playing=false peak_db=-200.0 mix_rate=48000 latency=0.0880 @ http://localhost:8770/index.js:451
[  711650ms] [LOG] MON 1 playing=false pos=0.000 stream_playing=false peak_db=-200.0 mix_rate=48000 latency=0.0880 @ http://localhost:8770/index.js:451
[  711899ms] [LOG] MON 1 playing=false pos=0.000 stream_playing=false peak_db=-200.0 mix_rate=48000 latency=0.0880 @ http://localhost:8770/index.js:451
[  712148ms] [LOG] MON 1 playing=false pos=0.000 stream_playing=false peak_db=-200.0 mix_rate=48000 latency=0.0880 @ http://localhost:8770/index.js:451
[  712398ms] [LOG] MON 1 playing=false pos=0.000 stream_playing=false peak_db=-200.0 mix_rate=48000 latency=0.0880 @ http://localhost:8770/index.js:451
[  712647ms] [LOG] MON 1 playing=false pos=0.000 stream_playing=false peak_db=-200.0 mix_rate=48000 latency=0.0880 @ http://localhost:8770/index.js:451
[  712898ms] [LOG] MON 1 playing=false pos=0.000 stream_playing=false peak_db=-200.0 mix_rate=48000 latency=0.0880 @ http://localhost:8770/index.js:451
[  713149ms] [LOG] MON 1 playing=false pos=0.000 stream_playing=false peak_db=-200.0 mix_rate=48000 latency=0.0880 @ http://localhost:8770/index.js:451
[  713398ms] [LOG] MON 1 playing=false pos=0.000 stream_playing=false peak_db=-200.0 mix_rate=48000 latency=0.0880 @ http://localhost:8770/index.js:451
[  713649ms] [LOG] MON 1 playing=false pos=0.000 stream_playing=false peak_db=-200.0 mix_rate=48000 latency=0.0880 @ http://localhost:8770/index.js:451
[  713900ms] [LOG] MON 1 playing=false pos=0.000 stream_playing=false peak_db=-200.0 mix_rate=48000 latency=0.0880 @ http://localhost:8770/index.js:451
[  714148ms] [LOG] MON 1 playing=false pos=0.000 stream_playing=false peak_db=-200.0 mix_rate=48000 latency=0.0880 @ http://localhost:8770/index.js:451
[  714398ms] [LOG] MON 1 playing=false pos=0.000 stream_playing=false peak_db=-200.0 mix_rate=48000 latency=0.0880 @ http://localhost:8770/index.js:451
[  714648ms] [LOG] MON 1 playing=false pos=0.000 stream_playing=false peak_db=-200.0 mix_rate=48000 latency=0.0880 @ http://localhost:8770/index.js:451
[  714897ms] [LOG] MON 1 playing=false pos=0.000 stream_playing=false peak_db=-200.0 mix_rate=48000 latency=0.0880 @ http://localhost:8770/index.js:451
[  715147ms] [LOG] MON 1 playing=false pos=0.000 stream_playing=false peak_db=-200.0 mix_rate=48000 latency=0.0880 @ http://localhost:8770/index.js:451
[  715399ms] [LOG] MON 1 playing=false pos=0.000 stream_playing=false peak_db=-200.0 mix_rate=48000 latency=0.0880 @ http://localhost:8770/index.js:451
[  715647ms] [LOG] MON 1 playing=false pos=0.000 stream_playing=false peak_db=-200.0 mix_rate=48000 latency=0.0880 @ http://localhost:8770/index.js:451
[  715899ms] [LOG] MON 1 playing=false pos=0.000 stream_playing=false peak_db=-200.0 mix_rate=48000 latency=0.0880 @ http://localhost:8770/index.js:451
[  716147ms] [LOG] MON 1 playing=false pos=0.000 stream_playing=false peak_db=-200.0 mix_rate=48000 latency=0.0880 @ http://localhost:8770/index.js:451
[  716398ms] [LOG] MON 1 playing=false pos=0.000 stream_playing=false peak_db=-200.0 mix_rate=48000 latency=0.0880 @ http://localhost:8770/index.js:451
[  716648ms] [LOG] MON 1 playing=false pos=0.000 stream_playing=false peak_db=-200.0 mix_rate=48000 latency=0.0880 @ http://localhost:8770/index.js:451
[  716898ms] [LOG] MON 1 playing=false pos=0.000 stream_playing=false peak_db=-200.0 mix_rate=48000 latency=0.0880 @ http://localhost:8770/index.js:451
[  717148ms] [LOG] MON 1 playing=false pos=0.000 stream_playing=false peak_db=-200.0 mix_rate=48000 latency=0.0880 @ http://localhost:8770/index.js:451
[  717399ms] [LOG] MON 1 playing=false pos=0.000 stream_playing=false peak_db=-200.0 mix_rate=48000 latency=0.0880 @ http://localhost:8770/index.js:451
[  717648ms] [LOG] MON 1 playing=false pos=0.000 stream_playing=false peak_db=-200.0 mix_rate=48000 latency=0.0880 @ http://localhost:8770/index.js:451
[  717902ms] [LOG] MON 1 playing=false pos=0.000 stream_playing=false peak_db=-200.0 mix_rate=48000 latency=0.0880 @ http://localhost:8770/index.js:451
[  718148ms] [LOG] MON 1 playing=false pos=0.000 stream_playing=false peak_db=-200.0 mix_rate=48000 latency=0.0880 @ http://localhost:8770/index.js:451
[  718398ms] [LOG] MON 1 playing=false pos=0.000 stream_playing=false peak_db=-200.0 mix_rate=48000 latency=0.0880 @ http://localhost:8770/index.js:451
[  718648ms] [LOG] MON 1 playing=false pos=0.000 stream_playing=false peak_db=-200.0 mix_rate=48000 latency=0.0880 @ http://localhost:8770/index.js:451
[  718903ms] [LOG] MON 1 playing=false pos=0.000 stream_playing=false peak_db=-200.0 mix_rate=48000 latency=0.0880 @ http://localhost:8770/index.js:451
[  719148ms] [LOG] MON 1 playing=false pos=0.000 stream_playing=false peak_db=-200.0 mix_rate=48000 latency=0.0880 @ http://localhost:8770/index.js:451
[  719399ms] [LOG] MON 1 playing=false pos=0.000 stream_playing=false peak_db=-200.0 mix_rate=48000 latency=0.0880 @ http://localhost:8770/index.js:451
[  719647ms] [LOG] MON 1 playing=false pos=0.000 stream_playing=false peak_db=-200.0 mix_rate=48000 latency=0.0880 @ http://localhost:8770/index.js:451
[  719898ms] [LOG] MON 1 playing=false pos=0.000 stream_playing=false peak_db=-200.0 mix_rate=48000 latency=0.0880 @ http://localhost:8770/index.js:451
[  720147ms] [LOG] MON 1 playing=false pos=0.000 stream_playing=false peak_db=-200.0 mix_rate=48000 latency=0.0880 @ http://localhost:8770/index.js:451
[  720397ms] [LOG] MON 1 playing=false pos=0.000 stream_playing=false peak_db=-200.0 mix_rate=48000 latency=0.0880 @ http://localhost:8770/index.js:451
[  720649ms] [LOG] MON 1 playing=false pos=0.000 stream_playing=false peak_db=-200.0 mix_rate=48000 latency=0.0880 @ http://localhost:8770/index.js:451
[  720898ms] [LOG] MON 1 playing=false pos=0.000 stream_playing=false peak_db=-200.0 mix_rate=48000 latency=0.0880 @ http://localhost:8770/index.js:451
[  721147ms] [LOG] MON 1 playing=false pos=0.000 stream_playing=false peak_db=-200.0 mix_rate=48000 latency=0.0880 @ http://localhost:8770/index.js:451
[  721399ms] [LOG] MON 1 playing=false pos=0.000 stream_playing=false peak_db=-200.0 mix_rate=48000 latency=0.0880 @ http://localhost:8770/index.js:451
[  721647ms] [LOG] MON 1 playing=false pos=0.000 stream_playing=false peak_db=-200.0 mix_rate=48000 latency=0.0880 @ http://localhost:8770/index.js:451
[  721899ms] [LOG] MON 1 playing=false pos=0.000 stream_playing=false peak_db=-200.0 mix_rate=48000 latency=0.0880 @ http://localhost:8770/index.js:451
[  722146ms] [LOG] MON 1 playing=false pos=0.000 stream_playing=false peak_db=-200.0 mix_rate=48000 latency=0.0880 @ http://localhost:8770/index.js:451
[  722398ms] [LOG] MON 1 playing=false pos=0.000 stream_playing=false peak_db=-200.0 mix_rate=48000 latency=0.0880 @ http://localhost:8770/index.js:451
[  722647ms] [LOG] MON 1 playing=false pos=0.000 stream_playing=false peak_db=-200.0 mix_rate=48000 latency=0.0880 @ http://localhost:8770/index.js:451
[  722898ms] [LOG] MON 1 playing=false pos=0.000 stream_playing=false peak_db=-200.0 mix_rate=48000 latency=0.0880 @ http://localhost:8770/index.js:451
[  723146ms] [LOG] MON 1 playing=false pos=0.000 stream_playing=false peak_db=-200.0 mix_rate=48000 latency=0.0880 @ http://localhost:8770/index.js:451
[  723398ms] [LOG] MON 1 playing=false pos=0.000 stream_playing=false peak_db=-200.0 mix_rate=48000 latency=0.0880 @ http://localhost:8770/index.js:451
[  723649ms] [LOG] MON 1 playing=false pos=0.000 stream_playing=false peak_db=-200.0 mix_rate=48000 latency=0.0880 @ http://localhost:8770/index.js:451
[  723897ms] [LOG] MON 1 playing=false pos=0.000 stream_playing=false peak_db=-200.0 mix_rate=48000 latency=0.0880 @ http://localhost:8770/index.js:451
[  724148ms] [LOG] MON 1 playing=false pos=0.000 stream_playing=false peak_db=-200.0 mix_rate=48000 latency=0.0880 @ http://localhost:8770/index.js:451
[  724397ms] [LOG] MON 1 playing=false pos=0.000 stream_playing=false peak_db=-200.0 mix_rate=48000 latency=0.0880 @ http://localhost:8770/index.js:451
[  724647ms] [LOG] MON 1 playing=false pos=0.000 stream_playing=false peak_db=-200.0 mix_rate=48000 latency=0.0880 @ http://localhost:8770/index.js:451
[  724901ms] [LOG] MON 1 playing=false pos=0.000 stream_playing=false peak_db=-200.0 mix_rate=48000 latency=0.0880 @ http://localhost:8770/index.js:451
[  725149ms] [LOG] MON 1 playing=false pos=0.000 stream_playing=false peak_db=-200.0 mix_rate=48000 latency=0.0880 @ http://localhost:8770/index.js:451
[  725397ms] [LOG] MON 1 playing=false pos=0.000 stream_playing=false peak_db=-200.0 mix_rate=48000 latency=0.0880 @ http://localhost:8770/index.js:451
[  725648ms] [LOG] MON 1 playing=false pos=0.000 stream_playing=false peak_db=-200.0 mix_rate=48000 latency=0.0880 @ http://localhost:8770/index.js:451
[  725897ms] [LOG] MON 1 playing=false pos=0.000 stream_playing=false peak_db=-200.0 mix_rate=48000 latency=0.0880 @ http://localhost:8770/index.js:451
[  726148ms] [LOG] MON 1 playing=false pos=0.000 stream_playing=false peak_db=-200.0 mix_rate=48000 latency=0.0880 @ http://localhost:8770/index.js:451
[  726398ms] [LOG] MON 1 playing=false pos=0.000 stream_playing=false peak_db=-200.0 mix_rate=48000 latency=0.0880 @ http://localhost:8770/index.js:451
[  726649ms] [LOG] MON 1 playing=false pos=0.000 stream_playing=false peak_db=-200.0 mix_rate=48000 latency=0.0880 @ http://localhost:8770/index.js:451
[  726898ms] [LOG] MON 1 playing=false pos=0.000 stream_playing=false peak_db=-200.0 mix_rate=48000 latency=0.0880 @ http://localhost:8770/index.js:451
[  727148ms] [LOG] MON 1 playing=false pos=0.000 stream_playing=false peak_db=-200.0 mix_rate=48000 latency=0.0880 @ http://localhost:8770/index.js:451
[  727397ms] [LOG] MON 1 playing=false pos=0.000 stream_playing=false peak_db=-200.0 mix_rate=48000 latency=0.0880 @ http://localhost:8770/index.js:451
[  727648ms] [LOG] MON 1 playing=false pos=0.000 stream_playing=false peak_db=-200.0 mix_rate=48000 latency=0.0880 @ http://localhost:8770/index.js:451
[  727898ms] [LOG] MON 1 playing=false pos=0.000 stream_playing=false peak_db=-200.0 mix_rate=48000 latency=0.0880 @ http://localhost:8770/index.js:451
[  728147ms] [LOG] MON 1 playing=false pos=0.000 stream_playing=false peak_db=-200.0 mix_rate=48000 latency=0.0880 @ http://localhost:8770/index.js:451
[  728397ms] [LOG] MON 1 playing=false pos=0.000 stream_playing=false peak_db=-200.0 mix_rate=48000 latency=0.0880 @ http://localhost:8770/index.js:451
[  728648ms] [LOG] MON 1 playing=false pos=0.000 stream_playing=false peak_db=-200.0 mix_rate=48000 latency=0.0880 @ http://localhost:8770/index.js:451
[  728897ms] [LOG] MON 1 playing=false pos=0.000 stream_playing=false peak_db=-200.0 mix_rate=48000 latency=0.0880 @ http://localhost:8770/index.js:451
[  729148ms] [LOG] MON 1 playing=false pos=0.000 stream_playing=false peak_db=-200.0 mix_rate=48000 latency=0.0880 @ http://localhost:8770/index.js:451
[  729398ms] [LOG] MON 1 playing=false pos=0.000 stream_playing=false peak_db=-200.0 mix_rate=48000 latency=0.0880 @ http://localhost:8770/index.js:451
[  729647ms] [LOG] MON 1 playing=false pos=0.000 stream_playing=false peak_db=-200.0 mix_rate=48000 latency=0.0880 @ http://localhost:8770/index.js:451
[  729897ms] [LOG] MON 1 playing=false pos=0.000 stream_playing=false peak_db=-200.0 mix_rate=48000 latency=0.0880 @ http://localhost:8770/index.js:451
[  730147ms] [LOG] MON 1 playing=false pos=0.000 stream_playing=false peak_db=-200.0 mix_rate=48000 latency=0.0880 @ http://localhost:8770/index.js:451
[  730398ms] [LOG] MON 1 playing=false pos=0.000 stream_playing=false peak_db=-200.0 mix_rate=48000 latency=0.0880 @ http://localhost:8770/index.js:451
[  730648ms] [LOG] MON 1 playing=false pos=0.000 stream_playing=false peak_db=-200.0 mix_rate=48000 latency=0.0880 @ http://localhost:8770/index.js:451
[  730898ms] [LOG] MON 1 playing=false pos=0.000 stream_playing=false peak_db=-200.0 mix_rate=48000 latency=0.0880 @ http://localhost:8770/index.js:451
[  731148ms] [LOG] MON 1 playing=false pos=0.000 stream_playing=false peak_db=-200.0 mix_rate=48000 latency=0.0880 @ http://localhost:8770/index.js:451
[  731397ms] [LOG] MON 1 playing=false pos=0.000 stream_playing=false peak_db=-200.0 mix_rate=48000 latency=0.0880 @ http://localhost:8770/index.js:451
[  731651ms] [LOG] MON 1 playing=false pos=0.000 stream_playing=false peak_db=-200.0 mix_rate=48000 latency=0.0880 @ http://localhost:8770/index.js:451
[  731897ms] [LOG] MON 1 playing=false pos=0.000 stream_playing=false peak_db=-200.0 mix_rate=48000 latency=0.0880 @ http://localhost:8770/index.js:451
[  732147ms] [LOG] MON 1 playing=false pos=0.000 stream_playing=false peak_db=-200.0 mix_rate=48000 latency=0.0880 @ http://localhost:8770/index.js:451
[  732398ms] [LOG] MON 1 playing=false pos=0.000 stream_playing=false peak_db=-200.0 mix_rate=48000 latency=0.0880 @ http://localhost:8770/index.js:451
[  732650ms] [LOG] MON 1 playing=false pos=0.000 stream_playing=false peak_db=-200.0 mix_rate=48000 latency=0.0880 @ http://localhost:8770/index.js:451
[  732897ms] [LOG] MON 1 playing=false pos=0.000 stream_playing=false peak_db=-200.0 mix_rate=48000 latency=0.0880 @ http://localhost:8770/index.js:451
[  733148ms] [LOG] MON 1 playing=false pos=0.000 stream_playing=false peak_db=-200.0 mix_rate=48000 latency=0.0880 @ http://localhost:8770/index.js:451
[  733398ms] [LOG] MON 1 playing=false pos=0.000 stream_playing=false peak_db=-200.0 mix_rate=48000 latency=0.0880 @ http://localhost:8770/index.js:451
[  733648ms] [LOG] MON 1 playing=false pos=0.000 stream_playing=false peak_db=-200.0 mix_rate=48000 latency=0.0880 @ http://localhost:8770/index.js:451
[  733896ms] [LOG] MON 1 playing=false pos=0.000 stream_playing=false peak_db=-200.0 mix_rate=48000 latency=0.0880 @ http://localhost:8770/index.js:451
[  734147ms] [LOG] MON 1 playing=false pos=0.000 stream_playing=false peak_db=-200.0 mix_rate=48000 latency=0.0880 @ http://localhost:8770/index.js:451
[  734397ms] [LOG] MON 1 playing=false pos=0.000 stream_playing=false peak_db=-200.0 mix_rate=48000 latency=0.0880 @ http://localhost:8770/index.js:451
[  734647ms] [LOG] MON 1 playing=false pos=0.000 stream_playing=false peak_db=-200.0 mix_rate=48000 latency=0.0880 @ http://localhost:8770/index.js:451
[  734899ms] [LOG] MON 1 playing=false pos=0.000 stream_playing=false peak_db=-200.0 mix_rate=48000 latency=0.0880 @ http://localhost:8770/index.js:451
[  735148ms] [LOG] MON 1 playing=false pos=0.000 stream_playing=false peak_db=-200.0 mix_rate=48000 latency=0.0880 @ http://localhost:8770/index.js:451
[  735396ms] [LOG] MON 1 playing=false pos=0.000 stream_playing=false peak_db=-200.0 mix_rate=48000 latency=0.0880 @ http://localhost:8770/index.js:451
[  735647ms] [LOG] MON 1 playing=false pos=0.000 stream_playing=false peak_db=-200.0 mix_rate=48000 latency=0.0880 @ http://localhost:8770/index.js:451
[  735898ms] [LOG] MON 1 playing=false pos=0.000 stream_playing=false peak_db=-200.0 mix_rate=48000 latency=0.0880 @ http://localhost:8770/index.js:451
[  736148ms] [LOG] MON 1 playing=false pos=0.000 stream_playing=false peak_db=-200.0 mix_rate=48000 latency=0.0880 @ http://localhost:8770/index.js:451
[  736397ms] [LOG] MON 1 playing=false pos=0.000 stream_playing=false peak_db=-200.0 mix_rate=48000 latency=0.0880 @ http://localhost:8770/index.js:451
[  736647ms] [LOG] MON 1 playing=false pos=0.000 stream_playing=false peak_db=-200.0 mix_rate=48000 latency=0.0880 @ http://localhost:8770/index.js:451
[  736899ms] [LOG] MON 1 playing=false pos=0.000 stream_playing=false peak_db=-200.0 mix_rate=48000 latency=0.0880 @ http://localhost:8770/index.js:451
[  737147ms] [LOG] MON 1 playing=false pos=0.000 stream_playing=false peak_db=-200.0 mix_rate=48000 latency=0.0880 @ http://localhost:8770/index.js:451
[  737398ms] [LOG] MON 1 playing=false pos=0.000 stream_playing=false peak_db=-200.0 mix_rate=48000 latency=0.0880 @ http://localhost:8770/index.js:451
[  737648ms] [LOG] MON 1 playing=false pos=0.000 stream_playing=false peak_db=-200.0 mix_rate=48000 latency=0.0880 @ http://localhost:8770/index.js:451
[  737897ms] [LOG] MON 1 playing=false pos=0.000 stream_playing=false peak_db=-200.0 mix_rate=48000 latency=0.0880 @ http://localhost:8770/index.js:451
[  738148ms] [LOG] MON 1 playing=false pos=0.000 stream_playing=false peak_db=-200.0 mix_rate=48000 latency=0.0880 @ http://localhost:8770/index.js:451
[  738397ms] [LOG] MON 1 playing=false pos=0.000 stream_playing=false peak_db=-200.0 mix_rate=48000 latency=0.0880 @ http://localhost:8770/index.js:451
[  738647ms] [LOG] MON 1 playing=false pos=0.000 stream_playing=false peak_db=-200.0 mix_rate=48000 latency=0.0880 @ http://localhost:8770/index.js:451
[  738897ms] [LOG] MON 1 playing=false pos=0.000 stream_playing=false peak_db=-200.0 mix_rate=48000 latency=0.0880 @ http://localhost:8770/index.js:451
[  739146ms] [LOG] MON 1 playing=false pos=0.000 stream_playing=false peak_db=-200.0 mix_rate=48000 latency=0.0880 @ http://localhost:8770/index.js:451
[  739397ms] [LOG] MON 1 playing=false pos=0.000 stream_playing=false peak_db=-200.0 mix_rate=48000 latency=0.0880 @ http://localhost:8770/index.js:451
[  739647ms] [LOG] MON 1 playing=false pos=0.000 stream_playing=false peak_db=-200.0 mix_rate=48000 latency=0.0880 @ http://localhost:8770/index.js:451
[  739896ms] [LOG] MON 1 playing=false pos=0.000 stream_playing=false peak_db=-200.0 mix_rate=48000 latency=0.0880 @ http://localhost:8770/index.js:451
[  740147ms] [LOG] MON 1 playing=false pos=0.000 stream_playing=false peak_db=-200.0 mix_rate=48000 latency=0.0880 @ http://localhost:8770/index.js:451
[  740398ms] [LOG] MON 1 playing=false pos=0.000 stream_playing=false peak_db=-200.0 mix_rate=48000 latency=0.0880 @ http://localhost:8770/index.js:451
[  740647ms] [LOG] MON 1 playing=false pos=0.000 stream_playing=false peak_db=-200.0 mix_rate=48000 latency=0.0880 @ http://localhost:8770/index.js:451
[  740897ms] [LOG] MON 1 playing=false pos=0.000 stream_playing=false peak_db=-200.0 mix_rate=48000 latency=0.0880 @ http://localhost:8770/index.js:451
[  741147ms] [LOG] MON 1 playing=false pos=0.000 stream_playing=false peak_db=-200.0 mix_rate=48000 latency=0.0880 @ http://localhost:8770/index.js:451
[  741397ms] [LOG] MON 1 playing=false pos=0.000 stream_playing=false peak_db=-200.0 mix_rate=48000 latency=0.0880 @ http://localhost:8770/index.js:451
[  741648ms] [LOG] MON 1 playing=false pos=0.000 stream_playing=false peak_db=-200.0 mix_rate=48000 latency=0.0880 @ http://localhost:8770/index.js:451
[  741898ms] [LOG] MON 1 playing=false pos=0.000 stream_playing=false peak_db=-200.0 mix_rate=48000 latency=0.0880 @ http://localhost:8770/index.js:451
[  742147ms] [LOG] MON 1 playing=false pos=0.000 stream_playing=false peak_db=-200.0 mix_rate=48000 latency=0.0880 @ http://localhost:8770/index.js:451
[  742398ms] [LOG] MON 1 playing=false pos=0.000 stream_playing=false peak_db=-200.0 mix_rate=48000 latency=0.0880 @ http://localhost:8770/index.js:451
[  742648ms] [LOG] MON 1 playing=false pos=0.000 stream_playing=false peak_db=-200.0 mix_rate=48000 latency=0.0880 @ http://localhost:8770/index.js:451
[  742898ms] [LOG] MON 1 playing=false pos=0.000 stream_playing=false peak_db=-200.0 mix_rate=48000 latency=0.0880 @ http://localhost:8770/index.js:451
[  743147ms] [LOG] MON 1 playing=false pos=0.000 stream_playing=false peak_db=-200.0 mix_rate=48000 latency=0.0880 @ http://localhost:8770/index.js:451
[  743397ms] [LOG] MON 1 playing=false pos=0.000 stream_playing=false peak_db=-200.0 mix_rate=48000 latency=0.0880 @ http://localhost:8770/index.js:451
[  743648ms] [LOG] MON 1 playing=false pos=0.000 stream_playing=false peak_db=-200.0 mix_rate=48000 latency=0.0880 @ http://localhost:8770/index.js:451
[  743899ms] [LOG] MON 1 playing=false pos=0.000 stream_playing=false peak_db=-200.0 mix_rate=48000 latency=0.0880 @ http://localhost:8770/index.js:451
[  744147ms] [LOG] MON 1 playing=false pos=0.000 stream_playing=false peak_db=-200.0 mix_rate=48000 latency=0.0880 @ http://localhost:8770/index.js:451
[  744397ms] [LOG] MON 1 playing=false pos=0.000 stream_playing=false peak_db=-200.0 mix_rate=48000 latency=0.0880 @ http://localhost:8770/index.js:451
[  744646ms] [LOG] MON 1 playing=false pos=0.000 stream_playing=false peak_db=-200.0 mix_rate=48000 latency=0.0880 @ http://localhost:8770/index.js:451
[  744897ms] [LOG] MON 1 playing=false pos=0.000 stream_playing=false peak_db=-200.0 mix_rate=48000 latency=0.0880 @ http://localhost:8770/index.js:451
[  745150ms] [LOG] MON 1 playing=false pos=0.000 stream_playing=false peak_db=-200.0 mix_rate=48000 latency=0.0880 @ http://localhost:8770/index.js:451
[  745397ms] [LOG] MON 1 playing=false pos=0.000 stream_playing=false peak_db=-200.0 mix_rate=48000 latency=0.0880 @ http://localhost:8770/index.js:451
[  745647ms] [LOG] MON 1 playing=false pos=0.000 stream_playing=false peak_db=-200.0 mix_rate=48000 latency=0.0880 @ http://localhost:8770/index.js:451
[  745898ms] [LOG] MON 1 playing=false pos=0.000 stream_playing=false peak_db=-200.0 mix_rate=48000 latency=0.0880 @ http://localhost:8770/index.js:451
[  746147ms] [LOG] MON 1 playing=false pos=0.000 stream_playing=false peak_db=-200.0 mix_rate=48000 latency=0.0880 @ http://localhost:8770/index.js:451
[  746398ms] [LOG] MON 1 playing=false pos=0.000 stream_playing=false peak_db=-200.0 mix_rate=48000 latency=0.0880 @ http://localhost:8770/index.js:451
[  746647ms] [LOG] MON 1 playing=false pos=0.000 stream_playing=false peak_db=-200.0 mix_rate=48000 latency=0.0880 @ http://localhost:8770/index.js:451
[  746897ms] [LOG] MON 1 playing=false pos=0.000 stream_playing=false peak_db=-200.0 mix_rate=48000 latency=0.0880 @ http://localhost:8770/index.js:451
[  747147ms] [LOG] MON 1 playing=false pos=0.000 stream_playing=false peak_db=-200.0 mix_rate=48000 latency=0.0880 @ http://localhost:8770/index.js:451
[  747398ms] [LOG] MON 1 playing=false pos=0.000 stream_playing=false peak_db=-200.0 mix_rate=48000 latency=0.0880 @ http://localhost:8770/index.js:451
[  747647ms] [LOG] MON 1 playing=false pos=0.000 stream_playing=false peak_db=-200.0 mix_rate=48000 latency=0.0880 @ http://localhost:8770/index.js:451
[  747897ms] [LOG] MON 1 playing=false pos=0.000 stream_playing=false peak_db=-200.0 mix_rate=48000 latency=0.0880 @ http://localhost:8770/index.js:451
[  748147ms] [LOG] MON 1 playing=false pos=0.000 stream_playing=false peak_db=-200.0 mix_rate=48000 latency=0.0880 @ http://localhost:8770/index.js:451
[  748399ms] [LOG] MON 1 playing=false pos=0.000 stream_playing=false peak_db=-200.0 mix_rate=48000 latency=0.0880 @ http://localhost:8770/index.js:451
[  748647ms] [LOG] MON 1 playing=false pos=0.000 stream_playing=false peak_db=-200.0 mix_rate=48000 latency=0.0880 @ http://localhost:8770/index.js:451
[  748898ms] [LOG] MON 1 playing=false pos=0.000 stream_playing=false peak_db=-200.0 mix_rate=48000 latency=0.0880 @ http://localhost:8770/index.js:451
[  749148ms] [LOG] MON 1 playing=false pos=0.000 stream_playing=false peak_db=-200.0 mix_rate=48000 latency=0.0880 @ http://localhost:8770/index.js:451
[  749398ms] [LOG] MON 1 playing=false pos=0.000 stream_playing=false peak_db=-200.0 mix_rate=48000 latency=0.0880 @ http://localhost:8770/index.js:451
[  749647ms] [LOG] MON 1 playing=false pos=0.000 stream_playing=false peak_db=-200.0 mix_rate=48000 latency=0.0880 @ http://localhost:8770/index.js:451
[  749897ms] [LOG] MON 1 playing=false pos=0.000 stream_playing=false peak_db=-200.0 mix_rate=48000 latency=0.0880 @ http://localhost:8770/index.js:451
[  750150ms] [LOG] MON 1 playing=false pos=0.000 stream_playing=false peak_db=-200.0 mix_rate=48000 latency=0.0880 @ http://localhost:8770/index.js:451
[  750398ms] [LOG] MON 1 playing=false pos=0.000 stream_playing=false peak_db=-200.0 mix_rate=48000 latency=0.0880 @ http://localhost:8770/index.js:451
[  750647ms] [LOG] MON 1 playing=false pos=0.000 stream_playing=false peak_db=-200.0 mix_rate=48000 latency=0.0880 @ http://localhost:8770/index.js:451
[  750898ms] [LOG] MON 1 playing=false pos=0.000 stream_playing=false peak_db=-200.0 mix_rate=48000 latency=0.0880 @ http://localhost:8770/index.js:451
[  751147ms] [LOG] MON 1 playing=false pos=0.000 stream_playing=false peak_db=-200.0 mix_rate=48000 latency=0.0880 @ http://localhost:8770/index.js:451
[  751397ms] [LOG] MON 1 playing=false pos=0.000 stream_playing=false peak_db=-200.0 mix_rate=48000 latency=0.0880 @ http://localhost:8770/index.js:451
[  751647ms] [LOG] MON 1 playing=false pos=0.000 stream_playing=false peak_db=-200.0 mix_rate=48000 latency=0.0880 @ http://localhost:8770/index.js:451
[  751899ms] [LOG] MON 1 playing=false pos=0.000 stream_playing=false peak_db=-200.0 mix_rate=48000 latency=0.0880 @ http://localhost:8770/index.js:451
[  752148ms] [LOG] MON 1 playing=false pos=0.000 stream_playing=false peak_db=-200.0 mix_rate=48000 latency=0.0880 @ http://localhost:8770/index.js:451
[  752398ms] [LOG] MON 1 playing=false pos=0.000 stream_playing=false peak_db=-200.0 mix_rate=48000 latency=0.0880 @ http://localhost:8770/index.js:451
[  752648ms] [LOG] MON 1 playing=false pos=0.000 stream_playing=false peak_db=-200.0 mix_rate=48000 latency=0.0880 @ http://localhost:8770/index.js:451
[  752898ms] [LOG] MON 1 playing=false pos=0.000 stream_playing=false peak_db=-200.0 mix_rate=48000 latency=0.0880 @ http://localhost:8770/index.js:451
[  753148ms] [LOG] MON 1 playing=false pos=0.000 stream_playing=false peak_db=-200.0 mix_rate=48000 latency=0.0880 @ http://localhost:8770/index.js:451
[  753398ms] [LOG] MON 1 playing=false pos=0.000 stream_playing=false peak_db=-200.0 mix_rate=48000 latency=0.0880 @ http://localhost:8770/index.js:451
[  753648ms] [LOG] MON 1 playing=false pos=0.000 stream_playing=false peak_db=-200.0 mix_rate=48000 latency=0.0880 @ http://localhost:8770/index.js:451
[  753897ms] [LOG] MON 1 playing=false pos=0.000 stream_playing=false peak_db=-200.0 mix_rate=48000 latency=0.0880 @ http://localhost:8770/index.js:451
[  754147ms] [LOG] MON 1 playing=false pos=0.000 stream_playing=false peak_db=-200.0 mix_rate=48000 latency=0.0880 @ http://localhost:8770/index.js:451
[  754399ms] [LOG] MON 1 playing=false pos=0.000 stream_playing=false peak_db=-200.0 mix_rate=48000 latency=0.0880 @ http://localhost:8770/index.js:451
[  754646ms] [LOG] MON 1 playing=false pos=0.000 stream_playing=false peak_db=-200.0 mix_rate=48000 latency=0.0880 @ http://localhost:8770/index.js:451
[  754898ms] [LOG] MON 1 playing=false pos=0.000 stream_playing=false peak_db=-200.0 mix_rate=48000 latency=0.0880 @ http://localhost:8770/index.js:451
[  755148ms] [LOG] MON 1 playing=false pos=0.000 stream_playing=false peak_db=-200.0 mix_rate=48000 latency=0.0880 @ http://localhost:8770/index.js:451
[  755399ms] [LOG] MON 1 playing=false pos=0.000 stream_playing=false peak_db=-200.0 mix_rate=48000 latency=0.0880 @ http://localhost:8770/index.js:451
[  755648ms] [LOG] MON 1 playing=false pos=0.000 stream_playing=false peak_db=-200.0 mix_rate=48000 latency=0.0880 @ http://localhost:8770/index.js:451
[  755898ms] [LOG] MON 1 playing=false pos=0.000 stream_playing=false peak_db=-200.0 mix_rate=48000 latency=0.0880 @ http://localhost:8770/index.js:451
[  756148ms] [LOG] MON 1 playing=false pos=0.000 stream_playing=false peak_db=-200.0 mix_rate=48000 latency=0.0880 @ http://localhost:8770/index.js:451
[  756397ms] [LOG] MON 1 playing=false pos=0.000 stream_playing=false peak_db=-200.0 mix_rate=48000 latency=0.0880 @ http://localhost:8770/index.js:451
[  756648ms] [LOG] MON 1 playing=false pos=0.000 stream_playing=false peak_db=-200.0 mix_rate=48000 latency=0.0880 @ http://localhost:8770/index.js:451
[  756898ms] [LOG] MON 1 playing=false pos=0.000 stream_playing=false peak_db=-200.0 mix_rate=48000 latency=0.0880 @ http://localhost:8770/index.js:451
[  757148ms] [LOG] MON 1 playing=false pos=0.000 stream_playing=false peak_db=-200.0 mix_rate=48000 latency=0.0880 @ http://localhost:8770/index.js:451
[  757398ms] [LOG] MON 1 playing=false pos=0.000 stream_playing=false peak_db=-200.0 mix_rate=48000 latency=0.0880 @ http://localhost:8770/index.js:451
[  757647ms] [LOG] MON 1 playing=false pos=0.000 stream_playing=false peak_db=-200.0 mix_rate=48000 latency=0.0880 @ http://localhost:8770/index.js:451
[  757897ms] [LOG] MON 1 playing=false pos=0.000 stream_playing=false peak_db=-200.0 mix_rate=48000 latency=0.0880 @ http://localhost:8770/index.js:451
[  758147ms] [LOG] MON 1 playing=false pos=0.000 stream_playing=false peak_db=-200.0 mix_rate=48000 latency=0.0880 @ http://localhost:8770/index.js:451
[  758397ms] [LOG] MON 1 playing=false pos=0.000 stream_playing=false peak_db=-200.0 mix_rate=48000 latency=0.0880 @ http://localhost:8770/index.js:451
[  758648ms] [LOG] MON 1 playing=false pos=0.000 stream_playing=false peak_db=-200.0 mix_rate=48000 latency=0.0880 @ http://localhost:8770/index.js:451
[  758898ms] [LOG] MON 1 playing=false pos=0.000 stream_playing=false peak_db=-200.0 mix_rate=48000 latency=0.0880 @ http://localhost:8770/index.js:451
[  759148ms] [LOG] MON 1 playing=false pos=0.000 stream_playing=false peak_db=-200.0 mix_rate=48000 latency=0.0880 @ http://localhost:8770/index.js:451
[  759399ms] [LOG] MON 1 playing=false pos=0.000 stream_playing=false peak_db=-200.0 mix_rate=48000 latency=0.0880 @ http://localhost:8770/index.js:451
[  759648ms] [LOG] MON 1 playing=false pos=0.000 stream_playing=false peak_db=-200.0 mix_rate=48000 latency=0.0880 @ http://localhost:8770/index.js:451
[  759897ms] [LOG] MON 1 playing=false pos=0.000 stream_playing=false peak_db=-200.0 mix_rate=48000 latency=0.0880 @ http://localhost:8770/index.js:451
[  760147ms] [LOG] MON 1 playing=false pos=0.000 stream_playing=false peak_db=-200.0 mix_rate=48000 latency=0.0880 @ http://localhost:8770/index.js:451
[  760397ms] [LOG] MON 1 playing=false pos=0.000 stream_playing=false peak_db=-200.0 mix_rate=48000 latency=0.0880 @ http://localhost:8770/index.js:451
[  760649ms] [LOG] MON 1 playing=false pos=0.000 stream_playing=false peak_db=-200.0 mix_rate=48000 latency=0.0880 @ http://localhost:8770/index.js:451
[  760900ms] [LOG] MON 1 playing=false pos=0.000 stream_playing=false peak_db=-200.0 mix_rate=48000 latency=0.0880 @ http://localhost:8770/index.js:451
[  761150ms] [LOG] MON 1 playing=false pos=0.000 stream_playing=false peak_db=-200.0 mix_rate=48000 latency=0.0880 @ http://localhost:8770/index.js:451
[  761399ms] [LOG] MON 1 playing=false pos=0.000 stream_playing=false peak_db=-200.0 mix_rate=48000 latency=0.0880 @ http://localhost:8770/index.js:451
[  761649ms] [LOG] MON 1 playing=false pos=0.000 stream_playing=false peak_db=-200.0 mix_rate=48000 latency=0.0880 @ http://localhost:8770/index.js:451
[  761897ms] [LOG] MON 1 playing=false pos=0.000 stream_playing=false peak_db=-200.0 mix_rate=48000 latency=0.0880 @ http://localhost:8770/index.js:451
[  762148ms] [LOG] MON 1 playing=false pos=0.000 stream_playing=false peak_db=-200.0 mix_rate=48000 latency=0.0880 @ http://localhost:8770/index.js:451
[  762399ms] [LOG] MON 1 playing=false pos=0.000 stream_playing=false peak_db=-200.0 mix_rate=48000 latency=0.0880 @ http://localhost:8770/index.js:451
[  762647ms] [LOG] MON 1 playing=false pos=0.000 stream_playing=false peak_db=-200.0 mix_rate=48000 latency=0.0880 @ http://localhost:8770/index.js:451
[  762900ms] [LOG] MON 1 playing=false pos=0.000 stream_playing=false peak_db=-200.0 mix_rate=48000 latency=0.0880 @ http://localhost:8770/index.js:451
[  763151ms] [LOG] MON 1 playing=false pos=0.000 stream_playing=false peak_db=-200.0 mix_rate=48000 latency=0.0880 @ http://localhost:8770/index.js:451
[  763397ms] [LOG] MON 1 playing=false pos=0.000 stream_playing=false peak_db=-200.0 mix_rate=48000 latency=0.0880 @ http://localhost:8770/index.js:451
[  763651ms] [LOG] MON 1 playing=false pos=0.000 stream_playing=false peak_db=-200.0 mix_rate=48000 latency=0.0880 @ http://localhost:8770/index.js:451
[  763899ms] [LOG] MON 1 playing=false pos=0.000 stream_playing=false peak_db=-200.0 mix_rate=48000 latency=0.0880 @ http://localhost:8770/index.js:451
[  764148ms] [LOG] MON 1 playing=false pos=0.000 stream_playing=false peak_db=-200.0 mix_rate=48000 latency=0.0880 @ http://localhost:8770/index.js:451
[  764400ms] [LOG] MON 1 playing=false pos=0.000 stream_playing=false peak_db=-200.0 mix_rate=48000 latency=0.0880 @ http://localhost:8770/index.js:451
[  764649ms] [LOG] MON 1 playing=false pos=0.000 stream_playing=false peak_db=-200.0 mix_rate=48000 latency=0.0880 @ http://localhost:8770/index.js:451
[  764897ms] [LOG] MON 1 playing=false pos=0.000 stream_playing=false peak_db=-200.0 mix_rate=48000 latency=0.0880 @ http://localhost:8770/index.js:451
[  765149ms] [LOG] MON 1 playing=false pos=0.000 stream_playing=false peak_db=-200.0 mix_rate=48000 latency=0.0880 @ http://localhost:8770/index.js:451
[  765397ms] [LOG] MON 1 playing=false pos=0.000 stream_playing=false peak_db=-200.0 mix_rate=48000 latency=0.0880 @ http://localhost:8770/index.js:451
[  765647ms] [LOG] MON 1 playing=false pos=0.000 stream_playing=false peak_db=-200.0 mix_rate=48000 latency=0.0880 @ http://localhost:8770/index.js:451
[  765899ms] [LOG] MON 1 playing=false pos=0.000 stream_playing=false peak_db=-200.0 mix_rate=48000 latency=0.0880 @ http://localhost:8770/index.js:451
[  766149ms] [LOG] MON 1 playing=false pos=0.000 stream_playing=false peak_db=-200.0 mix_rate=48000 latency=0.0880 @ http://localhost:8770/index.js:451
[  766398ms] [LOG] MON 1 playing=false pos=0.000 stream_playing=false peak_db=-200.0 mix_rate=48000 latency=0.0880 @ http://localhost:8770/index.js:451
[  766648ms] [LOG] MON 1 playing=false pos=0.000 stream_playing=false peak_db=-200.0 mix_rate=48000 latency=0.0880 @ http://localhost:8770/index.js:451
[  766898ms] [LOG] MON 1 playing=false pos=0.000 stream_playing=false peak_db=-200.0 mix_rate=48000 latency=0.0880 @ http://localhost:8770/index.js:451
[  767148ms] [LOG] MON 1 playing=false pos=0.000 stream_playing=false peak_db=-200.0 mix_rate=48000 latency=0.0880 @ http://localhost:8770/index.js:451
[  767398ms] [LOG] MON 1 playing=false pos=0.000 stream_playing=false peak_db=-200.0 mix_rate=48000 latency=0.0880 @ http://localhost:8770/index.js:451
[  767647ms] [LOG] MON 1 playing=false pos=0.000 stream_playing=false peak_db=-200.0 mix_rate=48000 latency=0.0880 @ http://localhost:8770/index.js:451
[  767898ms] [LOG] MON 1 playing=false pos=0.000 stream_playing=false peak_db=-200.0 mix_rate=48000 latency=0.0880 @ http://localhost:8770/index.js:451
[  768148ms] [LOG] MON 1 playing=false pos=0.000 stream_playing=false peak_db=-200.0 mix_rate=48000 latency=0.0880 @ http://localhost:8770/index.js:451
[  768400ms] [LOG] MON 1 playing=false pos=0.000 stream_playing=false peak_db=-200.0 mix_rate=48000 latency=0.0880 @ http://localhost:8770/index.js:451
[  768648ms] [LOG] MON 1 playing=false pos=0.000 stream_playing=false peak_db=-200.0 mix_rate=48000 latency=0.0880 @ http://localhost:8770/index.js:451
[  768898ms] [LOG] MON 1 playing=false pos=0.000 stream_playing=false peak_db=-200.0 mix_rate=48000 latency=0.0880 @ http://localhost:8770/index.js:451
[  769148ms] [LOG] MON 1 playing=false pos=0.000 stream_playing=false peak_db=-200.0 mix_rate=48000 latency=0.0880 @ http://localhost:8770/index.js:451
[  769397ms] [LOG] MON 1 playing=false pos=0.000 stream_playing=false peak_db=-200.0 mix_rate=48000 latency=0.0880 @ http://localhost:8770/index.js:451
[  769648ms] [LOG] MON 1 playing=false pos=0.000 stream_playing=false peak_db=-200.0 mix_rate=48000 latency=0.0880 @ http://localhost:8770/index.js:451
[  769899ms] [LOG] MON 1 playing=false pos=0.000 stream_playing=false peak_db=-200.0 mix_rate=48000 latency=0.0880 @ http://localhost:8770/index.js:451
[  770149ms] [LOG] MON 1 playing=false pos=0.000 stream_playing=false peak_db=-200.0 mix_rate=48000 latency=0.0880 @ http://localhost:8770/index.js:451
[  770397ms] [LOG] MON 1 playing=false pos=0.000 stream_playing=false peak_db=-200.0 mix_rate=48000 latency=0.0880 @ http://localhost:8770/index.js:451
[  770647ms] [LOG] MON 1 playing=false pos=0.000 stream_playing=false peak_db=-200.0 mix_rate=48000 latency=0.0880 @ http://localhost:8770/index.js:451
[  770897ms] [LOG] MON 1 playing=false pos=0.000 stream_playing=false peak_db=-200.0 mix_rate=48000 latency=0.0880 @ http://localhost:8770/index.js:451
[  771149ms] [LOG] MON 1 playing=false pos=0.000 stream_playing=false peak_db=-200.0 mix_rate=48000 latency=0.0880 @ http://localhost:8770/index.js:451
[  771397ms] [LOG] MON 1 playing=false pos=0.000 stream_playing=false peak_db=-200.0 mix_rate=48000 latency=0.0880 @ http://localhost:8770/index.js:451
[  771649ms] [LOG] MON 1 playing=false pos=0.000 stream_playing=false peak_db=-200.0 mix_rate=48000 latency=0.0880 @ http://localhost:8770/index.js:451
[  771898ms] [LOG] MON 1 playing=false pos=0.000 stream_playing=false peak_db=-200.0 mix_rate=48000 latency=0.0880 @ http://localhost:8770/index.js:451
[  772147ms] [LOG] MON 1 playing=false pos=0.000 stream_playing=false peak_db=-200.0 mix_rate=48000 latency=0.0880 @ http://localhost:8770/index.js:451
[  772398ms] [LOG] MON 1 playing=false pos=0.000 stream_playing=false peak_db=-200.0 mix_rate=48000 latency=0.0880 @ http://localhost:8770/index.js:451
[  772649ms] [LOG] MON 1 playing=false pos=0.000 stream_playing=false peak_db=-200.0 mix_rate=48000 latency=0.0880 @ http://localhost:8770/index.js:451
[  772899ms] [LOG] MON 1 playing=false pos=0.000 stream_playing=false peak_db=-200.0 mix_rate=48000 latency=0.0880 @ http://localhost:8770/index.js:451
[  773149ms] [LOG] MON 1 playing=false pos=0.000 stream_playing=false peak_db=-200.0 mix_rate=48000 latency=0.0880 @ http://localhost:8770/index.js:451
[  773399ms] [LOG] MON 1 playing=false pos=0.000 stream_playing=false peak_db=-200.0 mix_rate=48000 latency=0.0880 @ http://localhost:8770/index.js:451
[  773650ms] [LOG] MON 1 playing=false pos=0.000 stream_playing=false peak_db=-200.0 mix_rate=48000 latency=0.0880 @ http://localhost:8770/index.js:451
[  773901ms] [LOG] MON 1 playing=false pos=0.000 stream_playing=false peak_db=-200.0 mix_rate=48000 latency=0.0880 @ http://localhost:8770/index.js:451
[  774149ms] [LOG] MON 1 playing=false pos=0.000 stream_playing=false peak_db=-200.0 mix_rate=48000 latency=0.0880 @ http://localhost:8770/index.js:451
[  774400ms] [LOG] MON 1 playing=false pos=0.000 stream_playing=false peak_db=-200.0 mix_rate=48000 latency=0.0880 @ http://localhost:8770/index.js:451
[  774648ms] [LOG] MON 1 playing=false pos=0.000 stream_playing=false peak_db=-200.0 mix_rate=48000 latency=0.0880 @ http://localhost:8770/index.js:451
[  774898ms] [LOG] MON 1 playing=false pos=0.000 stream_playing=false peak_db=-200.0 mix_rate=48000 latency=0.0880 @ http://localhost:8770/index.js:451
[  775149ms] [LOG] MON 1 playing=false pos=0.000 stream_playing=false peak_db=-200.0 mix_rate=48000 latency=0.0880 @ http://localhost:8770/index.js:451
[  775398ms] [LOG] MON 1 playing=false pos=0.000 stream_playing=false peak_db=-200.0 mix_rate=48000 latency=0.0880 @ http://localhost:8770/index.js:451
[  775648ms] [LOG] MON 1 playing=false pos=0.000 stream_playing=false peak_db=-200.0 mix_rate=48000 latency=0.0880 @ http://localhost:8770/index.js:451
[  775898ms] [LOG] MON 1 playing=false pos=0.000 stream_playing=false peak_db=-200.0 mix_rate=48000 latency=0.0880 @ http://localhost:8770/index.js:451
[  776149ms] [LOG] MON 1 playing=false pos=0.000 stream_playing=false peak_db=-200.0 mix_rate=48000 latency=0.0880 @ http://localhost:8770/index.js:451
[  776398ms] [LOG] MON 1 playing=false pos=0.000 stream_playing=false peak_db=-200.0 mix_rate=48000 latency=0.0880 @ http://localhost:8770/index.js:451
[  776648ms] [LOG] MON 1 playing=false pos=0.000 stream_playing=false peak_db=-200.0 mix_rate=48000 latency=0.0880 @ http://localhost:8770/index.js:451
[  776899ms] [LOG] MON 1 playing=false pos=0.000 stream_playing=false peak_db=-200.0 mix_rate=48000 latency=0.0880 @ http://localhost:8770/index.js:451
[  777148ms] [LOG] MON 1 playing=false pos=0.000 stream_playing=false peak_db=-200.0 mix_rate=48000 latency=0.0880 @ http://localhost:8770/index.js:451
[  777399ms] [LOG] MON 1 playing=false pos=0.000 stream_playing=false peak_db=-200.0 mix_rate=48000 latency=0.0880 @ http://localhost:8770/index.js:451
[  777649ms] [LOG] MON 1 playing=false pos=0.000 stream_playing=false peak_db=-200.0 mix_rate=48000 latency=0.0880 @ http://localhost:8770/index.js:451
[  777899ms] [LOG] MON 1 playing=false pos=0.000 stream_playing=false peak_db=-200.0 mix_rate=48000 latency=0.0880 @ http://localhost:8770/index.js:451
[  778149ms] [LOG] MON 1 playing=false pos=0.000 stream_playing=false peak_db=-200.0 mix_rate=48000 latency=0.0880 @ http://localhost:8770/index.js:451
[  778400ms] [LOG] MON 1 playing=false pos=0.000 stream_playing=false peak_db=-200.0 mix_rate=48000 latency=0.0880 @ http://localhost:8770/index.js:451
[  778649ms] [LOG] MON 1 playing=false pos=0.000 stream_playing=false peak_db=-200.0 mix_rate=48000 latency=0.0880 @ http://localhost:8770/index.js:451
[  778898ms] [LOG] MON 1 playing=false pos=0.000 stream_playing=false peak_db=-200.0 mix_rate=48000 latency=0.0880 @ http://localhost:8770/index.js:451
[  779149ms] [LOG] MON 1 playing=false pos=0.000 stream_playing=false peak_db=-200.0 mix_rate=48000 latency=0.0880 @ http://localhost:8770/index.js:451
[  779403ms] [LOG] MON 1 playing=false pos=0.000 stream_playing=false peak_db=-200.0 mix_rate=48000 latency=0.0880 @ http://localhost:8770/index.js:451
[  779648ms] [LOG] MON 1 playing=false pos=0.000 stream_playing=false peak_db=-200.0 mix_rate=48000 latency=0.0880 @ http://localhost:8770/index.js:451
[  779899ms] [LOG] MON 1 playing=false pos=0.000 stream_playing=false peak_db=-200.0 mix_rate=48000 latency=0.0880 @ http://localhost:8770/index.js:451
[  780148ms] [LOG] MON 1 playing=false pos=0.000 stream_playing=false peak_db=-200.0 mix_rate=48000 latency=0.0880 @ http://localhost:8770/index.js:451
[  780400ms] [LOG] MON 1 playing=false pos=0.000 stream_playing=false peak_db=-200.0 mix_rate=48000 latency=0.0880 @ http://localhost:8770/index.js:451
[  780648ms] [LOG] MON 1 playing=false pos=0.000 stream_playing=false peak_db=-200.0 mix_rate=48000 latency=0.0880 @ http://localhost:8770/index.js:451
[  780902ms] [LOG] MON 1 playing=false pos=0.000 stream_playing=false peak_db=-200.0 mix_rate=48000 latency=0.0880 @ http://localhost:8770/index.js:451
[  781149ms] [LOG] MON 1 playing=false pos=0.000 stream_playing=false peak_db=-200.0 mix_rate=48000 latency=0.0880 @ http://localhost:8770/index.js:451
[  781398ms] [LOG] MON 1 playing=false pos=0.000 stream_playing=false peak_db=-200.0 mix_rate=48000 latency=0.0880 @ http://localhost:8770/index.js:451
[  781649ms] [LOG] MON 1 playing=false pos=0.000 stream_playing=false peak_db=-200.0 mix_rate=48000 latency=0.0880 @ http://localhost:8770/index.js:451
[  781899ms] [LOG] MON 1 playing=false pos=0.000 stream_playing=false peak_db=-200.0 mix_rate=48000 latency=0.0880 @ http://localhost:8770/index.js:451
[  782164ms] [LOG] MON 1 playing=false pos=0.000 stream_playing=false peak_db=-200.0 mix_rate=48000 latency=0.0880 @ http://localhost:8770/index.js:451
[  782398ms] [LOG] MON 1 playing=false pos=0.000 stream_playing=false peak_db=-200.0 mix_rate=48000 latency=0.0880 @ http://localhost:8770/index.js:451
[  782648ms] [LOG] MON 1 playing=false pos=0.000 stream_playing=false peak_db=-200.0 mix_rate=48000 latency=0.0880 @ http://localhost:8770/index.js:451
[  782898ms] [LOG] MON 1 playing=false pos=0.000 stream_playing=false peak_db=-200.0 mix_rate=48000 latency=0.0880 @ http://localhost:8770/index.js:451
[  783150ms] [LOG] MON 1 playing=false pos=0.000 stream_playing=false peak_db=-200.0 mix_rate=48000 latency=0.0880 @ http://localhost:8770/index.js:451
[  783400ms] [LOG] MON 1 playing=false pos=0.000 stream_playing=false peak_db=-200.0 mix_rate=48000 latency=0.0880 @ http://localhost:8770/index.js:451
[  783648ms] [LOG] MON 1 playing=false pos=0.000 stream_playing=false peak_db=-200.0 mix_rate=48000 latency=0.0880 @ http://localhost:8770/index.js:451
[  783898ms] [LOG] MON 1 playing=false pos=0.000 stream_playing=false peak_db=-200.0 mix_rate=48000 latency=0.0880 @ http://localhost:8770/index.js:451
[  784148ms] [LOG] MON 1 playing=false pos=0.000 stream_playing=false peak_db=-200.0 mix_rate=48000 latency=0.0880 @ http://localhost:8770/index.js:451
[  784402ms] [LOG] MON 1 playing=false pos=0.000 stream_playing=false peak_db=-200.0 mix_rate=48000 latency=0.0880 @ http://localhost:8770/index.js:451
[  784649ms] [LOG] MON 1 playing=false pos=0.000 stream_playing=false peak_db=-200.0 mix_rate=48000 latency=0.0880 @ http://localhost:8770/index.js:451
[  784904ms] [LOG] MON 1 playing=false pos=0.000 stream_playing=false peak_db=-200.0 mix_rate=48000 latency=0.0880 @ http://localhost:8770/index.js:451
[  785149ms] [LOG] MON 1 playing=false pos=0.000 stream_playing=false peak_db=-200.0 mix_rate=48000 latency=0.0880 @ http://localhost:8770/index.js:451
[  785399ms] [LOG] MON 1 playing=false pos=0.000 stream_playing=false peak_db=-200.0 mix_rate=48000 latency=0.0880 @ http://localhost:8770/index.js:451
[  785649ms] [LOG] MON 1 playing=false pos=0.000 stream_playing=false peak_db=-200.0 mix_rate=48000 latency=0.0880 @ http://localhost:8770/index.js:451
[  785898ms] [LOG] MON 1 playing=false pos=0.000 stream_playing=false peak_db=-200.0 mix_rate=48000 latency=0.0880 @ http://localhost:8770/index.js:451
[  786148ms] [LOG] MON 1 playing=false pos=0.000 stream_playing=false peak_db=-200.0 mix_rate=48000 latency=0.0880 @ http://localhost:8770/index.js:451
[  786399ms] [LOG] MON 1 playing=false pos=0.000 stream_playing=false peak_db=-200.0 mix_rate=48000 latency=0.0880 @ http://localhost:8770/index.js:451
[  786648ms] [LOG] MON 1 playing=false pos=0.000 stream_playing=false peak_db=-200.0 mix_rate=48000 latency=0.0880 @ http://localhost:8770/index.js:451
[  786898ms] [LOG] MON 1 playing=false pos=0.000 stream_playing=false peak_db=-200.0 mix_rate=48000 latency=0.0880 @ http://localhost:8770/index.js:451
[  787149ms] [LOG] MON 1 playing=false pos=0.000 stream_playing=false peak_db=-200.0 mix_rate=48000 latency=0.0880 @ http://localhost:8770/index.js:451
[  787398ms] [LOG] MON 1 playing=false pos=0.000 stream_playing=false peak_db=-200.0 mix_rate=48000 latency=0.0880 @ http://localhost:8770/index.js:451
[  787650ms] [LOG] MON 1 playing=false pos=0.000 stream_playing=false peak_db=-200.0 mix_rate=48000 latency=0.0880 @ http://localhost:8770/index.js:451
[  787897ms] [LOG] MON 1 playing=false pos=0.000 stream_playing=false peak_db=-200.0 mix_rate=48000 latency=0.0880 @ http://localhost:8770/index.js:451
[  788149ms] [LOG] MON 1 playing=false pos=0.000 stream_playing=false peak_db=-200.0 mix_rate=48000 latency=0.0880 @ http://localhost:8770/index.js:451
[  788400ms] [LOG] MON 1 playing=false pos=0.000 stream_playing=false peak_db=-200.0 mix_rate=48000 latency=0.0880 @ http://localhost:8770/index.js:451
[  788652ms] [LOG] MON 1 playing=false pos=0.000 stream_playing=false peak_db=-200.0 mix_rate=48000 latency=0.0880 @ http://localhost:8770/index.js:451
[  788898ms] [LOG] MON 1 playing=false pos=0.000 stream_playing=false peak_db=-200.0 mix_rate=48000 latency=0.0880 @ http://localhost:8770/index.js:451
[  789150ms] [LOG] MON 1 playing=false pos=0.000 stream_playing=false peak_db=-200.0 mix_rate=48000 latency=0.0880 @ http://localhost:8770/index.js:451
[  789398ms] [LOG] MON 1 playing=false pos=0.000 stream_playing=false peak_db=-200.0 mix_rate=48000 latency=0.0880 @ http://localhost:8770/index.js:451
[  789648ms] [LOG] MON 1 playing=false pos=0.000 stream_playing=false peak_db=-200.0 mix_rate=48000 latency=0.0880 @ http://localhost:8770/index.js:451
[  789898ms] [LOG] MON 1 playing=false pos=0.000 stream_playing=false peak_db=-200.0 mix_rate=48000 latency=0.0880 @ http://localhost:8770/index.js:451
[  790148ms] [LOG] MON 1 playing=false pos=0.000 stream_playing=false peak_db=-200.0 mix_rate=48000 latency=0.0880 @ http://localhost:8770/index.js:451
[  790398ms] [LOG] MON 1 playing=false pos=0.000 stream_playing=false peak_db=-200.0 mix_rate=48000 latency=0.0880 @ http://localhost:8770/index.js:451
[  790649ms] [LOG] MON 1 playing=false pos=0.000 stream_playing=false peak_db=-200.0 mix_rate=48000 latency=0.0880 @ http://localhost:8770/index.js:451
[  790900ms] [LOG] MON 1 playing=false pos=0.000 stream_playing=false peak_db=-200.0 mix_rate=48000 latency=0.0880 @ http://localhost:8770/index.js:451
[  791148ms] [LOG] MON 1 playing=false pos=0.000 stream_playing=false peak_db=-200.0 mix_rate=48000 latency=0.0880 @ http://localhost:8770/index.js:451
[  791398ms] [LOG] MON 1 playing=false pos=0.000 stream_playing=false peak_db=-200.0 mix_rate=48000 latency=0.0880 @ http://localhost:8770/index.js:451
[  791648ms] [LOG] MON 1 playing=false pos=0.000 stream_playing=false peak_db=-200.0 mix_rate=48000 latency=0.0880 @ http://localhost:8770/index.js:451
[  791908ms] [LOG] MON 1 playing=false pos=0.000 stream_playing=false peak_db=-200.0 mix_rate=48000 latency=0.0880 @ http://localhost:8770/index.js:451
[  792151ms] [LOG] MON 1 playing=false pos=0.000 stream_playing=false peak_db=-200.0 mix_rate=48000 latency=0.0880 @ http://localhost:8770/index.js:451
[  792399ms] [LOG] MON 1 playing=false pos=0.000 stream_playing=false peak_db=-200.0 mix_rate=48000 latency=0.0880 @ http://localhost:8770/index.js:451
[  792649ms] [LOG] MON 1 playing=false pos=0.000 stream_playing=false peak_db=-200.0 mix_rate=48000 latency=0.0880 @ http://localhost:8770/index.js:451
[  792898ms] [LOG] MON 1 playing=false pos=0.000 stream_playing=false peak_db=-200.0 mix_rate=48000 latency=0.0880 @ http://localhost:8770/index.js:451
[  793149ms] [LOG] MON 1 playing=false pos=0.000 stream_playing=false peak_db=-200.0 mix_rate=48000 latency=0.0880 @ http://localhost:8770/index.js:451
[  793399ms] [LOG] MON 1 playing=false pos=0.000 stream_playing=false peak_db=-200.0 mix_rate=48000 latency=0.0880 @ http://localhost:8770/index.js:451
[  793649ms] [LOG] MON 1 playing=false pos=0.000 stream_playing=false peak_db=-200.0 mix_rate=48000 latency=0.0880 @ http://localhost:8770/index.js:451
[  793899ms] [LOG] MON 1 playing=false pos=0.000 stream_playing=false peak_db=-200.0 mix_rate=48000 latency=0.0880 @ http://localhost:8770/index.js:451
[  794148ms] [LOG] MON 1 playing=false pos=0.000 stream_playing=false peak_db=-200.0 mix_rate=48000 latency=0.0880 @ http://localhost:8770/index.js:451
[  794398ms] [LOG] MON 1 playing=false pos=0.000 stream_playing=false peak_db=-200.0 mix_rate=48000 latency=0.0880 @ http://localhost:8770/index.js:451
[  794649ms] [LOG] MON 1 playing=false pos=0.000 stream_playing=false peak_db=-200.0 mix_rate=48000 latency=0.0880 @ http://localhost:8770/index.js:451
[  794898ms] [LOG] MON 1 playing=false pos=0.000 stream_playing=false peak_db=-200.0 mix_rate=48000 latency=0.0880 @ http://localhost:8770/index.js:451
[  795148ms] [LOG] MON 1 playing=false pos=0.000 stream_playing=false peak_db=-200.0 mix_rate=48000 latency=0.0880 @ http://localhost:8770/index.js:451
[  795398ms] [LOG] MON 1 playing=false pos=0.000 stream_playing=false peak_db=-200.0 mix_rate=48000 latency=0.0880 @ http://localhost:8770/index.js:451
[  795648ms] [LOG] MON 1 playing=false pos=0.000 stream_playing=false peak_db=-200.0 mix_rate=48000 latency=0.0880 @ http://localhost:8770/index.js:451
[  795899ms] [LOG] MON 1 playing=false pos=0.000 stream_playing=false peak_db=-200.0 mix_rate=48000 latency=0.0880 @ http://localhost:8770/index.js:451
[  796148ms] [LOG] MON 1 playing=false pos=0.000 stream_playing=false peak_db=-200.0 mix_rate=48000 latency=0.0880 @ http://localhost:8770/index.js:451
[  796398ms] [LOG] MON 1 playing=false pos=0.000 stream_playing=false peak_db=-200.0 mix_rate=48000 latency=0.0880 @ http://localhost:8770/index.js:451
[  796649ms] [LOG] MON 1 playing=false pos=0.000 stream_playing=false peak_db=-200.0 mix_rate=48000 latency=0.0880 @ http://localhost:8770/index.js:451
[  796899ms] [LOG] MON 1 playing=false pos=0.000 stream_playing=false peak_db=-200.0 mix_rate=48000 latency=0.0880 @ http://localhost:8770/index.js:451
[  797148ms] [LOG] MON 1 playing=false pos=0.000 stream_playing=false peak_db=-200.0 mix_rate=48000 latency=0.0880 @ http://localhost:8770/index.js:451
[  797399ms] [LOG] MON 1 playing=false pos=0.000 stream_playing=false peak_db=-200.0 mix_rate=48000 latency=0.0880 @ http://localhost:8770/index.js:451
[  797647ms] [LOG] MON 1 playing=false pos=0.000 stream_playing=false peak_db=-200.0 mix_rate=48000 latency=0.0880 @ http://localhost:8770/index.js:451
[  797899ms] [LOG] MON 1 playing=false pos=0.000 stream_playing=false peak_db=-200.0 mix_rate=48000 latency=0.0880 @ http://localhost:8770/index.js:451
[  798147ms] [LOG] MON 1 playing=false pos=0.000 stream_playing=false peak_db=-200.0 mix_rate=48000 latency=0.0880 @ http://localhost:8770/index.js:451
[  798399ms] [LOG] MON 1 playing=false pos=0.000 stream_playing=false peak_db=-200.0 mix_rate=48000 latency=0.0880 @ http://localhost:8770/index.js:451
[  798648ms] [LOG] MON 1 playing=false pos=0.000 stream_playing=false peak_db=-200.0 mix_rate=48000 latency=0.0880 @ http://localhost:8770/index.js:451
[  798898ms] [LOG] MON 1 playing=false pos=0.000 stream_playing=false peak_db=-200.0 mix_rate=48000 latency=0.0880 @ http://localhost:8770/index.js:451
[  799148ms] [LOG] MON 1 playing=false pos=0.000 stream_playing=false peak_db=-200.0 mix_rate=48000 latency=0.0880 @ http://localhost:8770/index.js:451
[  799398ms] [LOG] MON 1 playing=false pos=0.000 stream_playing=false peak_db=-200.0 mix_rate=48000 latency=0.0880 @ http://localhost:8770/index.js:451
[  799648ms] [LOG] MON 1 playing=false pos=0.000 stream_playing=false peak_db=-200.0 mix_rate=48000 latency=0.0880 @ http://localhost:8770/index.js:451
[  799900ms] [LOG] MON 1 playing=false pos=0.000 stream_playing=false peak_db=-200.0 mix_rate=48000 latency=0.0880 @ http://localhost:8770/index.js:451
[  800150ms] [LOG] MON 1 playing=false pos=0.000 stream_playing=false peak_db=-200.0 mix_rate=48000 latency=0.0880 @ http://localhost:8770/index.js:451
[  800398ms] [LOG] MON 1 playing=false pos=0.000 stream_playing=false peak_db=-200.0 mix_rate=48000 latency=0.0880 @ http://localhost:8770/index.js:451
[  800649ms] [LOG] MON 1 playing=false pos=0.000 stream_playing=false peak_db=-200.0 mix_rate=48000 latency=0.0880 @ http://localhost:8770/index.js:451
[  800898ms] [LOG] MON 1 playing=false pos=0.000 stream_playing=false peak_db=-200.0 mix_rate=48000 latency=0.0880 @ http://localhost:8770/index.js:451
[  801148ms] [LOG] MON 1 playing=false pos=0.000 stream_playing=false peak_db=-200.0 mix_rate=48000 latency=0.0880 @ http://localhost:8770/index.js:451
[  801398ms] [LOG] MON 1 playing=false pos=0.000 stream_playing=false peak_db=-200.0 mix_rate=48000 latency=0.0880 @ http://localhost:8770/index.js:451
[  801648ms] [LOG] MON 1 playing=false pos=0.000 stream_playing=false peak_db=-200.0 mix_rate=48000 latency=0.0880 @ http://localhost:8770/index.js:451
[  801898ms] [LOG] MON 1 playing=false pos=0.000 stream_playing=false peak_db=-200.0 mix_rate=48000 latency=0.0880 @ http://localhost:8770/index.js:451
[  802150ms] [LOG] MON 1 playing=false pos=0.000 stream_playing=false peak_db=-200.0 mix_rate=48000 latency=0.0880 @ http://localhost:8770/index.js:451
[  802398ms] [LOG] MON 1 playing=false pos=0.000 stream_playing=false peak_db=-200.0 mix_rate=48000 latency=0.0880 @ http://localhost:8770/index.js:451
[  802647ms] [LOG] MON 1 playing=false pos=0.000 stream_playing=false peak_db=-200.0 mix_rate=48000 latency=0.0880 @ http://localhost:8770/index.js:451
[  802899ms] [LOG] MON 1 playing=false pos=0.000 stream_playing=false peak_db=-200.0 mix_rate=48000 latency=0.0880 @ http://localhost:8770/index.js:451
[  803149ms] [LOG] MON 1 playing=false pos=0.000 stream_playing=false peak_db=-200.0 mix_rate=48000 latency=0.0880 @ http://localhost:8770/index.js:451
[  803399ms] [LOG] MON 1 playing=false pos=0.000 stream_playing=false peak_db=-200.0 mix_rate=48000 latency=0.0880 @ http://localhost:8770/index.js:451
[  803648ms] [LOG] MON 1 playing=false pos=0.000 stream_playing=false peak_db=-200.0 mix_rate=48000 latency=0.0880 @ http://localhost:8770/index.js:451
[  803900ms] [LOG] MON 1 playing=false pos=0.000 stream_playing=false peak_db=-200.0 mix_rate=48000 latency=0.0880 @ http://localhost:8770/index.js:451
[  804147ms] [LOG] MON 1 playing=false pos=0.000 stream_playing=false peak_db=-200.0 mix_rate=48000 latency=0.0880 @ http://localhost:8770/index.js:451
[  804397ms] [LOG] MON 1 playing=false pos=0.000 stream_playing=false peak_db=-200.0 mix_rate=48000 latency=0.0880 @ http://localhost:8770/index.js:451
[  804649ms] [LOG] MON 1 playing=false pos=0.000 stream_playing=false peak_db=-200.0 mix_rate=48000 latency=0.0880 @ http://localhost:8770/index.js:451
[  804898ms] [LOG] MON 1 playing=false pos=0.000 stream_playing=false peak_db=-200.0 mix_rate=48000 latency=0.0880 @ http://localhost:8770/index.js:451
[  805148ms] [LOG] MON 1 playing=false pos=0.000 stream_playing=false peak_db=-200.0 mix_rate=48000 latency=0.0880 @ http://localhost:8770/index.js:451
[  805399ms] [LOG] MON 1 playing=false pos=0.000 stream_playing=false peak_db=-200.0 mix_rate=48000 latency=0.0880 @ http://localhost:8770/index.js:451
[  805647ms] [LOG] MON 1 playing=false pos=0.000 stream_playing=false peak_db=-200.0 mix_rate=48000 latency=0.0880 @ http://localhost:8770/index.js:451
[  805900ms] [LOG] MON 1 playing=false pos=0.000 stream_playing=false peak_db=-200.0 mix_rate=48000 latency=0.0880 @ http://localhost:8770/index.js:451
[  806147ms] [LOG] MON 1 playing=false pos=0.000 stream_playing=false peak_db=-200.0 mix_rate=48000 latency=0.0880 @ http://localhost:8770/index.js:451
[  806398ms] [LOG] MON 1 playing=false pos=0.000 stream_playing=false peak_db=-200.0 mix_rate=48000 latency=0.0880 @ http://localhost:8770/index.js:451
[  806648ms] [LOG] MON 1 playing=false pos=0.000 stream_playing=false peak_db=-200.0 mix_rate=48000 latency=0.0880 @ http://localhost:8770/index.js:451
[  806898ms] [LOG] MON 1 playing=false pos=0.000 stream_playing=false peak_db=-200.0 mix_rate=48000 latency=0.0880 @ http://localhost:8770/index.js:451
[  807148ms] [LOG] MON 1 playing=false pos=0.000 stream_playing=false peak_db=-200.0 mix_rate=48000 latency=0.0880 @ http://localhost:8770/index.js:451
[  807399ms] [LOG] MON 1 playing=false pos=0.000 stream_playing=false peak_db=-200.0 mix_rate=48000 latency=0.0880 @ http://localhost:8770/index.js:451
[  807648ms] [LOG] MON 1 playing=false pos=0.000 stream_playing=false peak_db=-200.0 mix_rate=48000 latency=0.0880 @ http://localhost:8770/index.js:451
[  807900ms] [LOG] MON 1 playing=false pos=0.000 stream_playing=false peak_db=-200.0 mix_rate=48000 latency=0.0880 @ http://localhost:8770/index.js:451
[  808149ms] [LOG] MON 1 playing=false pos=0.000 stream_playing=false peak_db=-200.0 mix_rate=48000 latency=0.0880 @ http://localhost:8770/index.js:451
[  808400ms] [LOG] MON 1 playing=false pos=0.000 stream_playing=false peak_db=-200.0 mix_rate=48000 latency=0.0880 @ http://localhost:8770/index.js:451
[  808648ms] [LOG] MON 1 playing=false pos=0.000 stream_playing=false peak_db=-200.0 mix_rate=48000 latency=0.0880 @ http://localhost:8770/index.js:451
[  808898ms] [LOG] MON 1 playing=false pos=0.000 stream_playing=false peak_db=-200.0 mix_rate=48000 latency=0.0880 @ http://localhost:8770/index.js:451
[  809147ms] [LOG] MON 1 playing=false pos=0.000 stream_playing=false peak_db=-200.0 mix_rate=48000 latency=0.0880 @ http://localhost:8770/index.js:451
[  809398ms] [LOG] MON 1 playing=false pos=0.000 stream_playing=false peak_db=-200.0 mix_rate=48000 latency=0.0880 @ http://localhost:8770/index.js:451
[  809647ms] [LOG] MON 1 playing=false pos=0.000 stream_playing=false peak_db=-200.0 mix_rate=48000 latency=0.0880 @ http://localhost:8770/index.js:451
[  809899ms] [LOG] MON 1 playing=false pos=0.000 stream_playing=false peak_db=-200.0 mix_rate=48000 latency=0.0880 @ http://localhost:8770/index.js:451
[  810148ms] [LOG] MON 1 playing=false pos=0.000 stream_playing=false peak_db=-200.0 mix_rate=48000 latency=0.0880 @ http://localhost:8770/index.js:451
[  810398ms] [LOG] MON 1 playing=false pos=0.000 stream_playing=false peak_db=-200.0 mix_rate=48000 latency=0.0880 @ http://localhost:8770/index.js:451
[  810648ms] [LOG] MON 1 playing=false pos=0.000 stream_playing=false peak_db=-200.0 mix_rate=48000 latency=0.0880 @ http://localhost:8770/index.js:451
[  810901ms] [LOG] MON 1 playing=false pos=0.000 stream_playing=false peak_db=-200.0 mix_rate=48000 latency=0.0880 @ http://localhost:8770/index.js:451
[  811148ms] [LOG] MON 1 playing=false pos=0.000 stream_playing=false peak_db=-200.0 mix_rate=48000 latency=0.0880 @ http://localhost:8770/index.js:451
[  811399ms] [LOG] MON 1 playing=false pos=0.000 stream_playing=false peak_db=-200.0 mix_rate=48000 latency=0.0880 @ http://localhost:8770/index.js:451
[  811648ms] [LOG] MON 1 playing=false pos=0.000 stream_playing=false peak_db=-200.0 mix_rate=48000 latency=0.0880 @ http://localhost:8770/index.js:451
[  811897ms] [LOG] MON 1 playing=false pos=0.000 stream_playing=false peak_db=-200.0 mix_rate=48000 latency=0.0880 @ http://localhost:8770/index.js:451
[  812148ms] [LOG] MON 1 playing=false pos=0.000 stream_playing=false peak_db=-200.0 mix_rate=48000 latency=0.0880 @ http://localhost:8770/index.js:451
[  812398ms] [LOG] MON 1 playing=false pos=0.000 stream_playing=false peak_db=-200.0 mix_rate=48000 latency=0.0880 @ http://localhost:8770/index.js:451
[  812648ms] [LOG] MON 1 playing=false pos=0.000 stream_playing=false peak_db=-200.0 mix_rate=48000 latency=0.0880 @ http://localhost:8770/index.js:451
[  812897ms] [LOG] MON 1 playing=false pos=0.000 stream_playing=false peak_db=-200.0 mix_rate=48000 latency=0.0880 @ http://localhost:8770/index.js:451
[  813148ms] [LOG] MON 1 playing=false pos=0.000 stream_playing=false peak_db=-200.0 mix_rate=48000 latency=0.0880 @ http://localhost:8770/index.js:451
[  813398ms] [LOG] MON 1 playing=false pos=0.000 stream_playing=false peak_db=-200.0 mix_rate=48000 latency=0.0880 @ http://localhost:8770/index.js:451
[  813648ms] [LOG] MON 1 playing=false pos=0.000 stream_playing=false peak_db=-200.0 mix_rate=48000 latency=0.0880 @ http://localhost:8770/index.js:451
[  813897ms] [LOG] MON 1 playing=false pos=0.000 stream_playing=false peak_db=-200.0 mix_rate=48000 latency=0.0880 @ http://localhost:8770/index.js:451
[  814147ms] [LOG] MON 1 playing=false pos=0.000 stream_playing=false peak_db=-200.0 mix_rate=48000 latency=0.0880 @ http://localhost:8770/index.js:451
[  814398ms] [LOG] MON 1 playing=false pos=0.000 stream_playing=false peak_db=-200.0 mix_rate=48000 latency=0.0880 @ http://localhost:8770/index.js:451
[  814648ms] [LOG] MON 1 playing=false pos=0.000 stream_playing=false peak_db=-200.0 mix_rate=48000 latency=0.0880 @ http://localhost:8770/index.js:451
[  814897ms] [LOG] MON 1 playing=false pos=0.000 stream_playing=false peak_db=-200.0 mix_rate=48000 latency=0.0880 @ http://localhost:8770/index.js:451
[  815147ms] [LOG] MON 1 playing=false pos=0.000 stream_playing=false peak_db=-200.0 mix_rate=48000 latency=0.0880 @ http://localhost:8770/index.js:451
[  815405ms] [LOG] MON 1 playing=false pos=0.000 stream_playing=false peak_db=-200.0 mix_rate=48000 latency=0.0880 @ http://localhost:8770/index.js:451
[  815648ms] [LOG] MON 1 playing=false pos=0.000 stream_playing=false peak_db=-200.0 mix_rate=48000 latency=0.0880 @ http://localhost:8770/index.js:451
[  815898ms] [LOG] MON 1 playing=false pos=0.000 stream_playing=false peak_db=-200.0 mix_rate=48000 latency=0.0880 @ http://localhost:8770/index.js:451
[  816148ms] [LOG] MON 1 playing=false pos=0.000 stream_playing=false peak_db=-200.0 mix_rate=48000 latency=0.0880 @ http://localhost:8770/index.js:451
[  816398ms] [LOG] MON 1 playing=false pos=0.000 stream_playing=false peak_db=-200.0 mix_rate=48000 latency=0.0880 @ http://localhost:8770/index.js:451
[  816647ms] [LOG] MON 1 playing=false pos=0.000 stream_playing=false peak_db=-200.0 mix_rate=48000 latency=0.0880 @ http://localhost:8770/index.js:451
[  816898ms] [LOG] MON 1 playing=false pos=0.000 stream_playing=false peak_db=-200.0 mix_rate=48000 latency=0.0880 @ http://localhost:8770/index.js:451
[  817147ms] [LOG] MON 1 playing=false pos=0.000 stream_playing=false peak_db=-200.0 mix_rate=48000 latency=0.0880 @ http://localhost:8770/index.js:451
[  817398ms] [LOG] MON 1 playing=false pos=0.000 stream_playing=false peak_db=-200.0 mix_rate=48000 latency=0.0880 @ http://localhost:8770/index.js:451
[  817647ms] [LOG] MON 1 playing=false pos=0.000 stream_playing=false peak_db=-200.0 mix_rate=48000 latency=0.0880 @ http://localhost:8770/index.js:451
[  817898ms] [LOG] MON 1 playing=false pos=0.000 stream_playing=false peak_db=-200.0 mix_rate=48000 latency=0.0880 @ http://localhost:8770/index.js:451
[  818149ms] [LOG] MON 1 playing=false pos=0.000 stream_playing=false peak_db=-200.0 mix_rate=48000 latency=0.0880 @ http://localhost:8770/index.js:451
[  818398ms] [LOG] MON 1 playing=false pos=0.000 stream_playing=false peak_db=-200.0 mix_rate=48000 latency=0.0880 @ http://localhost:8770/index.js:451
[  818652ms] [LOG] MON 1 playing=false pos=0.000 stream_playing=false peak_db=-200.0 mix_rate=48000 latency=0.0880 @ http://localhost:8770/index.js:451
[  818898ms] [LOG] MON 1 playing=false pos=0.000 stream_playing=false peak_db=-200.0 mix_rate=48000 latency=0.0880 @ http://localhost:8770/index.js:451
[  819149ms] [LOG] MON 1 playing=false pos=0.000 stream_playing=false peak_db=-200.0 mix_rate=48000 latency=0.0880 @ http://localhost:8770/index.js:451
[  819399ms] [LOG] MON 1 playing=false pos=0.000 stream_playing=false peak_db=-200.0 mix_rate=48000 latency=0.0880 @ http://localhost:8770/index.js:451
[  819648ms] [LOG] MON 1 playing=false pos=0.000 stream_playing=false peak_db=-200.0 mix_rate=48000 latency=0.0880 @ http://localhost:8770/index.js:451
[  819897ms] [LOG] MON 1 playing=false pos=0.000 stream_playing=false peak_db=-200.0 mix_rate=48000 latency=0.0880 @ http://localhost:8770/index.js:451
[  820147ms] [LOG] MON 1 playing=false pos=0.000 stream_playing=false peak_db=-200.0 mix_rate=48000 latency=0.0880 @ http://localhost:8770/index.js:451
[  820399ms] [LOG] MON 1 playing=false pos=0.000 stream_playing=false peak_db=-200.0 mix_rate=48000 latency=0.0880 @ http://localhost:8770/index.js:451
[  820648ms] [LOG] MON 1 playing=false pos=0.000 stream_playing=false peak_db=-200.0 mix_rate=48000 latency=0.0880 @ http://localhost:8770/index.js:451
[  820898ms] [LOG] MON 1 playing=false pos=0.000 stream_playing=false peak_db=-200.0 mix_rate=48000 latency=0.0880 @ http://localhost:8770/index.js:451
[  821150ms] [LOG] MON 1 playing=false pos=0.000 stream_playing=false peak_db=-200.0 mix_rate=48000 latency=0.0880 @ http://localhost:8770/index.js:451
[  821399ms] [LOG] MON 1 playing=false pos=0.000 stream_playing=false peak_db=-200.0 mix_rate=48000 latency=0.0880 @ http://localhost:8770/index.js:451
[  821648ms] [LOG] MON 1 playing=false pos=0.000 stream_playing=false peak_db=-200.0 mix_rate=48000 latency=0.0880 @ http://localhost:8770/index.js:451
[  821899ms] [LOG] MON 1 playing=false pos=0.000 stream_playing=false peak_db=-200.0 mix_rate=48000 latency=0.0880 @ http://localhost:8770/index.js:451
[  822148ms] [LOG] MON 1 playing=false pos=0.000 stream_playing=false peak_db=-200.0 mix_rate=48000 latency=0.0880 @ http://localhost:8770/index.js:451
[  822398ms] [LOG] MON 1 playing=false pos=0.000 stream_playing=false peak_db=-200.0 mix_rate=48000 latency=0.0880 @ http://localhost:8770/index.js:451
[  822648ms] [LOG] MON 1 playing=false pos=0.000 stream_playing=false peak_db=-200.0 mix_rate=48000 latency=0.0880 @ http://localhost:8770/index.js:451
[  822898ms] [LOG] MON 1 playing=false pos=0.000 stream_playing=false peak_db=-200.0 mix_rate=48000 latency=0.0880 @ http://localhost:8770/index.js:451
[  823148ms] [LOG] MON 1 playing=false pos=0.000 stream_playing=false peak_db=-200.0 mix_rate=48000 latency=0.0880 @ http://localhost:8770/index.js:451
[  823399ms] [LOG] MON 1 playing=false pos=0.000 stream_playing=false peak_db=-200.0 mix_rate=48000 latency=0.0880 @ http://localhost:8770/index.js:451
[  823648ms] [LOG] MON 1 playing=false pos=0.000 stream_playing=false peak_db=-200.0 mix_rate=48000 latency=0.0880 @ http://localhost:8770/index.js:451
[  823903ms] [LOG] MON 1 playing=false pos=0.000 stream_playing=false peak_db=-200.0 mix_rate=48000 latency=0.0880 @ http://localhost:8770/index.js:451
[  824115ms] [LOG] MON 1 playing=false pos=0.000 stream_playing=false peak_db=-200.0 mix_rate=48000 latency=0.0880 @ http://localhost:8770/index.js:451
[  824365ms] [LOG] MON 1 playing=false pos=0.000 stream_playing=false peak_db=-200.0 mix_rate=48000 latency=0.0880 @ http://localhost:8770/index.js:451
[  824614ms] [LOG] MON 1 playing=false pos=0.000 stream_playing=false peak_db=-200.0 mix_rate=48000 latency=0.0880 @ http://localhost:8770/index.js:451
[  824865ms] [LOG] MON 1 playing=false pos=0.000 stream_playing=false peak_db=-200.0 mix_rate=48000 latency=0.0880 @ http://localhost:8770/index.js:451
[  825115ms] [LOG] MON 1 playing=false pos=0.000 stream_playing=false peak_db=-200.0 mix_rate=48000 latency=0.0880 @ http://localhost:8770/index.js:451
[  825365ms] [LOG] MON 1 playing=false pos=0.000 stream_playing=false peak_db=-200.0 mix_rate=48000 latency=0.0880 @ http://localhost:8770/index.js:451
[  825614ms] [LOG] MON 1 playing=false pos=0.000 stream_playing=false peak_db=-200.0 mix_rate=48000 latency=0.0880 @ http://localhost:8770/index.js:451
[  825865ms] [LOG] MON 1 playing=false pos=0.000 stream_playing=false peak_db=-200.0 mix_rate=48000 latency=0.0880 @ http://localhost:8770/index.js:451
[  826115ms] [LOG] MON 1 playing=false pos=0.000 stream_playing=false peak_db=-200.0 mix_rate=48000 latency=0.0880 @ http://localhost:8770/index.js:451
[  826364ms] [LOG] MON 1 playing=false pos=0.000 stream_playing=false peak_db=-200.0 mix_rate=48000 latency=0.0880 @ http://localhost:8770/index.js:451
[  826614ms] [LOG] MON 1 playing=false pos=0.000 stream_playing=false peak_db=-200.0 mix_rate=48000 latency=0.0880 @ http://localhost:8770/index.js:451
[  826863ms] [LOG] MON 1 playing=false pos=0.000 stream_playing=false peak_db=-200.0 mix_rate=48000 latency=0.0880 @ http://localhost:8770/index.js:451
[  827115ms] [LOG] MON 1 playing=false pos=0.000 stream_playing=false peak_db=-200.0 mix_rate=48000 latency=0.0880 @ http://localhost:8770/index.js:451
[  827364ms] [LOG] MON 1 playing=false pos=0.000 stream_playing=false peak_db=-200.0 mix_rate=48000 latency=0.0880 @ http://localhost:8770/index.js:451
[  827616ms] [LOG] MON 1 playing=false pos=0.000 stream_playing=false peak_db=-200.0 mix_rate=48000 latency=0.0880 @ http://localhost:8770/index.js:451
[  827865ms] [LOG] MON 1 playing=false pos=0.000 stream_playing=false peak_db=-200.0 mix_rate=48000 latency=0.0880 @ http://localhost:8770/index.js:451
[  828114ms] [LOG] MON 1 playing=false pos=0.000 stream_playing=false peak_db=-200.0 mix_rate=48000 latency=0.0880 @ http://localhost:8770/index.js:451
[  828364ms] [LOG] MON 1 playing=false pos=0.000 stream_playing=false peak_db=-200.0 mix_rate=48000 latency=0.0880 @ http://localhost:8770/index.js:451
[  828615ms] [LOG] MON 1 playing=false pos=0.000 stream_playing=false peak_db=-200.0 mix_rate=48000 latency=0.0880 @ http://localhost:8770/index.js:451
[  828865ms] [LOG] MON 1 playing=false pos=0.000 stream_playing=false peak_db=-200.0 mix_rate=48000 latency=0.0880 @ http://localhost:8770/index.js:451
[  829115ms] [LOG] MON 1 playing=false pos=0.000 stream_playing=false peak_db=-200.0 mix_rate=48000 latency=0.0880 @ http://localhost:8770/index.js:451
[  829365ms] [LOG] MON 1 playing=false pos=0.000 stream_playing=false peak_db=-200.0 mix_rate=48000 latency=0.0880 @ http://localhost:8770/index.js:451
[  829615ms] [LOG] MON 1 playing=false pos=0.000 stream_playing=false peak_db=-200.0 mix_rate=48000 latency=0.0880 @ http://localhost:8770/index.js:451
[  829865ms] [LOG] MON 1 playing=false pos=0.000 stream_playing=false peak_db=-200.0 mix_rate=48000 latency=0.0880 @ http://localhost:8770/index.js:451
[  830116ms] [LOG] MON 1 playing=false pos=0.000 stream_playing=false peak_db=-200.0 mix_rate=48000 latency=0.0880 @ http://localhost:8770/index.js:451
[  830364ms] [LOG] MON 1 playing=false pos=0.000 stream_playing=false peak_db=-200.0 mix_rate=48000 latency=0.0880 @ http://localhost:8770/index.js:451
[  830615ms] [LOG] MON 1 playing=false pos=0.000 stream_playing=false peak_db=-200.0 mix_rate=48000 latency=0.0880 @ http://localhost:8770/index.js:451
[  830865ms] [LOG] MON 1 playing=false pos=0.000 stream_playing=false peak_db=-200.0 mix_rate=48000 latency=0.0880 @ http://localhost:8770/index.js:451
[  831113ms] [LOG] MON 1 playing=false pos=0.000 stream_playing=false peak_db=-200.0 mix_rate=48000 latency=0.0880 @ http://localhost:8770/index.js:451
[  831364ms] [LOG] MON 1 playing=false pos=0.000 stream_playing=false peak_db=-200.0 mix_rate=48000 latency=0.0880 @ http://localhost:8770/index.js:451
[  831614ms] [LOG] MON 1 playing=false pos=0.000 stream_playing=false peak_db=-200.0 mix_rate=48000 latency=0.0880 @ http://localhost:8770/index.js:451
[  831866ms] [LOG] MON 1 playing=false pos=0.000 stream_playing=false peak_db=-200.0 mix_rate=48000 latency=0.0880 @ http://localhost:8770/index.js:451
[  832115ms] [LOG] MON 1 playing=false pos=0.000 stream_playing=false peak_db=-200.0 mix_rate=48000 latency=0.0880 @ http://localhost:8770/index.js:451
[  832365ms] [LOG] MON 1 playing=false pos=0.000 stream_playing=false peak_db=-200.0 mix_rate=48000 latency=0.0880 @ http://localhost:8770/index.js:451
[  832615ms] [LOG] MON 1 playing=false pos=0.000 stream_playing=false peak_db=-200.0 mix_rate=48000 latency=0.0880 @ http://localhost:8770/index.js:451
[  832865ms] [LOG] MON 1 playing=false pos=0.000 stream_playing=false peak_db=-200.0 mix_rate=48000 latency=0.0880 @ http://localhost:8770/index.js:451
[  833116ms] [LOG] MON 1 playing=false pos=0.000 stream_playing=false peak_db=-200.0 mix_rate=48000 latency=0.0880 @ http://localhost:8770/index.js:451
[  833365ms] [LOG] MON 1 playing=false pos=0.000 stream_playing=false peak_db=-200.0 mix_rate=48000 latency=0.0880 @ http://localhost:8770/index.js:451
[  833614ms] [LOG] MON 1 playing=false pos=0.000 stream_playing=false peak_db=-200.0 mix_rate=48000 latency=0.0880 @ http://localhost:8770/index.js:451
[  833864ms] [LOG] MON 1 playing=false pos=0.000 stream_playing=false peak_db=-200.0 mix_rate=48000 latency=0.0880 @ http://localhost:8770/index.js:451
[  834114ms] [LOG] MON 1 playing=false pos=0.000 stream_playing=false peak_db=-200.0 mix_rate=48000 latency=0.0880 @ http://localhost:8770/index.js:451
[  834366ms] [LOG] MON 1 playing=false pos=0.000 stream_playing=false peak_db=-200.0 mix_rate=48000 latency=0.0880 @ http://localhost:8770/index.js:451
[  834615ms] [LOG] MON 1 playing=false pos=0.000 stream_playing=false peak_db=-200.0 mix_rate=48000 latency=0.0880 @ http://localhost:8770/index.js:451
[  834866ms] [LOG] MON 1 playing=false pos=0.000 stream_playing=false peak_db=-200.0 mix_rate=48000 latency=0.0880 @ http://localhost:8770/index.js:451
[  835114ms] [LOG] MON 1 playing=false pos=0.000 stream_playing=false peak_db=-200.0 mix_rate=48000 latency=0.0880 @ http://localhost:8770/index.js:451
[  835365ms] [LOG] MON 1 playing=false pos=0.000 stream_playing=false peak_db=-200.0 mix_rate=48000 latency=0.0880 @ http://localhost:8770/index.js:451
[  835615ms] [LOG] MON 1 playing=false pos=0.000 stream_playing=false peak_db=-200.0 mix_rate=48000 latency=0.0880 @ http://localhost:8770/index.js:451
[  835866ms] [LOG] MON 1 playing=false pos=0.000 stream_playing=false peak_db=-200.0 mix_rate=48000 latency=0.0880 @ http://localhost:8770/index.js:451
[  836115ms] [LOG] MON 1 playing=false pos=0.000 stream_playing=false peak_db=-200.0 mix_rate=48000 latency=0.0880 @ http://localhost:8770/index.js:451
[  836365ms] [LOG] MON 1 playing=false pos=0.000 stream_playing=false peak_db=-200.0 mix_rate=48000 latency=0.0880 @ http://localhost:8770/index.js:451
[  836616ms] [LOG] MON 1 playing=false pos=0.000 stream_playing=false peak_db=-200.0 mix_rate=48000 latency=0.0880 @ http://localhost:8770/index.js:451
[  836866ms] [LOG] MON 1 playing=false pos=0.000 stream_playing=false peak_db=-200.0 mix_rate=48000 latency=0.0880 @ http://localhost:8770/index.js:451
[  837116ms] [LOG] MON 1 playing=false pos=0.000 stream_playing=false peak_db=-200.0 mix_rate=48000 latency=0.0880 @ http://localhost:8770/index.js:451
[  837365ms] [LOG] MON 1 playing=false pos=0.000 stream_playing=false peak_db=-200.0 mix_rate=48000 latency=0.0880 @ http://localhost:8770/index.js:451
[  837615ms] [LOG] MON 1 playing=false pos=0.000 stream_playing=false peak_db=-200.0 mix_rate=48000 latency=0.0880 @ http://localhost:8770/index.js:451
[  837864ms] [LOG] MON 1 playing=false pos=0.000 stream_playing=false peak_db=-200.0 mix_rate=48000 latency=0.0880 @ http://localhost:8770/index.js:451
[  838115ms] [LOG] MON 1 playing=false pos=0.000 stream_playing=false peak_db=-200.0 mix_rate=48000 latency=0.0880 @ http://localhost:8770/index.js:451
[  838364ms] [LOG] MON 1 playing=false pos=0.000 stream_playing=false peak_db=-200.0 mix_rate=48000 latency=0.0880 @ http://localhost:8770/index.js:451
[  838614ms] [LOG] MON 1 playing=false pos=0.000 stream_playing=false peak_db=-200.0 mix_rate=48000 latency=0.0880 @ http://localhost:8770/index.js:451
[  838864ms] [LOG] MON 1 playing=false pos=0.000 stream_playing=false peak_db=-200.0 mix_rate=48000 latency=0.0880 @ http://localhost:8770/index.js:451
[  839114ms] [LOG] MON 1 playing=false pos=0.000 stream_playing=false peak_db=-200.0 mix_rate=48000 latency=0.0880 @ http://localhost:8770/index.js:451
[  839365ms] [LOG] MON 1 playing=false pos=0.000 stream_playing=false peak_db=-200.0 mix_rate=48000 latency=0.0880 @ http://localhost:8770/index.js:451
[  839616ms] [LOG] MON 1 playing=false pos=0.000 stream_playing=false peak_db=-200.0 mix_rate=48000 latency=0.0880 @ http://localhost:8770/index.js:451
[  839867ms] [LOG] MON 1 playing=false pos=0.000 stream_playing=false peak_db=-200.0 mix_rate=48000 latency=0.0880 @ http://localhost:8770/index.js:451
[  840115ms] [LOG] MON 1 playing=false pos=0.000 stream_playing=false peak_db=-200.0 mix_rate=48000 latency=0.0880 @ http://localhost:8770/index.js:451
[  840364ms] [LOG] MON 1 playing=false pos=0.000 stream_playing=false peak_db=-200.0 mix_rate=48000 latency=0.0880 @ http://localhost:8770/index.js:451
[  840615ms] [LOG] MON 1 playing=false pos=0.000 stream_playing=false peak_db=-200.0 mix_rate=48000 latency=0.0880 @ http://localhost:8770/index.js:451
[  840865ms] [LOG] MON 1 playing=false pos=0.000 stream_playing=false peak_db=-200.0 mix_rate=48000 latency=0.0880 @ http://localhost:8770/index.js:451
[  841115ms] [LOG] MON 1 playing=false pos=0.000 stream_playing=false peak_db=-200.0 mix_rate=48000 latency=0.0880 @ http://localhost:8770/index.js:451
[  841365ms] [LOG] MON 1 playing=false pos=0.000 stream_playing=false peak_db=-200.0 mix_rate=48000 latency=0.0880 @ http://localhost:8770/index.js:451
[  841620ms] [LOG] MON 1 playing=false pos=0.000 stream_playing=false peak_db=-200.0 mix_rate=48000 latency=0.0880 @ http://localhost:8770/index.js:451
[  841877ms] [LOG] MON 1 playing=false pos=0.000 stream_playing=false peak_db=-200.0 mix_rate=48000 latency=0.0880 @ http://localhost:8770/index.js:451
[  842115ms] [LOG] MON 1 playing=false pos=0.000 stream_playing=false peak_db=-200.0 mix_rate=48000 latency=0.0880 @ http://localhost:8770/index.js:451
[  842365ms] [LOG] MON 1 playing=false pos=0.000 stream_playing=false peak_db=-200.0 mix_rate=48000 latency=0.0880 @ http://localhost:8770/index.js:451
[  842619ms] [LOG] MON 1 playing=false pos=0.000 stream_playing=false peak_db=-200.0 mix_rate=48000 latency=0.0880 @ http://localhost:8770/index.js:451
[  842902ms] [LOG] MON 1 playing=false pos=0.000 stream_playing=false peak_db=-200.0 mix_rate=48000 latency=0.0880 @ http://localhost:8770/index.js:451
[  843150ms] [LOG] MON 1 playing=false pos=0.000 stream_playing=false peak_db=-200.0 mix_rate=48000 latency=0.0880 @ http://localhost:8770/index.js:451
[  843408ms] [LOG] MON 1 playing=false pos=0.000 stream_playing=false peak_db=-200.0 mix_rate=48000 latency=0.0880 @ http://localhost:8770/index.js:451
[  843649ms] [LOG] MON 1 playing=false pos=0.000 stream_playing=false peak_db=-200.0 mix_rate=48000 latency=0.0880 @ http://localhost:8770/index.js:451
[  843897ms] [LOG] MON 1 playing=false pos=0.000 stream_playing=false peak_db=-200.0 mix_rate=48000 latency=0.0880 @ http://localhost:8770/index.js:451
[  844152ms] [LOG] MON 1 playing=false pos=0.000 stream_playing=false peak_db=-200.0 mix_rate=48000 latency=0.0880 @ http://localhost:8770/index.js:451
[  844399ms] [LOG] MON 1 playing=false pos=0.000 stream_playing=false peak_db=-200.0 mix_rate=48000 latency=0.0880 @ http://localhost:8770/index.js:451
[  844649ms] [LOG] MON 1 playing=false pos=0.000 stream_playing=false peak_db=-200.0 mix_rate=48000 latency=0.0880 @ http://localhost:8770/index.js:451
[  844898ms] [LOG] MON 1 playing=false pos=0.000 stream_playing=false peak_db=-200.0 mix_rate=48000 latency=0.0880 @ http://localhost:8770/index.js:451
[  845148ms] [LOG] MON 1 playing=false pos=0.000 stream_playing=false peak_db=-200.0 mix_rate=48000 latency=0.0880 @ http://localhost:8770/index.js:451
[  845398ms] [LOG] MON 1 playing=false pos=0.000 stream_playing=false peak_db=-200.0 mix_rate=48000 latency=0.0880 @ http://localhost:8770/index.js:451
[  845650ms] [LOG] MON 1 playing=false pos=0.000 stream_playing=false peak_db=-200.0 mix_rate=48000 latency=0.0880 @ http://localhost:8770/index.js:451
[  845898ms] [LOG] MON 1 playing=false pos=0.000 stream_playing=false peak_db=-200.0 mix_rate=48000 latency=0.0880 @ http://localhost:8770/index.js:451
[  846155ms] [LOG] MON 1 playing=false pos=0.000 stream_playing=false peak_db=-200.0 mix_rate=48000 latency=0.0880 @ http://localhost:8770/index.js:451
[  846398ms] [LOG] MON 1 playing=false pos=0.000 stream_playing=false peak_db=-200.0 mix_rate=48000 latency=0.0880 @ http://localhost:8770/index.js:451
[  846648ms] [LOG] MON 1 playing=false pos=0.000 stream_playing=false peak_db=-200.0 mix_rate=48000 latency=0.0880 @ http://localhost:8770/index.js:451
[  846898ms] [LOG] MON 1 playing=false pos=0.000 stream_playing=false peak_db=-200.0 mix_rate=48000 latency=0.0880 @ http://localhost:8770/index.js:451
[  847148ms] [LOG] MON 1 playing=false pos=0.000 stream_playing=false peak_db=-200.0 mix_rate=48000 latency=0.0880 @ http://localhost:8770/index.js:451
[  847398ms] [LOG] MON 1 playing=false pos=0.000 stream_playing=false peak_db=-200.0 mix_rate=48000 latency=0.0880 @ http://localhost:8770/index.js:451
[  847648ms] [LOG] MON 1 playing=false pos=0.000 stream_playing=false peak_db=-200.0 mix_rate=48000 latency=0.0880 @ http://localhost:8770/index.js:451
[  847899ms] [LOG] MON 1 playing=false pos=0.000 stream_playing=false peak_db=-200.0 mix_rate=48000 latency=0.0880 @ http://localhost:8770/index.js:451
[  848149ms] [LOG] MON 1 playing=false pos=0.000 stream_playing=false peak_db=-200.0 mix_rate=48000 latency=0.0880 @ http://localhost:8770/index.js:451
[  848400ms] [LOG] MON 1 playing=false pos=0.000 stream_playing=false peak_db=-200.0 mix_rate=48000 latency=0.0880 @ http://localhost:8770/index.js:451
[  848648ms] [LOG] MON 1 playing=false pos=0.000 stream_playing=false peak_db=-200.0 mix_rate=48000 latency=0.0880 @ http://localhost:8770/index.js:451
[  848897ms] [LOG] MON 1 playing=false pos=0.000 stream_playing=false peak_db=-200.0 mix_rate=48000 latency=0.0880 @ http://localhost:8770/index.js:451
[  849147ms] [LOG] MON 1 playing=false pos=0.000 stream_playing=false peak_db=-200.0 mix_rate=48000 latency=0.0880 @ http://localhost:8770/index.js:451
[  849399ms] [LOG] MON 1 playing=false pos=0.000 stream_playing=false peak_db=-200.0 mix_rate=48000 latency=0.0880 @ http://localhost:8770/index.js:451
[  849648ms] [LOG] MON 1 playing=false pos=0.000 stream_playing=false peak_db=-200.0 mix_rate=48000 latency=0.0880 @ http://localhost:8770/index.js:451
[  849910ms] [LOG] MON 1 playing=false pos=0.000 stream_playing=false peak_db=-200.0 mix_rate=48000 latency=0.0880 @ http://localhost:8770/index.js:451
[  850148ms] [LOG] MON 1 playing=false pos=0.000 stream_playing=false peak_db=-200.0 mix_rate=48000 latency=0.0880 @ http://localhost:8770/index.js:451
[  850402ms] [LOG] MON 1 playing=false pos=0.000 stream_playing=false peak_db=-200.0 mix_rate=48000 latency=0.0880 @ http://localhost:8770/index.js:451
[  850647ms] [LOG] MON 1 playing=false pos=0.000 stream_playing=false peak_db=-200.0 mix_rate=48000 latency=0.0880 @ http://localhost:8770/index.js:451
[  850898ms] [LOG] MON 1 playing=false pos=0.000 stream_playing=false peak_db=-200.0 mix_rate=48000 latency=0.0880 @ http://localhost:8770/index.js:451
[  851148ms] [LOG] MON 1 playing=false pos=0.000 stream_playing=false peak_db=-200.0 mix_rate=48000 latency=0.0880 @ http://localhost:8770/index.js:451
[  851398ms] [LOG] MON 1 playing=false pos=0.000 stream_playing=false peak_db=-200.0 mix_rate=48000 latency=0.0880 @ http://localhost:8770/index.js:451
[  851648ms] [LOG] MON 1 playing=false pos=0.000 stream_playing=false peak_db=-200.0 mix_rate=48000 latency=0.0880 @ http://localhost:8770/index.js:451
[  851902ms] [LOG] MON 1 playing=false pos=0.000 stream_playing=false peak_db=-200.0 mix_rate=48000 latency=0.0880 @ http://localhost:8770/index.js:451
[  852149ms] [LOG] MON 1 playing=false pos=0.000 stream_playing=false peak_db=-200.0 mix_rate=48000 latency=0.0880 @ http://localhost:8770/index.js:451
[  852399ms] [LOG] MON 1 playing=false pos=0.000 stream_playing=false peak_db=-200.0 mix_rate=48000 latency=0.0880 @ http://localhost:8770/index.js:451
[  852632ms] [LOG] MON 1 playing=false pos=0.000 stream_playing=false peak_db=-200.0 mix_rate=48000 latency=0.0880 @ http://localhost:8770/index.js:451
[  852882ms] [LOG] MON 1 playing=false pos=0.000 stream_playing=false peak_db=-200.0 mix_rate=48000 latency=0.0880 @ http://localhost:8770/index.js:451
[  853132ms] [LOG] MON 1 playing=false pos=0.000 stream_playing=false peak_db=-200.0 mix_rate=48000 latency=0.0880 @ http://localhost:8770/index.js:451
[  853384ms] [LOG] MON 1 playing=false pos=0.000 stream_playing=false peak_db=-200.0 mix_rate=48000 latency=0.0880 @ http://localhost:8770/index.js:451
[  853631ms] [LOG] MON 1 playing=false pos=0.000 stream_playing=false peak_db=-200.0 mix_rate=48000 latency=0.0880 @ http://localhost:8770/index.js:451
[  853884ms] [LOG] MON 1 playing=false pos=0.000 stream_playing=false peak_db=-200.0 mix_rate=48000 latency=0.0880 @ http://localhost:8770/index.js:451
[  854132ms] [LOG] MON 1 playing=false pos=0.000 stream_playing=false peak_db=-200.0 mix_rate=48000 latency=0.0880 @ http://localhost:8770/index.js:451
[  854382ms] [LOG] MON 1 playing=false pos=0.000 stream_playing=false peak_db=-200.0 mix_rate=48000 latency=0.0880 @ http://localhost:8770/index.js:451
[  854631ms] [LOG] MON 1 playing=false pos=0.000 stream_playing=false peak_db=-200.0 mix_rate=48000 latency=0.0880 @ http://localhost:8770/index.js:451
[  854881ms] [LOG] MON 1 playing=false pos=0.000 stream_playing=false peak_db=-200.0 mix_rate=48000 latency=0.0880 @ http://localhost:8770/index.js:451
[  855132ms] [LOG] MON 1 playing=false pos=0.000 stream_playing=false peak_db=-200.0 mix_rate=48000 latency=0.0880 @ http://localhost:8770/index.js:451
[  855383ms] [LOG] MON 1 playing=false pos=0.000 stream_playing=false peak_db=-200.0 mix_rate=48000 latency=0.0880 @ http://localhost:8770/index.js:451
[  855630ms] [LOG] MON 1 playing=false pos=0.000 stream_playing=false peak_db=-200.0 mix_rate=48000 latency=0.0880 @ http://localhost:8770/index.js:451
[  855882ms] [LOG] MON 1 playing=false pos=0.000 stream_playing=false peak_db=-200.0 mix_rate=48000 latency=0.0880 @ http://localhost:8770/index.js:451
[  856131ms] [LOG] MON 1 playing=false pos=0.000 stream_playing=false peak_db=-200.0 mix_rate=48000 latency=0.0880 @ http://localhost:8770/index.js:451
[  856380ms] [LOG] MON 1 playing=false pos=0.000 stream_playing=false peak_db=-200.0 mix_rate=48000 latency=0.0880 @ http://localhost:8770/index.js:451
[  856632ms] [LOG] MON 1 playing=false pos=0.000 stream_playing=false peak_db=-200.0 mix_rate=48000 latency=0.0880 @ http://localhost:8770/index.js:451
[  856882ms] [LOG] MON 1 playing=false pos=0.000 stream_playing=false peak_db=-200.0 mix_rate=48000 latency=0.0880 @ http://localhost:8770/index.js:451
[  857132ms] [LOG] MON 1 playing=false pos=0.000 stream_playing=false peak_db=-200.0 mix_rate=48000 latency=0.0880 @ http://localhost:8770/index.js:451
[  857384ms] [LOG] MON 1 playing=false pos=0.000 stream_playing=false peak_db=-200.0 mix_rate=48000 latency=0.0880 @ http://localhost:8770/index.js:451
[  857631ms] [LOG] MON 1 playing=false pos=0.000 stream_playing=false peak_db=-200.0 mix_rate=48000 latency=0.0880 @ http://localhost:8770/index.js:451
[  857883ms] [LOG] MON 1 playing=false pos=0.000 stream_playing=false peak_db=-200.0 mix_rate=48000 latency=0.0880 @ http://localhost:8770/index.js:451
[  858133ms] [LOG] MON 1 playing=false pos=0.000 stream_playing=false peak_db=-200.0 mix_rate=48000 latency=0.0880 @ http://localhost:8770/index.js:451
[  858382ms] [LOG] MON 1 playing=false pos=0.000 stream_playing=false peak_db=-200.0 mix_rate=48000 latency=0.0880 @ http://localhost:8770/index.js:451
[  858631ms] [LOG] MON 1 playing=false pos=0.000 stream_playing=false peak_db=-200.0 mix_rate=48000 latency=0.0880 @ http://localhost:8770/index.js:451
[  858883ms] [LOG] MON 1 playing=false pos=0.000 stream_playing=false peak_db=-200.0 mix_rate=48000 latency=0.0880 @ http://localhost:8770/index.js:451
[  859136ms] [LOG] MON 1 playing=false pos=0.000 stream_playing=false peak_db=-200.0 mix_rate=48000 latency=0.0880 @ http://localhost:8770/index.js:451
[  859382ms] [LOG] MON 1 playing=false pos=0.000 stream_playing=false peak_db=-200.0 mix_rate=48000 latency=0.0880 @ http://localhost:8770/index.js:451
[  859632ms] [LOG] MON 1 playing=false pos=0.000 stream_playing=false peak_db=-200.0 mix_rate=48000 latency=0.0880 @ http://localhost:8770/index.js:451
[  859883ms] [LOG] MON 1 playing=false pos=0.000 stream_playing=false peak_db=-200.0 mix_rate=48000 latency=0.0880 @ http://localhost:8770/index.js:451
[  860134ms] [LOG] MON 1 playing=false pos=0.000 stream_playing=false peak_db=-200.0 mix_rate=48000 latency=0.0880 @ http://localhost:8770/index.js:451
[  860385ms] [LOG] MON 1 playing=false pos=0.000 stream_playing=false peak_db=-200.0 mix_rate=48000 latency=0.0880 @ http://localhost:8770/index.js:451
[  860632ms] [LOG] MON 1 playing=false pos=0.000 stream_playing=false peak_db=-200.0 mix_rate=48000 latency=0.0880 @ http://localhost:8770/index.js:451
[  860899ms] [LOG] MON 1 playing=false pos=0.000 stream_playing=false peak_db=-200.0 mix_rate=48000 latency=0.0880 @ http://localhost:8770/index.js:451
[  861148ms] [LOG] MON 1 playing=false pos=0.000 stream_playing=false peak_db=-200.0 mix_rate=48000 latency=0.0880 @ http://localhost:8770/index.js:451
[  861399ms] [LOG] MON 1 playing=false pos=0.000 stream_playing=false peak_db=-200.0 mix_rate=48000 latency=0.0880 @ http://localhost:8770/index.js:451
[  861648ms] [LOG] MON 1 playing=false pos=0.000 stream_playing=false peak_db=-200.0 mix_rate=48000 latency=0.0880 @ http://localhost:8770/index.js:451
[  861897ms] [LOG] MON 1 playing=false pos=0.000 stream_playing=false peak_db=-200.0 mix_rate=48000 latency=0.0880 @ http://localhost:8770/index.js:451
[  862149ms] [LOG] MON 1 playing=false pos=0.000 stream_playing=false peak_db=-200.0 mix_rate=48000 latency=0.0880 @ http://localhost:8770/index.js:451
[  862399ms] [LOG] MON 1 playing=false pos=0.000 stream_playing=false peak_db=-200.0 mix_rate=48000 latency=0.0880 @ http://localhost:8770/index.js:451
[  862647ms] [LOG] MON 1 playing=false pos=0.000 stream_playing=false peak_db=-200.0 mix_rate=48000 latency=0.0880 @ http://localhost:8770/index.js:451
[  862900ms] [LOG] MON 1 playing=false pos=0.000 stream_playing=false peak_db=-200.0 mix_rate=48000 latency=0.0880 @ http://localhost:8770/index.js:451
[  863152ms] [LOG] MON 1 playing=false pos=0.000 stream_playing=false peak_db=-200.0 mix_rate=48000 latency=0.0880 @ http://localhost:8770/index.js:451
[  863400ms] [LOG] MON 1 playing=false pos=0.000 stream_playing=false peak_db=-200.0 mix_rate=48000 latency=0.0880 @ http://localhost:8770/index.js:451
[  863647ms] [LOG] MON 1 playing=false pos=0.000 stream_playing=false peak_db=-200.0 mix_rate=48000 latency=0.0880 @ http://localhost:8770/index.js:451
[  863898ms] [LOG] MON 1 playing=false pos=0.000 stream_playing=false peak_db=-200.0 mix_rate=48000 latency=0.0880 @ http://localhost:8770/index.js:451
[  864148ms] [LOG] MON 1 playing=false pos=0.000 stream_playing=false peak_db=-200.0 mix_rate=48000 latency=0.0880 @ http://localhost:8770/index.js:451
[  864399ms] [LOG] MON 1 playing=false pos=0.000 stream_playing=false peak_db=-200.0 mix_rate=48000 latency=0.0880 @ http://localhost:8770/index.js:451
[  864648ms] [LOG] MON 1 playing=false pos=0.000 stream_playing=false peak_db=-200.0 mix_rate=48000 latency=0.0880 @ http://localhost:8770/index.js:451
[  864897ms] [LOG] MON 1 playing=false pos=0.000 stream_playing=false peak_db=-200.0 mix_rate=48000 latency=0.0880 @ http://localhost:8770/index.js:451
[  865148ms] [LOG] MON 1 playing=false pos=0.000 stream_playing=false peak_db=-200.0 mix_rate=48000 latency=0.0880 @ http://localhost:8770/index.js:451
[  865398ms] [LOG] MON 1 playing=false pos=0.000 stream_playing=false peak_db=-200.0 mix_rate=48000 latency=0.0880 @ http://localhost:8770/index.js:451
[  865647ms] [LOG] MON 1 playing=false pos=0.000 stream_playing=false peak_db=-200.0 mix_rate=48000 latency=0.0880 @ http://localhost:8770/index.js:451
[  865898ms] [LOG] MON 1 playing=false pos=0.000 stream_playing=false peak_db=-200.0 mix_rate=48000 latency=0.0880 @ http://localhost:8770/index.js:451
[  866148ms] [LOG] MON 1 playing=false pos=0.000 stream_playing=false peak_db=-200.0 mix_rate=48000 latency=0.0880 @ http://localhost:8770/index.js:451
[  866397ms] [LOG] MON 1 playing=false pos=0.000 stream_playing=false peak_db=-200.0 mix_rate=48000 latency=0.0880 @ http://localhost:8770/index.js:451
[  866650ms] [LOG] MON 1 playing=false pos=0.000 stream_playing=false peak_db=-200.0 mix_rate=48000 latency=0.0880 @ http://localhost:8770/index.js:451
[  866899ms] [LOG] MON 1 playing=false pos=0.000 stream_playing=false peak_db=-200.0 mix_rate=48000 latency=0.0880 @ http://localhost:8770/index.js:451
[  867152ms] [LOG] MON 1 playing=false pos=0.000 stream_playing=false peak_db=-200.0 mix_rate=48000 latency=0.0880 @ http://localhost:8770/index.js:451
[  867400ms] [LOG] MON 1 playing=false pos=0.000 stream_playing=false peak_db=-200.0 mix_rate=48000 latency=0.0880 @ http://localhost:8770/index.js:451
[  867653ms] [LOG] MON 1 playing=false pos=0.000 stream_playing=false peak_db=-200.0 mix_rate=48000 latency=0.0880 @ http://localhost:8770/index.js:451
[  867898ms] [LOG] MON 1 playing=false pos=0.000 stream_playing=false peak_db=-200.0 mix_rate=48000 latency=0.0880 @ http://localhost:8770/index.js:451
[  868148ms] [LOG] MON 1 playing=false pos=0.000 stream_playing=false peak_db=-200.0 mix_rate=48000 latency=0.0880 @ http://localhost:8770/index.js:451
[  868398ms] [LOG] MON 1 playing=false pos=0.000 stream_playing=false peak_db=-200.0 mix_rate=48000 latency=0.0880 @ http://localhost:8770/index.js:451
[  868648ms] [LOG] MON 1 playing=false pos=0.000 stream_playing=false peak_db=-200.0 mix_rate=48000 latency=0.0880 @ http://localhost:8770/index.js:451
[  868898ms] [LOG] MON 1 playing=false pos=0.000 stream_playing=false peak_db=-200.0 mix_rate=48000 latency=0.0880 @ http://localhost:8770/index.js:451
[  869148ms] [LOG] MON 1 playing=false pos=0.000 stream_playing=false peak_db=-200.0 mix_rate=48000 latency=0.0880 @ http://localhost:8770/index.js:451
[  869398ms] [LOG] MON 1 playing=false pos=0.000 stream_playing=false peak_db=-200.0 mix_rate=48000 latency=0.0880 @ http://localhost:8770/index.js:451
[  869649ms] [LOG] MON 1 playing=false pos=0.000 stream_playing=false peak_db=-200.0 mix_rate=48000 latency=0.0880 @ http://localhost:8770/index.js:451
[  869897ms] [LOG] MON 1 playing=false pos=0.000 stream_playing=false peak_db=-200.0 mix_rate=48000 latency=0.0880 @ http://localhost:8770/index.js:451
[  870149ms] [LOG] MON 1 playing=false pos=0.000 stream_playing=false peak_db=-200.0 mix_rate=48000 latency=0.0880 @ http://localhost:8770/index.js:451
[  870399ms] [LOG] MON 1 playing=false pos=0.000 stream_playing=false peak_db=-200.0 mix_rate=48000 latency=0.0880 @ http://localhost:8770/index.js:451
[  870649ms] [LOG] MON 1 playing=false pos=0.000 stream_playing=false peak_db=-200.0 mix_rate=48000 latency=0.0880 @ http://localhost:8770/index.js:451
[  870901ms] [LOG] MON 1 playing=false pos=0.000 stream_playing=false peak_db=-200.0 mix_rate=48000 latency=0.0880 @ http://localhost:8770/index.js:451
[  871147ms] [LOG] MON 1 playing=false pos=0.000 stream_playing=false peak_db=-200.0 mix_rate=48000 latency=0.0880 @ http://localhost:8770/index.js:451
[  871398ms] [LOG] MON 1 playing=false pos=0.000 stream_playing=false peak_db=-200.0 mix_rate=48000 latency=0.0880 @ http://localhost:8770/index.js:451
[  871649ms] [LOG] MON 1 playing=false pos=0.000 stream_playing=false peak_db=-200.0 mix_rate=48000 latency=0.0880 @ http://localhost:8770/index.js:451
[  871898ms] [LOG] MON 1 playing=false pos=0.000 stream_playing=false peak_db=-200.0 mix_rate=48000 latency=0.0880 @ http://localhost:8770/index.js:451
[  872148ms] [LOG] MON 1 playing=false pos=0.000 stream_playing=false peak_db=-200.0 mix_rate=48000 latency=0.0880 @ http://localhost:8770/index.js:451
[  872399ms] [LOG] MON 1 playing=false pos=0.000 stream_playing=false peak_db=-200.0 mix_rate=48000 latency=0.0880 @ http://localhost:8770/index.js:451
[  872651ms] [LOG] MON 1 playing=false pos=0.000 stream_playing=false peak_db=-200.0 mix_rate=48000 latency=0.0880 @ http://localhost:8770/index.js:451
[  872898ms] [LOG] MON 1 playing=false pos=0.000 stream_playing=false peak_db=-200.0 mix_rate=48000 latency=0.0880 @ http://localhost:8770/index.js:451
[  873148ms] [LOG] MON 1 playing=false pos=0.000 stream_playing=false peak_db=-200.0 mix_rate=48000 latency=0.0880 @ http://localhost:8770/index.js:451
[  873398ms] [LOG] MON 1 playing=false pos=0.000 stream_playing=false peak_db=-200.0 mix_rate=48000 latency=0.0880 @ http://localhost:8770/index.js:451
[  873648ms] [LOG] MON 1 playing=false pos=0.000 stream_playing=false peak_db=-200.0 mix_rate=48000 latency=0.0880 @ http://localhost:8770/index.js:451
[  873899ms] [LOG] MON 1 playing=false pos=0.000 stream_playing=false peak_db=-200.0 mix_rate=48000 latency=0.0880 @ http://localhost:8770/index.js:451
[  874148ms] [LOG] MON 1 playing=false pos=0.000 stream_playing=false peak_db=-200.0 mix_rate=48000 latency=0.0880 @ http://localhost:8770/index.js:451
[  874398ms] [LOG] MON 1 playing=false pos=0.000 stream_playing=false peak_db=-200.0 mix_rate=48000 latency=0.0880 @ http://localhost:8770/index.js:451
[  874648ms] [LOG] MON 1 playing=false pos=0.000 stream_playing=false peak_db=-200.0 mix_rate=48000 latency=0.0880 @ http://localhost:8770/index.js:451
[  874898ms] [LOG] MON 1 playing=false pos=0.000 stream_playing=false peak_db=-200.0 mix_rate=48000 latency=0.0880 @ http://localhost:8770/index.js:451
[  875150ms] [LOG] MON 1 playing=false pos=0.000 stream_playing=false peak_db=-200.0 mix_rate=48000 latency=0.0880 @ http://localhost:8770/index.js:451
[  875399ms] [LOG] MON 1 playing=false pos=0.000 stream_playing=false peak_db=-200.0 mix_rate=48000 latency=0.0880 @ http://localhost:8770/index.js:451
[  875649ms] [LOG] MON 1 playing=false pos=0.000 stream_playing=false peak_db=-200.0 mix_rate=48000 latency=0.0880 @ http://localhost:8770/index.js:451
[  875899ms] [LOG] MON 1 playing=false pos=0.000 stream_playing=false peak_db=-200.0 mix_rate=48000 latency=0.0880 @ http://localhost:8770/index.js:451
[  876148ms] [LOG] MON 1 playing=false pos=0.000 stream_playing=false peak_db=-200.0 mix_rate=48000 latency=0.0880 @ http://localhost:8770/index.js:451
[  876399ms] [LOG] MON 1 playing=false pos=0.000 stream_playing=false peak_db=-200.0 mix_rate=48000 latency=0.0880 @ http://localhost:8770/index.js:451
[  876648ms] [LOG] MON 1 playing=false pos=0.000 stream_playing=false peak_db=-200.0 mix_rate=48000 latency=0.0880 @ http://localhost:8770/index.js:451
[  876898ms] [LOG] MON 1 playing=false pos=0.000 stream_playing=false peak_db=-200.0 mix_rate=48000 latency=0.0880 @ http://localhost:8770/index.js:451
[  877148ms] [LOG] MON 1 playing=false pos=0.000 stream_playing=false peak_db=-200.0 mix_rate=48000 latency=0.0880 @ http://localhost:8770/index.js:451
[  877399ms] [LOG] MON 1 playing=false pos=0.000 stream_playing=false peak_db=-200.0 mix_rate=48000 latency=0.0880 @ http://localhost:8770/index.js:451
[  877648ms] [LOG] MON 1 playing=false pos=0.000 stream_playing=false peak_db=-200.0 mix_rate=48000 latency=0.0880 @ http://localhost:8770/index.js:451
[  877898ms] [LOG] MON 1 playing=false pos=0.000 stream_playing=false peak_db=-200.0 mix_rate=48000 latency=0.0880 @ http://localhost:8770/index.js:451
[  878148ms] [LOG] MON 1 playing=false pos=0.000 stream_playing=false peak_db=-200.0 mix_rate=48000 latency=0.0880 @ http://localhost:8770/index.js:451
[  878396ms] [LOG] MON 1 playing=false pos=0.000 stream_playing=false peak_db=-200.0 mix_rate=48000 latency=0.0880 @ http://localhost:8770/index.js:451
[  878647ms] [LOG] MON 1 playing=false pos=0.000 stream_playing=false peak_db=-200.0 mix_rate=48000 latency=0.0880 @ http://localhost:8770/index.js:451
[  878898ms] [LOG] MON 1 playing=false pos=0.000 stream_playing=false peak_db=-200.0 mix_rate=48000 latency=0.0880 @ http://localhost:8770/index.js:451
[  879150ms] [LOG] MON 1 playing=false pos=0.000 stream_playing=false peak_db=-200.0 mix_rate=48000 latency=0.0880 @ http://localhost:8770/index.js:451
[  879398ms] [LOG] MON 1 playing=false pos=0.000 stream_playing=false peak_db=-200.0 mix_rate=48000 latency=0.0880 @ http://localhost:8770/index.js:451
[  879649ms] [LOG] MON 1 playing=false pos=0.000 stream_playing=false peak_db=-200.0 mix_rate=48000 latency=0.0880 @ http://localhost:8770/index.js:451
[  879898ms] [LOG] MON 1 playing=false pos=0.000 stream_playing=false peak_db=-200.0 mix_rate=48000 latency=0.0880 @ http://localhost:8770/index.js:451
[  880147ms] [LOG] MON 1 playing=false pos=0.000 stream_playing=false peak_db=-200.0 mix_rate=48000 latency=0.0880 @ http://localhost:8770/index.js:451
[  880398ms] [LOG] MON 1 playing=false pos=0.000 stream_playing=false peak_db=-200.0 mix_rate=48000 latency=0.0880 @ http://localhost:8770/index.js:451
[  880648ms] [LOG] MON 1 playing=false pos=0.000 stream_playing=false peak_db=-200.0 mix_rate=48000 latency=0.0880 @ http://localhost:8770/index.js:451
[  880899ms] [LOG] MON 1 playing=false pos=0.000 stream_playing=false peak_db=-200.0 mix_rate=48000 latency=0.0880 @ http://localhost:8770/index.js:451
[  881147ms] [LOG] MON 1 playing=false pos=0.000 stream_playing=false peak_db=-200.0 mix_rate=48000 latency=0.0880 @ http://localhost:8770/index.js:451
[  881397ms] [LOG] MON 1 playing=false pos=0.000 stream_playing=false peak_db=-200.0 mix_rate=48000 latency=0.0880 @ http://localhost:8770/index.js:451
[  881649ms] [LOG] MON 1 playing=false pos=0.000 stream_playing=false peak_db=-200.0 mix_rate=48000 latency=0.0880 @ http://localhost:8770/index.js:451
[  881899ms] [LOG] MON 1 playing=false pos=0.000 stream_playing=false peak_db=-200.0 mix_rate=48000 latency=0.0880 @ http://localhost:8770/index.js:451
[  882152ms] [LOG] MON 1 playing=false pos=0.000 stream_playing=false peak_db=-200.0 mix_rate=48000 latency=0.0880 @ http://localhost:8770/index.js:451
[  882399ms] [LOG] MON 1 playing=false pos=0.000 stream_playing=false peak_db=-200.0 mix_rate=48000 latency=0.0880 @ http://localhost:8770/index.js:451
[  882648ms] [LOG] MON 1 playing=false pos=0.000 stream_playing=false peak_db=-200.0 mix_rate=48000 latency=0.0880 @ http://localhost:8770/index.js:451
[  882899ms] [LOG] MON 1 playing=false pos=0.000 stream_playing=false peak_db=-200.0 mix_rate=48000 latency=0.0880 @ http://localhost:8770/index.js:451
[  883148ms] [LOG] MON 1 playing=false pos=0.000 stream_playing=false peak_db=-200.0 mix_rate=48000 latency=0.0880 @ http://localhost:8770/index.js:451
[  883399ms] [LOG] MON 1 playing=false pos=0.000 stream_playing=false peak_db=-200.0 mix_rate=48000 latency=0.0880 @ http://localhost:8770/index.js:451
[  883648ms] [LOG] MON 1 playing=false pos=0.000 stream_playing=false peak_db=-200.0 mix_rate=48000 latency=0.0880 @ http://localhost:8770/index.js:451
[  883897ms] [LOG] MON 1 playing=false pos=0.000 stream_playing=false peak_db=-200.0 mix_rate=48000 latency=0.0880 @ http://localhost:8770/index.js:451
[  884150ms] [LOG] MON 1 playing=false pos=0.000 stream_playing=false peak_db=-200.0 mix_rate=48000 latency=0.0880 @ http://localhost:8770/index.js:451
[  884399ms] [LOG] MON 1 playing=false pos=0.000 stream_playing=false peak_db=-200.0 mix_rate=48000 latency=0.0880 @ http://localhost:8770/index.js:451
[  884649ms] [LOG] MON 1 playing=false pos=0.000 stream_playing=false peak_db=-200.0 mix_rate=48000 latency=0.0880 @ http://localhost:8770/index.js:451
[  884898ms] [LOG] MON 1 playing=false pos=0.000 stream_playing=false peak_db=-200.0 mix_rate=48000 latency=0.0880 @ http://localhost:8770/index.js:451
[  885148ms] [LOG] MON 1 playing=false pos=0.000 stream_playing=false peak_db=-200.0 mix_rate=48000 latency=0.0880 @ http://localhost:8770/index.js:451
[  885399ms] [LOG] MON 1 playing=false pos=0.000 stream_playing=false peak_db=-200.0 mix_rate=48000 latency=0.0880 @ http://localhost:8770/index.js:451
[  885647ms] [LOG] MON 1 playing=false pos=0.000 stream_playing=false peak_db=-200.0 mix_rate=48000 latency=0.0880 @ http://localhost:8770/index.js:451
[  885899ms] [LOG] MON 1 playing=false pos=0.000 stream_playing=false peak_db=-200.0 mix_rate=48000 latency=0.0880 @ http://localhost:8770/index.js:451
[  886147ms] [LOG] MON 1 playing=false pos=0.000 stream_playing=false peak_db=-200.0 mix_rate=48000 latency=0.0880 @ http://localhost:8770/index.js:451
[  886397ms] [LOG] MON 1 playing=false pos=0.000 stream_playing=false peak_db=-200.0 mix_rate=48000 latency=0.0880 @ http://localhost:8770/index.js:451
[  886649ms] [LOG] MON 1 playing=false pos=0.000 stream_playing=false peak_db=-200.0 mix_rate=48000 latency=0.0880 @ http://localhost:8770/index.js:451
[  886899ms] [LOG] MON 1 playing=false pos=0.000 stream_playing=false peak_db=-200.0 mix_rate=48000 latency=0.0880 @ http://localhost:8770/index.js:451
[  887150ms] [LOG] MON 1 playing=false pos=0.000 stream_playing=false peak_db=-200.0 mix_rate=48000 latency=0.0880 @ http://localhost:8770/index.js:451
[  887398ms] [LOG] MON 1 playing=false pos=0.000 stream_playing=false peak_db=-200.0 mix_rate=48000 latency=0.0880 @ http://localhost:8770/index.js:451
[  887647ms] [LOG] MON 1 playing=false pos=0.000 stream_playing=false peak_db=-200.0 mix_rate=48000 latency=0.0880 @ http://localhost:8770/index.js:451
[  887897ms] [LOG] MON 1 playing=false pos=0.000 stream_playing=false peak_db=-200.0 mix_rate=48000 latency=0.0880 @ http://localhost:8770/index.js:451
[  888148ms] [LOG] MON 1 playing=false pos=0.000 stream_playing=false peak_db=-200.0 mix_rate=48000 latency=0.0880 @ http://localhost:8770/index.js:451
[  888398ms] [LOG] MON 1 playing=false pos=0.000 stream_playing=false peak_db=-200.0 mix_rate=48000 latency=0.0880 @ http://localhost:8770/index.js:451
[  888648ms] [LOG] MON 1 playing=false pos=0.000 stream_playing=false peak_db=-200.0 mix_rate=48000 latency=0.0880 @ http://localhost:8770/index.js:451
[  888898ms] [LOG] MON 1 playing=false pos=0.000 stream_playing=false peak_db=-200.0 mix_rate=48000 latency=0.0880 @ http://localhost:8770/index.js:451
[  889149ms] [LOG] MON 1 playing=false pos=0.000 stream_playing=false peak_db=-200.0 mix_rate=48000 latency=0.0880 @ http://localhost:8770/index.js:451
[  889401ms] [LOG] MON 1 playing=false pos=0.000 stream_playing=false peak_db=-200.0 mix_rate=48000 latency=0.0880 @ http://localhost:8770/index.js:451
[  889649ms] [LOG] MON 1 playing=false pos=0.000 stream_playing=false peak_db=-200.0 mix_rate=48000 latency=0.0880 @ http://localhost:8770/index.js:451
[  889899ms] [LOG] MON 1 playing=false pos=0.000 stream_playing=false peak_db=-200.0 mix_rate=48000 latency=0.0880 @ http://localhost:8770/index.js:451
[  890147ms] [LOG] MON 1 playing=false pos=0.000 stream_playing=false peak_db=-200.0 mix_rate=48000 latency=0.0880 @ http://localhost:8770/index.js:451
[  890397ms] [LOG] MON 1 playing=false pos=0.000 stream_playing=false peak_db=-200.0 mix_rate=48000 latency=0.0880 @ http://localhost:8770/index.js:451
[  890650ms] [LOG] MON 1 playing=false pos=0.000 stream_playing=false peak_db=-200.0 mix_rate=48000 latency=0.0880 @ http://localhost:8770/index.js:451
[  890899ms] [LOG] MON 1 playing=false pos=0.000 stream_playing=false peak_db=-200.0 mix_rate=48000 latency=0.0880 @ http://localhost:8770/index.js:451
[  891149ms] [LOG] MON 1 playing=false pos=0.000 stream_playing=false peak_db=-200.0 mix_rate=48000 latency=0.0880 @ http://localhost:8770/index.js:451
[  891398ms] [LOG] MON 1 playing=false pos=0.000 stream_playing=false peak_db=-200.0 mix_rate=48000 latency=0.0880 @ http://localhost:8770/index.js:451
[  891648ms] [LOG] MON 1 playing=false pos=0.000 stream_playing=false peak_db=-200.0 mix_rate=48000 latency=0.0880 @ http://localhost:8770/index.js:451
[  891900ms] [LOG] MON 1 playing=false pos=0.000 stream_playing=false peak_db=-200.0 mix_rate=48000 latency=0.0880 @ http://localhost:8770/index.js:451
[  892164ms] [LOG] MON 1 playing=false pos=0.000 stream_playing=false peak_db=-200.0 mix_rate=48000 latency=0.0880 @ http://localhost:8770/index.js:451
[  892381ms] [LOG] MON 1 playing=false pos=0.000 stream_playing=false peak_db=-200.0 mix_rate=48000 latency=0.0880 @ http://localhost:8770/index.js:451
[  892632ms] [LOG] MON 1 playing=false pos=0.000 stream_playing=false peak_db=-200.0 mix_rate=48000 latency=0.0880 @ http://localhost:8770/index.js:451
[  892881ms] [LOG] MON 1 playing=false pos=0.000 stream_playing=false peak_db=-200.0 mix_rate=48000 latency=0.0880 @ http://localhost:8770/index.js:451
[  893132ms] [LOG] MON 1 playing=false pos=0.000 stream_playing=false peak_db=-200.0 mix_rate=48000 latency=0.0880 @ http://localhost:8770/index.js:451
[  893385ms] [LOG] MON 1 playing=false pos=0.000 stream_playing=false peak_db=-200.0 mix_rate=48000 latency=0.0880 @ http://localhost:8770/index.js:451
[  893634ms] [LOG] MON 1 playing=false pos=0.000 stream_playing=false peak_db=-200.0 mix_rate=48000 latency=0.0880 @ http://localhost:8770/index.js:451
[  893880ms] [LOG] MON 1 playing=false pos=0.000 stream_playing=false peak_db=-200.0 mix_rate=48000 latency=0.0880 @ http://localhost:8770/index.js:451
[  894137ms] [LOG] MON 1 playing=false pos=0.000 stream_playing=false peak_db=-200.0 mix_rate=48000 latency=0.0880 @ http://localhost:8770/index.js:451
[  894383ms] [LOG] MON 1 playing=false pos=0.000 stream_playing=false peak_db=-200.0 mix_rate=48000 latency=0.0880 @ http://localhost:8770/index.js:451
[  894632ms] [LOG] MON 1 playing=false pos=0.000 stream_playing=false peak_db=-200.0 mix_rate=48000 latency=0.0880 @ http://localhost:8770/index.js:451
[  894881ms] [LOG] MON 1 playing=false pos=0.000 stream_playing=false peak_db=-200.0 mix_rate=48000 latency=0.0880 @ http://localhost:8770/index.js:451
[  895133ms] [LOG] MON 1 playing=false pos=0.000 stream_playing=false peak_db=-200.0 mix_rate=48000 latency=0.0880 @ http://localhost:8770/index.js:451
[  895381ms] [LOG] MON 1 playing=false pos=0.000 stream_playing=false peak_db=-200.0 mix_rate=48000 latency=0.0880 @ http://localhost:8770/index.js:451
[  895630ms] [LOG] MON 1 playing=false pos=0.000 stream_playing=false peak_db=-200.0 mix_rate=48000 latency=0.0880 @ http://localhost:8770/index.js:451
[  895880ms] [LOG] MON 1 playing=false pos=0.000 stream_playing=false peak_db=-200.0 mix_rate=48000 latency=0.0880 @ http://localhost:8770/index.js:451
[  896131ms] [LOG] MON 1 playing=false pos=0.000 stream_playing=false peak_db=-200.0 mix_rate=48000 latency=0.0880 @ http://localhost:8770/index.js:451
[  896382ms] [LOG] MON 1 playing=false pos=0.000 stream_playing=false peak_db=-200.0 mix_rate=48000 latency=0.0880 @ http://localhost:8770/index.js:451
[  896631ms] [LOG] MON 1 playing=false pos=0.000 stream_playing=false peak_db=-200.0 mix_rate=48000 latency=0.0880 @ http://localhost:8770/index.js:451
[  896881ms] [LOG] MON 1 playing=false pos=0.000 stream_playing=false peak_db=-200.0 mix_rate=48000 latency=0.0880 @ http://localhost:8770/index.js:451
[  897130ms] [LOG] MON 1 playing=false pos=0.000 stream_playing=false peak_db=-200.0 mix_rate=48000 latency=0.0880 @ http://localhost:8770/index.js:451
[  897381ms] [LOG] MON 1 playing=false pos=0.000 stream_playing=false peak_db=-200.0 mix_rate=48000 latency=0.0880 @ http://localhost:8770/index.js:451
[  897631ms] [LOG] MON 1 playing=false pos=0.000 stream_playing=false peak_db=-200.0 mix_rate=48000 latency=0.0880 @ http://localhost:8770/index.js:451
[  897881ms] [LOG] MON 1 playing=false pos=0.000 stream_playing=false peak_db=-200.0 mix_rate=48000 latency=0.0880 @ http://localhost:8770/index.js:451
[  898133ms] [LOG] MON 1 playing=false pos=0.000 stream_playing=false peak_db=-200.0 mix_rate=48000 latency=0.0880 @ http://localhost:8770/index.js:451
[  898380ms] [LOG] MON 1 playing=false pos=0.000 stream_playing=false peak_db=-200.0 mix_rate=48000 latency=0.0880 @ http://localhost:8770/index.js:451
[  898632ms] [LOG] MON 1 playing=false pos=0.000 stream_playing=false peak_db=-200.0 mix_rate=48000 latency=0.0880 @ http://localhost:8770/index.js:451
[  898881ms] [LOG] MON 1 playing=false pos=0.000 stream_playing=false peak_db=-200.0 mix_rate=48000 latency=0.0880 @ http://localhost:8770/index.js:451
[  899133ms] [LOG] MON 1 playing=false pos=0.000 stream_playing=false peak_db=-200.0 mix_rate=48000 latency=0.0880 @ http://localhost:8770/index.js:451
[  899386ms] [LOG] MON 1 playing=false pos=0.000 stream_playing=false peak_db=-200.0 mix_rate=48000 latency=0.0880 @ http://localhost:8770/index.js:451
[  899632ms] [LOG] MON 1 playing=false pos=0.000 stream_playing=false peak_db=-200.0 mix_rate=48000 latency=0.0880 @ http://localhost:8770/index.js:451
[  899881ms] [LOG] MON 1 playing=false pos=0.000 stream_playing=false peak_db=-200.0 mix_rate=48000 latency=0.0880 @ http://localhost:8770/index.js:451
[  900132ms] [LOG] MON 1 playing=false pos=0.000 stream_playing=false peak_db=-200.0 mix_rate=48000 latency=0.0880 @ http://localhost:8770/index.js:451
[  900382ms] [LOG] MON 1 playing=false pos=0.000 stream_playing=false peak_db=-200.0 mix_rate=48000 latency=0.0880 @ http://localhost:8770/index.js:451
[  900631ms] [LOG] MON 1 playing=false pos=0.000 stream_playing=false peak_db=-200.0 mix_rate=48000 latency=0.0880 @ http://localhost:8770/index.js:451
[  900882ms] [LOG] MON 1 playing=false pos=0.000 stream_playing=false peak_db=-200.0 mix_rate=48000 latency=0.0880 @ http://localhost:8770/index.js:451
[  901130ms] [LOG] MON 1 playing=false pos=0.000 stream_playing=false peak_db=-200.0 mix_rate=48000 latency=0.0880 @ http://localhost:8770/index.js:451
[  901381ms] [LOG] MON 1 playing=false pos=0.000 stream_playing=false peak_db=-200.0 mix_rate=48000 latency=0.0880 @ http://localhost:8770/index.js:451
[  901631ms] [LOG] MON 1 playing=false pos=0.000 stream_playing=false peak_db=-200.0 mix_rate=48000 latency=0.0880 @ http://localhost:8770/index.js:451
[  901881ms] [LOG] MON 1 playing=false pos=0.000 stream_playing=false peak_db=-200.0 mix_rate=48000 latency=0.0880 @ http://localhost:8770/index.js:451
[  902133ms] [LOG] MON 1 playing=false pos=0.000 stream_playing=false peak_db=-200.0 mix_rate=48000 latency=0.0880 @ http://localhost:8770/index.js:451
[  902381ms] [LOG] MON 1 playing=false pos=0.000 stream_playing=false peak_db=-200.0 mix_rate=48000 latency=0.0880 @ http://localhost:8770/index.js:451
[  902632ms] [LOG] MON 1 playing=false pos=0.000 stream_playing=false peak_db=-200.0 mix_rate=48000 latency=0.0880 @ http://localhost:8770/index.js:451
[  902884ms] [LOG] MON 1 playing=false pos=0.000 stream_playing=false peak_db=-200.0 mix_rate=48000 latency=0.0880 @ http://localhost:8770/index.js:451
[  903131ms] [LOG] MON 1 playing=false pos=0.000 stream_playing=false peak_db=-200.0 mix_rate=48000 latency=0.0880 @ http://localhost:8770/index.js:451
[  903381ms] [LOG] MON 1 playing=false pos=0.000 stream_playing=false peak_db=-200.0 mix_rate=48000 latency=0.0880 @ http://localhost:8770/index.js:451
[  903631ms] [LOG] MON 1 playing=false pos=0.000 stream_playing=false peak_db=-200.0 mix_rate=48000 latency=0.0880 @ http://localhost:8770/index.js:451
[  903881ms] [LOG] MON 1 playing=false pos=0.000 stream_playing=false peak_db=-200.0 mix_rate=48000 latency=0.0880 @ http://localhost:8770/index.js:451
[  904133ms] [LOG] MON 1 playing=false pos=0.000 stream_playing=false peak_db=-200.0 mix_rate=48000 latency=0.0880 @ http://localhost:8770/index.js:451
[  904382ms] [LOG] MON 1 playing=false pos=0.000 stream_playing=false peak_db=-200.0 mix_rate=48000 latency=0.0880 @ http://localhost:8770/index.js:451
[  904631ms] [LOG] MON 1 playing=false pos=0.000 stream_playing=false peak_db=-200.0 mix_rate=48000 latency=0.0880 @ http://localhost:8770/index.js:451
[  904882ms] [LOG] MON 1 playing=false pos=0.000 stream_playing=false peak_db=-200.0 mix_rate=48000 latency=0.0880 @ http://localhost:8770/index.js:451
[  905131ms] [LOG] MON 1 playing=false pos=0.000 stream_playing=false peak_db=-200.0 mix_rate=48000 latency=0.0880 @ http://localhost:8770/index.js:451
[  905384ms] [LOG] MON 1 playing=false pos=0.000 stream_playing=false peak_db=-200.0 mix_rate=48000 latency=0.0880 @ http://localhost:8770/index.js:451
[  905632ms] [LOG] MON 1 playing=false pos=0.000 stream_playing=false peak_db=-200.0 mix_rate=48000 latency=0.0880 @ http://localhost:8770/index.js:451
[  905881ms] [LOG] MON 1 playing=false pos=0.000 stream_playing=false peak_db=-200.0 mix_rate=48000 latency=0.0880 @ http://localhost:8770/index.js:451
[  906132ms] [LOG] MON 1 playing=false pos=0.000 stream_playing=false peak_db=-200.0 mix_rate=48000 latency=0.0880 @ http://localhost:8770/index.js:451
[  906381ms] [LOG] MON 1 playing=false pos=0.000 stream_playing=false peak_db=-200.0 mix_rate=48000 latency=0.0880 @ http://localhost:8770/index.js:451
[  906632ms] [LOG] MON 1 playing=false pos=0.000 stream_playing=false peak_db=-200.0 mix_rate=48000 latency=0.0880 @ http://localhost:8770/index.js:451
[  906881ms] [LOG] MON 1 playing=false pos=0.000 stream_playing=false peak_db=-200.0 mix_rate=48000 latency=0.0880 @ http://localhost:8770/index.js:451
[  907134ms] [LOG] MON 1 playing=false pos=0.000 stream_playing=false peak_db=-200.0 mix_rate=48000 latency=0.0880 @ http://localhost:8770/index.js:451
[  907381ms] [LOG] MON 1 playing=false pos=0.000 stream_playing=false peak_db=-200.0 mix_rate=48000 latency=0.0880 @ http://localhost:8770/index.js:451
[  907633ms] [LOG] MON 1 playing=false pos=0.000 stream_playing=false peak_db=-200.0 mix_rate=48000 latency=0.0880 @ http://localhost:8770/index.js:451
[  907881ms] [LOG] MON 1 playing=false pos=0.000 stream_playing=false peak_db=-200.0 mix_rate=48000 latency=0.0880 @ http://localhost:8770/index.js:451
[  908131ms] [LOG] MON 1 playing=false pos=0.000 stream_playing=false peak_db=-200.0 mix_rate=48000 latency=0.0880 @ http://localhost:8770/index.js:451
[  908382ms] [LOG] MON 1 playing=false pos=0.000 stream_playing=false peak_db=-200.0 mix_rate=48000 latency=0.0880 @ http://localhost:8770/index.js:451
[  908632ms] [LOG] MON 1 playing=false pos=0.000 stream_playing=false peak_db=-200.0 mix_rate=48000 latency=0.0880 @ http://localhost:8770/index.js:451
[  908882ms] [LOG] MON 1 playing=false pos=0.000 stream_playing=false peak_db=-200.0 mix_rate=48000 latency=0.0880 @ http://localhost:8770/index.js:451
[  909132ms] [LOG] MON 1 playing=false pos=0.000 stream_playing=false peak_db=-200.0 mix_rate=48000 latency=0.0880 @ http://localhost:8770/index.js:451
[  909381ms] [LOG] MON 1 playing=false pos=0.000 stream_playing=false peak_db=-200.0 mix_rate=48000 latency=0.0880 @ http://localhost:8770/index.js:451
[  909631ms] [LOG] MON 1 playing=false pos=0.000 stream_playing=false peak_db=-200.0 mix_rate=48000 latency=0.0880 @ http://localhost:8770/index.js:451
[  909881ms] [LOG] MON 1 playing=false pos=0.000 stream_playing=false peak_db=-200.0 mix_rate=48000 latency=0.0880 @ http://localhost:8770/index.js:451
[  910135ms] [LOG] MON 1 playing=false pos=0.000 stream_playing=false peak_db=-200.0 mix_rate=48000 latency=0.0880 @ http://localhost:8770/index.js:451
[  910383ms] [LOG] MON 1 playing=false pos=0.000 stream_playing=false peak_db=-200.0 mix_rate=48000 latency=0.0880 @ http://localhost:8770/index.js:451
[  910631ms] [LOG] MON 1 playing=false pos=0.000 stream_playing=false peak_db=-200.0 mix_rate=48000 latency=0.0880 @ http://localhost:8770/index.js:451
[  910882ms] [LOG] MON 1 playing=false pos=0.000 stream_playing=false peak_db=-200.0 mix_rate=48000 latency=0.0880 @ http://localhost:8770/index.js:451
[  911131ms] [LOG] MON 1 playing=false pos=0.000 stream_playing=false peak_db=-200.0 mix_rate=48000 latency=0.0880 @ http://localhost:8770/index.js:451
[  911382ms] [LOG] MON 1 playing=false pos=0.000 stream_playing=false peak_db=-200.0 mix_rate=48000 latency=0.0880 @ http://localhost:8770/index.js:451
[  911632ms] [LOG] MON 1 playing=false pos=0.000 stream_playing=false peak_db=-200.0 mix_rate=48000 latency=0.0880 @ http://localhost:8770/index.js:451
[  911882ms] [LOG] MON 1 playing=false pos=0.000 stream_playing=false peak_db=-200.0 mix_rate=48000 latency=0.0880 @ http://localhost:8770/index.js:451
[  912132ms] [LOG] MON 1 playing=false pos=0.000 stream_playing=false peak_db=-200.0 mix_rate=48000 latency=0.0880 @ http://localhost:8770/index.js:451
[  912381ms] [LOG] MON 1 playing=false pos=0.000 stream_playing=false peak_db=-200.0 mix_rate=48000 latency=0.0880 @ http://localhost:8770/index.js:451
[  912631ms] [LOG] MON 1 playing=false pos=0.000 stream_playing=false peak_db=-200.0 mix_rate=48000 latency=0.0880 @ http://localhost:8770/index.js:451
[  912882ms] [LOG] MON 1 playing=false pos=0.000 stream_playing=false peak_db=-200.0 mix_rate=48000 latency=0.0880 @ http://localhost:8770/index.js:451
[  913131ms] [LOG] MON 1 playing=false pos=0.000 stream_playing=false peak_db=-200.0 mix_rate=48000 latency=0.0880 @ http://localhost:8770/index.js:451
[  913381ms] [LOG] MON 1 playing=false pos=0.000 stream_playing=false peak_db=-200.0 mix_rate=48000 latency=0.0880 @ http://localhost:8770/index.js:451
[  913632ms] [LOG] MON 1 playing=false pos=0.000 stream_playing=false peak_db=-200.0 mix_rate=48000 latency=0.0880 @ http://localhost:8770/index.js:451
[  913881ms] [LOG] MON 1 playing=false pos=0.000 stream_playing=false peak_db=-200.0 mix_rate=48000 latency=0.0880 @ http://localhost:8770/index.js:451
[  914131ms] [LOG] MON 1 playing=false pos=0.000 stream_playing=false peak_db=-200.0 mix_rate=48000 latency=0.0880 @ http://localhost:8770/index.js:451
[  914386ms] [LOG] MON 1 playing=false pos=0.000 stream_playing=false peak_db=-200.0 mix_rate=48000 latency=0.0880 @ http://localhost:8770/index.js:451
[  914632ms] [LOG] MON 1 playing=false pos=0.000 stream_playing=false peak_db=-200.0 mix_rate=48000 latency=0.0880 @ http://localhost:8770/index.js:451
[  914882ms] [LOG] MON 1 playing=false pos=0.000 stream_playing=false peak_db=-200.0 mix_rate=48000 latency=0.0880 @ http://localhost:8770/index.js:451
[  915131ms] [LOG] MON 1 playing=false pos=0.000 stream_playing=false peak_db=-200.0 mix_rate=48000 latency=0.0880 @ http://localhost:8770/index.js:451
[  915381ms] [LOG] MON 1 playing=false pos=0.000 stream_playing=false peak_db=-200.0 mix_rate=48000 latency=0.0880 @ http://localhost:8770/index.js:451
[  915632ms] [LOG] MON 1 playing=false pos=0.000 stream_playing=false peak_db=-200.0 mix_rate=48000 latency=0.0880 @ http://localhost:8770/index.js:451
[  915885ms] [LOG] MON 1 playing=false pos=0.000 stream_playing=false peak_db=-200.0 mix_rate=48000 latency=0.0880 @ http://localhost:8770/index.js:451
[  916132ms] [LOG] MON 1 playing=false pos=0.000 stream_playing=false peak_db=-200.0 mix_rate=48000 latency=0.0880 @ http://localhost:8770/index.js:451
[  916381ms] [LOG] MON 1 playing=false pos=0.000 stream_playing=false peak_db=-200.0 mix_rate=48000 latency=0.0880 @ http://localhost:8770/index.js:451
[  916631ms] [LOG] MON 1 playing=false pos=0.000 stream_playing=false peak_db=-200.0 mix_rate=48000 latency=0.0880 @ http://localhost:8770/index.js:451
[  916881ms] [LOG] MON 1 playing=false pos=0.000 stream_playing=false peak_db=-200.0 mix_rate=48000 latency=0.0880 @ http://localhost:8770/index.js:451
[  917132ms] [LOG] MON 1 playing=false pos=0.000 stream_playing=false peak_db=-200.0 mix_rate=48000 latency=0.0880 @ http://localhost:8770/index.js:451
[  917383ms] [LOG] MON 1 playing=false pos=0.000 stream_playing=false peak_db=-200.0 mix_rate=48000 latency=0.0880 @ http://localhost:8770/index.js:451
[  917631ms] [LOG] MON 1 playing=false pos=0.000 stream_playing=false peak_db=-200.0 mix_rate=48000 latency=0.0880 @ http://localhost:8770/index.js:451
[  917881ms] [LOG] MON 1 playing=false pos=0.000 stream_playing=false peak_db=-200.0 mix_rate=48000 latency=0.0880 @ http://localhost:8770/index.js:451
[  918131ms] [LOG] MON 1 playing=false pos=0.000 stream_playing=false peak_db=-200.0 mix_rate=48000 latency=0.0880 @ http://localhost:8770/index.js:451
[  918381ms] [LOG] MON 1 playing=false pos=0.000 stream_playing=false peak_db=-200.0 mix_rate=48000 latency=0.0880 @ http://localhost:8770/index.js:451
[  918633ms] [LOG] MON 1 playing=false pos=0.000 stream_playing=false peak_db=-200.0 mix_rate=48000 latency=0.0880 @ http://localhost:8770/index.js:451
[  918884ms] [LOG] MON 1 playing=false pos=0.000 stream_playing=false peak_db=-200.0 mix_rate=48000 latency=0.0880 @ http://localhost:8770/index.js:451
[  919131ms] [LOG] MON 1 playing=false pos=0.000 stream_playing=false peak_db=-200.0 mix_rate=48000 latency=0.0880 @ http://localhost:8770/index.js:451
[  919382ms] [LOG] MON 1 playing=false pos=0.000 stream_playing=false peak_db=-200.0 mix_rate=48000 latency=0.0880 @ http://localhost:8770/index.js:451
[  919633ms] [LOG] MON 1 playing=false pos=0.000 stream_playing=false peak_db=-200.0 mix_rate=48000 latency=0.0880 @ http://localhost:8770/index.js:451
[  919881ms] [LOG] MON 1 playing=false pos=0.000 stream_playing=false peak_db=-200.0 mix_rate=48000 latency=0.0880 @ http://localhost:8770/index.js:451
[  920131ms] [LOG] MON 1 playing=false pos=0.000 stream_playing=false peak_db=-200.0 mix_rate=48000 latency=0.0880 @ http://localhost:8770/index.js:451
[  920382ms] [LOG] MON 1 playing=false pos=0.000 stream_playing=false peak_db=-200.0 mix_rate=48000 latency=0.0880 @ http://localhost:8770/index.js:451
[  920633ms] [LOG] MON 1 playing=false pos=0.000 stream_playing=false peak_db=-200.0 mix_rate=48000 latency=0.0880 @ http://localhost:8770/index.js:451
[  920882ms] [LOG] MON 1 playing=false pos=0.000 stream_playing=false peak_db=-200.0 mix_rate=48000 latency=0.0880 @ http://localhost:8770/index.js:451
[  921133ms] [LOG] MON 1 playing=false pos=0.000 stream_playing=false peak_db=-200.0 mix_rate=48000 latency=0.0880 @ http://localhost:8770/index.js:451
[  921381ms] [LOG] MON 1 playing=false pos=0.000 stream_playing=false peak_db=-200.0 mix_rate=48000 latency=0.0880 @ http://localhost:8770/index.js:451
[  921631ms] [LOG] MON 1 playing=false pos=0.000 stream_playing=false peak_db=-200.0 mix_rate=48000 latency=0.0880 @ http://localhost:8770/index.js:451
[  921896ms] [LOG] MON 1 playing=false pos=0.000 stream_playing=false peak_db=-200.0 mix_rate=48000 latency=0.0880 @ http://localhost:8770/index.js:451
[  922131ms] [LOG] MON 1 playing=false pos=0.000 stream_playing=false peak_db=-200.0 mix_rate=48000 latency=0.0880 @ http://localhost:8770/index.js:451
[  922381ms] [LOG] MON 1 playing=false pos=0.000 stream_playing=false peak_db=-200.0 mix_rate=48000 latency=0.0880 @ http://localhost:8770/index.js:451
[  922632ms] [LOG] MON 1 playing=false pos=0.000 stream_playing=false peak_db=-200.0 mix_rate=48000 latency=0.0880 @ http://localhost:8770/index.js:451
[  922882ms] [LOG] MON 1 playing=false pos=0.000 stream_playing=false peak_db=-200.0 mix_rate=48000 latency=0.0880 @ http://localhost:8770/index.js:451
[  923132ms] [LOG] MON 1 playing=false pos=0.000 stream_playing=false peak_db=-200.0 mix_rate=48000 latency=0.0880 @ http://localhost:8770/index.js:451
[  923381ms] [LOG] MON 1 playing=false pos=0.000 stream_playing=false peak_db=-200.0 mix_rate=48000 latency=0.0880 @ http://localhost:8770/index.js:451
[  923632ms] [LOG] MON 1 playing=false pos=0.000 stream_playing=false peak_db=-200.0 mix_rate=48000 latency=0.0880 @ http://localhost:8770/index.js:451
[  923882ms] [LOG] MON 1 playing=false pos=0.000 stream_playing=false peak_db=-200.0 mix_rate=48000 latency=0.0880 @ http://localhost:8770/index.js:451
[  924131ms] [LOG] MON 1 playing=false pos=0.000 stream_playing=false peak_db=-200.0 mix_rate=48000 latency=0.0880 @ http://localhost:8770/index.js:451
[  924383ms] [LOG] MON 1 playing=false pos=0.000 stream_playing=false peak_db=-200.0 mix_rate=48000 latency=0.0880 @ http://localhost:8770/index.js:451
[  924632ms] [LOG] MON 1 playing=false pos=0.000 stream_playing=false peak_db=-200.0 mix_rate=48000 latency=0.0880 @ http://localhost:8770/index.js:451
[  924882ms] [LOG] MON 1 playing=false pos=0.000 stream_playing=false peak_db=-200.0 mix_rate=48000 latency=0.0880 @ http://localhost:8770/index.js:451
[  925132ms] [LOG] MON 1 playing=false pos=0.000 stream_playing=false peak_db=-200.0 mix_rate=48000 latency=0.0880 @ http://localhost:8770/index.js:451
[  925381ms] [LOG] MON 1 playing=false pos=0.000 stream_playing=false peak_db=-200.0 mix_rate=48000 latency=0.0880 @ http://localhost:8770/index.js:451
[  925633ms] [LOG] MON 1 playing=false pos=0.000 stream_playing=false peak_db=-200.0 mix_rate=48000 latency=0.0880 @ http://localhost:8770/index.js:451
[  925886ms] [LOG] MON 1 playing=false pos=0.000 stream_playing=false peak_db=-200.0 mix_rate=48000 latency=0.0880 @ http://localhost:8770/index.js:451
[  926132ms] [LOG] MON 1 playing=false pos=0.000 stream_playing=false peak_db=-200.0 mix_rate=48000 latency=0.0880 @ http://localhost:8770/index.js:451
[  926381ms] [LOG] MON 1 playing=false pos=0.000 stream_playing=false peak_db=-200.0 mix_rate=48000 latency=0.0880 @ http://localhost:8770/index.js:451
[  926631ms] [LOG] MON 1 playing=false pos=0.000 stream_playing=false peak_db=-200.0 mix_rate=48000 latency=0.0880 @ http://localhost:8770/index.js:451
[  926882ms] [LOG] MON 1 playing=false pos=0.000 stream_playing=false peak_db=-200.0 mix_rate=48000 latency=0.0880 @ http://localhost:8770/index.js:451
[  927131ms] [LOG] MON 1 playing=false pos=0.000 stream_playing=false peak_db=-200.0 mix_rate=48000 latency=0.0880 @ http://localhost:8770/index.js:451
[  927382ms] [LOG] MON 1 playing=false pos=0.000 stream_playing=false peak_db=-200.0 mix_rate=48000 latency=0.0880 @ http://localhost:8770/index.js:451
[  927633ms] [LOG] MON 1 playing=false pos=0.000 stream_playing=false peak_db=-200.0 mix_rate=48000 latency=0.0880 @ http://localhost:8770/index.js:451
[  927888ms] [LOG] MON 1 playing=false pos=0.000 stream_playing=false peak_db=-200.0 mix_rate=48000 latency=0.0880 @ http://localhost:8770/index.js:451
[  928134ms] [LOG] MON 1 playing=false pos=0.000 stream_playing=false peak_db=-200.0 mix_rate=48000 latency=0.0880 @ http://localhost:8770/index.js:451
[  928380ms] [LOG] MON 1 playing=false pos=0.000 stream_playing=false peak_db=-200.0 mix_rate=48000 latency=0.0880 @ http://localhost:8770/index.js:451
[  928631ms] [LOG] MON 1 playing=false pos=0.000 stream_playing=false peak_db=-200.0 mix_rate=48000 latency=0.0880 @ http://localhost:8770/index.js:451
[  928881ms] [LOG] MON 1 playing=false pos=0.000 stream_playing=false peak_db=-200.0 mix_rate=48000 latency=0.0880 @ http://localhost:8770/index.js:451
[  929132ms] [LOG] MON 1 playing=false pos=0.000 stream_playing=false peak_db=-200.0 mix_rate=48000 latency=0.0880 @ http://localhost:8770/index.js:451
[  929384ms] [LOG] MON 1 playing=false pos=0.000 stream_playing=false peak_db=-200.0 mix_rate=48000 latency=0.0880 @ http://localhost:8770/index.js:451
[  929632ms] [LOG] MON 1 playing=false pos=0.000 stream_playing=false peak_db=-200.0 mix_rate=48000 latency=0.0880 @ http://localhost:8770/index.js:451
[  929882ms] [LOG] MON 1 playing=false pos=0.000 stream_playing=false peak_db=-200.0 mix_rate=48000 latency=0.0880 @ http://localhost:8770/index.js:451
[  930131ms] [LOG] MON 1 playing=false pos=0.000 stream_playing=false peak_db=-200.0 mix_rate=48000 latency=0.0880 @ http://localhost:8770/index.js:451
[  930381ms] [LOG] MON 1 playing=false pos=0.000 stream_playing=false peak_db=-200.0 mix_rate=48000 latency=0.0880 @ http://localhost:8770/index.js:451
[  930633ms] [LOG] MON 1 playing=false pos=0.000 stream_playing=false peak_db=-200.0 mix_rate=48000 latency=0.0880 @ http://localhost:8770/index.js:451
[  930883ms] [LOG] MON 1 playing=false pos=0.000 stream_playing=false peak_db=-200.0 mix_rate=48000 latency=0.0880 @ http://localhost:8770/index.js:451
[  931132ms] [LOG] MON 1 playing=false pos=0.000 stream_playing=false peak_db=-200.0 mix_rate=48000 latency=0.0880 @ http://localhost:8770/index.js:451
[  931385ms] [LOG] MON 1 playing=false pos=0.000 stream_playing=false peak_db=-200.0 mix_rate=48000 latency=0.0880 @ http://localhost:8770/index.js:451
[  931632ms] [LOG] MON 1 playing=false pos=0.000 stream_playing=false peak_db=-200.0 mix_rate=48000 latency=0.0880 @ http://localhost:8770/index.js:451
[  931881ms] [LOG] MON 1 playing=false pos=0.000 stream_playing=false peak_db=-200.0 mix_rate=48000 latency=0.0880 @ http://localhost:8770/index.js:451
[  932131ms] [LOG] MON 1 playing=false pos=0.000 stream_playing=false peak_db=-200.0 mix_rate=48000 latency=0.0880 @ http://localhost:8770/index.js:451
[  932383ms] [LOG] MON 1 playing=false pos=0.000 stream_playing=false peak_db=-200.0 mix_rate=48000 latency=0.0880 @ http://localhost:8770/index.js:451
[  932632ms] [LOG] MON 1 playing=false pos=0.000 stream_playing=false peak_db=-200.0 mix_rate=48000 latency=0.0880 @ http://localhost:8770/index.js:451
[  932882ms] [LOG] MON 1 playing=false pos=0.000 stream_playing=false peak_db=-200.0 mix_rate=48000 latency=0.0880 @ http://localhost:8770/index.js:451
[  933131ms] [LOG] MON 1 playing=false pos=0.000 stream_playing=false peak_db=-200.0 mix_rate=48000 latency=0.0880 @ http://localhost:8770/index.js:451
[  933381ms] [LOG] MON 1 playing=false pos=0.000 stream_playing=false peak_db=-200.0 mix_rate=48000 latency=0.0880 @ http://localhost:8770/index.js:451
[  933632ms] [LOG] MON 1 playing=false pos=0.000 stream_playing=false peak_db=-200.0 mix_rate=48000 latency=0.0880 @ http://localhost:8770/index.js:451
[  933882ms] [LOG] MON 1 playing=false pos=0.000 stream_playing=false peak_db=-200.0 mix_rate=48000 latency=0.0880 @ http://localhost:8770/index.js:451
[  934133ms] [LOG] MON 1 playing=false pos=0.000 stream_playing=false peak_db=-200.0 mix_rate=48000 latency=0.0880 @ http://localhost:8770/index.js:451
[  934382ms] [LOG] MON 1 playing=false pos=0.000 stream_playing=false peak_db=-200.0 mix_rate=48000 latency=0.0880 @ http://localhost:8770/index.js:451
[  934633ms] [LOG] MON 1 playing=false pos=0.000 stream_playing=false peak_db=-200.0 mix_rate=48000 latency=0.0880 @ http://localhost:8770/index.js:451
[  934882ms] [LOG] MON 1 playing=false pos=0.000 stream_playing=false peak_db=-200.0 mix_rate=48000 latency=0.0880 @ http://localhost:8770/index.js:451
[  935131ms] [LOG] MON 1 playing=false pos=0.000 stream_playing=false peak_db=-200.0 mix_rate=48000 latency=0.0880 @ http://localhost:8770/index.js:451
[  935390ms] [LOG] MON 1 playing=false pos=0.000 stream_playing=false peak_db=-200.0 mix_rate=48000 latency=0.0880 @ http://localhost:8770/index.js:451
[  935631ms] [LOG] MON 1 playing=false pos=0.000 stream_playing=false peak_db=-200.0 mix_rate=48000 latency=0.0880 @ http://localhost:8770/index.js:451
[  935883ms] [LOG] MON 1 playing=false pos=0.000 stream_playing=false peak_db=-200.0 mix_rate=48000 latency=0.0880 @ http://localhost:8770/index.js:451
[  936132ms] [LOG] MON 1 playing=false pos=0.000 stream_playing=false peak_db=-200.0 mix_rate=48000 latency=0.0880 @ http://localhost:8770/index.js:451
[  936381ms] [LOG] MON 1 playing=false pos=0.000 stream_playing=false peak_db=-200.0 mix_rate=48000 latency=0.0880 @ http://localhost:8770/index.js:451
[  936632ms] [LOG] MON 1 playing=false pos=0.000 stream_playing=false peak_db=-200.0 mix_rate=48000 latency=0.0880 @ http://localhost:8770/index.js:451
[  936881ms] [LOG] MON 1 playing=false pos=0.000 stream_playing=false peak_db=-200.0 mix_rate=48000 latency=0.0880 @ http://localhost:8770/index.js:451
[  937130ms] [LOG] MON 1 playing=false pos=0.000 stream_playing=false peak_db=-200.0 mix_rate=48000 latency=0.0880 @ http://localhost:8770/index.js:451
[  937381ms] [LOG] MON 1 playing=false pos=0.000 stream_playing=false peak_db=-200.0 mix_rate=48000 latency=0.0880 @ http://localhost:8770/index.js:451
[  937632ms] [LOG] MON 1 playing=false pos=0.000 stream_playing=false peak_db=-200.0 mix_rate=48000 latency=0.0880 @ http://localhost:8770/index.js:451
[  937882ms] [LOG] MON 1 playing=false pos=0.000 stream_playing=false peak_db=-200.0 mix_rate=48000 latency=0.0880 @ http://localhost:8770/index.js:451
[  938133ms] [LOG] MON 1 playing=false pos=0.000 stream_playing=false peak_db=-200.0 mix_rate=48000 latency=0.0880 @ http://localhost:8770/index.js:451
[  938382ms] [LOG] MON 1 playing=false pos=0.000 stream_playing=false peak_db=-200.0 mix_rate=48000 latency=0.0880 @ http://localhost:8770/index.js:451
[  938632ms] [LOG] MON 1 playing=false pos=0.000 stream_playing=false peak_db=-200.0 mix_rate=48000 latency=0.0880 @ http://localhost:8770/index.js:451
[  938881ms] [LOG] MON 1 playing=false pos=0.000 stream_playing=false peak_db=-200.0 mix_rate=48000 latency=0.0880 @ http://localhost:8770/index.js:451
[  939130ms] [LOG] MON 1 playing=false pos=0.000 stream_playing=false peak_db=-200.0 mix_rate=48000 latency=0.0880 @ http://localhost:8770/index.js:451
[  939383ms] [LOG] MON 1 playing=false pos=0.000 stream_playing=false peak_db=-200.0 mix_rate=48000 latency=0.0880 @ http://localhost:8770/index.js:451
[  939631ms] [LOG] MON 1 playing=false pos=0.000 stream_playing=false peak_db=-200.0 mix_rate=48000 latency=0.0880 @ http://localhost:8770/index.js:451
[  939880ms] [LOG] MON 1 playing=false pos=0.000 stream_playing=false peak_db=-200.0 mix_rate=48000 latency=0.0880 @ http://localhost:8770/index.js:451
[  940132ms] [LOG] MON 1 playing=false pos=0.000 stream_playing=false peak_db=-200.0 mix_rate=48000 latency=0.0880 @ http://localhost:8770/index.js:451
[  940382ms] [LOG] MON 1 playing=false pos=0.000 stream_playing=false peak_db=-200.0 mix_rate=48000 latency=0.0880 @ http://localhost:8770/index.js:451
[  940632ms] [LOG] MON 1 playing=false pos=0.000 stream_playing=false peak_db=-200.0 mix_rate=48000 latency=0.0880 @ http://localhost:8770/index.js:451
[  940882ms] [LOG] MON 1 playing=false pos=0.000 stream_playing=false peak_db=-200.0 mix_rate=48000 latency=0.0880 @ http://localhost:8770/index.js:451
[  941131ms] [LOG] MON 1 playing=false pos=0.000 stream_playing=false peak_db=-200.0 mix_rate=48000 latency=0.0880 @ http://localhost:8770/index.js:451
[  941387ms] [LOG] MON 1 playing=false pos=0.000 stream_playing=false peak_db=-200.0 mix_rate=48000 latency=0.0880 @ http://localhost:8770/index.js:451
[  941631ms] [LOG] MON 1 playing=false pos=0.000 stream_playing=false peak_db=-200.0 mix_rate=48000 latency=0.0880 @ http://localhost:8770/index.js:451
[  941881ms] [LOG] MON 1 playing=false pos=0.000 stream_playing=false peak_db=-200.0 mix_rate=48000 latency=0.0880 @ http://localhost:8770/index.js:451
[  942131ms] [LOG] MON 1 playing=false pos=0.000 stream_playing=false peak_db=-200.0 mix_rate=48000 latency=0.0880 @ http://localhost:8770/index.js:451
[  942381ms] [LOG] MON 1 playing=false pos=0.000 stream_playing=false peak_db=-200.0 mix_rate=48000 latency=0.0880 @ http://localhost:8770/index.js:451
[  942633ms] [LOG] MON 1 playing=false pos=0.000 stream_playing=false peak_db=-200.0 mix_rate=48000 latency=0.0880 @ http://localhost:8770/index.js:451
[  942882ms] [LOG] MON 1 playing=false pos=0.000 stream_playing=false peak_db=-200.0 mix_rate=48000 latency=0.0880 @ http://localhost:8770/index.js:451
[  943132ms] [LOG] MON 1 playing=false pos=0.000 stream_playing=false peak_db=-200.0 mix_rate=48000 latency=0.0880 @ http://localhost:8770/index.js:451
[  943382ms] [LOG] MON 1 playing=false pos=0.000 stream_playing=false peak_db=-200.0 mix_rate=48000 latency=0.0880 @ http://localhost:8770/index.js:451
[  943632ms] [LOG] MON 1 playing=false pos=0.000 stream_playing=false peak_db=-200.0 mix_rate=48000 latency=0.0880 @ http://localhost:8770/index.js:451
[  943883ms] [LOG] MON 1 playing=false pos=0.000 stream_playing=false peak_db=-200.0 mix_rate=48000 latency=0.0880 @ http://localhost:8770/index.js:451
[  944131ms] [LOG] MON 1 playing=false pos=0.000 stream_playing=false peak_db=-200.0 mix_rate=48000 latency=0.0880 @ http://localhost:8770/index.js:451
[  944381ms] [LOG] MON 1 playing=false pos=0.000 stream_playing=false peak_db=-200.0 mix_rate=48000 latency=0.0880 @ http://localhost:8770/index.js:451
[  944631ms] [LOG] MON 1 playing=false pos=0.000 stream_playing=false peak_db=-200.0 mix_rate=48000 latency=0.0880 @ http://localhost:8770/index.js:451
[  944882ms] [LOG] MON 1 playing=false pos=0.000 stream_playing=false peak_db=-200.0 mix_rate=48000 latency=0.0880 @ http://localhost:8770/index.js:451
[  945132ms] [LOG] MON 1 playing=false pos=0.000 stream_playing=false peak_db=-200.0 mix_rate=48000 latency=0.0880 @ http://localhost:8770/index.js:451
[  945381ms] [LOG] MON 1 playing=false pos=0.000 stream_playing=false peak_db=-200.0 mix_rate=48000 latency=0.0880 @ http://localhost:8770/index.js:451
[  945631ms] [LOG] MON 1 playing=false pos=0.000 stream_playing=false peak_db=-200.0 mix_rate=48000 latency=0.0880 @ http://localhost:8770/index.js:451
[  945881ms] [LOG] MON 1 playing=false pos=0.000 stream_playing=false peak_db=-200.0 mix_rate=48000 latency=0.0880 @ http://localhost:8770/index.js:451
[  946131ms] [LOG] MON 1 playing=false pos=0.000 stream_playing=false peak_db=-200.0 mix_rate=48000 latency=0.0880 @ http://localhost:8770/index.js:451
[  946382ms] [LOG] MON 1 playing=false pos=0.000 stream_playing=false peak_db=-200.0 mix_rate=48000 latency=0.0880 @ http://localhost:8770/index.js:451
[  946630ms] [LOG] MON 1 playing=false pos=0.000 stream_playing=false peak_db=-200.0 mix_rate=48000 latency=0.0880 @ http://localhost:8770/index.js:451
[  946882ms] [LOG] MON 1 playing=false pos=0.000 stream_playing=false peak_db=-200.0 mix_rate=48000 latency=0.0880 @ http://localhost:8770/index.js:451
[  947132ms] [LOG] MON 1 playing=false pos=0.000 stream_playing=false peak_db=-200.0 mix_rate=48000 latency=0.0880 @ http://localhost:8770/index.js:451
[  947382ms] [LOG] MON 1 playing=false pos=0.000 stream_playing=false peak_db=-200.0 mix_rate=48000 latency=0.0880 @ http://localhost:8770/index.js:451
[  947631ms] [LOG] MON 1 playing=false pos=0.000 stream_playing=false peak_db=-200.0 mix_rate=48000 latency=0.0880 @ http://localhost:8770/index.js:451
[  947881ms] [LOG] MON 1 playing=false pos=0.000 stream_playing=false peak_db=-200.0 mix_rate=48000 latency=0.0880 @ http://localhost:8770/index.js:451
[  948132ms] [LOG] MON 1 playing=false pos=0.000 stream_playing=false peak_db=-200.0 mix_rate=48000 latency=0.0880 @ http://localhost:8770/index.js:451
[  948380ms] [LOG] MON 1 playing=false pos=0.000 stream_playing=false peak_db=-200.0 mix_rate=48000 latency=0.0880 @ http://localhost:8770/index.js:451
[  948632ms] [LOG] MON 1 playing=false pos=0.000 stream_playing=false peak_db=-200.0 mix_rate=48000 latency=0.0880 @ http://localhost:8770/index.js:451
[  948882ms] [LOG] MON 1 playing=false pos=0.000 stream_playing=false peak_db=-200.0 mix_rate=48000 latency=0.0880 @ http://localhost:8770/index.js:451
[  949134ms] [LOG] MON 1 playing=false pos=0.000 stream_playing=false peak_db=-200.0 mix_rate=48000 latency=0.0880 @ http://localhost:8770/index.js:451
[  949382ms] [LOG] MON 1 playing=false pos=0.000 stream_playing=false peak_db=-200.0 mix_rate=48000 latency=0.0880 @ http://localhost:8770/index.js:451
[  949632ms] [LOG] MON 1 playing=false pos=0.000 stream_playing=false peak_db=-200.0 mix_rate=48000 latency=0.0880 @ http://localhost:8770/index.js:451
[  949881ms] [LOG] MON 1 playing=false pos=0.000 stream_playing=false peak_db=-200.0 mix_rate=48000 latency=0.0880 @ http://localhost:8770/index.js:451
[  950131ms] [LOG] MON 1 playing=false pos=0.000 stream_playing=false peak_db=-200.0 mix_rate=48000 latency=0.0880 @ http://localhost:8770/index.js:451
[  950381ms] [LOG] MON 1 playing=false pos=0.000 stream_playing=false peak_db=-200.0 mix_rate=48000 latency=0.0880 @ http://localhost:8770/index.js:451
[  950634ms] [LOG] MON 1 playing=false pos=0.000 stream_playing=false peak_db=-200.0 mix_rate=48000 latency=0.0880 @ http://localhost:8770/index.js:451
[  950881ms] [LOG] MON 1 playing=false pos=0.000 stream_playing=false peak_db=-200.0 mix_rate=48000 latency=0.0880 @ http://localhost:8770/index.js:451
[  951132ms] [LOG] MON 1 playing=false pos=0.000 stream_playing=false peak_db=-200.0 mix_rate=48000 latency=0.0880 @ http://localhost:8770/index.js:451
[  951383ms] [LOG] MON 1 playing=false pos=0.000 stream_playing=false peak_db=-200.0 mix_rate=48000 latency=0.0880 @ http://localhost:8770/index.js:451
[  951632ms] [LOG] MON 1 playing=false pos=0.000 stream_playing=false peak_db=-200.0 mix_rate=48000 latency=0.0880 @ http://localhost:8770/index.js:451
[  951884ms] [LOG] MON 1 playing=false pos=0.000 stream_playing=false peak_db=-200.0 mix_rate=48000 latency=0.0880 @ http://localhost:8770/index.js:451
[  952132ms] [LOG] MON 1 playing=false pos=0.000 stream_playing=false peak_db=-200.0 mix_rate=48000 latency=0.0880 @ http://localhost:8770/index.js:451
[  952382ms] [LOG] MON 1 playing=false pos=0.000 stream_playing=false peak_db=-200.0 mix_rate=48000 latency=0.0880 @ http://localhost:8770/index.js:451
[  952631ms] [LOG] MON 1 playing=false pos=0.000 stream_playing=false peak_db=-200.0 mix_rate=48000 latency=0.0880 @ http://localhost:8770/index.js:451
[  952882ms] [LOG] MON 1 playing=false pos=0.000 stream_playing=false peak_db=-200.0 mix_rate=48000 latency=0.0880 @ http://localhost:8770/index.js:451
[  953132ms] [LOG] MON 1 playing=false pos=0.000 stream_playing=false peak_db=-200.0 mix_rate=48000 latency=0.0880 @ http://localhost:8770/index.js:451
[  953398ms] [LOG] MON 1 playing=false pos=0.000 stream_playing=false peak_db=-200.0 mix_rate=48000 latency=0.0880 @ http://localhost:8770/index.js:451
[  953648ms] [LOG] MON 1 playing=false pos=0.000 stream_playing=false peak_db=-200.0 mix_rate=48000 latency=0.0880 @ http://localhost:8770/index.js:451
[  953898ms] [LOG] MON 1 playing=false pos=0.000 stream_playing=false peak_db=-200.0 mix_rate=48000 latency=0.0880 @ http://localhost:8770/index.js:451
[  954148ms] [LOG] MON 1 playing=false pos=0.000 stream_playing=false peak_db=-200.0 mix_rate=48000 latency=0.0880 @ http://localhost:8770/index.js:451
[  954398ms] [LOG] MON 1 playing=false pos=0.000 stream_playing=false peak_db=-200.0 mix_rate=48000 latency=0.0880 @ http://localhost:8770/index.js:451
[  954649ms] [LOG] MON 1 playing=false pos=0.000 stream_playing=false peak_db=-200.0 mix_rate=48000 latency=0.0880 @ http://localhost:8770/index.js:451
[  954898ms] [LOG] MON 1 playing=false pos=0.000 stream_playing=false peak_db=-200.0 mix_rate=48000 latency=0.0880 @ http://localhost:8770/index.js:451
[  955149ms] [LOG] MON 1 playing=false pos=0.000 stream_playing=false peak_db=-200.0 mix_rate=48000 latency=0.0880 @ http://localhost:8770/index.js:451
[  955398ms] [LOG] MON 1 playing=false pos=0.000 stream_playing=false peak_db=-200.0 mix_rate=48000 latency=0.0880 @ http://localhost:8770/index.js:451
[  955648ms] [LOG] MON 1 playing=false pos=0.000 stream_playing=false peak_db=-200.0 mix_rate=48000 latency=0.0880 @ http://localhost:8770/index.js:451
[  955898ms] [LOG] MON 1 playing=false pos=0.000 stream_playing=false peak_db=-200.0 mix_rate=48000 latency=0.0880 @ http://localhost:8770/index.js:451
[  956148ms] [LOG] MON 1 playing=false pos=0.000 stream_playing=false peak_db=-200.0 mix_rate=48000 latency=0.0880 @ http://localhost:8770/index.js:451
[  956398ms] [LOG] MON 1 playing=false pos=0.000 stream_playing=false peak_db=-200.0 mix_rate=48000 latency=0.0880 @ http://localhost:8770/index.js:451
[  956649ms] [LOG] MON 1 playing=false pos=0.000 stream_playing=false peak_db=-200.0 mix_rate=48000 latency=0.0880 @ http://localhost:8770/index.js:451
[  956900ms] [LOG] MON 1 playing=false pos=0.000 stream_playing=false peak_db=-200.0 mix_rate=48000 latency=0.0880 @ http://localhost:8770/index.js:451
[  957156ms] [LOG] MON 1 playing=false pos=0.000 stream_playing=false peak_db=-200.0 mix_rate=48000 latency=0.0880 @ http://localhost:8770/index.js:451
[  957400ms] [LOG] MON 1 playing=false pos=0.000 stream_playing=false peak_db=-200.0 mix_rate=48000 latency=0.0880 @ http://localhost:8770/index.js:451
[  957652ms] [LOG] MON 1 playing=false pos=0.000 stream_playing=false peak_db=-200.0 mix_rate=48000 latency=0.0880 @ http://localhost:8770/index.js:451
[  957899ms] [LOG] MON 1 playing=false pos=0.000 stream_playing=false peak_db=-200.0 mix_rate=48000 latency=0.0880 @ http://localhost:8770/index.js:451
[  958149ms] [LOG] MON 1 playing=false pos=0.000 stream_playing=false peak_db=-200.0 mix_rate=48000 latency=0.0880 @ http://localhost:8770/index.js:451
[  958399ms] [LOG] MON 1 playing=false pos=0.000 stream_playing=false peak_db=-200.0 mix_rate=48000 latency=0.0880 @ http://localhost:8770/index.js:451
[  958650ms] [LOG] MON 1 playing=false pos=0.000 stream_playing=false peak_db=-200.0 mix_rate=48000 latency=0.0880 @ http://localhost:8770/index.js:451
[  958897ms] [LOG] MON 1 playing=false pos=0.000 stream_playing=false peak_db=-200.0 mix_rate=48000 latency=0.0880 @ http://localhost:8770/index.js:451
[  959147ms] [LOG] MON 1 playing=false pos=0.000 stream_playing=false peak_db=-200.0 mix_rate=48000 latency=0.0880 @ http://localhost:8770/index.js:451
[  959399ms] [LOG] MON 1 playing=false pos=0.000 stream_playing=false peak_db=-200.0 mix_rate=48000 latency=0.0880 @ http://localhost:8770/index.js:451
[  959648ms] [LOG] MON 1 playing=false pos=0.000 stream_playing=false peak_db=-200.0 mix_rate=48000 latency=0.0880 @ http://localhost:8770/index.js:451
[  959899ms] [LOG] MON 1 playing=false pos=0.000 stream_playing=false peak_db=-200.0 mix_rate=48000 latency=0.0880 @ http://localhost:8770/index.js:451
[  960149ms] [LOG] MON 1 playing=false pos=0.000 stream_playing=false peak_db=-200.0 mix_rate=48000 latency=0.0880 @ http://localhost:8770/index.js:451
[  960399ms] [LOG] MON 1 playing=false pos=0.000 stream_playing=false peak_db=-200.0 mix_rate=48000 latency=0.0880 @ http://localhost:8770/index.js:451
[  960647ms] [LOG] MON 1 playing=false pos=0.000 stream_playing=false peak_db=-200.0 mix_rate=48000 latency=0.0880 @ http://localhost:8770/index.js:451
[  960898ms] [LOG] MON 1 playing=false pos=0.000 stream_playing=false peak_db=-200.0 mix_rate=48000 latency=0.0880 @ http://localhost:8770/index.js:451
[  961149ms] [LOG] MON 1 playing=false pos=0.000 stream_playing=false peak_db=-200.0 mix_rate=48000 latency=0.0880 @ http://localhost:8770/index.js:451
[  961400ms] [LOG] MON 1 playing=false pos=0.000 stream_playing=false peak_db=-200.0 mix_rate=48000 latency=0.0880 @ http://localhost:8770/index.js:451
[  961650ms] [LOG] MON 1 playing=false pos=0.000 stream_playing=false peak_db=-200.0 mix_rate=48000 latency=0.0880 @ http://localhost:8770/index.js:451
[  961899ms] [LOG] MON 1 playing=false pos=0.000 stream_playing=false peak_db=-200.0 mix_rate=48000 latency=0.0880 @ http://localhost:8770/index.js:451
[  962150ms] [LOG] MON 1 playing=false pos=0.000 stream_playing=false peak_db=-200.0 mix_rate=48000 latency=0.0880 @ http://localhost:8770/index.js:451
[  962398ms] [LOG] MON 1 playing=false pos=0.000 stream_playing=false peak_db=-200.0 mix_rate=48000 latency=0.0880 @ http://localhost:8770/index.js:451
[  962651ms] [LOG] MON 1 playing=false pos=0.000 stream_playing=false peak_db=-200.0 mix_rate=48000 latency=0.0880 @ http://localhost:8770/index.js:451
[  962899ms] [LOG] MON 1 playing=false pos=0.000 stream_playing=false peak_db=-200.0 mix_rate=48000 latency=0.0880 @ http://localhost:8770/index.js:451
[  963149ms] [LOG] MON 1 playing=false pos=0.000 stream_playing=false peak_db=-200.0 mix_rate=48000 latency=0.0880 @ http://localhost:8770/index.js:451
[  963399ms] [LOG] MON 1 playing=false pos=0.000 stream_playing=false peak_db=-200.0 mix_rate=48000 latency=0.0880 @ http://localhost:8770/index.js:451
[  963648ms] [LOG] MON 1 playing=false pos=0.000 stream_playing=false peak_db=-200.0 mix_rate=48000 latency=0.0880 @ http://localhost:8770/index.js:451
[  963898ms] [LOG] MON 1 playing=false pos=0.000 stream_playing=false peak_db=-200.0 mix_rate=48000 latency=0.0880 @ http://localhost:8770/index.js:451
[  964147ms] [LOG] MON 1 playing=false pos=0.000 stream_playing=false peak_db=-200.0 mix_rate=48000 latency=0.0880 @ http://localhost:8770/index.js:451
[  964401ms] [LOG] MON 1 playing=false pos=0.000 stream_playing=false peak_db=-200.0 mix_rate=48000 latency=0.0880 @ http://localhost:8770/index.js:451
[  964647ms] [LOG] MON 1 playing=false pos=0.000 stream_playing=false peak_db=-200.0 mix_rate=48000 latency=0.0880 @ http://localhost:8770/index.js:451
[  964899ms] [LOG] MON 1 playing=false pos=0.000 stream_playing=false peak_db=-200.0 mix_rate=48000 latency=0.0880 @ http://localhost:8770/index.js:451
[  965151ms] [LOG] MON 1 playing=false pos=0.000 stream_playing=false peak_db=-200.0 mix_rate=48000 latency=0.0880 @ http://localhost:8770/index.js:451
[  965398ms] [LOG] MON 1 playing=false pos=0.000 stream_playing=false peak_db=-200.0 mix_rate=48000 latency=0.0880 @ http://localhost:8770/index.js:451
[  965648ms] [LOG] MON 1 playing=false pos=0.000 stream_playing=false peak_db=-200.0 mix_rate=48000 latency=0.0880 @ http://localhost:8770/index.js:451
[  965899ms] [LOG] MON 1 playing=false pos=0.000 stream_playing=false peak_db=-200.0 mix_rate=48000 latency=0.0880 @ http://localhost:8770/index.js:451
[  966149ms] [LOG] MON 1 playing=false pos=0.000 stream_playing=false peak_db=-200.0 mix_rate=48000 latency=0.0880 @ http://localhost:8770/index.js:451
[  966398ms] [LOG] MON 1 playing=false pos=0.000 stream_playing=false peak_db=-200.0 mix_rate=48000 latency=0.0880 @ http://localhost:8770/index.js:451
[  966649ms] [LOG] MON 1 playing=false pos=0.000 stream_playing=false peak_db=-200.0 mix_rate=48000 latency=0.0880 @ http://localhost:8770/index.js:451
[  966928ms] [LOG] MON 1 playing=false pos=0.000 stream_playing=false peak_db=-200.0 mix_rate=48000 latency=0.0880 @ http://localhost:8770/index.js:451
[  967151ms] [LOG] MON 1 playing=false pos=0.000 stream_playing=false peak_db=-200.0 mix_rate=48000 latency=0.0880 @ http://localhost:8770/index.js:451
[  967406ms] [LOG] MON 1 playing=false pos=0.000 stream_playing=false peak_db=-200.0 mix_rate=48000 latency=0.0880 @ http://localhost:8770/index.js:451
[  967652ms] [LOG] MON 1 playing=false pos=0.000 stream_playing=false peak_db=-200.0 mix_rate=48000 latency=0.0880 @ http://localhost:8770/index.js:451
[  967920ms] [LOG] MON 1 playing=false pos=0.000 stream_playing=false peak_db=-200.0 mix_rate=48000 latency=0.0880 @ http://localhost:8770/index.js:451
[  968150ms] [LOG] MON 1 playing=false pos=0.000 stream_playing=false peak_db=-200.0 mix_rate=48000 latency=0.0880 @ http://localhost:8770/index.js:451
[  968397ms] [LOG] MON 1 playing=false pos=0.000 stream_playing=false peak_db=-200.0 mix_rate=48000 latency=0.0880 @ http://localhost:8770/index.js:451
[  968649ms] [LOG] MON 1 playing=false pos=0.000 stream_playing=false peak_db=-200.0 mix_rate=48000 latency=0.0880 @ http://localhost:8770/index.js:451
[  968899ms] [LOG] MON 1 playing=false pos=0.000 stream_playing=false peak_db=-200.0 mix_rate=48000 latency=0.0880 @ http://localhost:8770/index.js:451
[  969148ms] [LOG] MON 1 playing=false pos=0.000 stream_playing=false peak_db=-200.0 mix_rate=48000 latency=0.0880 @ http://localhost:8770/index.js:451
[  969399ms] [LOG] MON 1 playing=false pos=0.000 stream_playing=false peak_db=-200.0 mix_rate=48000 latency=0.0880 @ http://localhost:8770/index.js:451
[  969649ms] [LOG] MON 1 playing=false pos=0.000 stream_playing=false peak_db=-200.0 mix_rate=48000 latency=0.0880 @ http://localhost:8770/index.js:451
[  969899ms] [LOG] MON 1 playing=false pos=0.000 stream_playing=false peak_db=-200.0 mix_rate=48000 latency=0.0880 @ http://localhost:8770/index.js:451
[  970149ms] [LOG] MON 1 playing=false pos=0.000 stream_playing=false peak_db=-200.0 mix_rate=48000 latency=0.0880 @ http://localhost:8770/index.js:451
[  970399ms] [LOG] MON 1 playing=false pos=0.000 stream_playing=false peak_db=-200.0 mix_rate=48000 latency=0.0880 @ http://localhost:8770/index.js:451
[  970649ms] [LOG] MON 1 playing=false pos=0.000 stream_playing=false peak_db=-200.0 mix_rate=48000 latency=0.0880 @ http://localhost:8770/index.js:451
[  970898ms] [LOG] MON 1 playing=false pos=0.000 stream_playing=false peak_db=-200.0 mix_rate=48000 latency=0.0880 @ http://localhost:8770/index.js:451
[  971149ms] [LOG] MON 1 playing=false pos=0.000 stream_playing=false peak_db=-200.0 mix_rate=48000 latency=0.0880 @ http://localhost:8770/index.js:451
[  971399ms] [LOG] MON 1 playing=false pos=0.000 stream_playing=false peak_db=-200.0 mix_rate=48000 latency=0.0880 @ http://localhost:8770/index.js:451
[  971647ms] [LOG] MON 1 playing=false pos=0.000 stream_playing=false peak_db=-200.0 mix_rate=48000 latency=0.0880 @ http://localhost:8770/index.js:451
[  971900ms] [LOG] MON 1 playing=false pos=0.000 stream_playing=false peak_db=-200.0 mix_rate=48000 latency=0.0880 @ http://localhost:8770/index.js:451
[  972148ms] [LOG] MON 1 playing=false pos=0.000 stream_playing=false peak_db=-200.0 mix_rate=48000 latency=0.0880 @ http://localhost:8770/index.js:451
[  972398ms] [LOG] MON 1 playing=false pos=0.000 stream_playing=false peak_db=-200.0 mix_rate=48000 latency=0.0880 @ http://localhost:8770/index.js:451
[  972648ms] [LOG] MON 1 playing=false pos=0.000 stream_playing=false peak_db=-200.0 mix_rate=48000 latency=0.0880 @ http://localhost:8770/index.js:451
[  972899ms] [LOG] MON 1 playing=false pos=0.000 stream_playing=false peak_db=-200.0 mix_rate=48000 latency=0.0880 @ http://localhost:8770/index.js:451
[  973148ms] [LOG] MON 1 playing=false pos=0.000 stream_playing=false peak_db=-200.0 mix_rate=48000 latency=0.0880 @ http://localhost:8770/index.js:451
[  973401ms] [LOG] MON 1 playing=false pos=0.000 stream_playing=false peak_db=-200.0 mix_rate=48000 latency=0.0880 @ http://localhost:8770/index.js:451
[  973649ms] [LOG] MON 1 playing=false pos=0.000 stream_playing=false peak_db=-200.0 mix_rate=48000 latency=0.0880 @ http://localhost:8770/index.js:451
[  973898ms] [LOG] MON 1 playing=false pos=0.000 stream_playing=false peak_db=-200.0 mix_rate=48000 latency=0.0880 @ http://localhost:8770/index.js:451
[  974150ms] [LOG] MON 1 playing=false pos=0.000 stream_playing=false peak_db=-200.0 mix_rate=48000 latency=0.0880 @ http://localhost:8770/index.js:451
[  974398ms] [LOG] MON 1 playing=false pos=0.000 stream_playing=false peak_db=-200.0 mix_rate=48000 latency=0.0880 @ http://localhost:8770/index.js:451
[  974650ms] [LOG] MON 1 playing=false pos=0.000 stream_playing=false peak_db=-200.0 mix_rate=48000 latency=0.0880 @ http://localhost:8770/index.js:451
[  974900ms] [LOG] MON 1 playing=false pos=0.000 stream_playing=false peak_db=-200.0 mix_rate=48000 latency=0.0880 @ http://localhost:8770/index.js:451
[  975151ms] [LOG] MON 1 playing=false pos=0.000 stream_playing=false peak_db=-200.0 mix_rate=48000 latency=0.0880 @ http://localhost:8770/index.js:451
[  975399ms] [LOG] MON 1 playing=false pos=0.000 stream_playing=false peak_db=-200.0 mix_rate=48000 latency=0.0880 @ http://localhost:8770/index.js:451
[  975649ms] [LOG] MON 1 playing=false pos=0.000 stream_playing=false peak_db=-200.0 mix_rate=48000 latency=0.0880 @ http://localhost:8770/index.js:451
[  975898ms] [LOG] MON 1 playing=false pos=0.000 stream_playing=false peak_db=-200.0 mix_rate=48000 latency=0.0880 @ http://localhost:8770/index.js:451
[  976149ms] [LOG] MON 1 playing=false pos=0.000 stream_playing=false peak_db=-200.0 mix_rate=48000 latency=0.0880 @ http://localhost:8770/index.js:451
[  976403ms] [LOG] MON 1 playing=false pos=0.000 stream_playing=false peak_db=-200.0 mix_rate=48000 latency=0.0880 @ http://localhost:8770/index.js:451
[  976647ms] [LOG] MON 1 playing=false pos=0.000 stream_playing=false peak_db=-200.0 mix_rate=48000 latency=0.0880 @ http://localhost:8770/index.js:451
[  976900ms] [LOG] MON 1 playing=false pos=0.000 stream_playing=false peak_db=-200.0 mix_rate=48000 latency=0.0880 @ http://localhost:8770/index.js:451
[  977149ms] [LOG] MON 1 playing=false pos=0.000 stream_playing=false peak_db=-200.0 mix_rate=48000 latency=0.0880 @ http://localhost:8770/index.js:451
[  977400ms] [LOG] MON 1 playing=false pos=0.000 stream_playing=false peak_db=-200.0 mix_rate=48000 latency=0.0880 @ http://localhost:8770/index.js:451
[  977650ms] [LOG] MON 1 playing=false pos=0.000 stream_playing=false peak_db=-200.0 mix_rate=48000 latency=0.0880 @ http://localhost:8770/index.js:451
[  977897ms] [LOG] MON 1 playing=false pos=0.000 stream_playing=false peak_db=-200.0 mix_rate=48000 latency=0.0880 @ http://localhost:8770/index.js:451
[  978151ms] [LOG] MON 1 playing=false pos=0.000 stream_playing=false peak_db=-200.0 mix_rate=48000 latency=0.0880 @ http://localhost:8770/index.js:451
[  978400ms] [LOG] MON 1 playing=false pos=0.000 stream_playing=false peak_db=-200.0 mix_rate=48000 latency=0.0880 @ http://localhost:8770/index.js:451
[  978650ms] [LOG] MON 1 playing=false pos=0.000 stream_playing=false peak_db=-200.0 mix_rate=48000 latency=0.0880 @ http://localhost:8770/index.js:451
[  978899ms] [LOG] MON 1 playing=false pos=0.000 stream_playing=false peak_db=-200.0 mix_rate=48000 latency=0.0880 @ http://localhost:8770/index.js:451
[  979153ms] [LOG] MON 1 playing=false pos=0.000 stream_playing=false peak_db=-200.0 mix_rate=48000 latency=0.0880 @ http://localhost:8770/index.js:451
[  979399ms] [LOG] MON 1 playing=false pos=0.000 stream_playing=false peak_db=-200.0 mix_rate=48000 latency=0.0880 @ http://localhost:8770/index.js:451
[  979647ms] [LOG] MON 1 playing=false pos=0.000 stream_playing=false peak_db=-200.0 mix_rate=48000 latency=0.0880 @ http://localhost:8770/index.js:451
[  979899ms] [LOG] MON 1 playing=false pos=0.000 stream_playing=false peak_db=-200.0 mix_rate=48000 latency=0.0880 @ http://localhost:8770/index.js:451
[  980149ms] [LOG] MON 1 playing=false pos=0.000 stream_playing=false peak_db=-200.0 mix_rate=48000 latency=0.0880 @ http://localhost:8770/index.js:451
[  980398ms] [LOG] MON 1 playing=false pos=0.000 stream_playing=false peak_db=-200.0 mix_rate=48000 latency=0.0880 @ http://localhost:8770/index.js:451
[  980649ms] [LOG] MON 1 playing=false pos=0.000 stream_playing=false peak_db=-200.0 mix_rate=48000 latency=0.0880 @ http://localhost:8770/index.js:451
[  980899ms] [LOG] MON 1 playing=false pos=0.000 stream_playing=false peak_db=-200.0 mix_rate=48000 latency=0.0880 @ http://localhost:8770/index.js:451
[  981149ms] [LOG] MON 1 playing=false pos=0.000 stream_playing=false peak_db=-200.0 mix_rate=48000 latency=0.0880 @ http://localhost:8770/index.js:451
[  981400ms] [LOG] MON 1 playing=false pos=0.000 stream_playing=false peak_db=-200.0 mix_rate=48000 latency=0.0880 @ http://localhost:8770/index.js:451
[  981649ms] [LOG] MON 1 playing=false pos=0.000 stream_playing=false peak_db=-200.0 mix_rate=48000 latency=0.0880 @ http://localhost:8770/index.js:451
[  981898ms] [LOG] MON 1 playing=false pos=0.000 stream_playing=false peak_db=-200.0 mix_rate=48000 latency=0.0880 @ http://localhost:8770/index.js:451
[  982150ms] [LOG] MON 1 playing=false pos=0.000 stream_playing=false peak_db=-200.0 mix_rate=48000 latency=0.0880 @ http://localhost:8770/index.js:451
[  982399ms] [LOG] MON 1 playing=false pos=0.000 stream_playing=false peak_db=-200.0 mix_rate=48000 latency=0.0880 @ http://localhost:8770/index.js:451
[  982649ms] [LOG] MON 1 playing=false pos=0.000 stream_playing=false peak_db=-200.0 mix_rate=48000 latency=0.0880 @ http://localhost:8770/index.js:451
[  982902ms] [LOG] MON 1 playing=false pos=0.000 stream_playing=false peak_db=-200.0 mix_rate=48000 latency=0.0880 @ http://localhost:8770/index.js:451
[  983149ms] [LOG] MON 1 playing=false pos=0.000 stream_playing=false peak_db=-200.0 mix_rate=48000 latency=0.0880 @ http://localhost:8770/index.js:451
[  983400ms] [LOG] MON 1 playing=false pos=0.000 stream_playing=false peak_db=-200.0 mix_rate=48000 latency=0.0880 @ http://localhost:8770/index.js:451
[  983649ms] [LOG] MON 1 playing=false pos=0.000 stream_playing=false peak_db=-200.0 mix_rate=48000 latency=0.0880 @ http://localhost:8770/index.js:451
[  983899ms] [LOG] MON 1 playing=false pos=0.000 stream_playing=false peak_db=-200.0 mix_rate=48000 latency=0.0880 @ http://localhost:8770/index.js:451
[  984148ms] [LOG] MON 1 playing=false pos=0.000 stream_playing=false peak_db=-200.0 mix_rate=48000 latency=0.0880 @ http://localhost:8770/index.js:451
[  984397ms] [LOG] MON 1 playing=false pos=0.000 stream_playing=false peak_db=-200.0 mix_rate=48000 latency=0.0880 @ http://localhost:8770/index.js:451
[  984649ms] [LOG] MON 1 playing=false pos=0.000 stream_playing=false peak_db=-200.0 mix_rate=48000 latency=0.0880 @ http://localhost:8770/index.js:451
[  984898ms] [LOG] MON 1 playing=false pos=0.000 stream_playing=false peak_db=-200.0 mix_rate=48000 latency=0.0880 @ http://localhost:8770/index.js:451
[  985149ms] [LOG] MON 1 playing=false pos=0.000 stream_playing=false peak_db=-200.0 mix_rate=48000 latency=0.0880 @ http://localhost:8770/index.js:451
[  985397ms] [LOG] MON 1 playing=false pos=0.000 stream_playing=false peak_db=-200.0 mix_rate=48000 latency=0.0880 @ http://localhost:8770/index.js:451
[  985651ms] [LOG] MON 1 playing=false pos=0.000 stream_playing=false peak_db=-200.0 mix_rate=48000 latency=0.0880 @ http://localhost:8770/index.js:451
[  985898ms] [LOG] MON 1 playing=false pos=0.000 stream_playing=false peak_db=-200.0 mix_rate=48000 latency=0.0880 @ http://localhost:8770/index.js:451
[  986148ms] [LOG] MON 1 playing=false pos=0.000 stream_playing=false peak_db=-200.0 mix_rate=48000 latency=0.0880 @ http://localhost:8770/index.js:451
[  986399ms] [LOG] MON 1 playing=false pos=0.000 stream_playing=false peak_db=-200.0 mix_rate=48000 latency=0.0880 @ http://localhost:8770/index.js:451
[  986647ms] [LOG] MON 1 playing=false pos=0.000 stream_playing=false peak_db=-200.0 mix_rate=48000 latency=0.0880 @ http://localhost:8770/index.js:451
[  986897ms] [LOG] MON 1 playing=false pos=0.000 stream_playing=false peak_db=-200.0 mix_rate=48000 latency=0.0880 @ http://localhost:8770/index.js:451
[  987149ms] [LOG] MON 1 playing=false pos=0.000 stream_playing=false peak_db=-200.0 mix_rate=48000 latency=0.0880 @ http://localhost:8770/index.js:451
[  987399ms] [LOG] MON 1 playing=false pos=0.000 stream_playing=false peak_db=-200.0 mix_rate=48000 latency=0.0880 @ http://localhost:8770/index.js:451
[  987649ms] [LOG] MON 1 playing=false pos=0.000 stream_playing=false peak_db=-200.0 mix_rate=48000 latency=0.0880 @ http://localhost:8770/index.js:451
[  987899ms] [LOG] MON 1 playing=false pos=0.000 stream_playing=false peak_db=-200.0 mix_rate=48000 latency=0.0880 @ http://localhost:8770/index.js:451
[  988150ms] [LOG] MON 1 playing=false pos=0.000 stream_playing=false peak_db=-200.0 mix_rate=48000 latency=0.0880 @ http://localhost:8770/index.js:451
[  988400ms] [LOG] MON 1 playing=false pos=0.000 stream_playing=false peak_db=-200.0 mix_rate=48000 latency=0.0880 @ http://localhost:8770/index.js:451
[  988649ms] [LOG] MON 1 playing=false pos=0.000 stream_playing=false peak_db=-200.0 mix_rate=48000 latency=0.0880 @ http://localhost:8770/index.js:451
[  988899ms] [LOG] MON 1 playing=false pos=0.000 stream_playing=false peak_db=-200.0 mix_rate=48000 latency=0.0880 @ http://localhost:8770/index.js:451
[  989149ms] [LOG] MON 1 playing=false pos=0.000 stream_playing=false peak_db=-200.0 mix_rate=48000 latency=0.0880 @ http://localhost:8770/index.js:451
[  989398ms] [LOG] MON 1 playing=false pos=0.000 stream_playing=false peak_db=-200.0 mix_rate=48000 latency=0.0880 @ http://localhost:8770/index.js:451
[  989648ms] [LOG] MON 1 playing=false pos=0.000 stream_playing=false peak_db=-200.0 mix_rate=48000 latency=0.0880 @ http://localhost:8770/index.js:451
[  989898ms] [LOG] MON 1 playing=false pos=0.000 stream_playing=false peak_db=-200.0 mix_rate=48000 latency=0.0880 @ http://localhost:8770/index.js:451
[  990149ms] [LOG] MON 1 playing=false pos=0.000 stream_playing=false peak_db=-200.0 mix_rate=48000 latency=0.0880 @ http://localhost:8770/index.js:451
[  990399ms] [LOG] MON 1 playing=false pos=0.000 stream_playing=false peak_db=-200.0 mix_rate=48000 latency=0.0880 @ http://localhost:8770/index.js:451
[  990648ms] [LOG] MON 1 playing=false pos=0.000 stream_playing=false peak_db=-200.0 mix_rate=48000 latency=0.0880 @ http://localhost:8770/index.js:451
[  990898ms] [LOG] MON 1 playing=false pos=0.000 stream_playing=false peak_db=-200.0 mix_rate=48000 latency=0.0880 @ http://localhost:8770/index.js:451
[  991149ms] [LOG] MON 1 playing=false pos=0.000 stream_playing=false peak_db=-200.0 mix_rate=48000 latency=0.0880 @ http://localhost:8770/index.js:451
[  991399ms] [LOG] MON 1 playing=false pos=0.000 stream_playing=false peak_db=-200.0 mix_rate=48000 latency=0.0880 @ http://localhost:8770/index.js:451
[  991650ms] [LOG] MON 1 playing=false pos=0.000 stream_playing=false peak_db=-200.0 mix_rate=48000 latency=0.0880 @ http://localhost:8770/index.js:451
[  991899ms] [LOG] MON 1 playing=false pos=0.000 stream_playing=false peak_db=-200.0 mix_rate=48000 latency=0.0880 @ http://localhost:8770/index.js:451
[  992148ms] [LOG] MON 1 playing=false pos=0.000 stream_playing=false peak_db=-200.0 mix_rate=48000 latency=0.0880 @ http://localhost:8770/index.js:451
[  992397ms] [LOG] MON 1 playing=false pos=0.000 stream_playing=false peak_db=-200.0 mix_rate=48000 latency=0.0880 @ http://localhost:8770/index.js:451
[  992649ms] [LOG] MON 1 playing=false pos=0.000 stream_playing=false peak_db=-200.0 mix_rate=48000 latency=0.0880 @ http://localhost:8770/index.js:451
[  992899ms] [LOG] MON 1 playing=false pos=0.000 stream_playing=false peak_db=-200.0 mix_rate=48000 latency=0.0880 @ http://localhost:8770/index.js:451
[  993149ms] [LOG] MON 1 playing=false pos=0.000 stream_playing=false peak_db=-200.0 mix_rate=48000 latency=0.0880 @ http://localhost:8770/index.js:451
[  993398ms] [LOG] MON 1 playing=false pos=0.000 stream_playing=false peak_db=-200.0 mix_rate=48000 latency=0.0880 @ http://localhost:8770/index.js:451
[  993648ms] [LOG] MON 1 playing=false pos=0.000 stream_playing=false peak_db=-200.0 mix_rate=48000 latency=0.0880 @ http://localhost:8770/index.js:451
[  993900ms] [LOG] MON 1 playing=false pos=0.000 stream_playing=false peak_db=-200.0 mix_rate=48000 latency=0.0880 @ http://localhost:8770/index.js:451
[  994149ms] [LOG] MON 1 playing=false pos=0.000 stream_playing=false peak_db=-200.0 mix_rate=48000 latency=0.0880 @ http://localhost:8770/index.js:451
[  994399ms] [LOG] MON 1 playing=false pos=0.000 stream_playing=false peak_db=-200.0 mix_rate=48000 latency=0.0880 @ http://localhost:8770/index.js:451
[  994648ms] [LOG] MON 1 playing=false pos=0.000 stream_playing=false peak_db=-200.0 mix_rate=48000 latency=0.0880 @ http://localhost:8770/index.js:451
[  994898ms] [LOG] MON 1 playing=false pos=0.000 stream_playing=false peak_db=-200.0 mix_rate=48000 latency=0.0880 @ http://localhost:8770/index.js:451
[  995151ms] [LOG] MON 1 playing=false pos=0.000 stream_playing=false peak_db=-200.0 mix_rate=48000 latency=0.0880 @ http://localhost:8770/index.js:451
[  995398ms] [LOG] MON 1 playing=false pos=0.000 stream_playing=false peak_db=-200.0 mix_rate=48000 latency=0.0880 @ http://localhost:8770/index.js:451
[  995649ms] [LOG] MON 1 playing=false pos=0.000 stream_playing=false peak_db=-200.0 mix_rate=48000 latency=0.0880 @ http://localhost:8770/index.js:451
[  995898ms] [LOG] MON 1 playing=false pos=0.000 stream_playing=false peak_db=-200.0 mix_rate=48000 latency=0.0880 @ http://localhost:8770/index.js:451
[  996150ms] [LOG] MON 1 playing=false pos=0.000 stream_playing=false peak_db=-200.0 mix_rate=48000 latency=0.0880 @ http://localhost:8770/index.js:451
[  996399ms] [LOG] MON 1 playing=false pos=0.000 stream_playing=false peak_db=-200.0 mix_rate=48000 latency=0.0880 @ http://localhost:8770/index.js:451
[  996649ms] [LOG] MON 1 playing=false pos=0.000 stream_playing=false peak_db=-200.0 mix_rate=48000 latency=0.0880 @ http://localhost:8770/index.js:451
[  996898ms] [LOG] MON 1 playing=false pos=0.000 stream_playing=false peak_db=-200.0 mix_rate=48000 latency=0.0880 @ http://localhost:8770/index.js:451
[  997148ms] [LOG] MON 1 playing=false pos=0.000 stream_playing=false peak_db=-200.0 mix_rate=48000 latency=0.0880 @ http://localhost:8770/index.js:451
[  997398ms] [LOG] MON 1 playing=false pos=0.000 stream_playing=false peak_db=-200.0 mix_rate=48000 latency=0.0880 @ http://localhost:8770/index.js:451
[  997648ms] [LOG] MON 1 playing=false pos=0.000 stream_playing=false peak_db=-200.0 mix_rate=48000 latency=0.0880 @ http://localhost:8770/index.js:451
[  997900ms] [LOG] MON 1 playing=false pos=0.000 stream_playing=false peak_db=-200.0 mix_rate=48000 latency=0.0880 @ http://localhost:8770/index.js:451
[  998149ms] [LOG] MON 1 playing=false pos=0.000 stream_playing=false peak_db=-200.0 mix_rate=48000 latency=0.0880 @ http://localhost:8770/index.js:451
[  998399ms] [LOG] MON 1 playing=false pos=0.000 stream_playing=false peak_db=-200.0 mix_rate=48000 latency=0.0880 @ http://localhost:8770/index.js:451
[  998650ms] [LOG] MON 1 playing=false pos=0.000 stream_playing=false peak_db=-200.0 mix_rate=48000 latency=0.0880 @ http://localhost:8770/index.js:451
[  998899ms] [LOG] MON 1 playing=false pos=0.000 stream_playing=false peak_db=-200.0 mix_rate=48000 latency=0.0880 @ http://localhost:8770/index.js:451
[  999149ms] [LOG] MON 1 playing=false pos=0.000 stream_playing=false peak_db=-200.0 mix_rate=48000 latency=0.0880 @ http://localhost:8770/index.js:451
[  999399ms] [LOG] MON 1 playing=false pos=0.000 stream_playing=false peak_db=-200.0 mix_rate=48000 latency=0.0880 @ http://localhost:8770/index.js:451
[  999649ms] [LOG] MON 1 playing=false pos=0.000 stream_playing=false peak_db=-200.0 mix_rate=48000 latency=0.0880 @ http://localhost:8770/index.js:451
[  999898ms] [LOG] MON 1 playing=false pos=0.000 stream_playing=false peak_db=-200.0 mix_rate=48000 latency=0.0880 @ http://localhost:8770/index.js:451
[ 1000149ms] [LOG] MON 1 playing=false pos=0.000 stream_playing=false peak_db=-200.0 mix_rate=48000 latency=0.0880 @ http://localhost:8770/index.js:451
[ 1000399ms] [LOG] MON 1 playing=false pos=0.000 stream_playing=false peak_db=-200.0 mix_rate=48000 latency=0.0880 @ http://localhost:8770/index.js:451
[ 1000649ms] [LOG] MON 1 playing=false pos=0.000 stream_playing=false peak_db=-200.0 mix_rate=48000 latency=0.0880 @ http://localhost:8770/index.js:451
[ 1000898ms] [LOG] MON 1 playing=false pos=0.000 stream_playing=false peak_db=-200.0 mix_rate=48000 latency=0.0880 @ http://localhost:8770/index.js:451
[ 1001148ms] [LOG] MON 1 playing=false pos=0.000 stream_playing=false peak_db=-200.0 mix_rate=48000 latency=0.0880 @ http://localhost:8770/index.js:451
[ 1001399ms] [LOG] MON 1 playing=false pos=0.000 stream_playing=false peak_db=-200.0 mix_rate=48000 latency=0.0880 @ http://localhost:8770/index.js:451
[ 1001649ms] [LOG] MON 1 playing=false pos=0.000 stream_playing=false peak_db=-200.0 mix_rate=48000 latency=0.0880 @ http://localhost:8770/index.js:451
[ 1001899ms] [LOG] MON 1 playing=false pos=0.000 stream_playing=false peak_db=-200.0 mix_rate=48000 latency=0.0880 @ http://localhost:8770/index.js:451
[ 1002149ms] [LOG] MON 1 playing=false pos=0.000 stream_playing=false peak_db=-200.0 mix_rate=48000 latency=0.0880 @ http://localhost:8770/index.js:451
[ 1002397ms] [LOG] MON 1 playing=false pos=0.000 stream_playing=false peak_db=-200.0 mix_rate=48000 latency=0.0880 @ http://localhost:8770/index.js:451
[ 1002649ms] [LOG] MON 1 playing=false pos=0.000 stream_playing=false peak_db=-200.0 mix_rate=48000 latency=0.0880 @ http://localhost:8770/index.js:451
[ 1002898ms] [LOG] MON 1 playing=false pos=0.000 stream_playing=false peak_db=-200.0 mix_rate=48000 latency=0.0880 @ http://localhost:8770/index.js:451
[ 1003149ms] [LOG] MON 1 playing=false pos=0.000 stream_playing=false peak_db=-200.0 mix_rate=48000 latency=0.0880 @ http://localhost:8770/index.js:451
[ 1003399ms] [LOG] MON 1 playing=false pos=0.000 stream_playing=false peak_db=-200.0 mix_rate=48000 latency=0.0880 @ http://localhost:8770/index.js:451
[ 1003647ms] [LOG] MON 1 playing=false pos=0.000 stream_playing=false peak_db=-200.0 mix_rate=48000 latency=0.0880 @ http://localhost:8770/index.js:451
[ 1003899ms] [LOG] MON 1 playing=false pos=0.000 stream_playing=false peak_db=-200.0 mix_rate=48000 latency=0.0880 @ http://localhost:8770/index.js:451
[ 1004149ms] [LOG] MON 1 playing=false pos=0.000 stream_playing=false peak_db=-200.0 mix_rate=48000 latency=0.0880 @ http://localhost:8770/index.js:451
[ 1004399ms] [LOG] MON 1 playing=false pos=0.000 stream_playing=false peak_db=-200.0 mix_rate=48000 latency=0.0880 @ http://localhost:8770/index.js:451
[ 1004649ms] [LOG] MON 1 playing=false pos=0.000 stream_playing=false peak_db=-200.0 mix_rate=48000 latency=0.0880 @ http://localhost:8770/index.js:451
[ 1004900ms] [LOG] MON 1 playing=false pos=0.000 stream_playing=false peak_db=-200.0 mix_rate=48000 latency=0.0880 @ http://localhost:8770/index.js:451
[ 1005148ms] [LOG] MON 1 playing=false pos=0.000 stream_playing=false peak_db=-200.0 mix_rate=48000 latency=0.0880 @ http://localhost:8770/index.js:451
[ 1005398ms] [LOG] MON 1 playing=false pos=0.000 stream_playing=false peak_db=-200.0 mix_rate=48000 latency=0.0880 @ http://localhost:8770/index.js:451
[ 1005648ms] [LOG] MON 1 playing=false pos=0.000 stream_playing=false peak_db=-200.0 mix_rate=48000 latency=0.0880 @ http://localhost:8770/index.js:451
[ 1005901ms] [LOG] MON 1 playing=false pos=0.000 stream_playing=false peak_db=-200.0 mix_rate=48000 latency=0.0880 @ http://localhost:8770/index.js:451
[ 1006149ms] [LOG] MON 1 playing=false pos=0.000 stream_playing=false peak_db=-200.0 mix_rate=48000 latency=0.0880 @ http://localhost:8770/index.js:451
[ 1006399ms] [LOG] MON 1 playing=false pos=0.000 stream_playing=false peak_db=-200.0 mix_rate=48000 latency=0.0880 @ http://localhost:8770/index.js:451
[ 1006649ms] [LOG] MON 1 playing=false pos=0.000 stream_playing=false peak_db=-200.0 mix_rate=48000 latency=0.0880 @ http://localhost:8770/index.js:451
[ 1006899ms] [LOG] MON 1 playing=false pos=0.000 stream_playing=false peak_db=-200.0 mix_rate=48000 latency=0.0880 @ http://localhost:8770/index.js:451
[ 1007149ms] [LOG] MON 1 playing=false pos=0.000 stream_playing=false peak_db=-200.0 mix_rate=48000 latency=0.0880 @ http://localhost:8770/index.js:451
[ 1007399ms] [LOG] MON 1 playing=false pos=0.000 stream_playing=false peak_db=-200.0 mix_rate=48000 latency=0.0880 @ http://localhost:8770/index.js:451
[ 1007648ms] [LOG] MON 1 playing=false pos=0.000 stream_playing=false peak_db=-200.0 mix_rate=48000 latency=0.0880 @ http://localhost:8770/index.js:451
[ 1007900ms] [LOG] MON 1 playing=false pos=0.000 stream_playing=false peak_db=-200.0 mix_rate=48000 latency=0.0880 @ http://localhost:8770/index.js:451
[ 1008149ms] [LOG] MON 1 playing=false pos=0.000 stream_playing=false peak_db=-200.0 mix_rate=48000 latency=0.0880 @ http://localhost:8770/index.js:451
[ 1008399ms] [LOG] MON 1 playing=false pos=0.000 stream_playing=false peak_db=-200.0 mix_rate=48000 latency=0.0880 @ http://localhost:8770/index.js:451
[ 1008648ms] [LOG] MON 1 playing=false pos=0.000 stream_playing=false peak_db=-200.0 mix_rate=48000 latency=0.0880 @ http://localhost:8770/index.js:451
[ 1008899ms] [LOG] MON 1 playing=false pos=0.000 stream_playing=false peak_db=-200.0 mix_rate=48000 latency=0.0880 @ http://localhost:8770/index.js:451
[ 1009149ms] [LOG] MON 1 playing=false pos=0.000 stream_playing=false peak_db=-200.0 mix_rate=48000 latency=0.0880 @ http://localhost:8770/index.js:451
[ 1009399ms] [LOG] MON 1 playing=false pos=0.000 stream_playing=false peak_db=-200.0 mix_rate=48000 latency=0.0880 @ http://localhost:8770/index.js:451
[ 1009648ms] [LOG] MON 1 playing=false pos=0.000 stream_playing=false peak_db=-200.0 mix_rate=48000 latency=0.0880 @ http://localhost:8770/index.js:451
[ 1009899ms] [LOG] MON 1 playing=false pos=0.000 stream_playing=false peak_db=-200.0 mix_rate=48000 latency=0.0880 @ http://localhost:8770/index.js:451
[ 1010134ms] [LOG] MON 1 playing=false pos=0.000 stream_playing=false peak_db=-200.0 mix_rate=48000 latency=0.0880 @ http://localhost:8770/index.js:451
[ 1010380ms] [LOG] MON 1 playing=false pos=0.000 stream_playing=false peak_db=-200.0 mix_rate=48000 latency=0.0880 @ http://localhost:8770/index.js:451
[ 1010632ms] [LOG] MON 1 playing=false pos=0.000 stream_playing=false peak_db=-200.0 mix_rate=48000 latency=0.0880 @ http://localhost:8770/index.js:451
[ 1010882ms] [LOG] MON 1 playing=false pos=0.000 stream_playing=false peak_db=-200.0 mix_rate=48000 latency=0.0880 @ http://localhost:8770/index.js:451
[ 1011132ms] [LOG] MON 1 playing=false pos=0.000 stream_playing=false peak_db=-200.0 mix_rate=48000 latency=0.0880 @ http://localhost:8770/index.js:451
[ 1011382ms] [LOG] MON 1 playing=false pos=0.000 stream_playing=false peak_db=-200.0 mix_rate=48000 latency=0.0880 @ http://localhost:8770/index.js:451
[ 1011630ms] [LOG] MON 1 playing=false pos=0.000 stream_playing=false peak_db=-200.0 mix_rate=48000 latency=0.0880 @ http://localhost:8770/index.js:451
[ 1011882ms] [LOG] MON 1 playing=false pos=0.000 stream_playing=false peak_db=-200.0 mix_rate=48000 latency=0.0880 @ http://localhost:8770/index.js:451
[ 1012132ms] [LOG] MON 1 playing=false pos=0.000 stream_playing=false peak_db=-200.0 mix_rate=48000 latency=0.0880 @ http://localhost:8770/index.js:451
[ 1012382ms] [LOG] MON 1 playing=false pos=0.000 stream_playing=false peak_db=-200.0 mix_rate=48000 latency=0.0880 @ http://localhost:8770/index.js:451
[ 1012632ms] [LOG] MON 1 playing=false pos=0.000 stream_playing=false peak_db=-200.0 mix_rate=48000 latency=0.0880 @ http://localhost:8770/index.js:451
[ 1012882ms] [LOG] MON 1 playing=false pos=0.000 stream_playing=false peak_db=-200.0 mix_rate=48000 latency=0.0880 @ http://localhost:8770/index.js:451
[ 1013130ms] [LOG] MON 1 playing=false pos=0.000 stream_playing=false peak_db=-200.0 mix_rate=48000 latency=0.0880 @ http://localhost:8770/index.js:451
[ 1013381ms] [LOG] MON 1 playing=false pos=0.000 stream_playing=false peak_db=-200.0 mix_rate=48000 latency=0.0880 @ http://localhost:8770/index.js:451
[ 1013631ms] [LOG] MON 1 playing=false pos=0.000 stream_playing=false peak_db=-200.0 mix_rate=48000 latency=0.0880 @ http://localhost:8770/index.js:451
[ 1013881ms] [LOG] MON 1 playing=false pos=0.000 stream_playing=false peak_db=-200.0 mix_rate=48000 latency=0.0880 @ http://localhost:8770/index.js:451
[ 1014132ms] [LOG] MON 1 playing=false pos=0.000 stream_playing=false peak_db=-200.0 mix_rate=48000 latency=0.0880 @ http://localhost:8770/index.js:451
[ 1014382ms] [LOG] MON 1 playing=false pos=0.000 stream_playing=false peak_db=-200.0 mix_rate=48000 latency=0.0880 @ http://localhost:8770/index.js:451
[ 1014630ms] [LOG] MON 1 playing=false pos=0.000 stream_playing=false peak_db=-200.0 mix_rate=48000 latency=0.0880 @ http://localhost:8770/index.js:451
[ 1014882ms] [LOG] MON 1 playing=false pos=0.000 stream_playing=false peak_db=-200.0 mix_rate=48000 latency=0.0880 @ http://localhost:8770/index.js:451
[ 1015132ms] [LOG] MON 1 playing=false pos=0.000 stream_playing=false peak_db=-200.0 mix_rate=48000 latency=0.0880 @ http://localhost:8770/index.js:451
[ 1015382ms] [LOG] MON 1 playing=false pos=0.000 stream_playing=false peak_db=-200.0 mix_rate=48000 latency=0.0880 @ http://localhost:8770/index.js:451
[ 1015632ms] [LOG] MON 1 playing=false pos=0.000 stream_playing=false peak_db=-200.0 mix_rate=48000 latency=0.0880 @ http://localhost:8770/index.js:451
[ 1015882ms] [LOG] MON 1 playing=false pos=0.000 stream_playing=false peak_db=-200.0 mix_rate=48000 latency=0.0880 @ http://localhost:8770/index.js:451
[ 1016132ms] [LOG] MON 1 playing=false pos=0.000 stream_playing=false peak_db=-200.0 mix_rate=48000 latency=0.0880 @ http://localhost:8770/index.js:451
[ 1016382ms] [LOG] MON 1 playing=false pos=0.000 stream_playing=false peak_db=-200.0 mix_rate=48000 latency=0.0880 @ http://localhost:8770/index.js:451
[ 1016632ms] [LOG] MON 1 playing=false pos=0.000 stream_playing=false peak_db=-200.0 mix_rate=48000 latency=0.0880 @ http://localhost:8770/index.js:451
[ 1016882ms] [LOG] MON 1 playing=false pos=0.000 stream_playing=false peak_db=-200.0 mix_rate=48000 latency=0.0880 @ http://localhost:8770/index.js:451
[ 1017133ms] [LOG] MON 1 playing=false pos=0.000 stream_playing=false peak_db=-200.0 mix_rate=48000 latency=0.0880 @ http://localhost:8770/index.js:451
[ 1017383ms] [LOG] MON 1 playing=false pos=0.000 stream_playing=false peak_db=-200.0 mix_rate=48000 latency=0.0880 @ http://localhost:8770/index.js:451
[ 1017632ms] [LOG] MON 1 playing=false pos=0.000 stream_playing=false peak_db=-200.0 mix_rate=48000 latency=0.0880 @ http://localhost:8770/index.js:451
[ 1017882ms] [LOG] MON 1 playing=false pos=0.000 stream_playing=false peak_db=-200.0 mix_rate=48000 latency=0.0880 @ http://localhost:8770/index.js:451
[ 1018133ms] [LOG] MON 1 playing=false pos=0.000 stream_playing=false peak_db=-200.0 mix_rate=48000 latency=0.0880 @ http://localhost:8770/index.js:451
[ 1018381ms] [LOG] MON 1 playing=false pos=0.000 stream_playing=false peak_db=-200.0 mix_rate=48000 latency=0.0880 @ http://localhost:8770/index.js:451
[ 1018632ms] [LOG] MON 1 playing=false pos=0.000 stream_playing=false peak_db=-200.0 mix_rate=48000 latency=0.0880 @ http://localhost:8770/index.js:451
[ 1018881ms] [LOG] MON 1 playing=false pos=0.000 stream_playing=false peak_db=-200.0 mix_rate=48000 latency=0.0880 @ http://localhost:8770/index.js:451
[ 1019132ms] [LOG] MON 1 playing=false pos=0.000 stream_playing=false peak_db=-200.0 mix_rate=48000 latency=0.0880 @ http://localhost:8770/index.js:451
[ 1019381ms] [LOG] MON 1 playing=false pos=0.000 stream_playing=false peak_db=-200.0 mix_rate=48000 latency=0.0880 @ http://localhost:8770/index.js:451
[ 1019632ms] [LOG] MON 1 playing=false pos=0.000 stream_playing=false peak_db=-200.0 mix_rate=48000 latency=0.0880 @ http://localhost:8770/index.js:451
[ 1019883ms] [LOG] MON 1 playing=false pos=0.000 stream_playing=false peak_db=-200.0 mix_rate=48000 latency=0.0880 @ http://localhost:8770/index.js:451
[ 1020134ms] [LOG] MON 1 playing=false pos=0.000 stream_playing=false peak_db=-200.0 mix_rate=48000 latency=0.0880 @ http://localhost:8770/index.js:451
[ 1020385ms] [LOG] MON 1 playing=false pos=0.000 stream_playing=false peak_db=-200.0 mix_rate=48000 latency=0.0880 @ http://localhost:8770/index.js:451
[ 1020632ms] [LOG] MON 1 playing=false pos=0.000 stream_playing=false peak_db=-200.0 mix_rate=48000 latency=0.0880 @ http://localhost:8770/index.js:451
[ 1020883ms] [LOG] MON 1 playing=false pos=0.000 stream_playing=false peak_db=-200.0 mix_rate=48000 latency=0.0880 @ http://localhost:8770/index.js:451
[ 1021131ms] [LOG] MON 1 playing=false pos=0.000 stream_playing=false peak_db=-200.0 mix_rate=48000 latency=0.0880 @ http://localhost:8770/index.js:451
[ 1021381ms] [LOG] MON 1 playing=false pos=0.000 stream_playing=false peak_db=-200.0 mix_rate=48000 latency=0.0880 @ http://localhost:8770/index.js:451
[ 1021634ms] [LOG] MON 1 playing=false pos=0.000 stream_playing=false peak_db=-200.0 mix_rate=48000 latency=0.0880 @ http://localhost:8770/index.js:451
[ 1021882ms] [LOG] MON 1 playing=false pos=0.000 stream_playing=false peak_db=-200.0 mix_rate=48000 latency=0.0880 @ http://localhost:8770/index.js:451
[ 1022132ms] [LOG] MON 1 playing=false pos=0.000 stream_playing=false peak_db=-200.0 mix_rate=48000 latency=0.0880 @ http://localhost:8770/index.js:451
[ 1022383ms] [LOG] MON 1 playing=false pos=0.000 stream_playing=false peak_db=-200.0 mix_rate=48000 latency=0.0880 @ http://localhost:8770/index.js:451
[ 1022633ms] [LOG] MON 1 playing=false pos=0.000 stream_playing=false peak_db=-200.0 mix_rate=48000 latency=0.0880 @ http://localhost:8770/index.js:451
[ 1022881ms] [LOG] MON 1 playing=false pos=0.000 stream_playing=false peak_db=-200.0 mix_rate=48000 latency=0.0880 @ http://localhost:8770/index.js:451
[ 1023132ms] [LOG] MON 1 playing=false pos=0.000 stream_playing=false peak_db=-200.0 mix_rate=48000 latency=0.0880 @ http://localhost:8770/index.js:451
[ 1023387ms] [LOG] MON 1 playing=false pos=0.000 stream_playing=false peak_db=-200.0 mix_rate=48000 latency=0.0880 @ http://localhost:8770/index.js:451
[ 1023630ms] [LOG] MON 1 playing=false pos=0.000 stream_playing=false peak_db=-200.0 mix_rate=48000 latency=0.0880 @ http://localhost:8770/index.js:451
[ 1023883ms] [LOG] MON 1 playing=false pos=0.000 stream_playing=false peak_db=-200.0 mix_rate=48000 latency=0.0880 @ http://localhost:8770/index.js:451
[ 1024132ms] [LOG] MON 1 playing=false pos=0.000 stream_playing=false peak_db=-200.0 mix_rate=48000 latency=0.0880 @ http://localhost:8770/index.js:451
[ 1024381ms] [LOG] MON 1 playing=false pos=0.000 stream_playing=false peak_db=-200.0 mix_rate=48000 latency=0.0880 @ http://localhost:8770/index.js:451
[ 1024632ms] [LOG] MON 1 playing=false pos=0.000 stream_playing=false peak_db=-200.0 mix_rate=48000 latency=0.0880 @ http://localhost:8770/index.js:451
[ 1024882ms] [LOG] MON 1 playing=false pos=0.000 stream_playing=false peak_db=-200.0 mix_rate=48000 latency=0.0880 @ http://localhost:8770/index.js:451
[ 1025134ms] [LOG] MON 1 playing=false pos=0.000 stream_playing=false peak_db=-200.0 mix_rate=48000 latency=0.0880 @ http://localhost:8770/index.js:451
[ 1025384ms] [LOG] MON 1 playing=false pos=0.000 stream_playing=false peak_db=-200.0 mix_rate=48000 latency=0.0880 @ http://localhost:8770/index.js:451
[ 1025632ms] [LOG] MON 1 playing=false pos=0.000 stream_playing=false peak_db=-200.0 mix_rate=48000 latency=0.0880 @ http://localhost:8770/index.js:451
[ 1025888ms] [LOG] MON 1 playing=false pos=0.000 stream_playing=false peak_db=-200.0 mix_rate=48000 latency=0.0880 @ http://localhost:8770/index.js:451
[ 1026131ms] [LOG] MON 1 playing=false pos=0.000 stream_playing=false peak_db=-200.0 mix_rate=48000 latency=0.0880 @ http://localhost:8770/index.js:451
[ 1026382ms] [LOG] MON 1 playing=false pos=0.000 stream_playing=false peak_db=-200.0 mix_rate=48000 latency=0.0880 @ http://localhost:8770/index.js:451
[ 1026632ms] [LOG] MON 1 playing=false pos=0.000 stream_playing=false peak_db=-200.0 mix_rate=48000 latency=0.0880 @ http://localhost:8770/index.js:451
[ 1026883ms] [LOG] MON 1 playing=false pos=0.000 stream_playing=false peak_db=-200.0 mix_rate=48000 latency=0.0880 @ http://localhost:8770/index.js:451
[ 1027134ms] [LOG] MON 1 playing=false pos=0.000 stream_playing=false peak_db=-200.0 mix_rate=48000 latency=0.0880 @ http://localhost:8770/index.js:451
[ 1027385ms] [LOG] MON 1 playing=false pos=0.000 stream_playing=false peak_db=-200.0 mix_rate=48000 latency=0.0880 @ http://localhost:8770/index.js:451
[ 1027633ms] [LOG] MON 1 playing=false pos=0.000 stream_playing=false peak_db=-200.0 mix_rate=48000 latency=0.0880 @ http://localhost:8770/index.js:451
[ 1027883ms] [LOG] MON 1 playing=false pos=0.000 stream_playing=false peak_db=-200.0 mix_rate=48000 latency=0.0880 @ http://localhost:8770/index.js:451
[ 1028133ms] [LOG] MON 1 playing=false pos=0.000 stream_playing=false peak_db=-200.0 mix_rate=48000 latency=0.0880 @ http://localhost:8770/index.js:451
[ 1028382ms] [LOG] MON 1 playing=false pos=0.000 stream_playing=false peak_db=-200.0 mix_rate=48000 latency=0.0880 @ http://localhost:8770/index.js:451
[ 1028633ms] [LOG] MON 1 playing=false pos=0.000 stream_playing=false peak_db=-200.0 mix_rate=48000 latency=0.0880 @ http://localhost:8770/index.js:451
[ 1028883ms] [LOG] MON 1 playing=false pos=0.000 stream_playing=false peak_db=-200.0 mix_rate=48000 latency=0.0880 @ http://localhost:8770/index.js:451
[ 1029134ms] [LOG] MON 1 playing=false pos=0.000 stream_playing=false peak_db=-200.0 mix_rate=48000 latency=0.0880 @ http://localhost:8770/index.js:451
[ 1029384ms] [LOG] MON 1 playing=false pos=0.000 stream_playing=false peak_db=-200.0 mix_rate=48000 latency=0.0880 @ http://localhost:8770/index.js:451
[ 1029633ms] [LOG] MON 1 playing=false pos=0.000 stream_playing=false peak_db=-200.0 mix_rate=48000 latency=0.0880 @ http://localhost:8770/index.js:451
[ 1029882ms] [LOG] MON 1 playing=false pos=0.000 stream_playing=false peak_db=-200.0 mix_rate=48000 latency=0.0880 @ http://localhost:8770/index.js:451
[ 1030133ms] [LOG] MON 1 playing=false pos=0.000 stream_playing=false peak_db=-200.0 mix_rate=48000 latency=0.0880 @ http://localhost:8770/index.js:451
[ 1030383ms] [LOG] MON 1 playing=false pos=0.000 stream_playing=false peak_db=-200.0 mix_rate=48000 latency=0.0880 @ http://localhost:8770/index.js:451
[ 1030634ms] [LOG] MON 1 playing=false pos=0.000 stream_playing=false peak_db=-200.0 mix_rate=48000 latency=0.0880 @ http://localhost:8770/index.js:451
[ 1030880ms] [LOG] MON 1 playing=false pos=0.000 stream_playing=false peak_db=-200.0 mix_rate=48000 latency=0.0880 @ http://localhost:8770/index.js:451
[ 1031133ms] [LOG] MON 1 playing=false pos=0.000 stream_playing=false peak_db=-200.0 mix_rate=48000 latency=0.0880 @ http://localhost:8770/index.js:451
[ 1031382ms] [LOG] MON 1 playing=false pos=0.000 stream_playing=false peak_db=-200.0 mix_rate=48000 latency=0.0880 @ http://localhost:8770/index.js:451
[ 1031631ms] [LOG] MON 1 playing=false pos=0.000 stream_playing=false peak_db=-200.0 mix_rate=48000 latency=0.0880 @ http://localhost:8770/index.js:451
[ 1031882ms] [LOG] MON 1 playing=false pos=0.000 stream_playing=false peak_db=-200.0 mix_rate=48000 latency=0.0880 @ http://localhost:8770/index.js:451
[ 1032134ms] [LOG] MON 1 playing=false pos=0.000 stream_playing=false peak_db=-200.0 mix_rate=48000 latency=0.0880 @ http://localhost:8770/index.js:451
[ 1032384ms] [LOG] MON 1 playing=false pos=0.000 stream_playing=false peak_db=-200.0 mix_rate=48000 latency=0.0880 @ http://localhost:8770/index.js:451
[ 1032631ms] [LOG] MON 1 playing=false pos=0.000 stream_playing=false peak_db=-200.0 mix_rate=48000 latency=0.0880 @ http://localhost:8770/index.js:451
[ 1032881ms] [LOG] MON 1 playing=false pos=0.000 stream_playing=false peak_db=-200.0 mix_rate=48000 latency=0.0880 @ http://localhost:8770/index.js:451
[ 1033132ms] [LOG] MON 1 playing=false pos=0.000 stream_playing=false peak_db=-200.0 mix_rate=48000 latency=0.0880 @ http://localhost:8770/index.js:451
[ 1033381ms] [LOG] MON 1 playing=false pos=0.000 stream_playing=false peak_db=-200.0 mix_rate=48000 latency=0.0880 @ http://localhost:8770/index.js:451
[ 1033632ms] [LOG] MON 1 playing=false pos=0.000 stream_playing=false peak_db=-200.0 mix_rate=48000 latency=0.0880 @ http://localhost:8770/index.js:451
[ 1033883ms] [LOG] MON 1 playing=false pos=0.000 stream_playing=false peak_db=-200.0 mix_rate=48000 latency=0.0880 @ http://localhost:8770/index.js:451
[ 1034133ms] [LOG] MON 1 playing=false pos=0.000 stream_playing=false peak_db=-200.0 mix_rate=48000 latency=0.0880 @ http://localhost:8770/index.js:451
[ 1034383ms] [LOG] MON 1 playing=false pos=0.000 stream_playing=false peak_db=-200.0 mix_rate=48000 latency=0.0880 @ http://localhost:8770/index.js:451
[ 1034634ms] [LOG] MON 1 playing=false pos=0.000 stream_playing=false peak_db=-200.0 mix_rate=48000 latency=0.0880 @ http://localhost:8770/index.js:451
[ 1034883ms] [LOG] MON 1 playing=false pos=0.000 stream_playing=false peak_db=-200.0 mix_rate=48000 latency=0.0880 @ http://localhost:8770/index.js:451
[ 1035132ms] [LOG] MON 1 playing=false pos=0.000 stream_playing=false peak_db=-200.0 mix_rate=48000 latency=0.0880 @ http://localhost:8770/index.js:451
[ 1035384ms] [LOG] MON 1 playing=false pos=0.000 stream_playing=false peak_db=-200.0 mix_rate=48000 latency=0.0880 @ http://localhost:8770/index.js:451
[ 1035631ms] [LOG] MON 1 playing=false pos=0.000 stream_playing=false peak_db=-200.0 mix_rate=48000 latency=0.0880 @ http://localhost:8770/index.js:451
[ 1035882ms] [LOG] MON 1 playing=false pos=0.000 stream_playing=false peak_db=-200.0 mix_rate=48000 latency=0.0880 @ http://localhost:8770/index.js:451
[ 1036134ms] [LOG] MON 1 playing=false pos=0.000 stream_playing=false peak_db=-200.0 mix_rate=48000 latency=0.0880 @ http://localhost:8770/index.js:451
[ 1036381ms] [LOG] MON 1 playing=false pos=0.000 stream_playing=false peak_db=-200.0 mix_rate=48000 latency=0.0880 @ http://localhost:8770/index.js:451
[ 1036632ms] [LOG] MON 1 playing=false pos=0.000 stream_playing=false peak_db=-200.0 mix_rate=48000 latency=0.0880 @ http://localhost:8770/index.js:451
[ 1036884ms] [LOG] MON 1 playing=false pos=0.000 stream_playing=false peak_db=-200.0 mix_rate=48000 latency=0.0880 @ http://localhost:8770/index.js:451
[ 1037134ms] [LOG] MON 1 playing=false pos=0.000 stream_playing=false peak_db=-200.0 mix_rate=48000 latency=0.0880 @ http://localhost:8770/index.js:451
[ 1037382ms] [LOG] MON 1 playing=false pos=0.000 stream_playing=false peak_db=-200.0 mix_rate=48000 latency=0.0880 @ http://localhost:8770/index.js:451
[ 1037634ms] [LOG] MON 1 playing=false pos=0.000 stream_playing=false peak_db=-200.0 mix_rate=48000 latency=0.0880 @ http://localhost:8770/index.js:451
[ 1037883ms] [LOG] MON 1 playing=false pos=0.000 stream_playing=false peak_db=-200.0 mix_rate=48000 latency=0.0880 @ http://localhost:8770/index.js:451
[ 1038131ms] [LOG] MON 1 playing=false pos=0.000 stream_playing=false peak_db=-200.0 mix_rate=48000 latency=0.0880 @ http://localhost:8770/index.js:451
[ 1038381ms] [LOG] MON 1 playing=false pos=0.000 stream_playing=false peak_db=-200.0 mix_rate=48000 latency=0.0880 @ http://localhost:8770/index.js:451
[ 1038634ms] [LOG] MON 1 playing=false pos=0.000 stream_playing=false peak_db=-200.0 mix_rate=48000 latency=0.0880 @ http://localhost:8770/index.js:451
[ 1038884ms] [LOG] MON 1 playing=false pos=0.000 stream_playing=false peak_db=-200.0 mix_rate=48000 latency=0.0880 @ http://localhost:8770/index.js:451
[ 1039132ms] [LOG] MON 1 playing=false pos=0.000 stream_playing=false peak_db=-200.0 mix_rate=48000 latency=0.0880 @ http://localhost:8770/index.js:451
[ 1039382ms] [LOG] MON 1 playing=false pos=0.000 stream_playing=false peak_db=-200.0 mix_rate=48000 latency=0.0880 @ http://localhost:8770/index.js:451
[ 1039633ms] [LOG] MON 1 playing=false pos=0.000 stream_playing=false peak_db=-200.0 mix_rate=48000 latency=0.0880 @ http://localhost:8770/index.js:451
[ 1039884ms] [LOG] MON 1 playing=false pos=0.000 stream_playing=false peak_db=-200.0 mix_rate=48000 latency=0.0880 @ http://localhost:8770/index.js:451
[ 1040131ms] [LOG] MON 1 playing=false pos=0.000 stream_playing=false peak_db=-200.0 mix_rate=48000 latency=0.0880 @ http://localhost:8770/index.js:451
[ 1040381ms] [LOG] MON 1 playing=false pos=0.000 stream_playing=false peak_db=-200.0 mix_rate=48000 latency=0.0880 @ http://localhost:8770/index.js:451
[ 1040636ms] [LOG] MON 1 playing=false pos=0.000 stream_playing=false peak_db=-200.0 mix_rate=48000 latency=0.0880 @ http://localhost:8770/index.js:451
[ 1040884ms] [LOG] MON 1 playing=false pos=0.000 stream_playing=false peak_db=-200.0 mix_rate=48000 latency=0.0880 @ http://localhost:8770/index.js:451
[ 1041133ms] [LOG] MON 1 playing=false pos=0.000 stream_playing=false peak_db=-200.0 mix_rate=48000 latency=0.0880 @ http://localhost:8770/index.js:451
[ 1041384ms] [LOG] MON 1 playing=false pos=0.000 stream_playing=false peak_db=-200.0 mix_rate=48000 latency=0.0880 @ http://localhost:8770/index.js:451
[ 1041632ms] [LOG] MON 1 playing=false pos=0.000 stream_playing=false peak_db=-200.0 mix_rate=48000 latency=0.0880 @ http://localhost:8770/index.js:451
[ 1041885ms] [LOG] MON 1 playing=false pos=0.000 stream_playing=false peak_db=-200.0 mix_rate=48000 latency=0.0880 @ http://localhost:8770/index.js:451
[ 1042133ms] [LOG] MON 1 playing=false pos=0.000 stream_playing=false peak_db=-200.0 mix_rate=48000 latency=0.0880 @ http://localhost:8770/index.js:451
[ 1042383ms] [LOG] MON 1 playing=false pos=0.000 stream_playing=false peak_db=-200.0 mix_rate=48000 latency=0.0880 @ http://localhost:8770/index.js:451
[ 1042637ms] [LOG] MON 1 playing=false pos=0.000 stream_playing=false peak_db=-200.0 mix_rate=48000 latency=0.0880 @ http://localhost:8770/index.js:451
[ 1042882ms] [LOG] MON 1 playing=false pos=0.000 stream_playing=false peak_db=-200.0 mix_rate=48000 latency=0.0880 @ http://localhost:8770/index.js:451
[ 1043134ms] [LOG] MON 1 playing=false pos=0.000 stream_playing=false peak_db=-200.0 mix_rate=48000 latency=0.0880 @ http://localhost:8770/index.js:451
[ 1043382ms] [LOG] MON 1 playing=false pos=0.000 stream_playing=false peak_db=-200.0 mix_rate=48000 latency=0.0880 @ http://localhost:8770/index.js:451
[ 1043633ms] [LOG] MON 1 playing=false pos=0.000 stream_playing=false peak_db=-200.0 mix_rate=48000 latency=0.0880 @ http://localhost:8770/index.js:451
[ 1043885ms] [LOG] MON 1 playing=false pos=0.000 stream_playing=false peak_db=-200.0 mix_rate=48000 latency=0.0880 @ http://localhost:8770/index.js:451
[ 1044132ms] [LOG] MON 1 playing=false pos=0.000 stream_playing=false peak_db=-200.0 mix_rate=48000 latency=0.0880 @ http://localhost:8770/index.js:451
[ 1044382ms] [LOG] MON 1 playing=false pos=0.000 stream_playing=false peak_db=-200.0 mix_rate=48000 latency=0.0880 @ http://localhost:8770/index.js:451
[ 1044632ms] [LOG] MON 1 playing=false pos=0.000 stream_playing=false peak_db=-200.0 mix_rate=48000 latency=0.0880 @ http://localhost:8770/index.js:451
[ 1044883ms] [LOG] MON 1 playing=false pos=0.000 stream_playing=false peak_db=-200.0 mix_rate=48000 latency=0.0880 @ http://localhost:8770/index.js:451
[ 1045132ms] [LOG] MON 1 playing=false pos=0.000 stream_playing=false peak_db=-200.0 mix_rate=48000 latency=0.0880 @ http://localhost:8770/index.js:451
[ 1045386ms] [LOG] MON 1 playing=false pos=0.000 stream_playing=false peak_db=-200.0 mix_rate=48000 latency=0.0800 @ http://localhost:8770/index.js:451
[ 1045636ms] [LOG] MON 1 playing=false pos=0.000 stream_playing=false peak_db=-200.0 mix_rate=48000 latency=0.0800 @ http://localhost:8770/index.js:451
[ 1045882ms] [LOG] MON 1 playing=false pos=0.000 stream_playing=false peak_db=-200.0 mix_rate=48000 latency=0.0800 @ http://localhost:8770/index.js:451
[ 1046134ms] [LOG] MON 1 playing=false pos=0.000 stream_playing=false peak_db=-200.0 mix_rate=48000 latency=0.0800 @ http://localhost:8770/index.js:451
[ 1046384ms] [LOG] MON 1 playing=false pos=0.000 stream_playing=false peak_db=-200.0 mix_rate=48000 latency=0.0880 @ http://localhost:8770/index.js:451
[ 1046632ms] [LOG] MON 1 playing=false pos=0.000 stream_playing=false peak_db=-200.0 mix_rate=48000 latency=0.0880 @ http://localhost:8770/index.js:451
[ 1046883ms] [LOG] MON 1 playing=false pos=0.000 stream_playing=false peak_db=-200.0 mix_rate=48000 latency=0.0880 @ http://localhost:8770/index.js:451
[ 1047133ms] [LOG] MON 1 playing=false pos=0.000 stream_playing=false peak_db=-200.0 mix_rate=48000 latency=0.0880 @ http://localhost:8770/index.js:451
[ 1047383ms] [LOG] MON 1 playing=false pos=0.000 stream_playing=false peak_db=-200.0 mix_rate=48000 latency=0.0880 @ http://localhost:8770/index.js:451
[ 1047631ms] [LOG] MON 1 playing=false pos=0.000 stream_playing=false peak_db=-200.0 mix_rate=48000 latency=0.0880 @ http://localhost:8770/index.js:451
[ 1047881ms] [LOG] MON 1 playing=false pos=0.000 stream_playing=false peak_db=-200.0 mix_rate=48000 latency=0.0880 @ http://localhost:8770/index.js:451
[ 1048133ms] [LOG] MON 1 playing=false pos=0.000 stream_playing=false peak_db=-200.0 mix_rate=48000 latency=0.0880 @ http://localhost:8770/index.js:451
[ 1048383ms] [LOG] MON 1 playing=false pos=0.000 stream_playing=false peak_db=-200.0 mix_rate=48000 latency=0.0880 @ http://localhost:8770/index.js:451
[ 1048632ms] [LOG] MON 1 playing=false pos=0.000 stream_playing=false peak_db=-200.0 mix_rate=48000 latency=0.0880 @ http://localhost:8770/index.js:451
[ 1048902ms] [LOG] MON 1 playing=false pos=0.000 stream_playing=false peak_db=-200.0 mix_rate=48000 latency=0.0880 @ http://localhost:8770/index.js:451
[ 1049131ms] [LOG] MON 1 playing=false pos=0.000 stream_playing=false peak_db=-200.0 mix_rate=48000 latency=0.0880 @ http://localhost:8770/index.js:451
[ 1049382ms] [LOG] MON 1 playing=false pos=0.000 stream_playing=false peak_db=-200.0 mix_rate=48000 latency=0.0880 @ http://localhost:8770/index.js:451
[ 1049632ms] [LOG] MON 1 playing=false pos=0.000 stream_playing=false peak_db=-200.0 mix_rate=48000 latency=0.0880 @ http://localhost:8770/index.js:451
[ 1049883ms] [LOG] MON 1 playing=false pos=0.000 stream_playing=false peak_db=-200.0 mix_rate=48000 latency=0.0880 @ http://localhost:8770/index.js:451
[ 1050135ms] [LOG] MON 1 playing=false pos=0.000 stream_playing=false peak_db=-200.0 mix_rate=48000 latency=0.0880 @ http://localhost:8770/index.js:451
[ 1050382ms] [LOG] MON 1 playing=false pos=0.000 stream_playing=false peak_db=-200.0 mix_rate=48000 latency=0.0880 @ http://localhost:8770/index.js:451
[ 1050633ms] [LOG] MON 1 playing=false pos=0.000 stream_playing=false peak_db=-200.0 mix_rate=48000 latency=0.0880 @ http://localhost:8770/index.js:451
[ 1050883ms] [LOG] MON 1 playing=false pos=0.000 stream_playing=false peak_db=-200.0 mix_rate=48000 latency=0.0880 @ http://localhost:8770/index.js:451
[ 1051135ms] [LOG] MON 1 playing=false pos=0.000 stream_playing=false peak_db=-200.0 mix_rate=48000 latency=0.0880 @ http://localhost:8770/index.js:451
[ 1051384ms] [LOG] MON 1 playing=false pos=0.000 stream_playing=false peak_db=-200.0 mix_rate=48000 latency=0.0800 @ http://localhost:8770/index.js:451
[ 1051633ms] [LOG] MON 1 playing=false pos=0.000 stream_playing=false peak_db=-200.0 mix_rate=48000 latency=0.0800 @ http://localhost:8770/index.js:451
[ 1051882ms] [LOG] MON 1 playing=false pos=0.000 stream_playing=false peak_db=-200.0 mix_rate=48000 latency=0.0800 @ http://localhost:8770/index.js:451
[ 1052132ms] [LOG] MON 1 playing=false pos=0.000 stream_playing=false peak_db=-200.0 mix_rate=48000 latency=0.0800 @ http://localhost:8770/index.js:451
[ 1052382ms] [LOG] MON 1 playing=false pos=0.000 stream_playing=false peak_db=-200.0 mix_rate=48000 latency=0.0880 @ http://localhost:8770/index.js:451
[ 1052633ms] [LOG] MON 1 playing=false pos=0.000 stream_playing=false peak_db=-200.0 mix_rate=48000 latency=0.0880 @ http://localhost:8770/index.js:451
[ 1052883ms] [LOG] MON 1 playing=false pos=0.000 stream_playing=false peak_db=-200.0 mix_rate=48000 latency=0.0880 @ http://localhost:8770/index.js:451
[ 1053133ms] [LOG] MON 1 playing=false pos=0.000 stream_playing=false peak_db=-200.0 mix_rate=48000 latency=0.0880 @ http://localhost:8770/index.js:451
[ 1053383ms] [LOG] MON 1 playing=false pos=0.000 stream_playing=false peak_db=-200.0 mix_rate=48000 latency=0.0880 @ http://localhost:8770/index.js:451
[ 1053634ms] [LOG] MON 1 playing=false pos=0.000 stream_playing=false peak_db=-200.0 mix_rate=48000 latency=0.0880 @ http://localhost:8770/index.js:451
[ 1053882ms] [LOG] MON 1 playing=false pos=0.000 stream_playing=false peak_db=-200.0 mix_rate=48000 latency=0.0880 @ http://localhost:8770/index.js:451
[ 1054134ms] [LOG] MON 1 playing=false pos=0.000 stream_playing=false peak_db=-200.0 mix_rate=48000 latency=0.0880 @ http://localhost:8770/index.js:451
[ 1054383ms] [LOG] MON 1 playing=false pos=0.000 stream_playing=false peak_db=-200.0 mix_rate=48000 latency=0.0880 @ http://localhost:8770/index.js:451
[ 1054633ms] [LOG] MON 1 playing=false pos=0.000 stream_playing=false peak_db=-200.0 mix_rate=48000 latency=0.0880 @ http://localhost:8770/index.js:451
[ 1054884ms] [LOG] MON 1 playing=false pos=0.000 stream_playing=false peak_db=-200.0 mix_rate=48000 latency=0.0880 @ http://localhost:8770/index.js:451
[ 1055133ms] [LOG] MON 1 playing=false pos=0.000 stream_playing=false peak_db=-200.0 mix_rate=48000 latency=0.0880 @ http://localhost:8770/index.js:451
[ 1055382ms] [LOG] MON 1 playing=false pos=0.000 stream_playing=false peak_db=-200.0 mix_rate=48000 latency=0.0880 @ http://localhost:8770/index.js:451
[ 1055633ms] [LOG] MON 1 playing=false pos=0.000 stream_playing=false peak_db=-200.0 mix_rate=48000 latency=0.0880 @ http://localhost:8770/index.js:451
[ 1055882ms] [LOG] MON 1 playing=false pos=0.000 stream_playing=false peak_db=-200.0 mix_rate=48000 latency=0.0880 @ http://localhost:8770/index.js:451
[ 1056133ms] [LOG] MON 1 playing=false pos=0.000 stream_playing=false peak_db=-200.0 mix_rate=48000 latency=0.0880 @ http://localhost:8770/index.js:451
[ 1056383ms] [LOG] MON 1 playing=false pos=0.000 stream_playing=false peak_db=-200.0 mix_rate=48000 latency=0.0880 @ http://localhost:8770/index.js:451
[ 1056631ms] [LOG] MON 1 playing=false pos=0.000 stream_playing=false peak_db=-200.0 mix_rate=48000 latency=0.0880 @ http://localhost:8770/index.js:451
[ 1056882ms] [LOG] MON 1 playing=false pos=0.000 stream_playing=false peak_db=-200.0 mix_rate=48000 latency=0.0880 @ http://localhost:8770/index.js:451
[ 1057133ms] [LOG] MON 1 playing=false pos=0.000 stream_playing=false peak_db=-200.0 mix_rate=48000 latency=0.0880 @ http://localhost:8770/index.js:451
[ 1057382ms] [LOG] MON 1 playing=false pos=0.000 stream_playing=false peak_db=-200.0 mix_rate=48000 latency=0.0880 @ http://localhost:8770/index.js:451
[ 1057631ms] [LOG] MON 1 playing=false pos=0.000 stream_playing=false peak_db=-200.0 mix_rate=48000 latency=0.0880 @ http://localhost:8770/index.js:451
[ 1057885ms] [LOG] MON 1 playing=false pos=0.000 stream_playing=false peak_db=-200.0 mix_rate=48000 latency=0.0880 @ http://localhost:8770/index.js:451
[ 1058134ms] [LOG] MON 1 playing=false pos=0.000 stream_playing=false peak_db=-200.0 mix_rate=48000 latency=0.0880 @ http://localhost:8770/index.js:451
[ 1058384ms] [LOG] MON 1 playing=false pos=0.000 stream_playing=false peak_db=-200.0 mix_rate=48000 latency=0.0880 @ http://localhost:8770/index.js:451
[ 1058635ms] [LOG] MON 1 playing=false pos=0.000 stream_playing=false peak_db=-200.0 mix_rate=48000 latency=0.0880 @ http://localhost:8770/index.js:451
[ 1058882ms] [LOG] MON 1 playing=false pos=0.000 stream_playing=false peak_db=-200.0 mix_rate=48000 latency=0.0880 @ http://localhost:8770/index.js:451
[ 1059132ms] [LOG] MON 1 playing=false pos=0.000 stream_playing=false peak_db=-200.0 mix_rate=48000 latency=0.0880 @ http://localhost:8770/index.js:451
[ 1059383ms] [LOG] MON 1 playing=false pos=0.000 stream_playing=false peak_db=-200.0 mix_rate=48000 latency=0.0880 @ http://localhost:8770/index.js:451
[ 1059631ms] [LOG] MON 1 playing=false pos=0.000 stream_playing=false peak_db=-200.0 mix_rate=48000 latency=0.0880 @ http://localhost:8770/index.js:451
[ 1059882ms] [LOG] MON 1 playing=false pos=0.000 stream_playing=false peak_db=-200.0 mix_rate=48000 latency=0.0880 @ http://localhost:8770/index.js:451
[ 1060133ms] [LOG] MON 1 playing=false pos=0.000 stream_playing=false peak_db=-200.0 mix_rate=48000 latency=0.0880 @ http://localhost:8770/index.js:451
[ 1060383ms] [LOG] MON 1 playing=false pos=0.000 stream_playing=false peak_db=-200.0 mix_rate=48000 latency=0.0880 @ http://localhost:8770/index.js:451
[ 1060632ms] [LOG] MON 1 playing=false pos=0.000 stream_playing=false peak_db=-200.0 mix_rate=48000 latency=0.0880 @ http://localhost:8770/index.js:451
[ 1060881ms] [LOG] MON 1 playing=false pos=0.000 stream_playing=false peak_db=-200.0 mix_rate=48000 latency=0.0880 @ http://localhost:8770/index.js:451
[ 1061132ms] [LOG] MON 1 playing=false pos=0.000 stream_playing=false peak_db=-200.0 mix_rate=48000 latency=0.0880 @ http://localhost:8770/index.js:451
[ 1061383ms] [LOG] MON 1 playing=false pos=0.000 stream_playing=false peak_db=-200.0 mix_rate=48000 latency=0.0880 @ http://localhost:8770/index.js:451
[ 1061631ms] [LOG] MON 1 playing=false pos=0.000 stream_playing=false peak_db=-200.0 mix_rate=48000 latency=0.0880 @ http://localhost:8770/index.js:451
[ 1061882ms] [LOG] MON 1 playing=false pos=0.000 stream_playing=false peak_db=-200.0 mix_rate=48000 latency=0.0880 @ http://localhost:8770/index.js:451
[ 1062134ms] [LOG] MON 1 playing=false pos=0.000 stream_playing=false peak_db=-200.0 mix_rate=48000 latency=0.0880 @ http://localhost:8770/index.js:451
[ 1062382ms] [LOG] MON 1 playing=false pos=0.000 stream_playing=false peak_db=-200.0 mix_rate=48000 latency=0.0880 @ http://localhost:8770/index.js:451
[ 1062632ms] [LOG] MON 1 playing=false pos=0.000 stream_playing=false peak_db=-200.0 mix_rate=48000 latency=0.0880 @ http://localhost:8770/index.js:451
[ 1062882ms] [LOG] MON 1 playing=false pos=0.000 stream_playing=false peak_db=-200.0 mix_rate=48000 latency=0.0880 @ http://localhost:8770/index.js:451
[ 1063133ms] [LOG] MON 1 playing=false pos=0.000 stream_playing=false peak_db=-200.0 mix_rate=48000 latency=0.0880 @ http://localhost:8770/index.js:451
[ 1063384ms] [LOG] MON 1 playing=false pos=0.000 stream_playing=false peak_db=-200.0 mix_rate=48000 latency=0.0880 @ http://localhost:8770/index.js:451
[ 1063634ms] [LOG] MON 1 playing=false pos=0.000 stream_playing=false peak_db=-200.0 mix_rate=48000 latency=0.0880 @ http://localhost:8770/index.js:451
[ 1063883ms] [LOG] MON 1 playing=false pos=0.000 stream_playing=false peak_db=-200.0 mix_rate=48000 latency=0.0880 @ http://localhost:8770/index.js:451
[ 1064133ms] [LOG] MON 1 playing=false pos=0.000 stream_playing=false peak_db=-200.0 mix_rate=48000 latency=0.0880 @ http://localhost:8770/index.js:451
[ 1064384ms] [LOG] MON 1 playing=false pos=0.000 stream_playing=false peak_db=-200.0 mix_rate=48000 latency=0.0880 @ http://localhost:8770/index.js:451
[ 1064632ms] [LOG] MON 1 playing=false pos=0.000 stream_playing=false peak_db=-200.0 mix_rate=48000 latency=0.0880 @ http://localhost:8770/index.js:451
[ 1064883ms] [LOG] MON 1 playing=false pos=0.000 stream_playing=false peak_db=-200.0 mix_rate=48000 latency=0.0880 @ http://localhost:8770/index.js:451
[ 1065132ms] [LOG] MON 1 playing=false pos=0.000 stream_playing=false peak_db=-200.0 mix_rate=48000 latency=0.0880 @ http://localhost:8770/index.js:451
[ 1065391ms] [LOG] MON 1 playing=false pos=0.000 stream_playing=false peak_db=-200.0 mix_rate=48000 latency=0.0880 @ http://localhost:8770/index.js:451
[ 1065631ms] [LOG] MON 1 playing=false pos=0.000 stream_playing=false peak_db=-200.0 mix_rate=48000 latency=0.0880 @ http://localhost:8770/index.js:451
[ 1065880ms] [LOG] MON 1 playing=false pos=0.000 stream_playing=false peak_db=-200.0 mix_rate=48000 latency=0.0880 @ http://localhost:8770/index.js:451
[ 1066132ms] [LOG] MON 1 playing=false pos=0.000 stream_playing=false peak_db=-200.0 mix_rate=48000 latency=0.0880 @ http://localhost:8770/index.js:451
[ 1066383ms] [LOG] MON 1 playing=false pos=0.000 stream_playing=false peak_db=-200.0 mix_rate=48000 latency=0.0880 @ http://localhost:8770/index.js:451
[ 1066632ms] [LOG] MON 1 playing=false pos=0.000 stream_playing=false peak_db=-200.0 mix_rate=48000 latency=0.0880 @ http://localhost:8770/index.js:451
[ 1066884ms] [LOG] MON 1 playing=false pos=0.000 stream_playing=false peak_db=-200.0 mix_rate=48000 latency=0.0880 @ http://localhost:8770/index.js:451
[ 1067132ms] [LOG] MON 1 playing=false pos=0.000 stream_playing=false peak_db=-200.0 mix_rate=48000 latency=0.0880 @ http://localhost:8770/index.js:451
[ 1067384ms] [LOG] MON 1 playing=false pos=0.000 stream_playing=false peak_db=-200.0 mix_rate=48000 latency=0.0880 @ http://localhost:8770/index.js:451
[ 1067631ms] [LOG] MON 1 playing=false pos=0.000 stream_playing=false peak_db=-200.0 mix_rate=48000 latency=0.0880 @ http://localhost:8770/index.js:451
[ 1067882ms] [LOG] MON 1 playing=false pos=0.000 stream_playing=false peak_db=-200.0 mix_rate=48000 latency=0.0880 @ http://localhost:8770/index.js:451
[ 1068132ms] [LOG] MON 1 playing=false pos=0.000 stream_playing=false peak_db=-200.0 mix_rate=48000 latency=0.0880 @ http://localhost:8770/index.js:451
[ 1068383ms] [LOG] MON 1 playing=false pos=0.000 stream_playing=false peak_db=-200.0 mix_rate=48000 latency=0.0880 @ http://localhost:8770/index.js:451
[ 1068634ms] [LOG] MON 1 playing=false pos=0.000 stream_playing=false peak_db=-200.0 mix_rate=48000 latency=0.0880 @ http://localhost:8770/index.js:451
[ 1068884ms] [LOG] MON 1 playing=false pos=0.000 stream_playing=false peak_db=-200.0 mix_rate=48000 latency=0.0880 @ http://localhost:8770/index.js:451
[ 1069134ms] [LOG] MON 1 playing=false pos=0.000 stream_playing=false peak_db=-200.0 mix_rate=48000 latency=0.0880 @ http://localhost:8770/index.js:451
[ 1069383ms] [LOG] MON 1 playing=false pos=0.000 stream_playing=false peak_db=-200.0 mix_rate=48000 latency=0.0880 @ http://localhost:8770/index.js:451
[ 1069634ms] [LOG] MON 1 playing=false pos=0.000 stream_playing=false peak_db=-200.0 mix_rate=48000 latency=0.0880 @ http://localhost:8770/index.js:451
[ 1069883ms] [LOG] MON 1 playing=false pos=0.000 stream_playing=false peak_db=-200.0 mix_rate=48000 latency=0.0880 @ http://localhost:8770/index.js:451
[ 1070133ms] [LOG] MON 1 playing=false pos=0.000 stream_playing=false peak_db=-200.0 mix_rate=48000 latency=0.0880 @ http://localhost:8770/index.js:451
[ 1070382ms] [LOG] MON 1 playing=false pos=0.000 stream_playing=false peak_db=-200.0 mix_rate=48000 latency=0.0880 @ http://localhost:8770/index.js:451
[ 1070632ms] [LOG] MON 1 playing=false pos=0.000 stream_playing=false peak_db=-200.0 mix_rate=48000 latency=0.0880 @ http://localhost:8770/index.js:451
[ 1070882ms] [LOG] MON 1 playing=false pos=0.000 stream_playing=false peak_db=-200.0 mix_rate=48000 latency=0.0880 @ http://localhost:8770/index.js:451
[ 1071133ms] [LOG] MON 1 playing=false pos=0.000 stream_playing=false peak_db=-200.0 mix_rate=48000 latency=0.0880 @ http://localhost:8770/index.js:451
[ 1071383ms] [LOG] MON 1 playing=false pos=0.000 stream_playing=false peak_db=-200.0 mix_rate=48000 latency=0.0880 @ http://localhost:8770/index.js:451
[ 1071633ms] [LOG] MON 1 playing=false pos=0.000 stream_playing=false peak_db=-200.0 mix_rate=48000 latency=0.0880 @ http://localhost:8770/index.js:451
[ 1071882ms] [LOG] MON 1 playing=false pos=0.000 stream_playing=false peak_db=-200.0 mix_rate=48000 latency=0.0880 @ http://localhost:8770/index.js:451
[ 1072133ms] [LOG] MON 1 playing=false pos=0.000 stream_playing=false peak_db=-200.0 mix_rate=48000 latency=0.0880 @ http://localhost:8770/index.js:451
[ 1072384ms] [LOG] MON 1 playing=false pos=0.000 stream_playing=false peak_db=-200.0 mix_rate=48000 latency=0.0880 @ http://localhost:8770/index.js:451
[ 1072634ms] [LOG] MON 1 playing=false pos=0.000 stream_playing=false peak_db=-200.0 mix_rate=48000 latency=0.0880 @ http://localhost:8770/index.js:451
[ 1072887ms] [LOG] MON 1 playing=false pos=0.000 stream_playing=false peak_db=-200.0 mix_rate=48000 latency=0.0880 @ http://localhost:8770/index.js:451
[ 1073133ms] [LOG] MON 1 playing=false pos=0.000 stream_playing=false peak_db=-200.0 mix_rate=48000 latency=0.0880 @ http://localhost:8770/index.js:451
[ 1073381ms] [LOG] MON 1 playing=false pos=0.000 stream_playing=false peak_db=-200.0 mix_rate=48000 latency=0.0880 @ http://localhost:8770/index.js:451
[ 1073638ms] [LOG] MON 1 playing=false pos=0.000 stream_playing=false peak_db=-200.0 mix_rate=48000 latency=0.0880 @ http://localhost:8770/index.js:451
[ 1073883ms] [LOG] MON 1 playing=false pos=0.000 stream_playing=false peak_db=-200.0 mix_rate=48000 latency=0.0880 @ http://localhost:8770/index.js:451
[ 1074131ms] [LOG] MON 1 playing=false pos=0.000 stream_playing=false peak_db=-200.0 mix_rate=48000 latency=0.0880 @ http://localhost:8770/index.js:451
[ 1074386ms] [LOG] MON 1 playing=false pos=0.000 stream_playing=false peak_db=-200.0 mix_rate=48000 latency=0.0880 @ http://localhost:8770/index.js:451
[ 1074632ms] [LOG] MON 1 playing=false pos=0.000 stream_playing=false peak_db=-200.0 mix_rate=48000 latency=0.0880 @ http://localhost:8770/index.js:451
[ 1074882ms] [LOG] MON 1 playing=false pos=0.000 stream_playing=false peak_db=-200.0 mix_rate=48000 latency=0.0880 @ http://localhost:8770/index.js:451
[ 1075133ms] [LOG] MON 1 playing=false pos=0.000 stream_playing=false peak_db=-200.0 mix_rate=48000 latency=0.0880 @ http://localhost:8770/index.js:451
[ 1075384ms] [LOG] MON 1 playing=false pos=0.000 stream_playing=false peak_db=-200.0 mix_rate=48000 latency=0.0880 @ http://localhost:8770/index.js:451
[ 1075633ms] [LOG] MON 1 playing=false pos=0.000 stream_playing=false peak_db=-200.0 mix_rate=48000 latency=0.0880 @ http://localhost:8770/index.js:451
[ 1075883ms] [LOG] MON 1 playing=false pos=0.000 stream_playing=false peak_db=-200.0 mix_rate=48000 latency=0.0880 @ http://localhost:8770/index.js:451
[ 1076133ms] [LOG] MON 1 playing=false pos=0.000 stream_playing=false peak_db=-200.0 mix_rate=48000 latency=0.0880 @ http://localhost:8770/index.js:451
[ 1076382ms] [LOG] MON 1 playing=false pos=0.000 stream_playing=false peak_db=-200.0 mix_rate=48000 latency=0.0880 @ http://localhost:8770/index.js:451
[ 1076633ms] [LOG] MON 1 playing=false pos=0.000 stream_playing=false peak_db=-200.0 mix_rate=48000 latency=0.0880 @ http://localhost:8770/index.js:451
[ 1076882ms] [LOG] MON 1 playing=false pos=0.000 stream_playing=false peak_db=-200.0 mix_rate=48000 latency=0.0880 @ http://localhost:8770/index.js:451
[ 1077133ms] [LOG] MON 1 playing=false pos=0.000 stream_playing=false peak_db=-200.0 mix_rate=48000 latency=0.0880 @ http://localhost:8770/index.js:451
[ 1077385ms] [LOG] MON 1 playing=false pos=0.000 stream_playing=false peak_db=-200.0 mix_rate=48000 latency=0.0880 @ http://localhost:8770/index.js:451
[ 1077632ms] [LOG] MON 1 playing=false pos=0.000 stream_playing=false peak_db=-200.0 mix_rate=48000 latency=0.0880 @ http://localhost:8770/index.js:451
[ 1077881ms] [LOG] MON 1 playing=false pos=0.000 stream_playing=false peak_db=-200.0 mix_rate=48000 latency=0.0880 @ http://localhost:8770/index.js:451
[ 1078138ms] [LOG] MON 1 playing=false pos=0.000 stream_playing=false peak_db=-200.0 mix_rate=48000 latency=0.0880 @ http://localhost:8770/index.js:451
[ 1078382ms] [LOG] MON 1 playing=false pos=0.000 stream_playing=false peak_db=-200.0 mix_rate=48000 latency=0.0880 @ http://localhost:8770/index.js:451
[ 1078632ms] [LOG] MON 1 playing=false pos=0.000 stream_playing=false peak_db=-200.0 mix_rate=48000 latency=0.0880 @ http://localhost:8770/index.js:451
[ 1078883ms] [LOG] MON 1 playing=false pos=0.000 stream_playing=false peak_db=-200.0 mix_rate=48000 latency=0.0880 @ http://localhost:8770/index.js:451
[ 1079132ms] [LOG] MON 1 playing=false pos=0.000 stream_playing=false peak_db=-200.0 mix_rate=48000 latency=0.0880 @ http://localhost:8770/index.js:451
[ 1079384ms] [LOG] MON 1 playing=false pos=0.000 stream_playing=false peak_db=-200.0 mix_rate=48000 latency=0.0880 @ http://localhost:8770/index.js:451
[ 1079633ms] [LOG] MON 1 playing=false pos=0.000 stream_playing=false peak_db=-200.0 mix_rate=48000 latency=0.0880 @ http://localhost:8770/index.js:451
[ 1079883ms] [LOG] MON 1 playing=false pos=0.000 stream_playing=false peak_db=-200.0 mix_rate=48000 latency=0.0880 @ http://localhost:8770/index.js:451
[ 1080133ms] [LOG] MON 1 playing=false pos=0.000 stream_playing=false peak_db=-200.0 mix_rate=48000 latency=0.0880 @ http://localhost:8770/index.js:451
[ 1080383ms] [LOG] MON 1 playing=false pos=0.000 stream_playing=false peak_db=-200.0 mix_rate=48000 latency=0.0880 @ http://localhost:8770/index.js:451
[ 1080631ms] [LOG] MON 1 playing=false pos=0.000 stream_playing=false peak_db=-200.0 mix_rate=48000 latency=0.0880 @ http://localhost:8770/index.js:451
[ 1080882ms] [LOG] MON 1 playing=false pos=0.000 stream_playing=false peak_db=-200.0 mix_rate=48000 latency=0.0880 @ http://localhost:8770/index.js:451
[ 1081135ms] [LOG] MON 1 playing=false pos=0.000 stream_playing=false peak_db=-200.0 mix_rate=48000 latency=0.0880 @ http://localhost:8770/index.js:451
[ 1081381ms] [LOG] MON 1 playing=false pos=0.000 stream_playing=false peak_db=-200.0 mix_rate=48000 latency=0.0880 @ http://localhost:8770/index.js:451
[ 1081632ms] [LOG] MON 1 playing=false pos=0.000 stream_playing=false peak_db=-200.0 mix_rate=48000 latency=0.0880 @ http://localhost:8770/index.js:451
[ 1081882ms] [LOG] MON 1 playing=false pos=0.000 stream_playing=false peak_db=-200.0 mix_rate=48000 latency=0.0880 @ http://localhost:8770/index.js:451
[ 1082132ms] [LOG] MON 1 playing=false pos=0.000 stream_playing=false peak_db=-200.0 mix_rate=48000 latency=0.0880 @ http://localhost:8770/index.js:451
[ 1082383ms] [LOG] MON 1 playing=false pos=0.000 stream_playing=false peak_db=-200.0 mix_rate=48000 latency=0.0880 @ http://localhost:8770/index.js:451
[ 1082634ms] [LOG] MON 1 playing=false pos=0.000 stream_playing=false peak_db=-200.0 mix_rate=48000 latency=0.0880 @ http://localhost:8770/index.js:451
[ 1082883ms] [LOG] MON 1 playing=false pos=0.000 stream_playing=false peak_db=-200.0 mix_rate=48000 latency=0.0880 @ http://localhost:8770/index.js:451
[ 1083132ms] [LOG] MON 1 playing=false pos=0.000 stream_playing=false peak_db=-200.0 mix_rate=48000 latency=0.0880 @ http://localhost:8770/index.js:451
[ 1083384ms] [LOG] MON 1 playing=false pos=0.000 stream_playing=false peak_db=-200.0 mix_rate=48000 latency=0.0880 @ http://localhost:8770/index.js:451
[ 1083633ms] [LOG] MON 1 playing=false pos=0.000 stream_playing=false peak_db=-200.0 mix_rate=48000 latency=0.0880 @ http://localhost:8770/index.js:451
[ 1083884ms] [LOG] MON 1 playing=false pos=0.000 stream_playing=false peak_db=-200.0 mix_rate=48000 latency=0.0880 @ http://localhost:8770/index.js:451
[ 1084139ms] [LOG] MON 1 playing=false pos=0.000 stream_playing=false peak_db=-200.0 mix_rate=48000 latency=0.0880 @ http://localhost:8770/index.js:451
[ 1084382ms] [LOG] MON 1 playing=false pos=0.000 stream_playing=false peak_db=-200.0 mix_rate=48000 latency=0.0880 @ http://localhost:8770/index.js:451
[ 1084638ms] [LOG] MON 1 playing=false pos=0.000 stream_playing=false peak_db=-200.0 mix_rate=48000 latency=0.0880 @ http://localhost:8770/index.js:451
[ 1084884ms] [LOG] MON 1 playing=false pos=0.000 stream_playing=false peak_db=-200.0 mix_rate=48000 latency=0.0880 @ http://localhost:8770/index.js:451
[ 1085133ms] [LOG] MON 1 playing=false pos=0.000 stream_playing=false peak_db=-200.0 mix_rate=48000 latency=0.0880 @ http://localhost:8770/index.js:451
[ 1085383ms] [LOG] MON 1 playing=false pos=0.000 stream_playing=false peak_db=-200.0 mix_rate=48000 latency=0.0880 @ http://localhost:8770/index.js:451
[ 1085632ms] [LOG] MON 1 playing=false pos=0.000 stream_playing=false peak_db=-200.0 mix_rate=48000 latency=0.0880 @ http://localhost:8770/index.js:451
[ 1085884ms] [LOG] MON 1 playing=false pos=0.000 stream_playing=false peak_db=-200.0 mix_rate=48000 latency=0.0880 @ http://localhost:8770/index.js:451
[ 1086133ms] [LOG] MON 1 playing=false pos=0.000 stream_playing=false peak_db=-200.0 mix_rate=48000 latency=0.0880 @ http://localhost:8770/index.js:451
[ 1086384ms] [LOG] MON 1 playing=false pos=0.000 stream_playing=false peak_db=-200.0 mix_rate=48000 latency=0.0880 @ http://localhost:8770/index.js:451
[ 1086632ms] [LOG] MON 1 playing=false pos=0.000 stream_playing=false peak_db=-200.0 mix_rate=48000 latency=0.0880 @ http://localhost:8770/index.js:451
[ 1086882ms] [LOG] MON 1 playing=false pos=0.000 stream_playing=false peak_db=-200.0 mix_rate=48000 latency=0.0880 @ http://localhost:8770/index.js:451
[ 1087133ms] [LOG] MON 1 playing=false pos=0.000 stream_playing=false peak_db=-200.0 mix_rate=48000 latency=0.0880 @ http://localhost:8770/index.js:451
[ 1087383ms] [LOG] MON 1 playing=false pos=0.000 stream_playing=false peak_db=-200.0 mix_rate=48000 latency=0.0880 @ http://localhost:8770/index.js:451
[ 1087631ms] [LOG] MON 1 playing=false pos=0.000 stream_playing=false peak_db=-200.0 mix_rate=48000 latency=0.0880 @ http://localhost:8770/index.js:451
[ 1087883ms] [LOG] MON 1 playing=false pos=0.000 stream_playing=false peak_db=-200.0 mix_rate=48000 latency=0.0880 @ http://localhost:8770/index.js:451
[ 1088132ms] [LOG] MON 1 playing=false pos=0.000 stream_playing=false peak_db=-200.0 mix_rate=48000 latency=0.0880 @ http://localhost:8770/index.js:451
[ 1088384ms] [LOG] MON 1 playing=false pos=0.000 stream_playing=false peak_db=-200.0 mix_rate=48000 latency=0.0880 @ http://localhost:8770/index.js:451
[ 1088631ms] [LOG] MON 1 playing=false pos=0.000 stream_playing=false peak_db=-200.0 mix_rate=48000 latency=0.0880 @ http://localhost:8770/index.js:451
[ 1088883ms] [LOG] MON 1 playing=false pos=0.000 stream_playing=false peak_db=-200.0 mix_rate=48000 latency=0.0880 @ http://localhost:8770/index.js:451
[ 1089132ms] [LOG] MON 1 playing=false pos=0.000 stream_playing=false peak_db=-200.0 mix_rate=48000 latency=0.0880 @ http://localhost:8770/index.js:451
[ 1089382ms] [LOG] MON 1 playing=false pos=0.000 stream_playing=false peak_db=-200.0 mix_rate=48000 latency=0.0880 @ http://localhost:8770/index.js:451
[ 1089632ms] [LOG] MON 1 playing=false pos=0.000 stream_playing=false peak_db=-200.0 mix_rate=48000 latency=0.0880 @ http://localhost:8770/index.js:451
[ 1089882ms] [LOG] MON 1 playing=false pos=0.000 stream_playing=false peak_db=-200.0 mix_rate=48000 latency=0.0880 @ http://localhost:8770/index.js:451
[ 1090135ms] [LOG] MON 1 playing=false pos=0.000 stream_playing=false peak_db=-200.0 mix_rate=48000 latency=0.0880 @ http://localhost:8770/index.js:451
[ 1090382ms] [LOG] MON 1 playing=false pos=0.000 stream_playing=false peak_db=-200.0 mix_rate=48000 latency=0.0880 @ http://localhost:8770/index.js:451
[ 1090632ms] [LOG] MON 1 playing=false pos=0.000 stream_playing=false peak_db=-200.0 mix_rate=48000 latency=0.0880 @ http://localhost:8770/index.js:451
[ 1090882ms] [LOG] MON 1 playing=false pos=0.000 stream_playing=false peak_db=-200.0 mix_rate=48000 latency=0.0880 @ http://localhost:8770/index.js:451
[ 1091133ms] [LOG] MON 1 playing=false pos=0.000 stream_playing=false peak_db=-200.0 mix_rate=48000 latency=0.0880 @ http://localhost:8770/index.js:451
[ 1091383ms] [LOG] MON 1 playing=false pos=0.000 stream_playing=false peak_db=-200.0 mix_rate=48000 latency=0.0880 @ http://localhost:8770/index.js:451
[ 1091633ms] [LOG] MON 1 playing=false pos=0.000 stream_playing=false peak_db=-200.0 mix_rate=48000 latency=0.0880 @ http://localhost:8770/index.js:451
[ 1091883ms] [LOG] MON 1 playing=false pos=0.000 stream_playing=false peak_db=-200.0 mix_rate=48000 latency=0.0880 @ http://localhost:8770/index.js:451
[ 1092132ms] [LOG] MON 1 playing=false pos=0.000 stream_playing=false peak_db=-200.0 mix_rate=48000 latency=0.0880 @ http://localhost:8770/index.js:451
[ 1092384ms] [LOG] MON 1 playing=false pos=0.000 stream_playing=false peak_db=-200.0 mix_rate=48000 latency=0.0880 @ http://localhost:8770/index.js:451
[ 1092633ms] [LOG] MON 1 playing=false pos=0.000 stream_playing=false peak_db=-200.0 mix_rate=48000 latency=0.0880 @ http://localhost:8770/index.js:451
[ 1092883ms] [LOG] MON 1 playing=false pos=0.000 stream_playing=false peak_db=-200.0 mix_rate=48000 latency=0.0880 @ http://localhost:8770/index.js:451
[ 1093133ms] [LOG] MON 1 playing=false pos=0.000 stream_playing=false peak_db=-200.0 mix_rate=48000 latency=0.0880 @ http://localhost:8770/index.js:451
[ 1093383ms] [LOG] MON 1 playing=false pos=0.000 stream_playing=false peak_db=-200.0 mix_rate=48000 latency=0.0880 @ http://localhost:8770/index.js:451
[ 1093632ms] [LOG] MON 1 playing=false pos=0.000 stream_playing=false peak_db=-200.0 mix_rate=48000 latency=0.0880 @ http://localhost:8770/index.js:451
[ 1093886ms] [LOG] MON 1 playing=false pos=0.000 stream_playing=false peak_db=-200.0 mix_rate=48000 latency=0.0880 @ http://localhost:8770/index.js:451
[ 1094132ms] [LOG] MON 1 playing=false pos=0.000 stream_playing=false peak_db=-200.0 mix_rate=48000 latency=0.0880 @ http://localhost:8770/index.js:451
[ 1094383ms] [LOG] MON 1 playing=false pos=0.000 stream_playing=false peak_db=-200.0 mix_rate=48000 latency=0.0880 @ http://localhost:8770/index.js:451
[ 1094633ms] [LOG] MON 1 playing=false pos=0.000 stream_playing=false peak_db=-200.0 mix_rate=48000 latency=0.0880 @ http://localhost:8770/index.js:451
[ 1094881ms] [LOG] MON 1 playing=false pos=0.000 stream_playing=false peak_db=-200.0 mix_rate=48000 latency=0.0880 @ http://localhost:8770/index.js:451
[ 1095130ms] [LOG] MON 1 playing=false pos=0.000 stream_playing=false peak_db=-200.0 mix_rate=48000 latency=0.0880 @ http://localhost:8770/index.js:451
[ 1095382ms] [LOG] MON 1 playing=false pos=0.000 stream_playing=false peak_db=-200.0 mix_rate=48000 latency=0.0880 @ http://localhost:8770/index.js:451
[ 1095633ms] [LOG] MON 1 playing=false pos=0.000 stream_playing=false peak_db=-200.0 mix_rate=48000 latency=0.0880 @ http://localhost:8770/index.js:451
[ 1095884ms] [LOG] MON 1 playing=false pos=0.000 stream_playing=false peak_db=-200.0 mix_rate=48000 latency=0.0880 @ http://localhost:8770/index.js:451
[ 1096132ms] [LOG] MON 1 playing=false pos=0.000 stream_playing=false peak_db=-200.0 mix_rate=48000 latency=0.0880 @ http://localhost:8770/index.js:451
[ 1096383ms] [LOG] MON 1 playing=false pos=0.000 stream_playing=false peak_db=-200.0 mix_rate=48000 latency=0.0880 @ http://localhost:8770/index.js:451
[ 1096633ms] [LOG] MON 1 playing=false pos=0.000 stream_playing=false peak_db=-200.0 mix_rate=48000 latency=0.0880 @ http://localhost:8770/index.js:451
[ 1096883ms] [LOG] MON 1 playing=false pos=0.000 stream_playing=false peak_db=-200.0 mix_rate=48000 latency=0.0880 @ http://localhost:8770/index.js:451
[ 1097134ms] [LOG] MON 1 playing=false pos=0.000 stream_playing=false peak_db=-200.0 mix_rate=48000 latency=0.0880 @ http://localhost:8770/index.js:451
[ 1097381ms] [LOG] MON 1 playing=false pos=0.000 stream_playing=false peak_db=-200.0 mix_rate=48000 latency=0.0880 @ http://localhost:8770/index.js:451
[ 1097634ms] [LOG] MON 1 playing=false pos=0.000 stream_playing=false peak_db=-200.0 mix_rate=48000 latency=0.0880 @ http://localhost:8770/index.js:451
[ 1097885ms] [LOG] MON 1 playing=false pos=0.000 stream_playing=false peak_db=-200.0 mix_rate=48000 latency=0.0880 @ http://localhost:8770/index.js:451
[ 1098133ms] [LOG] MON 1 playing=false pos=0.000 stream_playing=false peak_db=-200.0 mix_rate=48000 latency=0.0880 @ http://localhost:8770/index.js:451
[ 1098383ms] [LOG] MON 1 playing=false pos=0.000 stream_playing=false peak_db=-200.0 mix_rate=48000 latency=0.0880 @ http://localhost:8770/index.js:451
[ 1098631ms] [LOG] MON 1 playing=false pos=0.000 stream_playing=false peak_db=-200.0 mix_rate=48000 latency=0.0880 @ http://localhost:8770/index.js:451
[ 1098881ms] [LOG] MON 1 playing=false pos=0.000 stream_playing=false peak_db=-200.0 mix_rate=48000 latency=0.0880 @ http://localhost:8770/index.js:451
[ 1099133ms] [LOG] MON 1 playing=false pos=0.000 stream_playing=false peak_db=-200.0 mix_rate=48000 latency=0.0880 @ http://localhost:8770/index.js:451
[ 1099383ms] [LOG] MON 1 playing=false pos=0.000 stream_playing=false peak_db=-200.0 mix_rate=48000 latency=0.0880 @ http://localhost:8770/index.js:451
[ 1099634ms] [LOG] MON 1 playing=false pos=0.000 stream_playing=false peak_db=-200.0 mix_rate=48000 latency=0.0880 @ http://localhost:8770/index.js:451
[ 1099883ms] [LOG] MON 1 playing=false pos=0.000 stream_playing=false peak_db=-200.0 mix_rate=48000 latency=0.0880 @ http://localhost:8770/index.js:451
[ 1100133ms] [LOG] MON 1 playing=false pos=0.000 stream_playing=false peak_db=-200.0 mix_rate=48000 latency=0.0880 @ http://localhost:8770/index.js:451
[ 1100385ms] [LOG] MON 1 playing=false pos=0.000 stream_playing=false peak_db=-200.0 mix_rate=48000 latency=0.0880 @ http://localhost:8770/index.js:451
[ 1100631ms] [LOG] MON 1 playing=false pos=0.000 stream_playing=false peak_db=-200.0 mix_rate=48000 latency=0.0880 @ http://localhost:8770/index.js:451
[ 1100882ms] [LOG] MON 1 playing=false pos=0.000 stream_playing=false peak_db=-200.0 mix_rate=48000 latency=0.0880 @ http://localhost:8770/index.js:451
[ 1101132ms] [LOG] MON 1 playing=false pos=0.000 stream_playing=false peak_db=-200.0 mix_rate=48000 latency=0.0880 @ http://localhost:8770/index.js:451
[ 1101383ms] [LOG] MON 1 playing=false pos=0.000 stream_playing=false peak_db=-200.0 mix_rate=48000 latency=0.0880 @ http://localhost:8770/index.js:451
[ 1101637ms] [LOG] MON 1 playing=false pos=0.000 stream_playing=false peak_db=-200.0 mix_rate=48000 latency=0.0880 @ http://localhost:8770/index.js:451
[ 1101883ms] [LOG] MON 1 playing=false pos=0.000 stream_playing=false peak_db=-200.0 mix_rate=48000 latency=0.0880 @ http://localhost:8770/index.js:451
[ 1102132ms] [LOG] MON 1 playing=false pos=0.000 stream_playing=false peak_db=-200.0 mix_rate=48000 latency=0.0880 @ http://localhost:8770/index.js:451
[ 1102384ms] [LOG] MON 1 playing=false pos=0.000 stream_playing=false peak_db=-200.0 mix_rate=48000 latency=0.0880 @ http://localhost:8770/index.js:451
[ 1102634ms] [LOG] MON 1 playing=false pos=0.000 stream_playing=false peak_db=-200.0 mix_rate=48000 latency=0.0880 @ http://localhost:8770/index.js:451
[ 1102884ms] [LOG] MON 1 playing=false pos=0.000 stream_playing=false peak_db=-200.0 mix_rate=48000 latency=0.0880 @ http://localhost:8770/index.js:451
[ 1103131ms] [LOG] MON 1 playing=false pos=0.000 stream_playing=false peak_db=-200.0 mix_rate=48000 latency=0.0880 @ http://localhost:8770/index.js:451
[ 1103384ms] [LOG] MON 1 playing=false pos=0.000 stream_playing=false peak_db=-200.0 mix_rate=48000 latency=0.0880 @ http://localhost:8770/index.js:451
[ 1103635ms] [LOG] MON 1 playing=false pos=0.000 stream_playing=false peak_db=-200.0 mix_rate=48000 latency=0.0880 @ http://localhost:8770/index.js:451
[ 1103883ms] [LOG] MON 1 playing=false pos=0.000 stream_playing=false peak_db=-200.0 mix_rate=48000 latency=0.0880 @ http://localhost:8770/index.js:451
[ 1104133ms] [LOG] MON 1 playing=false pos=0.000 stream_playing=false peak_db=-200.0 mix_rate=48000 latency=0.0880 @ http://localhost:8770/index.js:451
[ 1104389ms] [LOG] MON 1 playing=false pos=0.000 stream_playing=false peak_db=-200.0 mix_rate=48000 latency=0.0880 @ http://localhost:8770/index.js:451
[ 1104632ms] [LOG] MON 1 playing=false pos=0.000 stream_playing=false peak_db=-200.0 mix_rate=48000 latency=0.0880 @ http://localhost:8770/index.js:451
[ 1104884ms] [LOG] MON 1 playing=false pos=0.000 stream_playing=false peak_db=-200.0 mix_rate=48000 latency=0.0880 @ http://localhost:8770/index.js:451
[ 1105133ms] [LOG] MON 1 playing=false pos=0.000 stream_playing=false peak_db=-200.0 mix_rate=48000 latency=0.0880 @ http://localhost:8770/index.js:451
[ 1105382ms] [LOG] MON 1 playing=false pos=0.000 stream_playing=false peak_db=-200.0 mix_rate=48000 latency=0.0880 @ http://localhost:8770/index.js:451
[ 1105635ms] [LOG] MON 1 playing=false pos=0.000 stream_playing=false peak_db=-200.0 mix_rate=48000 latency=0.0880 @ http://localhost:8770/index.js:451
[ 1105883ms] [LOG] MON 1 playing=false pos=0.000 stream_playing=false peak_db=-200.0 mix_rate=48000 latency=0.0880 @ http://localhost:8770/index.js:451
[ 1106133ms] [LOG] MON 1 playing=false pos=0.000 stream_playing=false peak_db=-200.0 mix_rate=48000 latency=0.0880 @ http://localhost:8770/index.js:451
[ 1106384ms] [LOG] MON 1 playing=false pos=0.000 stream_playing=false peak_db=-200.0 mix_rate=48000 latency=0.0880 @ http://localhost:8770/index.js:451
[ 1106632ms] [LOG] MON 1 playing=false pos=0.000 stream_playing=false peak_db=-200.0 mix_rate=48000 latency=0.0880 @ http://localhost:8770/index.js:451
[ 1106884ms] [LOG] MON 1 playing=false pos=0.000 stream_playing=false peak_db=-200.0 mix_rate=48000 latency=0.0880 @ http://localhost:8770/index.js:451
[ 1107133ms] [LOG] MON 1 playing=false pos=0.000 stream_playing=false peak_db=-200.0 mix_rate=48000 latency=0.0880 @ http://localhost:8770/index.js:451
[ 1107383ms] [LOG] MON 1 playing=false pos=0.000 stream_playing=false peak_db=-200.0 mix_rate=48000 latency=0.0880 @ http://localhost:8770/index.js:451
[ 1107632ms] [LOG] MON 1 playing=false pos=0.000 stream_playing=false peak_db=-200.0 mix_rate=48000 latency=0.0880 @ http://localhost:8770/index.js:451
[ 1107882ms] [LOG] MON 1 playing=false pos=0.000 stream_playing=false peak_db=-200.0 mix_rate=48000 latency=0.0880 @ http://localhost:8770/index.js:451
[ 1108133ms] [LOG] MON 1 playing=false pos=0.000 stream_playing=false peak_db=-200.0 mix_rate=48000 latency=0.0880 @ http://localhost:8770/index.js:451
[ 1108394ms] [LOG] MON 1 playing=false pos=0.000 stream_playing=false peak_db=-200.0 mix_rate=48000 latency=0.0880 @ http://localhost:8770/index.js:451
[ 1108635ms] [LOG] MON 1 playing=false pos=0.000 stream_playing=false peak_db=-200.0 mix_rate=48000 latency=0.0880 @ http://localhost:8770/index.js:451
[ 1108882ms] [LOG] MON 1 playing=false pos=0.000 stream_playing=false peak_db=-200.0 mix_rate=48000 latency=0.0880 @ http://localhost:8770/index.js:451
[ 1109133ms] [LOG] MON 1 playing=false pos=0.000 stream_playing=false peak_db=-200.0 mix_rate=48000 latency=0.0880 @ http://localhost:8770/index.js:451
[ 1109384ms] [LOG] MON 1 playing=false pos=0.000 stream_playing=false peak_db=-200.0 mix_rate=48000 latency=0.0880 @ http://localhost:8770/index.js:451
[ 1109634ms] [LOG] MON 1 playing=false pos=0.000 stream_playing=false peak_db=-200.0 mix_rate=48000 latency=0.0880 @ http://localhost:8770/index.js:451
[ 1109883ms] [LOG] MON 1 playing=false pos=0.000 stream_playing=false peak_db=-200.0 mix_rate=48000 latency=0.0880 @ http://localhost:8770/index.js:451
[ 1110134ms] [LOG] MON 1 playing=false pos=0.000 stream_playing=false peak_db=-200.0 mix_rate=48000 latency=0.0880 @ http://localhost:8770/index.js:451
[ 1110383ms] [LOG] MON 1 playing=false pos=0.000 stream_playing=false peak_db=-200.0 mix_rate=48000 latency=0.0880 @ http://localhost:8770/index.js:451
[ 1110633ms] [LOG] MON 1 playing=false pos=0.000 stream_playing=false peak_db=-200.0 mix_rate=48000 latency=0.0880 @ http://localhost:8770/index.js:451
[ 1110882ms] [LOG] MON 1 playing=false pos=0.000 stream_playing=false peak_db=-200.0 mix_rate=48000 latency=0.0880 @ http://localhost:8770/index.js:451
[ 1111133ms] [LOG] MON 1 playing=false pos=0.000 stream_playing=false peak_db=-200.0 mix_rate=48000 latency=0.0880 @ http://localhost:8770/index.js:451
[ 1111381ms] [LOG] MON 1 playing=false pos=0.000 stream_playing=false peak_db=-200.0 mix_rate=48000 latency=0.0880 @ http://localhost:8770/index.js:451
[ 1111633ms] [LOG] MON 1 playing=false pos=0.000 stream_playing=false peak_db=-200.0 mix_rate=48000 latency=0.0880 @ http://localhost:8770/index.js:451
[ 1111882ms] [LOG] MON 1 playing=false pos=0.000 stream_playing=false peak_db=-200.0 mix_rate=48000 latency=0.0880 @ http://localhost:8770/index.js:451
[ 1112133ms] [LOG] MON 1 playing=false pos=0.000 stream_playing=false peak_db=-200.0 mix_rate=48000 latency=0.0880 @ http://localhost:8770/index.js:451
[ 1112383ms] [LOG] MON 1 playing=false pos=0.000 stream_playing=false peak_db=-200.0 mix_rate=48000 latency=0.0880 @ http://localhost:8770/index.js:451
[ 1112632ms] [LOG] MON 1 playing=false pos=0.000 stream_playing=false peak_db=-200.0 mix_rate=48000 latency=0.0880 @ http://localhost:8770/index.js:451
[ 1112882ms] [LOG] MON 1 playing=false pos=0.000 stream_playing=false peak_db=-200.0 mix_rate=48000 latency=0.0880 @ http://localhost:8770/index.js:451
[ 1113131ms] [LOG] MON 1 playing=false pos=0.000 stream_playing=false peak_db=-200.0 mix_rate=48000 latency=0.0880 @ http://localhost:8770/index.js:451
[ 1113383ms] [LOG] MON 1 playing=false pos=0.000 stream_playing=false peak_db=-200.0 mix_rate=48000 latency=0.0880 @ http://localhost:8770/index.js:451
[ 1113634ms] [LOG] MON 1 playing=false pos=0.000 stream_playing=false peak_db=-200.0 mix_rate=48000 latency=0.0880 @ http://localhost:8770/index.js:451
[ 1113882ms] [LOG] MON 1 playing=false pos=0.000 stream_playing=false peak_db=-200.0 mix_rate=48000 latency=0.0880 @ http://localhost:8770/index.js:451
[ 1114133ms] [LOG] MON 1 playing=false pos=0.000 stream_playing=false peak_db=-200.0 mix_rate=48000 latency=0.0880 @ http://localhost:8770/index.js:451
[ 1114384ms] [LOG] MON 1 playing=false pos=0.000 stream_playing=false peak_db=-200.0 mix_rate=48000 latency=0.0880 @ http://localhost:8770/index.js:451
[ 1114632ms] [LOG] MON 1 playing=false pos=0.000 stream_playing=false peak_db=-200.0 mix_rate=48000 latency=0.0880 @ http://localhost:8770/index.js:451
[ 1114883ms] [LOG] MON 1 playing=false pos=0.000 stream_playing=false peak_db=-200.0 mix_rate=48000 latency=0.0880 @ http://localhost:8770/index.js:451
[ 1115131ms] [LOG] MON 1 playing=false pos=0.000 stream_playing=false peak_db=-200.0 mix_rate=48000 latency=0.0880 @ http://localhost:8770/index.js:451
[ 1115383ms] [LOG] MON 1 playing=false pos=0.000 stream_playing=false peak_db=-200.0 mix_rate=48000 latency=0.0880 @ http://localhost:8770/index.js:451
[ 1115631ms] [LOG] MON 1 playing=false pos=0.000 stream_playing=false peak_db=-200.0 mix_rate=48000 latency=0.0880 @ http://localhost:8770/index.js:451
[ 1115883ms] [LOG] MON 1 playing=false pos=0.000 stream_playing=false peak_db=-200.0 mix_rate=48000 latency=0.0880 @ http://localhost:8770/index.js:451
[ 1116134ms] [LOG] MON 1 playing=false pos=0.000 stream_playing=false peak_db=-200.0 mix_rate=48000 latency=0.0880 @ http://localhost:8770/index.js:451
[ 1116383ms] [LOG] MON 1 playing=false pos=0.000 stream_playing=false peak_db=-200.0 mix_rate=48000 latency=0.0880 @ http://localhost:8770/index.js:451
[ 1116632ms] [LOG] MON 1 playing=false pos=0.000 stream_playing=false peak_db=-200.0 mix_rate=48000 latency=0.0880 @ http://localhost:8770/index.js:451
[ 1116885ms] [LOG] MON 1 playing=false pos=0.000 stream_playing=false peak_db=-200.0 mix_rate=48000 latency=0.0880 @ http://localhost:8770/index.js:451
[ 1117133ms] [LOG] MON 1 playing=false pos=0.000 stream_playing=false peak_db=-200.0 mix_rate=48000 latency=0.0880 @ http://localhost:8770/index.js:451
[ 1117384ms] [LOG] MON 1 playing=false pos=0.000 stream_playing=false peak_db=-200.0 mix_rate=48000 latency=0.0880 @ http://localhost:8770/index.js:451
[ 1117633ms] [LOG] MON 1 playing=false pos=0.000 stream_playing=false peak_db=-200.0 mix_rate=48000 latency=0.0880 @ http://localhost:8770/index.js:451
[ 1117886ms] [LOG] MON 1 playing=false pos=0.000 stream_playing=false peak_db=-200.0 mix_rate=48000 latency=0.0880 @ http://localhost:8770/index.js:451
[ 1118133ms] [LOG] MON 1 playing=false pos=0.000 stream_playing=false peak_db=-200.0 mix_rate=48000 latency=0.0880 @ http://localhost:8770/index.js:451
[ 1118384ms] [LOG] MON 1 playing=false pos=0.000 stream_playing=false peak_db=-200.0 mix_rate=48000 latency=0.0880 @ http://localhost:8770/index.js:451
[ 1118633ms] [LOG] MON 1 playing=false pos=0.000 stream_playing=false peak_db=-200.0 mix_rate=48000 latency=0.0880 @ http://localhost:8770/index.js:451
[ 1118882ms] [LOG] MON 1 playing=false pos=0.000 stream_playing=false peak_db=-200.0 mix_rate=48000 latency=0.0880 @ http://localhost:8770/index.js:451
[ 1119131ms] [LOG] MON 1 playing=false pos=0.000 stream_playing=false peak_db=-200.0 mix_rate=48000 latency=0.0880 @ http://localhost:8770/index.js:451
[ 1119383ms] [LOG] MON 1 playing=false pos=0.000 stream_playing=false peak_db=-200.0 mix_rate=48000 latency=0.0880 @ http://localhost:8770/index.js:451
[ 1119633ms] [LOG] MON 1 playing=false pos=0.000 stream_playing=false peak_db=-200.0 mix_rate=48000 latency=0.0880 @ http://localhost:8770/index.js:451
[ 1119882ms] [LOG] MON 1 playing=false pos=0.000 stream_playing=false peak_db=-200.0 mix_rate=48000 latency=0.0880 @ http://localhost:8770/index.js:451
[ 1120131ms] [LOG] MON 1 playing=false pos=0.000 stream_playing=false peak_db=-200.0 mix_rate=48000 latency=0.0880 @ http://localhost:8770/index.js:451
[ 1120383ms] [LOG] MON 1 playing=false pos=0.000 stream_playing=false peak_db=-200.0 mix_rate=48000 latency=0.0880 @ http://localhost:8770/index.js:451
[ 1120632ms] [LOG] MON 1 playing=false pos=0.000 stream_playing=false peak_db=-200.0 mix_rate=48000 latency=0.0880 @ http://localhost:8770/index.js:451
[ 1120883ms] [LOG] MON 1 playing=false pos=0.000 stream_playing=false peak_db=-200.0 mix_rate=48000 latency=0.0880 @ http://localhost:8770/index.js:451
[ 1121132ms] [LOG] MON 1 playing=false pos=0.000 stream_playing=false peak_db=-200.0 mix_rate=48000 latency=0.0880 @ http://localhost:8770/index.js:451
[ 1121383ms] [LOG] MON 1 playing=false pos=0.000 stream_playing=false peak_db=-200.0 mix_rate=48000 latency=0.0880 @ http://localhost:8770/index.js:451
[ 1121633ms] [LOG] MON 1 playing=false pos=0.000 stream_playing=false peak_db=-200.0 mix_rate=48000 latency=0.0880 @ http://localhost:8770/index.js:451
[ 1121885ms] [LOG] MON 1 playing=false pos=0.000 stream_playing=false peak_db=-200.0 mix_rate=48000 latency=0.0880 @ http://localhost:8770/index.js:451
[ 1122132ms] [LOG] MON 1 playing=false pos=0.000 stream_playing=false peak_db=-200.0 mix_rate=48000 latency=0.0880 @ http://localhost:8770/index.js:451
[ 1122383ms] [LOG] MON 1 playing=false pos=0.000 stream_playing=false peak_db=-200.0 mix_rate=48000 latency=0.0880 @ http://localhost:8770/index.js:451
[ 1122632ms] [LOG] MON 1 playing=false pos=0.000 stream_playing=false peak_db=-200.0 mix_rate=48000 latency=0.0880 @ http://localhost:8770/index.js:451
[ 1122885ms] [LOG] MON 1 playing=false pos=0.000 stream_playing=false peak_db=-200.0 mix_rate=48000 latency=0.0880 @ http://localhost:8770/index.js:451
[ 1123131ms] [LOG] MON 1 playing=false pos=0.000 stream_playing=false peak_db=-200.0 mix_rate=48000 latency=0.0880 @ http://localhost:8770/index.js:451
[ 1123382ms] [LOG] MON 1 playing=false pos=0.000 stream_playing=false peak_db=-200.0 mix_rate=48000 latency=0.0880 @ http://localhost:8770/index.js:451
[ 1123633ms] [LOG] MON 1 playing=false pos=0.000 stream_playing=false peak_db=-200.0 mix_rate=48000 latency=0.0880 @ http://localhost:8770/index.js:451
[ 1123884ms] [LOG] MON 1 playing=false pos=0.000 stream_playing=false peak_db=-200.0 mix_rate=48000 latency=0.0880 @ http://localhost:8770/index.js:451
[ 1124133ms] [LOG] MON 1 playing=false pos=0.000 stream_playing=false peak_db=-200.0 mix_rate=48000 latency=0.0880 @ http://localhost:8770/index.js:451
[ 1124383ms] [LOG] MON 1 playing=false pos=0.000 stream_playing=false peak_db=-200.0 mix_rate=48000 latency=0.0880 @ http://localhost:8770/index.js:451
[ 1124634ms] [LOG] MON 1 playing=false pos=0.000 stream_playing=false peak_db=-200.0 mix_rate=48000 latency=0.0880 @ http://localhost:8770/index.js:451
[ 1124883ms] [LOG] MON 1 playing=false pos=0.000 stream_playing=false peak_db=-200.0 mix_rate=48000 latency=0.0880 @ http://localhost:8770/index.js:451
[ 1125134ms] [LOG] MON 1 playing=false pos=0.000 stream_playing=false peak_db=-200.0 mix_rate=48000 latency=0.0880 @ http://localhost:8770/index.js:451
[ 1125382ms] [LOG] MON 1 playing=false pos=0.000 stream_playing=false peak_db=-200.0 mix_rate=48000 latency=0.0880 @ http://localhost:8770/index.js:451
[ 1125632ms] [LOG] MON 1 playing=false pos=0.000 stream_playing=false peak_db=-200.0 mix_rate=48000 latency=0.0880 @ http://localhost:8770/index.js:451
[ 1125883ms] [LOG] MON 1 playing=false pos=0.000 stream_playing=false peak_db=-200.0 mix_rate=48000 latency=0.0880 @ http://localhost:8770/index.js:451
[ 1126133ms] [LOG] MON 1 playing=false pos=0.000 stream_playing=false peak_db=-200.0 mix_rate=48000 latency=0.0880 @ http://localhost:8770/index.js:451
[ 1126383ms] [LOG] MON 1 playing=false pos=0.000 stream_playing=false peak_db=-200.0 mix_rate=48000 latency=0.0880 @ http://localhost:8770/index.js:451
[ 1126633ms] [LOG] MON 1 playing=false pos=0.000 stream_playing=false peak_db=-200.0 mix_rate=48000 latency=0.0880 @ http://localhost:8770/index.js:451
[ 1126884ms] [LOG] MON 1 playing=false pos=0.000 stream_playing=false peak_db=-200.0 mix_rate=48000 latency=0.0880 @ http://localhost:8770/index.js:451
[ 1127133ms] [LOG] MON 1 playing=false pos=0.000 stream_playing=false peak_db=-200.0 mix_rate=48000 latency=0.0880 @ http://localhost:8770/index.js:451
[ 1127384ms] [LOG] MON 1 playing=false pos=0.000 stream_playing=false peak_db=-200.0 mix_rate=48000 latency=0.0880 @ http://localhost:8770/index.js:451
[ 1127632ms] [LOG] MON 1 playing=false pos=0.000 stream_playing=false peak_db=-200.0 mix_rate=48000 latency=0.0880 @ http://localhost:8770/index.js:451
[ 1127883ms] [LOG] MON 1 playing=false pos=0.000 stream_playing=false peak_db=-200.0 mix_rate=48000 latency=0.0880 @ http://localhost:8770/index.js:451
[ 1128135ms] [LOG] MON 1 playing=false pos=0.000 stream_playing=false peak_db=-200.0 mix_rate=48000 latency=0.0880 @ http://localhost:8770/index.js:451
[ 1128381ms] [LOG] MON 1 playing=false pos=0.000 stream_playing=false peak_db=-200.0 mix_rate=48000 latency=0.0880 @ http://localhost:8770/index.js:451
[ 1128633ms] [LOG] MON 1 playing=false pos=0.000 stream_playing=false peak_db=-200.0 mix_rate=48000 latency=0.0880 @ http://localhost:8770/index.js:451
[ 1128883ms] [LOG] MON 1 playing=false pos=0.000 stream_playing=false peak_db=-200.0 mix_rate=48000 latency=0.0880 @ http://localhost:8770/index.js:451
[ 1129133ms] [LOG] MON 1 playing=false pos=0.000 stream_playing=false peak_db=-200.0 mix_rate=48000 latency=0.0880 @ http://localhost:8770/index.js:451
[ 1129383ms] [LOG] MON 1 playing=false pos=0.000 stream_playing=false peak_db=-200.0 mix_rate=48000 latency=0.0880 @ http://localhost:8770/index.js:451
[ 1129634ms] [LOG] MON 1 playing=false pos=0.000 stream_playing=false peak_db=-200.0 mix_rate=48000 latency=0.0880 @ http://localhost:8770/index.js:451
[ 1129884ms] [LOG] MON 1 playing=false pos=0.000 stream_playing=false peak_db=-200.0 mix_rate=48000 latency=0.0880 @ http://localhost:8770/index.js:451
[ 1130132ms] [LOG] MON 1 playing=false pos=0.000 stream_playing=false peak_db=-200.0 mix_rate=48000 latency=0.0880 @ http://localhost:8770/index.js:451
[ 1130383ms] [LOG] MON 1 playing=false pos=0.000 stream_playing=false peak_db=-200.0 mix_rate=48000 latency=0.0880 @ http://localhost:8770/index.js:451
[ 1130634ms] [LOG] MON 1 playing=false pos=0.000 stream_playing=false peak_db=-200.0 mix_rate=48000 latency=0.0880 @ http://localhost:8770/index.js:451
[ 1130882ms] [LOG] MON 1 playing=false pos=0.000 stream_playing=false peak_db=-200.0 mix_rate=48000 latency=0.0880 @ http://localhost:8770/index.js:451
[ 1131135ms] [LOG] MON 1 playing=false pos=0.000 stream_playing=false peak_db=-200.0 mix_rate=48000 latency=0.0880 @ http://localhost:8770/index.js:451
[ 1131382ms] [LOG] MON 1 playing=false pos=0.000 stream_playing=false peak_db=-200.0 mix_rate=48000 latency=0.0880 @ http://localhost:8770/index.js:451
[ 1131632ms] [LOG] MON 1 playing=false pos=0.000 stream_playing=false peak_db=-200.0 mix_rate=48000 latency=0.0880 @ http://localhost:8770/index.js:451
[ 1131885ms] [LOG] MON 1 playing=false pos=0.000 stream_playing=false peak_db=-200.0 mix_rate=48000 latency=0.0880 @ http://localhost:8770/index.js:451
[ 1132135ms] [LOG] MON 1 playing=false pos=0.000 stream_playing=false peak_db=-200.0 mix_rate=48000 latency=0.0880 @ http://localhost:8770/index.js:451
[ 1132382ms] [LOG] MON 1 playing=false pos=0.000 stream_playing=false peak_db=-200.0 mix_rate=48000 latency=0.0880 @ http://localhost:8770/index.js:451
[ 1132633ms] [LOG] MON 1 playing=false pos=0.000 stream_playing=false peak_db=-200.0 mix_rate=48000 latency=0.0880 @ http://localhost:8770/index.js:451
[ 1132882ms] [LOG] MON 1 playing=false pos=0.000 stream_playing=false peak_db=-200.0 mix_rate=48000 latency=0.0880 @ http://localhost:8770/index.js:451
[ 1133131ms] [LOG] MON 1 playing=false pos=0.000 stream_playing=false peak_db=-200.0 mix_rate=48000 latency=0.0880 @ http://localhost:8770/index.js:451
[ 1133383ms] [LOG] MON 1 playing=false pos=0.000 stream_playing=false peak_db=-200.0 mix_rate=48000 latency=0.0880 @ http://localhost:8770/index.js:451
[ 1133631ms] [LOG] MON 1 playing=false pos=0.000 stream_playing=false peak_db=-200.0 mix_rate=48000 latency=0.0880 @ http://localhost:8770/index.js:451
[ 1133883ms] [LOG] MON 1 playing=false pos=0.000 stream_playing=false peak_db=-200.0 mix_rate=48000 latency=0.0880 @ http://localhost:8770/index.js:451
[ 1134133ms] [LOG] MON 1 playing=false pos=0.000 stream_playing=false peak_db=-200.0 mix_rate=48000 latency=0.0880 @ http://localhost:8770/index.js:451
[ 1134382ms] [LOG] MON 1 playing=false pos=0.000 stream_playing=false peak_db=-200.0 mix_rate=48000 latency=0.0880 @ http://localhost:8770/index.js:451
[ 1134631ms] [LOG] MON 1 playing=false pos=0.000 stream_playing=false peak_db=-200.0 mix_rate=48000 latency=0.0880 @ http://localhost:8770/index.js:451
[ 1134883ms] [LOG] MON 1 playing=false pos=0.000 stream_playing=false peak_db=-200.0 mix_rate=48000 latency=0.0880 @ http://localhost:8770/index.js:451
[ 1135133ms] [LOG] MON 1 playing=false pos=0.000 stream_playing=false peak_db=-200.0 mix_rate=48000 latency=0.0880 @ http://localhost:8770/index.js:451
[ 1135384ms] [LOG] MON 1 playing=false pos=0.000 stream_playing=false peak_db=-200.0 mix_rate=48000 latency=0.0880 @ http://localhost:8770/index.js:451
[ 1135633ms] [LOG] MON 1 playing=false pos=0.000 stream_playing=false peak_db=-200.0 mix_rate=48000 latency=0.0880 @ http://localhost:8770/index.js:451
[ 1135883ms] [LOG] MON 1 playing=false pos=0.000 stream_playing=false peak_db=-200.0 mix_rate=48000 latency=0.0880 @ http://localhost:8770/index.js:451
[ 1136132ms] [LOG] MON 1 playing=false pos=0.000 stream_playing=false peak_db=-200.0 mix_rate=48000 latency=0.0880 @ http://localhost:8770/index.js:451
[ 1136382ms] [LOG] MON 1 playing=false pos=0.000 stream_playing=false peak_db=-200.0 mix_rate=48000 latency=0.0880 @ http://localhost:8770/index.js:451
[ 1136631ms] [LOG] MON 1 playing=false pos=0.000 stream_playing=false peak_db=-200.0 mix_rate=48000 latency=0.0880 @ http://localhost:8770/index.js:451
[ 1136882ms] [LOG] MON 1 playing=false pos=0.000 stream_playing=false peak_db=-200.0 mix_rate=48000 latency=0.0880 @ http://localhost:8770/index.js:451
[ 1137132ms] [LOG] MON 1 playing=false pos=0.000 stream_playing=false peak_db=-200.0 mix_rate=48000 latency=0.0880 @ http://localhost:8770/index.js:451
[ 1137383ms] [LOG] MON 1 playing=false pos=0.000 stream_playing=false peak_db=-200.0 mix_rate=48000 latency=0.0880 @ http://localhost:8770/index.js:451
[ 1137634ms] [LOG] MON 1 playing=false pos=0.000 stream_playing=false peak_db=-200.0 mix_rate=48000 latency=0.0880 @ http://localhost:8770/index.js:451
[ 1137882ms] [LOG] MON 1 playing=false pos=0.000 stream_playing=false peak_db=-200.0 mix_rate=48000 latency=0.0880 @ http://localhost:8770/index.js:451
[ 1138131ms] [LOG] MON 1 playing=false pos=0.000 stream_playing=false peak_db=-200.0 mix_rate=48000 latency=0.0880 @ http://localhost:8770/index.js:451
[ 1138383ms] [LOG] MON 1 playing=false pos=0.000 stream_playing=false peak_db=-200.0 mix_rate=48000 latency=0.0880 @ http://localhost:8770/index.js:451
[ 1138633ms] [LOG] MON 1 playing=false pos=0.000 stream_playing=false peak_db=-200.0 mix_rate=48000 latency=0.0880 @ http://localhost:8770/index.js:451
[ 1138883ms] [LOG] MON 1 playing=false pos=0.000 stream_playing=false peak_db=-200.0 mix_rate=48000 latency=0.0880 @ http://localhost:8770/index.js:451
[ 1139132ms] [LOG] MON 1 playing=false pos=0.000 stream_playing=false peak_db=-200.0 mix_rate=48000 latency=0.0880 @ http://localhost:8770/index.js:451
[ 1139382ms] [LOG] MON 1 playing=false pos=0.000 stream_playing=false peak_db=-200.0 mix_rate=48000 latency=0.0880 @ http://localhost:8770/index.js:451
[ 1139634ms] [LOG] MON 1 playing=false pos=0.000 stream_playing=false peak_db=-200.0 mix_rate=48000 latency=0.0880 @ http://localhost:8770/index.js:451
[ 1139883ms] [LOG] MON 1 playing=false pos=0.000 stream_playing=false peak_db=-200.0 mix_rate=48000 latency=0.0880 @ http://localhost:8770/index.js:451
[ 1140131ms] [LOG] MON 1 playing=false pos=0.000 stream_playing=false peak_db=-200.0 mix_rate=48000 latency=0.0880 @ http://localhost:8770/index.js:451
[ 1140382ms] [LOG] MON 1 playing=false pos=0.000 stream_playing=false peak_db=-200.0 mix_rate=48000 latency=0.0880 @ http://localhost:8770/index.js:451
[ 1140632ms] [LOG] MON 1 playing=false pos=0.000 stream_playing=false peak_db=-200.0 mix_rate=48000 latency=0.0880 @ http://localhost:8770/index.js:451
[ 1140883ms] [LOG] MON 1 playing=false pos=0.000 stream_playing=false peak_db=-200.0 mix_rate=48000 latency=0.0880 @ http://localhost:8770/index.js:451
[ 1141132ms] [LOG] MON 1 playing=false pos=0.000 stream_playing=false peak_db=-200.0 mix_rate=48000 latency=0.0880 @ http://localhost:8770/index.js:451
[ 1141384ms] [LOG] MON 1 playing=false pos=0.000 stream_playing=false peak_db=-200.0 mix_rate=48000 latency=0.0880 @ http://localhost:8770/index.js:451
[ 1141632ms] [LOG] MON 1 playing=false pos=0.000 stream_playing=false peak_db=-200.0 mix_rate=48000 latency=0.0880 @ http://localhost:8770/index.js:451
[ 1141884ms] [LOG] MON 1 playing=false pos=0.000 stream_playing=false peak_db=-200.0 mix_rate=48000 latency=0.0880 @ http://localhost:8770/index.js:451
[ 1142134ms] [LOG] MON 1 playing=false pos=0.000 stream_playing=false peak_db=-200.0 mix_rate=48000 latency=0.0880 @ http://localhost:8770/index.js:451
[ 1142382ms] [LOG] MON 1 playing=false pos=0.000 stream_playing=false peak_db=-200.0 mix_rate=48000 latency=0.0880 @ http://localhost:8770/index.js:451
[ 1142633ms] [LOG] MON 1 playing=false pos=0.000 stream_playing=false peak_db=-200.0 mix_rate=48000 latency=0.0880 @ http://localhost:8770/index.js:451
[ 1142882ms] [LOG] MON 1 playing=false pos=0.000 stream_playing=false peak_db=-200.0 mix_rate=48000 latency=0.0880 @ http://localhost:8770/index.js:451
[ 1143133ms] [LOG] MON 1 playing=false pos=0.000 stream_playing=false peak_db=-200.0 mix_rate=48000 latency=0.0880 @ http://localhost:8770/index.js:451
[ 1143383ms] [LOG] MON 1 playing=false pos=0.000 stream_playing=false peak_db=-200.0 mix_rate=48000 latency=0.0880 @ http://localhost:8770/index.js:451
[ 1143632ms] [LOG] MON 1 playing=false pos=0.000 stream_playing=false peak_db=-200.0 mix_rate=48000 latency=0.0880 @ http://localhost:8770/index.js:451
[ 1143883ms] [LOG] MON 1 playing=false pos=0.000 stream_playing=false peak_db=-200.0 mix_rate=48000 latency=0.0880 @ http://localhost:8770/index.js:451
[ 1144132ms] [LOG] MON 1 playing=false pos=0.000 stream_playing=false peak_db=-200.0 mix_rate=48000 latency=0.0880 @ http://localhost:8770/index.js:451
[ 1144383ms] [LOG] MON 1 playing=false pos=0.000 stream_playing=false peak_db=-200.0 mix_rate=48000 latency=0.0880 @ http://localhost:8770/index.js:451
[ 1144632ms] [LOG] MON 1 playing=false pos=0.000 stream_playing=false peak_db=-200.0 mix_rate=48000 latency=0.0880 @ http://localhost:8770/index.js:451
[ 1144883ms] [LOG] MON 1 playing=false pos=0.000 stream_playing=false peak_db=-200.0 mix_rate=48000 latency=0.0880 @ http://localhost:8770/index.js:451
[ 1145133ms] [LOG] MON 1 playing=false pos=0.000 stream_playing=false peak_db=-200.0 mix_rate=48000 latency=0.0880 @ http://localhost:8770/index.js:451
[ 1145382ms] [LOG] MON 1 playing=false pos=0.000 stream_playing=false peak_db=-200.0 mix_rate=48000 latency=0.0880 @ http://localhost:8770/index.js:451
[ 1145631ms] [LOG] MON 1 playing=false pos=0.000 stream_playing=false peak_db=-200.0 mix_rate=48000 latency=0.0880 @ http://localhost:8770/index.js:451
[ 1145883ms] [LOG] MON 1 playing=false pos=0.000 stream_playing=false peak_db=-200.0 mix_rate=48000 latency=0.0880 @ http://localhost:8770/index.js:451
[ 1146133ms] [LOG] MON 1 playing=false pos=0.000 stream_playing=false peak_db=-200.0 mix_rate=48000 latency=0.0880 @ http://localhost:8770/index.js:451
[ 1146384ms] [LOG] MON 1 playing=false pos=0.000 stream_playing=false peak_db=-200.0 mix_rate=48000 latency=0.0880 @ http://localhost:8770/index.js:451
[ 1146631ms] [LOG] MON 1 playing=false pos=0.000 stream_playing=false peak_db=-200.0 mix_rate=48000 latency=0.0880 @ http://localhost:8770/index.js:451
[ 1146883ms] [LOG] MON 1 playing=false pos=0.000 stream_playing=false peak_db=-200.0 mix_rate=48000 latency=0.0880 @ http://localhost:8770/index.js:451
[ 1147132ms] [LOG] MON 1 playing=false pos=0.000 stream_playing=false peak_db=-200.0 mix_rate=48000 latency=0.0880 @ http://localhost:8770/index.js:451
[ 1147383ms] [LOG] MON 1 playing=false pos=0.000 stream_playing=false peak_db=-200.0 mix_rate=48000 latency=0.0880 @ http://localhost:8770/index.js:451
[ 1147632ms] [LOG] MON 1 playing=false pos=0.000 stream_playing=false peak_db=-200.0 mix_rate=48000 latency=0.0880 @ http://localhost:8770/index.js:451
[ 1147882ms] [LOG] MON 1 playing=false pos=0.000 stream_playing=false peak_db=-200.0 mix_rate=48000 latency=0.0880 @ http://localhost:8770/index.js:451
[ 1148132ms] [LOG] MON 1 playing=false pos=0.000 stream_playing=false peak_db=-200.0 mix_rate=48000 latency=0.0880 @ http://localhost:8770/index.js:451
[ 1148383ms] [LOG] MON 1 playing=false pos=0.000 stream_playing=false peak_db=-200.0 mix_rate=48000 latency=0.0880 @ http://localhost:8770/index.js:451
[ 1148632ms] [LOG] MON 1 playing=false pos=0.000 stream_playing=false peak_db=-200.0 mix_rate=48000 latency=0.0880 @ http://localhost:8770/index.js:451
[ 1148883ms] [LOG] MON 1 playing=false pos=0.000 stream_playing=false peak_db=-200.0 mix_rate=48000 latency=0.0880 @ http://localhost:8770/index.js:451
[ 1149133ms] [LOG] MON 1 playing=false pos=0.000 stream_playing=false peak_db=-200.0 mix_rate=48000 latency=0.0880 @ http://localhost:8770/index.js:451
[ 1149383ms] [LOG] MON 1 playing=false pos=0.000 stream_playing=false peak_db=-200.0 mix_rate=48000 latency=0.0880 @ http://localhost:8770/index.js:451
[ 1149632ms] [LOG] MON 1 playing=false pos=0.000 stream_playing=false peak_db=-200.0 mix_rate=48000 latency=0.0880 @ http://localhost:8770/index.js:451
[ 1149882ms] [LOG] MON 1 playing=false pos=0.000 stream_playing=false peak_db=-200.0 mix_rate=48000 latency=0.0880 @ http://localhost:8770/index.js:451
[ 1150133ms] [LOG] MON 1 playing=false pos=0.000 stream_playing=false peak_db=-200.0 mix_rate=48000 latency=0.0880 @ http://localhost:8770/index.js:451
[ 1150382ms] [LOG] MON 1 playing=false pos=0.000 stream_playing=false peak_db=-200.0 mix_rate=48000 latency=0.0880 @ http://localhost:8770/index.js:451
[ 1150634ms] [LOG] MON 1 playing=false pos=0.000 stream_playing=false peak_db=-200.0 mix_rate=48000 latency=0.0880 @ http://localhost:8770/index.js:451
[ 1150882ms] [LOG] MON 1 playing=false pos=0.000 stream_playing=false peak_db=-200.0 mix_rate=48000 latency=0.0880 @ http://localhost:8770/index.js:451
[ 1151134ms] [LOG] MON 1 playing=false pos=0.000 stream_playing=false peak_db=-200.0 mix_rate=48000 latency=0.0880 @ http://localhost:8770/index.js:451
[ 1151383ms] [LOG] MON 1 playing=false pos=0.000 stream_playing=false peak_db=-200.0 mix_rate=48000 latency=0.0880 @ http://localhost:8770/index.js:451
[ 1151633ms] [LOG] MON 1 playing=false pos=0.000 stream_playing=false peak_db=-200.0 mix_rate=48000 latency=0.0880 @ http://localhost:8770/index.js:451
[ 1151882ms] [LOG] MON 1 playing=false pos=0.000 stream_playing=false peak_db=-200.0 mix_rate=48000 latency=0.0880 @ http://localhost:8770/index.js:451
[ 1152132ms] [LOG] MON 1 playing=false pos=0.000 stream_playing=false peak_db=-200.0 mix_rate=48000 latency=0.0880 @ http://localhost:8770/index.js:451
[ 1152385ms] [LOG] MON 1 playing=false pos=0.000 stream_playing=false peak_db=-200.0 mix_rate=48000 latency=0.0880 @ http://localhost:8770/index.js:451
[ 1152632ms] [LOG] MON 1 playing=false pos=0.000 stream_playing=false peak_db=-200.0 mix_rate=48000 latency=0.0880 @ http://localhost:8770/index.js:451
[ 1152882ms] [LOG] MON 1 playing=false pos=0.000 stream_playing=false peak_db=-200.0 mix_rate=48000 latency=0.0880 @ http://localhost:8770/index.js:451
[ 1153133ms] [LOG] MON 1 playing=false pos=0.000 stream_playing=false peak_db=-200.0 mix_rate=48000 latency=0.0880 @ http://localhost:8770/index.js:451
[ 1153383ms] [LOG] MON 1 playing=false pos=0.000 stream_playing=false peak_db=-200.0 mix_rate=48000 latency=0.0880 @ http://localhost:8770/index.js:451
[ 1153631ms] [LOG] MON 1 playing=false pos=0.000 stream_playing=false peak_db=-200.0 mix_rate=48000 latency=0.0880 @ http://localhost:8770/index.js:451
[ 1153881ms] [LOG] MON 1 playing=false pos=0.000 stream_playing=false peak_db=-200.0 mix_rate=48000 latency=0.0880 @ http://localhost:8770/index.js:451
[ 1154133ms] [LOG] MON 1 playing=false pos=0.000 stream_playing=false peak_db=-200.0 mix_rate=48000 latency=0.0880 @ http://localhost:8770/index.js:451
[ 1154382ms] [LOG] MON 1 playing=false pos=0.000 stream_playing=false peak_db=-200.0 mix_rate=48000 latency=0.0880 @ http://localhost:8770/index.js:451
[ 1154633ms] [LOG] MON 1 playing=false pos=0.000 stream_playing=false peak_db=-200.0 mix_rate=48000 latency=0.0880 @ http://localhost:8770/index.js:451
[ 1154881ms] [LOG] MON 1 playing=false pos=0.000 stream_playing=false peak_db=-200.0 mix_rate=48000 latency=0.0880 @ http://localhost:8770/index.js:451
[ 1155131ms] [LOG] MON 1 playing=false pos=0.000 stream_playing=false peak_db=-200.0 mix_rate=48000 latency=0.0880 @ http://localhost:8770/index.js:451
[ 1155383ms] [LOG] MON 1 playing=false pos=0.000 stream_playing=false peak_db=-200.0 mix_rate=48000 latency=0.0880 @ http://localhost:8770/index.js:451
[ 1155633ms] [LOG] MON 1 playing=false pos=0.000 stream_playing=false peak_db=-200.0 mix_rate=48000 latency=0.0880 @ http://localhost:8770/index.js:451
[ 1155883ms] [LOG] MON 1 playing=false pos=0.000 stream_playing=false peak_db=-200.0 mix_rate=48000 latency=0.0880 @ http://localhost:8770/index.js:451
[ 1156135ms] [LOG] MON 1 playing=false pos=0.000 stream_playing=false peak_db=-200.0 mix_rate=48000 latency=0.0880 @ http://localhost:8770/index.js:451
[ 1156386ms] [LOG] MON 1 playing=false pos=0.000 stream_playing=false peak_db=-200.0 mix_rate=48000 latency=0.0880 @ http://localhost:8770/index.js:451
[ 1156632ms] [LOG] MON 1 playing=false pos=0.000 stream_playing=false peak_db=-200.0 mix_rate=48000 latency=0.0880 @ http://localhost:8770/index.js:451
[ 1156884ms] [LOG] MON 1 playing=false pos=0.000 stream_playing=false peak_db=-200.0 mix_rate=48000 latency=0.0880 @ http://localhost:8770/index.js:451
[ 1157135ms] [LOG] MON 1 playing=false pos=0.000 stream_playing=false peak_db=-200.0 mix_rate=48000 latency=0.0880 @ http://localhost:8770/index.js:451
[ 1157383ms] [LOG] MON 1 playing=false pos=0.000 stream_playing=false peak_db=-200.0 mix_rate=48000 latency=0.0880 @ http://localhost:8770/index.js:451
[ 1157633ms] [LOG] MON 1 playing=false pos=0.000 stream_playing=false peak_db=-200.0 mix_rate=48000 latency=0.0880 @ http://localhost:8770/index.js:451
[ 1157883ms] [LOG] MON 1 playing=false pos=0.000 stream_playing=false peak_db=-200.0 mix_rate=48000 latency=0.0880 @ http://localhost:8770/index.js:451
[ 1158133ms] [LOG] MON 1 playing=false pos=0.000 stream_playing=false peak_db=-200.0 mix_rate=48000 latency=0.0880 @ http://localhost:8770/index.js:451
[ 1158383ms] [LOG] MON 1 playing=false pos=0.000 stream_playing=false peak_db=-200.0 mix_rate=48000 latency=0.0880 @ http://localhost:8770/index.js:451
[ 1158633ms] [LOG] MON 1 playing=false pos=0.000 stream_playing=false peak_db=-200.0 mix_rate=48000 latency=0.0880 @ http://localhost:8770/index.js:451
[ 1158883ms] [LOG] MON 1 playing=false pos=0.000 stream_playing=false peak_db=-200.0 mix_rate=48000 latency=0.0880 @ http://localhost:8770/index.js:451
[ 1159133ms] [LOG] MON 1 playing=false pos=0.000 stream_playing=false peak_db=-200.0 mix_rate=48000 latency=0.0880 @ http://localhost:8770/index.js:451
[ 1159383ms] [LOG] MON 1 playing=false pos=0.000 stream_playing=false peak_db=-200.0 mix_rate=48000 latency=0.0880 @ http://localhost:8770/index.js:451
[ 1159632ms] [LOG] MON 1 playing=false pos=0.000 stream_playing=false peak_db=-200.0 mix_rate=48000 latency=0.0880 @ http://localhost:8770/index.js:451
[ 1159882ms] [LOG] MON 1 playing=false pos=0.000 stream_playing=false peak_db=-200.0 mix_rate=48000 latency=0.0880 @ http://localhost:8770/index.js:451
[ 1160134ms] [LOG] MON 1 playing=false pos=0.000 stream_playing=false peak_db=-200.0 mix_rate=48000 latency=0.0880 @ http://localhost:8770/index.js:451
[ 1160382ms] [LOG] MON 1 playing=false pos=0.000 stream_playing=false peak_db=-200.0 mix_rate=48000 latency=0.0880 @ http://localhost:8770/index.js:451
[ 1160634ms] [LOG] MON 1 playing=false pos=0.000 stream_playing=false peak_db=-200.0 mix_rate=48000 latency=0.0880 @ http://localhost:8770/index.js:451
[ 1160883ms] [LOG] MON 1 playing=false pos=0.000 stream_playing=false peak_db=-200.0 mix_rate=48000 latency=0.0880 @ http://localhost:8770/index.js:451
[ 1161131ms] [LOG] MON 1 playing=false pos=0.000 stream_playing=false peak_db=-200.0 mix_rate=48000 latency=0.0880 @ http://localhost:8770/index.js:451
[ 1161383ms] [LOG] MON 1 playing=false pos=0.000 stream_playing=false peak_db=-200.0 mix_rate=48000 latency=0.0880 @ http://localhost:8770/index.js:451
[ 1161633ms] [LOG] MON 1 playing=false pos=0.000 stream_playing=false peak_db=-200.0 mix_rate=48000 latency=0.0880 @ http://localhost:8770/index.js:451
[ 1161883ms] [LOG] MON 1 playing=false pos=0.000 stream_playing=false peak_db=-200.0 mix_rate=48000 latency=0.0880 @ http://localhost:8770/index.js:451
[ 1162132ms] [LOG] MON 1 playing=false pos=0.000 stream_playing=false peak_db=-200.0 mix_rate=48000 latency=0.0880 @ http://localhost:8770/index.js:451
[ 1162384ms] [LOG] MON 1 playing=false pos=0.000 stream_playing=false peak_db=-200.0 mix_rate=48000 latency=0.0880 @ http://localhost:8770/index.js:451
[ 1162633ms] [LOG] MON 1 playing=false pos=0.000 stream_playing=false peak_db=-200.0 mix_rate=48000 latency=0.0880 @ http://localhost:8770/index.js:451
[ 1162883ms] [LOG] MON 1 playing=false pos=0.000 stream_playing=false peak_db=-200.0 mix_rate=48000 latency=0.0880 @ http://localhost:8770/index.js:451
[ 1163140ms] [LOG] MON 1 playing=false pos=0.000 stream_playing=false peak_db=-200.0 mix_rate=48000 latency=0.0880 @ http://localhost:8770/index.js:451
[ 1163383ms] [LOG] MON 1 playing=false pos=0.000 stream_playing=false peak_db=-200.0 mix_rate=48000 latency=0.0880 @ http://localhost:8770/index.js:451
[ 1163636ms] [LOG] MON 1 playing=false pos=0.000 stream_playing=false peak_db=-200.0 mix_rate=48000 latency=0.0880 @ http://localhost:8770/index.js:451
[ 1163883ms] [LOG] MON 1 playing=false pos=0.000 stream_playing=false peak_db=-200.0 mix_rate=48000 latency=0.0880 @ http://localhost:8770/index.js:451
[ 1164134ms] [LOG] MON 1 playing=false pos=0.000 stream_playing=false peak_db=-200.0 mix_rate=48000 latency=0.0880 @ http://localhost:8770/index.js:451
[ 1164383ms] [LOG] MON 1 playing=false pos=0.000 stream_playing=false peak_db=-200.0 mix_rate=48000 latency=0.0880 @ http://localhost:8770/index.js:451
[ 1164633ms] [LOG] MON 1 playing=false pos=0.000 stream_playing=false peak_db=-200.0 mix_rate=48000 latency=0.0880 @ http://localhost:8770/index.js:451
[ 1164884ms] [LOG] MON 1 playing=false pos=0.000 stream_playing=false peak_db=-200.0 mix_rate=48000 latency=0.0880 @ http://localhost:8770/index.js:451
[ 1165132ms] [LOG] MON 1 playing=false pos=0.000 stream_playing=false peak_db=-200.0 mix_rate=48000 latency=0.0880 @ http://localhost:8770/index.js:451
[ 1165384ms] [LOG] MON 1 playing=false pos=0.000 stream_playing=false peak_db=-200.0 mix_rate=48000 latency=0.0880 @ http://localhost:8770/index.js:451
[ 1165633ms] [LOG] MON 1 playing=false pos=0.000 stream_playing=false peak_db=-200.0 mix_rate=48000 latency=0.0880 @ http://localhost:8770/index.js:451
[ 1165883ms] [LOG] MON 1 playing=false pos=0.000 stream_playing=false peak_db=-200.0 mix_rate=48000 latency=0.0880 @ http://localhost:8770/index.js:451
[ 1166133ms] [LOG] MON 1 playing=false pos=0.000 stream_playing=false peak_db=-200.0 mix_rate=48000 latency=0.0880 @ http://localhost:8770/index.js:451
[ 1166381ms] [LOG] MON 1 playing=false pos=0.000 stream_playing=false peak_db=-200.0 mix_rate=48000 latency=0.0880 @ http://localhost:8770/index.js:451
[ 1166632ms] [LOG] MON 1 playing=false pos=0.000 stream_playing=false peak_db=-200.0 mix_rate=48000 latency=0.0880 @ http://localhost:8770/index.js:451
[ 1166882ms] [LOG] MON 1 playing=false pos=0.000 stream_playing=false peak_db=-200.0 mix_rate=48000 latency=0.0880 @ http://localhost:8770/index.js:451
[ 1167133ms] [LOG] MON 1 playing=false pos=0.000 stream_playing=false peak_db=-200.0 mix_rate=48000 latency=0.0880 @ http://localhost:8770/index.js:451
[ 1167381ms] [LOG] MON 1 playing=false pos=0.000 stream_playing=false peak_db=-200.0 mix_rate=48000 latency=0.0880 @ http://localhost:8770/index.js:451
[ 1167632ms] [LOG] MON 1 playing=false pos=0.000 stream_playing=false peak_db=-200.0 mix_rate=48000 latency=0.0880 @ http://localhost:8770/index.js:451
[ 1167883ms] [LOG] MON 1 playing=false pos=0.000 stream_playing=false peak_db=-200.0 mix_rate=48000 latency=0.0880 @ http://localhost:8770/index.js:451
[ 1168132ms] [LOG] MON 1 playing=false pos=0.000 stream_playing=false peak_db=-200.0 mix_rate=48000 latency=0.0880 @ http://localhost:8770/index.js:451
[ 1168383ms] [LOG] MON 1 playing=false pos=0.000 stream_playing=false peak_db=-200.0 mix_rate=48000 latency=0.0880 @ http://localhost:8770/index.js:451
[ 1168634ms] [LOG] MON 1 playing=false pos=0.000 stream_playing=false peak_db=-200.0 mix_rate=48000 latency=0.0880 @ http://localhost:8770/index.js:451
[ 1168881ms] [LOG] MON 1 playing=false pos=0.000 stream_playing=false peak_db=-200.0 mix_rate=48000 latency=0.0880 @ http://localhost:8770/index.js:451
[ 1169133ms] [LOG] MON 1 playing=false pos=0.000 stream_playing=false peak_db=-200.0 mix_rate=48000 latency=0.0880 @ http://localhost:8770/index.js:451
[ 1169384ms] [LOG] MON 1 playing=false pos=0.000 stream_playing=false peak_db=-200.0 mix_rate=48000 latency=0.0880 @ http://localhost:8770/index.js:451
[ 1169633ms] [LOG] MON 1 playing=false pos=0.000 stream_playing=false peak_db=-200.0 mix_rate=48000 latency=0.0880 @ http://localhost:8770/index.js:451
[ 1169884ms] [LOG] MON 1 playing=false pos=0.000 stream_playing=false peak_db=-200.0 mix_rate=48000 latency=0.0880 @ http://localhost:8770/index.js:451
[ 1170133ms] [LOG] MON 1 playing=false pos=0.000 stream_playing=false peak_db=-200.0 mix_rate=48000 latency=0.0880 @ http://localhost:8770/index.js:451
[ 1170382ms] [LOG] MON 1 playing=false pos=0.000 stream_playing=false peak_db=-200.0 mix_rate=48000 latency=0.0880 @ http://localhost:8770/index.js:451
[ 1170631ms] [LOG] MON 1 playing=false pos=0.000 stream_playing=false peak_db=-200.0 mix_rate=48000 latency=0.0880 @ http://localhost:8770/index.js:451
[ 1170884ms] [LOG] MON 1 playing=false pos=0.000 stream_playing=false peak_db=-200.0 mix_rate=48000 latency=0.0880 @ http://localhost:8770/index.js:451
[ 1171134ms] [LOG] MON 1 playing=false pos=0.000 stream_playing=false peak_db=-200.0 mix_rate=48000 latency=0.0880 @ http://localhost:8770/index.js:451
[ 1171382ms] [LOG] MON 1 playing=false pos=0.000 stream_playing=false peak_db=-200.0 mix_rate=48000 latency=0.0880 @ http://localhost:8770/index.js:451
[ 1171633ms] [LOG] MON 1 playing=false pos=0.000 stream_playing=false peak_db=-200.0 mix_rate=48000 latency=0.0880 @ http://localhost:8770/index.js:451
[ 1171885ms] [LOG] MON 1 playing=false pos=0.000 stream_playing=false peak_db=-200.0 mix_rate=48000 latency=0.0880 @ http://localhost:8770/index.js:451
[ 1172132ms] [LOG] MON 1 playing=false pos=0.000 stream_playing=false peak_db=-200.0 mix_rate=48000 latency=0.0880 @ http://localhost:8770/index.js:451
[ 1172383ms] [LOG] MON 1 playing=false pos=0.000 stream_playing=false peak_db=-200.0 mix_rate=48000 latency=0.0880 @ http://localhost:8770/index.js:451
[ 1172634ms] [LOG] MON 1 playing=false pos=0.000 stream_playing=false peak_db=-200.0 mix_rate=48000 latency=0.0880 @ http://localhost:8770/index.js:451
[ 1172883ms] [LOG] MON 1 playing=false pos=0.000 stream_playing=false peak_db=-200.0 mix_rate=48000 latency=0.0880 @ http://localhost:8770/index.js:451
[ 1173133ms] [LOG] MON 1 playing=false pos=0.000 stream_playing=false peak_db=-200.0 mix_rate=48000 latency=0.0880 @ http://localhost:8770/index.js:451
[ 1173385ms] [LOG] MON 1 playing=false pos=0.000 stream_playing=false peak_db=-200.0 mix_rate=48000 latency=0.0880 @ http://localhost:8770/index.js:451
[ 1173631ms] [LOG] MON 1 playing=false pos=0.000 stream_playing=false peak_db=-200.0 mix_rate=48000 latency=0.0880 @ http://localhost:8770/index.js:451
[ 1173883ms] [LOG] MON 1 playing=false pos=0.000 stream_playing=false peak_db=-200.0 mix_rate=48000 latency=0.0880 @ http://localhost:8770/index.js:451
[ 1174135ms] [LOG] MON 1 playing=false pos=0.000 stream_playing=false peak_db=-200.0 mix_rate=48000 latency=0.0880 @ http://localhost:8770/index.js:451
[ 1174381ms] [LOG] MON 1 playing=false pos=0.000 stream_playing=false peak_db=-200.0 mix_rate=48000 latency=0.0880 @ http://localhost:8770/index.js:451
[ 1174633ms] [LOG] MON 1 playing=false pos=0.000 stream_playing=false peak_db=-200.0 mix_rate=48000 latency=0.0880 @ http://localhost:8770/index.js:451
[ 1174885ms] [LOG] MON 1 playing=false pos=0.000 stream_playing=false peak_db=-200.0 mix_rate=48000 latency=0.0880 @ http://localhost:8770/index.js:451
[ 1175132ms] [LOG] MON 1 playing=false pos=0.000 stream_playing=false peak_db=-200.0 mix_rate=48000 latency=0.0880 @ http://localhost:8770/index.js:451
[ 1175381ms] [LOG] MON 1 playing=false pos=0.000 stream_playing=false peak_db=-200.0 mix_rate=48000 latency=0.0880 @ http://localhost:8770/index.js:451
[ 1175633ms] [LOG] MON 1 playing=false pos=0.000 stream_playing=false peak_db=-200.0 mix_rate=48000 latency=0.0880 @ http://localhost:8770/index.js:451
[ 1175882ms] [LOG] MON 1 playing=false pos=0.000 stream_playing=false peak_db=-200.0 mix_rate=48000 latency=0.0880 @ http://localhost:8770/index.js:451
[ 1176131ms] [LOG] MON 1 playing=false pos=0.000 stream_playing=false peak_db=-200.0 mix_rate=48000 latency=0.0880 @ http://localhost:8770/index.js:451
[ 1176383ms] [LOG] MON 1 playing=false pos=0.000 stream_playing=false peak_db=-200.0 mix_rate=48000 latency=0.0880 @ http://localhost:8770/index.js:451
[ 1176633ms] [LOG] MON 1 playing=false pos=0.000 stream_playing=false peak_db=-200.0 mix_rate=48000 latency=0.0880 @ http://localhost:8770/index.js:451
[ 1176885ms] [LOG] MON 1 playing=false pos=0.000 stream_playing=false peak_db=-200.0 mix_rate=48000 latency=0.0880 @ http://localhost:8770/index.js:451
[ 1177132ms] [LOG] MON 1 playing=false pos=0.000 stream_playing=false peak_db=-200.0 mix_rate=48000 latency=0.0880 @ http://localhost:8770/index.js:451
[ 1177383ms] [LOG] MON 1 playing=false pos=0.000 stream_playing=false peak_db=-200.0 mix_rate=48000 latency=0.0880 @ http://localhost:8770/index.js:451
[ 1177632ms] [LOG] MON 1 playing=false pos=0.000 stream_playing=false peak_db=-200.0 mix_rate=48000 latency=0.0880 @ http://localhost:8770/index.js:451
[ 1177883ms] [LOG] MON 1 playing=false pos=0.000 stream_playing=false peak_db=-200.0 mix_rate=48000 latency=0.0880 @ http://localhost:8770/index.js:451
[ 1178131ms] [LOG] MON 1 playing=false pos=0.000 stream_playing=false peak_db=-200.0 mix_rate=48000 latency=0.0880 @ http://localhost:8770/index.js:451
[ 1178382ms] [LOG] MON 1 playing=false pos=0.000 stream_playing=false peak_db=-200.0 mix_rate=48000 latency=0.0880 @ http://localhost:8770/index.js:451
[ 1178632ms] [LOG] MON 1 playing=false pos=0.000 stream_playing=false peak_db=-200.0 mix_rate=48000 latency=0.0880 @ http://localhost:8770/index.js:451
[ 1178884ms] [LOG] MON 1 playing=false pos=0.000 stream_playing=false peak_db=-200.0 mix_rate=48000 latency=0.0880 @ http://localhost:8770/index.js:451
[ 1179133ms] [LOG] MON 1 playing=false pos=0.000 stream_playing=false peak_db=-200.0 mix_rate=48000 latency=0.0880 @ http://localhost:8770/index.js:451
[ 1179383ms] [LOG] MON 1 playing=false pos=0.000 stream_playing=false peak_db=-200.0 mix_rate=48000 latency=0.0880 @ http://localhost:8770/index.js:451
[ 1179633ms] [LOG] MON 1 playing=false pos=0.000 stream_playing=false peak_db=-200.0 mix_rate=48000 latency=0.0880 @ http://localhost:8770/index.js:451
[ 1179881ms] [LOG] MON 1 playing=false pos=0.000 stream_playing=false peak_db=-200.0 mix_rate=48000 latency=0.0880 @ http://localhost:8770/index.js:451
[ 1180132ms] [LOG] MON 1 playing=false pos=0.000 stream_playing=false peak_db=-200.0 mix_rate=48000 latency=0.0880 @ http://localhost:8770/index.js:451
[ 1180382ms] [LOG] MON 1 playing=false pos=0.000 stream_playing=false peak_db=-200.0 mix_rate=48000 latency=0.0880 @ http://localhost:8770/index.js:451
[ 1180632ms] [LOG] MON 1 playing=false pos=0.000 stream_playing=false peak_db=-200.0 mix_rate=48000 latency=0.0880 @ http://localhost:8770/index.js:451
[ 1180883ms] [LOG] MON 1 playing=false pos=0.000 stream_playing=false peak_db=-200.0 mix_rate=48000 latency=0.0880 @ http://localhost:8770/index.js:451
[ 1181133ms] [LOG] MON 1 playing=false pos=0.000 stream_playing=false peak_db=-200.0 mix_rate=48000 latency=0.0880 @ http://localhost:8770/index.js:451
[ 1181384ms] [LOG] MON 1 playing=false pos=0.000 stream_playing=false peak_db=-200.0 mix_rate=48000 latency=0.0880 @ http://localhost:8770/index.js:451
[ 1181634ms] [LOG] MON 1 playing=false pos=0.000 stream_playing=false peak_db=-200.0 mix_rate=48000 latency=0.0880 @ http://localhost:8770/index.js:451
[ 1181883ms] [LOG] MON 1 playing=false pos=0.000 stream_playing=false peak_db=-200.0 mix_rate=48000 latency=0.0880 @ http://localhost:8770/index.js:451
[ 1182132ms] [LOG] MON 1 playing=false pos=0.000 stream_playing=false peak_db=-200.0 mix_rate=48000 latency=0.0880 @ http://localhost:8770/index.js:451
[ 1182383ms] [LOG] MON 1 playing=false pos=0.000 stream_playing=false peak_db=-200.0 mix_rate=48000 latency=0.0880 @ http://localhost:8770/index.js:451
[ 1182633ms] [LOG] MON 1 playing=false pos=0.000 stream_playing=false peak_db=-200.0 mix_rate=48000 latency=0.0880 @ http://localhost:8770/index.js:451
[ 1182882ms] [LOG] MON 1 playing=false pos=0.000 stream_playing=false peak_db=-200.0 mix_rate=48000 latency=0.0880 @ http://localhost:8770/index.js:451
[ 1183132ms] [LOG] MON 1 playing=false pos=0.000 stream_playing=false peak_db=-200.0 mix_rate=48000 latency=0.0880 @ http://localhost:8770/index.js:451
[ 1183383ms] [LOG] MON 1 playing=false pos=0.000 stream_playing=false peak_db=-200.0 mix_rate=48000 latency=0.0880 @ http://localhost:8770/index.js:451
[ 1183633ms] [LOG] MON 1 playing=false pos=0.000 stream_playing=false peak_db=-200.0 mix_rate=48000 latency=0.0880 @ http://localhost:8770/index.js:451
[ 1183884ms] [LOG] MON 1 playing=false pos=0.000 stream_playing=false peak_db=-200.0 mix_rate=48000 latency=0.0880 @ http://localhost:8770/index.js:451
[ 1184133ms] [LOG] MON 1 playing=false pos=0.000 stream_playing=false peak_db=-200.0 mix_rate=48000 latency=0.0880 @ http://localhost:8770/index.js:451
[ 1184381ms] [LOG] MON 1 playing=false pos=0.000 stream_playing=false peak_db=-200.0 mix_rate=48000 latency=0.0880 @ http://localhost:8770/index.js:451
[ 1184632ms] [LOG] MON 1 playing=false pos=0.000 stream_playing=false peak_db=-200.0 mix_rate=48000 latency=0.0880 @ http://localhost:8770/index.js:451
[ 1184882ms] [LOG] MON 1 playing=false pos=0.000 stream_playing=false peak_db=-200.0 mix_rate=48000 latency=0.0880 @ http://localhost:8770/index.js:451
[ 1185133ms] [LOG] MON 1 playing=false pos=0.000 stream_playing=false peak_db=-200.0 mix_rate=48000 latency=0.0880 @ http://localhost:8770/index.js:451
[ 1185384ms] [LOG] MON 1 playing=false pos=0.000 stream_playing=false peak_db=-200.0 mix_rate=48000 latency=0.0880 @ http://localhost:8770/index.js:451
[ 1185633ms] [LOG] MON 1 playing=false pos=0.000 stream_playing=false peak_db=-200.0 mix_rate=48000 latency=0.0880 @ http://localhost:8770/index.js:451
[ 1185883ms] [LOG] MON 1 playing=false pos=0.000 stream_playing=false peak_db=-200.0 mix_rate=48000 latency=0.0880 @ http://localhost:8770/index.js:451
[ 1186133ms] [LOG] MON 1 playing=false pos=0.000 stream_playing=false peak_db=-200.0 mix_rate=48000 latency=0.0880 @ http://localhost:8770/index.js:451
[ 1186382ms] [LOG] MON 1 playing=false pos=0.000 stream_playing=false peak_db=-200.0 mix_rate=48000 latency=0.0880 @ http://localhost:8770/index.js:451
[ 1186632ms] [LOG] MON 1 playing=false pos=0.000 stream_playing=false peak_db=-200.0 mix_rate=48000 latency=0.0880 @ http://localhost:8770/index.js:451
[ 1186883ms] [LOG] MON 1 playing=false pos=0.000 stream_playing=false peak_db=-200.0 mix_rate=48000 latency=0.0880 @ http://localhost:8770/index.js:451
[ 1187133ms] [LOG] MON 1 playing=false pos=0.000 stream_playing=false peak_db=-200.0 mix_rate=48000 latency=0.0880 @ http://localhost:8770/index.js:451
[ 1187382ms] [LOG] MON 1 playing=false pos=0.000 stream_playing=false peak_db=-200.0 mix_rate=48000 latency=0.0880 @ http://localhost:8770/index.js:451
[ 1187633ms] [LOG] MON 1 playing=false pos=0.000 stream_playing=false peak_db=-200.0 mix_rate=48000 latency=0.0880 @ http://localhost:8770/index.js:451
[ 1187884ms] [LOG] MON 1 playing=false pos=0.000 stream_playing=false peak_db=-200.0 mix_rate=48000 latency=0.0880 @ http://localhost:8770/index.js:451
[ 1188134ms] [LOG] MON 1 playing=false pos=0.000 stream_playing=false peak_db=-200.0 mix_rate=48000 latency=0.0880 @ http://localhost:8770/index.js:451
[ 1188382ms] [LOG] MON 1 playing=false pos=0.000 stream_playing=false peak_db=-200.0 mix_rate=48000 latency=0.0880 @ http://localhost:8770/index.js:451
[ 1188657ms] [LOG] MON 1 playing=false pos=0.000 stream_playing=false peak_db=-200.0 mix_rate=48000 latency=0.0880 @ http://localhost:8770/index.js:451
[ 1188883ms] [LOG] MON 1 playing=false pos=0.000 stream_playing=false peak_db=-200.0 mix_rate=48000 latency=0.0880 @ http://localhost:8770/index.js:451
[ 1189132ms] [LOG] MON 1 playing=false pos=0.000 stream_playing=false peak_db=-200.0 mix_rate=48000 latency=0.0880 @ http://localhost:8770/index.js:451
[ 1189381ms] [LOG] MON 1 playing=false pos=0.000 stream_playing=false peak_db=-200.0 mix_rate=48000 latency=0.0880 @ http://localhost:8770/index.js:451
[ 1189634ms] [LOG] MON 1 playing=false pos=0.000 stream_playing=false peak_db=-200.0 mix_rate=48000 latency=0.0880 @ http://localhost:8770/index.js:451
[ 1189883ms] [LOG] MON 1 playing=false pos=0.000 stream_playing=false peak_db=-200.0 mix_rate=48000 latency=0.0880 @ http://localhost:8770/index.js:451
[ 1190133ms] [LOG] MON 1 playing=false pos=0.000 stream_playing=false peak_db=-200.0 mix_rate=48000 latency=0.0880 @ http://localhost:8770/index.js:451
[ 1190382ms] [LOG] MON 1 playing=false pos=0.000 stream_playing=false peak_db=-200.0 mix_rate=48000 latency=0.0880 @ http://localhost:8770/index.js:451
[ 1190632ms] [LOG] MON 1 playing=false pos=0.000 stream_playing=false peak_db=-200.0 mix_rate=48000 latency=0.0880 @ http://localhost:8770/index.js:451
[ 1190883ms] [LOG] MON 1 playing=false pos=0.000 stream_playing=false peak_db=-200.0 mix_rate=48000 latency=0.0880 @ http://localhost:8770/index.js:451
[ 1191132ms] [LOG] MON 1 playing=false pos=0.000 stream_playing=false peak_db=-200.0 mix_rate=48000 latency=0.0880 @ http://localhost:8770/index.js:451
[ 1191384ms] [LOG] MON 1 playing=false pos=0.000 stream_playing=false peak_db=-200.0 mix_rate=48000 latency=0.0880 @ http://localhost:8770/index.js:451
[ 1191632ms] [LOG] MON 1 playing=false pos=0.000 stream_playing=false peak_db=-200.0 mix_rate=48000 latency=0.0880 @ http://localhost:8770/index.js:451
[ 1191882ms] [LOG] MON 1 playing=false pos=0.000 stream_playing=false peak_db=-200.0 mix_rate=48000 latency=0.0880 @ http://localhost:8770/index.js:451
[ 1192132ms] [LOG] MON 1 playing=false pos=0.000 stream_playing=false peak_db=-200.0 mix_rate=48000 latency=0.0880 @ http://localhost:8770/index.js:451
[ 1192382ms] [LOG] MON 1 playing=false pos=0.000 stream_playing=false peak_db=-200.0 mix_rate=48000 latency=0.0880 @ http://localhost:8770/index.js:451
[ 1192633ms] [LOG] MON 1 playing=false pos=0.000 stream_playing=false peak_db=-200.0 mix_rate=48000 latency=0.0880 @ http://localhost:8770/index.js:451
[ 1192884ms] [LOG] MON 1 playing=false pos=0.000 stream_playing=false peak_db=-200.0 mix_rate=48000 latency=0.0880 @ http://localhost:8770/index.js:451
[ 1193132ms] [LOG] MON 1 playing=false pos=0.000 stream_playing=false peak_db=-200.0 mix_rate=48000 latency=0.0880 @ http://localhost:8770/index.js:451
[ 1193382ms] [LOG] MON 1 playing=false pos=0.000 stream_playing=false peak_db=-200.0 mix_rate=48000 latency=0.0880 @ http://localhost:8770/index.js:451
[ 1193632ms] [LOG] MON 1 playing=false pos=0.000 stream_playing=false peak_db=-200.0 mix_rate=48000 latency=0.0880 @ http://localhost:8770/index.js:451
[ 1193882ms] [LOG] MON 1 playing=false pos=0.000 stream_playing=false peak_db=-200.0 mix_rate=48000 latency=0.0880 @ http://localhost:8770/index.js:451
[ 1194132ms] [LOG] MON 1 playing=false pos=0.000 stream_playing=false peak_db=-200.0 mix_rate=48000 latency=0.0880 @ http://localhost:8770/index.js:451
[ 1194382ms] [LOG] MON 1 playing=false pos=0.000 stream_playing=false peak_db=-200.0 mix_rate=48000 latency=0.0880 @ http://localhost:8770/index.js:451
[ 1194631ms] [LOG] MON 1 playing=false pos=0.000 stream_playing=false peak_db=-200.0 mix_rate=48000 latency=0.0880 @ http://localhost:8770/index.js:451
[ 1194882ms] [LOG] MON 1 playing=false pos=0.000 stream_playing=false peak_db=-200.0 mix_rate=48000 latency=0.0880 @ http://localhost:8770/index.js:451
[ 1195132ms] [LOG] MON 1 playing=false pos=0.000 stream_playing=false peak_db=-200.0 mix_rate=48000 latency=0.0880 @ http://localhost:8770/index.js:451
[ 1195382ms] [LOG] MON 1 playing=false pos=0.000 stream_playing=false peak_db=-200.0 mix_rate=48000 latency=0.0880 @ http://localhost:8770/index.js:451
[ 1195633ms] [LOG] MON 1 playing=false pos=0.000 stream_playing=false peak_db=-200.0 mix_rate=48000 latency=0.0880 @ http://localhost:8770/index.js:451
[ 1195882ms] [LOG] MON 1 playing=false pos=0.000 stream_playing=false peak_db=-200.0 mix_rate=48000 latency=0.0880 @ http://localhost:8770/index.js:451
[ 1196134ms] [LOG] MON 1 playing=false pos=0.000 stream_playing=false peak_db=-200.0 mix_rate=48000 latency=0.0880 @ http://localhost:8770/index.js:451
[ 1196385ms] [LOG] MON 1 playing=false pos=0.000 stream_playing=false peak_db=-200.0 mix_rate=48000 latency=0.0880 @ http://localhost:8770/index.js:451
[ 1196631ms] [LOG] MON 1 playing=false pos=0.000 stream_playing=false peak_db=-200.0 mix_rate=48000 latency=0.0880 @ http://localhost:8770/index.js:451
[ 1196881ms] [LOG] MON 1 playing=false pos=0.000 stream_playing=false peak_db=-200.0 mix_rate=48000 latency=0.0880 @ http://localhost:8770/index.js:451
[ 1197133ms] [LOG] MON 1 playing=false pos=0.000 stream_playing=false peak_db=-200.0 mix_rate=48000 latency=0.0880 @ http://localhost:8770/index.js:451
[ 1197382ms] [LOG] MON 1 playing=false pos=0.000 stream_playing=false peak_db=-200.0 mix_rate=48000 latency=0.0880 @ http://localhost:8770/index.js:451
[ 1197631ms] [LOG] MON 1 playing=false pos=0.000 stream_playing=false peak_db=-200.0 mix_rate=48000 latency=0.0880 @ http://localhost:8770/index.js:451
[ 1197883ms] [LOG] MON 1 playing=false pos=0.000 stream_playing=false peak_db=-200.0 mix_rate=48000 latency=0.0880 @ http://localhost:8770/index.js:451
[ 1198133ms] [LOG] MON 1 playing=false pos=0.000 stream_playing=false peak_db=-200.0 mix_rate=48000 latency=0.0880 @ http://localhost:8770/index.js:451
[ 1198383ms] [LOG] MON 1 playing=false pos=0.000 stream_playing=false peak_db=-200.0 mix_rate=48000 latency=0.0880 @ http://localhost:8770/index.js:451
[ 1198631ms] [LOG] MON 1 playing=false pos=0.000 stream_playing=false peak_db=-200.0 mix_rate=48000 latency=0.0880 @ http://localhost:8770/index.js:451
[ 1198883ms] [LOG] MON 1 playing=false pos=0.000 stream_playing=false peak_db=-200.0 mix_rate=48000 latency=0.0880 @ http://localhost:8770/index.js:451
[ 1199132ms] [LOG] MON 1 playing=false pos=0.000 stream_playing=false peak_db=-200.0 mix_rate=48000 latency=0.0880 @ http://localhost:8770/index.js:451
[ 1199381ms] [LOG] MON 1 playing=false pos=0.000 stream_playing=false peak_db=-200.0 mix_rate=48000 latency=0.0880 @ http://localhost:8770/index.js:451
[ 1199633ms] [LOG] MON 1 playing=false pos=0.000 stream_playing=false peak_db=-200.0 mix_rate=48000 latency=0.0880 @ http://localhost:8770/index.js:451
[ 1199882ms] [LOG] MON 1 playing=false pos=0.000 stream_playing=false peak_db=-200.0 mix_rate=48000 latency=0.0880 @ http://localhost:8770/index.js:451
[ 1200132ms] [LOG] MON 1 playing=false pos=0.000 stream_playing=false peak_db=-200.0 mix_rate=48000 latency=0.0880 @ http://localhost:8770/index.js:451
[ 1200382ms] [LOG] MON 1 playing=false pos=0.000 stream_playing=false peak_db=-200.0 mix_rate=48000 latency=0.0880 @ http://localhost:8770/index.js:451
[ 1200632ms] [LOG] MON 1 playing=false pos=0.000 stream_playing=false peak_db=-200.0 mix_rate=48000 latency=0.0880 @ http://localhost:8770/index.js:451
[ 1200881ms] [LOG] MON 1 playing=false pos=0.000 stream_playing=false peak_db=-200.0 mix_rate=48000 latency=0.0880 @ http://localhost:8770/index.js:451
[ 1201132ms] [LOG] MON 1 playing=false pos=0.000 stream_playing=false peak_db=-200.0 mix_rate=48000 latency=0.0880 @ http://localhost:8770/index.js:451
[ 1201381ms] [LOG] MON 1 playing=false pos=0.000 stream_playing=false peak_db=-200.0 mix_rate=48000 latency=0.0880 @ http://localhost:8770/index.js:451
[ 1201632ms] [LOG] MON 1 playing=false pos=0.000 stream_playing=false peak_db=-200.0 mix_rate=48000 latency=0.0880 @ http://localhost:8770/index.js:451
[ 1201883ms] [LOG] MON 1 playing=false pos=0.000 stream_playing=false peak_db=-200.0 mix_rate=48000 latency=0.0880 @ http://localhost:8770/index.js:451
[ 1202134ms] [LOG] MON 1 playing=false pos=0.000 stream_playing=false peak_db=-200.0 mix_rate=48000 latency=0.0880 @ http://localhost:8770/index.js:451
[ 1202384ms] [LOG] MON 1 playing=false pos=0.000 stream_playing=false peak_db=-200.0 mix_rate=48000 latency=0.0880 @ http://localhost:8770/index.js:451
[ 1202632ms] [LOG] MON 1 playing=false pos=0.000 stream_playing=false peak_db=-200.0 mix_rate=48000 latency=0.0880 @ http://localhost:8770/index.js:451
[ 1202882ms] [LOG] MON 1 playing=false pos=0.000 stream_playing=false peak_db=-200.0 mix_rate=48000 latency=0.0880 @ http://localhost:8770/index.js:451
[ 1203133ms] [LOG] MON 1 playing=false pos=0.000 stream_playing=false peak_db=-200.0 mix_rate=48000 latency=0.0880 @ http://localhost:8770/index.js:451
[ 1203383ms] [LOG] MON 1 playing=false pos=0.000 stream_playing=false peak_db=-200.0 mix_rate=48000 latency=0.0880 @ http://localhost:8770/index.js:451
[ 1203632ms] [LOG] MON 1 playing=false pos=0.000 stream_playing=false peak_db=-200.0 mix_rate=48000 latency=0.0880 @ http://localhost:8770/index.js:451
[ 1203882ms] [LOG] MON 1 playing=false pos=0.000 stream_playing=false peak_db=-200.0 mix_rate=48000 latency=0.0880 @ http://localhost:8770/index.js:451
[ 1204132ms] [LOG] MON 1 playing=false pos=0.000 stream_playing=false peak_db=-200.0 mix_rate=48000 latency=0.0880 @ http://localhost:8770/index.js:451
[ 1204383ms] [LOG] MON 1 playing=false pos=0.000 stream_playing=false peak_db=-200.0 mix_rate=48000 latency=0.0880 @ http://localhost:8770/index.js:451
[ 1204632ms] [LOG] MON 1 playing=false pos=0.000 stream_playing=false peak_db=-200.0 mix_rate=48000 latency=0.0880 @ http://localhost:8770/index.js:451
[ 1204881ms] [LOG] MON 1 playing=false pos=0.000 stream_playing=false peak_db=-200.0 mix_rate=48000 latency=0.0880 @ http://localhost:8770/index.js:451
[ 1205132ms] [LOG] MON 1 playing=false pos=0.000 stream_playing=false peak_db=-200.0 mix_rate=48000 latency=0.0880 @ http://localhost:8770/index.js:451
[ 1205383ms] [LOG] MON 1 playing=false pos=0.000 stream_playing=false peak_db=-200.0 mix_rate=48000 latency=0.0880 @ http://localhost:8770/index.js:451
[ 1205631ms] [LOG] MON 1 playing=false pos=0.000 stream_playing=false peak_db=-200.0 mix_rate=48000 latency=0.0880 @ http://localhost:8770/index.js:451
[ 1205883ms] [LOG] MON 1 playing=false pos=0.000 stream_playing=false peak_db=-200.0 mix_rate=48000 latency=0.0880 @ http://localhost:8770/index.js:451
[ 1206133ms] [LOG] MON 1 playing=false pos=0.000 stream_playing=false peak_db=-200.0 mix_rate=48000 latency=0.0880 @ http://localhost:8770/index.js:451
[ 1206382ms] [LOG] MON 1 playing=false pos=0.000 stream_playing=false peak_db=-200.0 mix_rate=48000 latency=0.0880 @ http://localhost:8770/index.js:451
[ 1206633ms] [LOG] MON 1 playing=false pos=0.000 stream_playing=false peak_db=-200.0 mix_rate=48000 latency=0.0880 @ http://localhost:8770/index.js:451
[ 1206883ms] [LOG] MON 1 playing=false pos=0.000 stream_playing=false peak_db=-200.0 mix_rate=48000 latency=0.0880 @ http://localhost:8770/index.js:451
[ 1207135ms] [LOG] MON 1 playing=false pos=0.000 stream_playing=false peak_db=-200.0 mix_rate=48000 latency=0.0880 @ http://localhost:8770/index.js:451
[ 1207384ms] [LOG] MON 1 playing=false pos=0.000 stream_playing=false peak_db=-200.0 mix_rate=48000 latency=0.0880 @ http://localhost:8770/index.js:451
[ 1207631ms] [LOG] MON 1 playing=false pos=0.000 stream_playing=false peak_db=-200.0 mix_rate=48000 latency=0.0880 @ http://localhost:8770/index.js:451
[ 1207882ms] [LOG] MON 1 playing=false pos=0.000 stream_playing=false peak_db=-200.0 mix_rate=48000 latency=0.0880 @ http://localhost:8770/index.js:451
[ 1208132ms] [LOG] MON 1 playing=false pos=0.000 stream_playing=false peak_db=-200.0 mix_rate=48000 latency=0.0880 @ http://localhost:8770/index.js:451
[ 1208382ms] [LOG] MON 1 playing=false pos=0.000 stream_playing=false peak_db=-200.0 mix_rate=48000 latency=0.0880 @ http://localhost:8770/index.js:451
[ 1208633ms] [LOG] MON 1 playing=false pos=0.000 stream_playing=false peak_db=-200.0 mix_rate=48000 latency=0.0880 @ http://localhost:8770/index.js:451
[ 1208883ms] [LOG] MON 1 playing=false pos=0.000 stream_playing=false peak_db=-200.0 mix_rate=48000 latency=0.0880 @ http://localhost:8770/index.js:451
[ 1209132ms] [LOG] MON 1 playing=false pos=0.000 stream_playing=false peak_db=-200.0 mix_rate=48000 latency=0.0880 @ http://localhost:8770/index.js:451
[ 1209383ms] [LOG] MON 1 playing=false pos=0.000 stream_playing=false peak_db=-200.0 mix_rate=48000 latency=0.0880 @ http://localhost:8770/index.js:451
[ 1209631ms] [LOG] MON 1 playing=false pos=0.000 stream_playing=false peak_db=-200.0 mix_rate=48000 latency=0.0880 @ http://localhost:8770/index.js:451
[ 1209883ms] [LOG] MON 1 playing=false pos=0.000 stream_playing=false peak_db=-200.0 mix_rate=48000 latency=0.0880 @ http://localhost:8770/index.js:451
[ 1210136ms] [LOG] MON 1 playing=false pos=0.000 stream_playing=false peak_db=-200.0 mix_rate=48000 latency=0.0880 @ http://localhost:8770/index.js:451
[ 1210383ms] [LOG] MON 1 playing=false pos=0.000 stream_playing=false peak_db=-200.0 mix_rate=48000 latency=0.0880 @ http://localhost:8770/index.js:451
[ 1210632ms] [LOG] MON 1 playing=false pos=0.000 stream_playing=false peak_db=-200.0 mix_rate=48000 latency=0.0880 @ http://localhost:8770/index.js:451
[ 1210882ms] [LOG] MON 1 playing=false pos=0.000 stream_playing=false peak_db=-200.0 mix_rate=48000 latency=0.0880 @ http://localhost:8770/index.js:451
[ 1211133ms] [LOG] MON 1 playing=false pos=0.000 stream_playing=false peak_db=-200.0 mix_rate=48000 latency=0.0880 @ http://localhost:8770/index.js:451
[ 1211382ms] [LOG] MON 1 playing=false pos=0.000 stream_playing=false peak_db=-200.0 mix_rate=48000 latency=0.0880 @ http://localhost:8770/index.js:451
[ 1211631ms] [LOG] MON 1 playing=false pos=0.000 stream_playing=false peak_db=-200.0 mix_rate=48000 latency=0.0880 @ http://localhost:8770/index.js:451
[ 1211881ms] [LOG] MON 1 playing=false pos=0.000 stream_playing=false peak_db=-200.0 mix_rate=48000 latency=0.0880 @ http://localhost:8770/index.js:451
[ 1212133ms] [LOG] MON 1 playing=false pos=0.000 stream_playing=false peak_db=-200.0 mix_rate=48000 latency=0.0880 @ http://localhost:8770/index.js:451
[ 1212382ms] [LOG] MON 1 playing=false pos=0.000 stream_playing=false peak_db=-200.0 mix_rate=48000 latency=0.0880 @ http://localhost:8770/index.js:451
[ 1212649ms] [LOG] MON 1 playing=false pos=0.000 stream_playing=false peak_db=-200.0 mix_rate=48000 latency=0.0880 @ http://localhost:8770/index.js:451
[ 1212900ms] [LOG] MON 1 playing=false pos=0.000 stream_playing=false peak_db=-200.0 mix_rate=48000 latency=0.0880 @ http://localhost:8770/index.js:451
[ 1213149ms] [LOG] MON 1 playing=false pos=0.000 stream_playing=false peak_db=-200.0 mix_rate=48000 latency=0.0880 @ http://localhost:8770/index.js:451
[ 1213398ms] [LOG] MON 1 playing=false pos=0.000 stream_playing=false peak_db=-200.0 mix_rate=48000 latency=0.0880 @ http://localhost:8770/index.js:451
[ 1213650ms] [LOG] MON 1 playing=false pos=0.000 stream_playing=false peak_db=-200.0 mix_rate=48000 latency=0.0880 @ http://localhost:8770/index.js:451
[ 1213900ms] [LOG] MON 1 playing=false pos=0.000 stream_playing=false peak_db=-200.0 mix_rate=48000 latency=0.0880 @ http://localhost:8770/index.js:451
[ 1214149ms] [LOG] MON 1 playing=false pos=0.000 stream_playing=false peak_db=-200.0 mix_rate=48000 latency=0.0880 @ http://localhost:8770/index.js:451
[ 1214398ms] [LOG] MON 1 playing=false pos=0.000 stream_playing=false peak_db=-200.0 mix_rate=48000 latency=0.0880 @ http://localhost:8770/index.js:451
[ 1214649ms] [LOG] MON 1 playing=false pos=0.000 stream_playing=false peak_db=-200.0 mix_rate=48000 latency=0.0880 @ http://localhost:8770/index.js:451
[ 1214899ms] [LOG] MON 1 playing=false pos=0.000 stream_playing=false peak_db=-200.0 mix_rate=48000 latency=0.0880 @ http://localhost:8770/index.js:451
[ 1215150ms] [LOG] MON 1 playing=false pos=0.000 stream_playing=false peak_db=-200.0 mix_rate=48000 latency=0.0880 @ http://localhost:8770/index.js:451
[ 1215400ms] [LOG] MON 1 playing=false pos=0.000 stream_playing=false peak_db=-200.0 mix_rate=48000 latency=0.0880 @ http://localhost:8770/index.js:451
[ 1215649ms] [LOG] MON 1 playing=false pos=0.000 stream_playing=false peak_db=-200.0 mix_rate=48000 latency=0.0880 @ http://localhost:8770/index.js:451
[ 1215898ms] [LOG] MON 1 playing=false pos=0.000 stream_playing=false peak_db=-200.0 mix_rate=48000 latency=0.0880 @ http://localhost:8770/index.js:451
[ 1216149ms] [LOG] MON 1 playing=false pos=0.000 stream_playing=false peak_db=-200.0 mix_rate=48000 latency=0.0880 @ http://localhost:8770/index.js:451
[ 1216400ms] [LOG] MON 1 playing=false pos=0.000 stream_playing=false peak_db=-200.0 mix_rate=48000 latency=0.0880 @ http://localhost:8770/index.js:451
[ 1216648ms] [LOG] MON 1 playing=false pos=0.000 stream_playing=false peak_db=-200.0 mix_rate=48000 latency=0.0880 @ http://localhost:8770/index.js:451
[ 1216899ms] [LOG] MON 1 playing=false pos=0.000 stream_playing=false peak_db=-200.0 mix_rate=48000 latency=0.0880 @ http://localhost:8770/index.js:451
[ 1217151ms] [LOG] MON 1 playing=false pos=0.000 stream_playing=false peak_db=-200.0 mix_rate=48000 latency=0.0880 @ http://localhost:8770/index.js:451
[ 1217399ms] [LOG] MON 1 playing=false pos=0.000 stream_playing=false peak_db=-200.0 mix_rate=48000 latency=0.0880 @ http://localhost:8770/index.js:451
[ 1217651ms] [LOG] MON 1 playing=false pos=0.000 stream_playing=false peak_db=-200.0 mix_rate=48000 latency=0.0880 @ http://localhost:8770/index.js:451
[ 1217899ms] [LOG] MON 1 playing=false pos=0.000 stream_playing=false peak_db=-200.0 mix_rate=48000 latency=0.0880 @ http://localhost:8770/index.js:451
[ 1218150ms] [LOG] MON 1 playing=false pos=0.000 stream_playing=false peak_db=-200.0 mix_rate=48000 latency=0.0880 @ http://localhost:8770/index.js:451
[ 1218400ms] [LOG] MON 1 playing=false pos=0.000 stream_playing=false peak_db=-200.0 mix_rate=48000 latency=0.0880 @ http://localhost:8770/index.js:451
[ 1218649ms] [LOG] MON 1 playing=false pos=0.000 stream_playing=false peak_db=-200.0 mix_rate=48000 latency=0.0880 @ http://localhost:8770/index.js:451
[ 1218901ms] [LOG] MON 1 playing=false pos=0.000 stream_playing=false peak_db=-200.0 mix_rate=48000 latency=0.0880 @ http://localhost:8770/index.js:451
[ 1219151ms] [LOG] MON 1 playing=false pos=0.000 stream_playing=false peak_db=-200.0 mix_rate=48000 latency=0.0880 @ http://localhost:8770/index.js:451
[ 1219399ms] [LOG] MON 1 playing=false pos=0.000 stream_playing=false peak_db=-200.0 mix_rate=48000 latency=0.0880 @ http://localhost:8770/index.js:451
[ 1219650ms] [LOG] MON 1 playing=false pos=0.000 stream_playing=false peak_db=-200.0 mix_rate=48000 latency=0.0880 @ http://localhost:8770/index.js:451
[ 1219900ms] [LOG] MON 1 playing=false pos=0.000 stream_playing=false peak_db=-200.0 mix_rate=48000 latency=0.0880 @ http://localhost:8770/index.js:451
[ 1220151ms] [LOG] MON 1 playing=false pos=0.000 stream_playing=false peak_db=-200.0 mix_rate=48000 latency=0.0880 @ http://localhost:8770/index.js:451
[ 1220399ms] [LOG] MON 1 playing=false pos=0.000 stream_playing=false peak_db=-200.0 mix_rate=48000 latency=0.0880 @ http://localhost:8770/index.js:451
[ 1220650ms] [LOG] MON 1 playing=false pos=0.000 stream_playing=false peak_db=-200.0 mix_rate=48000 latency=0.0880 @ http://localhost:8770/index.js:451
[ 1220901ms] [LOG] MON 1 playing=false pos=0.000 stream_playing=false peak_db=-200.0 mix_rate=48000 latency=0.0880 @ http://localhost:8770/index.js:451
[ 1221152ms] [LOG] MON 1 playing=false pos=0.000 stream_playing=false peak_db=-200.0 mix_rate=48000 latency=0.0880 @ http://localhost:8770/index.js:451
[ 1221400ms] [LOG] MON 1 playing=false pos=0.000 stream_playing=false peak_db=-200.0 mix_rate=48000 latency=0.0880 @ http://localhost:8770/index.js:451
[ 1221649ms] [LOG] MON 1 playing=false pos=0.000 stream_playing=false peak_db=-200.0 mix_rate=48000 latency=0.0880 @ http://localhost:8770/index.js:451
[ 1221904ms] [LOG] MON 1 playing=false pos=0.000 stream_playing=false peak_db=-200.0 mix_rate=48000 latency=0.0880 @ http://localhost:8770/index.js:451
[ 1222149ms] [LOG] MON 1 playing=false pos=0.000 stream_playing=false peak_db=-200.0 mix_rate=48000 latency=0.0880 @ http://localhost:8770/index.js:451
[ 1222398ms] [LOG] MON 1 playing=false pos=0.000 stream_playing=false peak_db=-200.0 mix_rate=48000 latency=0.0880 @ http://localhost:8770/index.js:451
[ 1222650ms] [LOG] MON 1 playing=false pos=0.000 stream_playing=false peak_db=-200.0 mix_rate=48000 latency=0.0880 @ http://localhost:8770/index.js:451
[ 1222899ms] [LOG] MON 1 playing=false pos=0.000 stream_playing=false peak_db=-200.0 mix_rate=48000 latency=0.0880 @ http://localhost:8770/index.js:451
[ 1223150ms] [LOG] MON 1 playing=false pos=0.000 stream_playing=false peak_db=-200.0 mix_rate=48000 latency=0.0880 @ http://localhost:8770/index.js:451
[ 1223399ms] [LOG] MON 1 playing=false pos=0.000 stream_playing=false peak_db=-200.0 mix_rate=48000 latency=0.0880 @ http://localhost:8770/index.js:451
[ 1223650ms] [LOG] MON 1 playing=false pos=0.000 stream_playing=false peak_db=-200.0 mix_rate=48000 latency=0.0880 @ http://localhost:8770/index.js:451
[ 1223900ms] [LOG] MON 1 playing=false pos=0.000 stream_playing=false peak_db=-200.0 mix_rate=48000 latency=0.0880 @ http://localhost:8770/index.js:451
[ 1224149ms] [LOG] MON 1 playing=false pos=0.000 stream_playing=false peak_db=-200.0 mix_rate=48000 latency=0.0880 @ http://localhost:8770/index.js:451
[ 1224400ms] [LOG] MON 1 playing=false pos=0.000 stream_playing=false peak_db=-200.0 mix_rate=48000 latency=0.0880 @ http://localhost:8770/index.js:451
[ 1224648ms] [LOG] MON 1 playing=false pos=0.000 stream_playing=false peak_db=-200.0 mix_rate=48000 latency=0.0880 @ http://localhost:8770/index.js:451
[ 1224902ms] [LOG] MON 1 playing=false pos=0.000 stream_playing=false peak_db=-200.0 mix_rate=48000 latency=0.0880 @ http://localhost:8770/index.js:451
[ 1225153ms] [LOG] MON 1 playing=false pos=0.000 stream_playing=false peak_db=-200.0 mix_rate=48000 latency=0.0880 @ http://localhost:8770/index.js:451
[ 1225399ms] [LOG] MON 1 playing=false pos=0.000 stream_playing=false peak_db=-200.0 mix_rate=48000 latency=0.0880 @ http://localhost:8770/index.js:451
[ 1225650ms] [LOG] MON 1 playing=false pos=0.000 stream_playing=false peak_db=-200.0 mix_rate=48000 latency=0.0880 @ http://localhost:8770/index.js:451
[ 1225899ms] [LOG] MON 1 playing=false pos=0.000 stream_playing=false peak_db=-200.0 mix_rate=48000 latency=0.0880 @ http://localhost:8770/index.js:451
[ 1226149ms] [LOG] MON 1 playing=false pos=0.000 stream_playing=false peak_db=-200.0 mix_rate=48000 latency=0.0880 @ http://localhost:8770/index.js:451
[ 1226399ms] [LOG] MON 1 playing=false pos=0.000 stream_playing=false peak_db=-200.0 mix_rate=48000 latency=0.0880 @ http://localhost:8770/index.js:451
[ 1226650ms] [LOG] MON 1 playing=false pos=0.000 stream_playing=false peak_db=-200.0 mix_rate=48000 latency=0.0880 @ http://localhost:8770/index.js:451
[ 1226900ms] [LOG] MON 1 playing=false pos=0.000 stream_playing=false peak_db=-200.0 mix_rate=48000 latency=0.0880 @ http://localhost:8770/index.js:451
[ 1227149ms] [LOG] MON 1 playing=false pos=0.000 stream_playing=false peak_db=-200.0 mix_rate=48000 latency=0.0880 @ http://localhost:8770/index.js:451
[ 1227399ms] [LOG] MON 1 playing=false pos=0.000 stream_playing=false peak_db=-200.0 mix_rate=48000 latency=0.0880 @ http://localhost:8770/index.js:451
[ 1227651ms] [LOG] MON 1 playing=false pos=0.000 stream_playing=false peak_db=-200.0 mix_rate=48000 latency=0.0880 @ http://localhost:8770/index.js:451
[ 1227901ms] [LOG] MON 1 playing=false pos=0.000 stream_playing=false peak_db=-200.0 mix_rate=48000 latency=0.0880 @ http://localhost:8770/index.js:451
[ 1228148ms] [LOG] MON 1 playing=false pos=0.000 stream_playing=false peak_db=-200.0 mix_rate=48000 latency=0.0880 @ http://localhost:8770/index.js:451
[ 1228402ms] [LOG] MON 1 playing=false pos=0.000 stream_playing=false peak_db=-200.0 mix_rate=48000 latency=0.0880 @ http://localhost:8770/index.js:451
[ 1228650ms] [LOG] MON 1 playing=false pos=0.000 stream_playing=false peak_db=-200.0 mix_rate=48000 latency=0.0880 @ http://localhost:8770/index.js:451
[ 1228900ms] [LOG] MON 1 playing=false pos=0.000 stream_playing=false peak_db=-200.0 mix_rate=48000 latency=0.0880 @ http://localhost:8770/index.js:451
[ 1229148ms] [LOG] MON 1 playing=false pos=0.000 stream_playing=false peak_db=-200.0 mix_rate=48000 latency=0.0880 @ http://localhost:8770/index.js:451
[ 1229400ms] [LOG] MON 1 playing=false pos=0.000 stream_playing=false peak_db=-200.0 mix_rate=48000 latency=0.0880 @ http://localhost:8770/index.js:451
[ 1229648ms] [LOG] MON 1 playing=false pos=0.000 stream_playing=false peak_db=-200.0 mix_rate=48000 latency=0.0880 @ http://localhost:8770/index.js:451
[ 1229899ms] [LOG] MON 1 playing=false pos=0.000 stream_playing=false peak_db=-200.0 mix_rate=48000 latency=0.0880 @ http://localhost:8770/index.js:451
[ 1230148ms] [LOG] MON 1 playing=false pos=0.000 stream_playing=false peak_db=-200.0 mix_rate=48000 latency=0.0880 @ http://localhost:8770/index.js:451
[ 1230400ms] [LOG] MON 1 playing=false pos=0.000 stream_playing=false peak_db=-200.0 mix_rate=48000 latency=0.0880 @ http://localhost:8770/index.js:451
[ 1230650ms] [LOG] MON 1 playing=false pos=0.000 stream_playing=false peak_db=-200.0 mix_rate=48000 latency=0.0880 @ http://localhost:8770/index.js:451
[ 1230902ms] [LOG] MON 1 playing=false pos=0.000 stream_playing=false peak_db=-200.0 mix_rate=48000 latency=0.0880 @ http://localhost:8770/index.js:451
[ 1231151ms] [LOG] MON 1 playing=false pos=0.000 stream_playing=false peak_db=-200.0 mix_rate=48000 latency=0.0880 @ http://localhost:8770/index.js:451
[ 1231401ms] [LOG] MON 1 playing=false pos=0.000 stream_playing=false peak_db=-200.0 mix_rate=48000 latency=0.0880 @ http://localhost:8770/index.js:451
[ 1231650ms] [LOG] MON 1 playing=false pos=0.000 stream_playing=false peak_db=-200.0 mix_rate=48000 latency=0.0880 @ http://localhost:8770/index.js:451
[ 1231900ms] [LOG] MON 1 playing=false pos=0.000 stream_playing=false peak_db=-200.0 mix_rate=48000 latency=0.0880 @ http://localhost:8770/index.js:451
[ 1232148ms] [LOG] MON 1 playing=false pos=0.000 stream_playing=false peak_db=-200.0 mix_rate=48000 latency=0.0880 @ http://localhost:8770/index.js:451
[ 1232400ms] [LOG] MON 1 playing=false pos=0.000 stream_playing=false peak_db=-200.0 mix_rate=48000 latency=0.0880 @ http://localhost:8770/index.js:451
[ 1232650ms] [LOG] MON 1 playing=false pos=0.000 stream_playing=false peak_db=-200.0 mix_rate=48000 latency=0.0880 @ http://localhost:8770/index.js:451
[ 1232899ms] [LOG] MON 1 playing=false pos=0.000 stream_playing=false peak_db=-200.0 mix_rate=48000 latency=0.0880 @ http://localhost:8770/index.js:451
[ 1233150ms] [LOG] MON 1 playing=false pos=0.000 stream_playing=false peak_db=-200.0 mix_rate=48000 latency=0.0880 @ http://localhost:8770/index.js:451
[ 1233401ms] [LOG] MON 1 playing=false pos=0.000 stream_playing=false peak_db=-200.0 mix_rate=48000 latency=0.0880 @ http://localhost:8770/index.js:451
[ 1233650ms] [LOG] MON 1 playing=false pos=0.000 stream_playing=false peak_db=-200.0 mix_rate=48000 latency=0.0880 @ http://localhost:8770/index.js:451
[ 1233901ms] [LOG] MON 1 playing=false pos=0.000 stream_playing=false peak_db=-200.0 mix_rate=48000 latency=0.0880 @ http://localhost:8770/index.js:451
[ 1234148ms] [LOG] MON 1 playing=false pos=0.000 stream_playing=false peak_db=-200.0 mix_rate=48000 latency=0.0880 @ http://localhost:8770/index.js:451
[ 1234399ms] [LOG] MON 1 playing=false pos=0.000 stream_playing=false peak_db=-200.0 mix_rate=48000 latency=0.0880 @ http://localhost:8770/index.js:451
[ 1234651ms] [LOG] MON 1 playing=false pos=0.000 stream_playing=false peak_db=-200.0 mix_rate=48000 latency=0.0880 @ http://localhost:8770/index.js:451
[ 1234899ms] [LOG] MON 1 playing=false pos=0.000 stream_playing=false peak_db=-200.0 mix_rate=48000 latency=0.0880 @ http://localhost:8770/index.js:451
[ 1235151ms] [LOG] MON 1 playing=false pos=0.000 stream_playing=false peak_db=-200.0 mix_rate=48000 latency=0.0880 @ http://localhost:8770/index.js:451
[ 1235400ms] [LOG] MON 1 playing=false pos=0.000 stream_playing=false peak_db=-200.0 mix_rate=48000 latency=0.0880 @ http://localhost:8770/index.js:451
[ 1235653ms] [LOG] MON 1 playing=false pos=0.000 stream_playing=false peak_db=-200.0 mix_rate=48000 latency=0.0880 @ http://localhost:8770/index.js:451
[ 1235909ms] [LOG] MON 1 playing=false pos=0.000 stream_playing=false peak_db=-200.0 mix_rate=48000 latency=0.0880 @ http://localhost:8770/index.js:451
[ 1236152ms] [LOG] MON 1 playing=false pos=0.000 stream_playing=false peak_db=-200.0 mix_rate=48000 latency=0.0880 @ http://localhost:8770/index.js:451
[ 1236406ms] [LOG] MON 1 playing=false pos=0.000 stream_playing=false peak_db=-200.0 mix_rate=48000 latency=0.0880 @ http://localhost:8770/index.js:451
[ 1236649ms] [LOG] MON 1 playing=false pos=0.000 stream_playing=false peak_db=-200.0 mix_rate=48000 latency=0.0880 @ http://localhost:8770/index.js:451
[ 1236899ms] [LOG] MON 1 playing=false pos=0.000 stream_playing=false peak_db=-200.0 mix_rate=48000 latency=0.0880 @ http://localhost:8770/index.js:451
[ 1237150ms] [LOG] MON 1 playing=false pos=0.000 stream_playing=false peak_db=-200.0 mix_rate=48000 latency=0.0880 @ http://localhost:8770/index.js:451
[ 1237398ms] [LOG] MON 1 playing=false pos=0.000 stream_playing=false peak_db=-200.0 mix_rate=48000 latency=0.0880 @ http://localhost:8770/index.js:451
[ 1237650ms] [LOG] MON 1 playing=false pos=0.000 stream_playing=false peak_db=-200.0 mix_rate=48000 latency=0.0880 @ http://localhost:8770/index.js:451
[ 1237900ms] [LOG] MON 1 playing=false pos=0.000 stream_playing=false peak_db=-200.0 mix_rate=48000 latency=0.0880 @ http://localhost:8770/index.js:451
[ 1238149ms] [LOG] MON 1 playing=false pos=0.000 stream_playing=false peak_db=-200.0 mix_rate=48000 latency=0.0880 @ http://localhost:8770/index.js:451
[ 1238400ms] [LOG] MON 1 playing=false pos=0.000 stream_playing=false peak_db=-200.0 mix_rate=48000 latency=0.0880 @ http://localhost:8770/index.js:451
[ 1238649ms] [LOG] MON 1 playing=false pos=0.000 stream_playing=false peak_db=-200.0 mix_rate=48000 latency=0.0880 @ http://localhost:8770/index.js:451
[ 1238900ms] [LOG] MON 1 playing=false pos=0.000 stream_playing=false peak_db=-200.0 mix_rate=48000 latency=0.0880 @ http://localhost:8770/index.js:451
[ 1239149ms] [LOG] MON 1 playing=false pos=0.000 stream_playing=false peak_db=-200.0 mix_rate=48000 latency=0.0880 @ http://localhost:8770/index.js:451
[ 1239399ms] [LOG] MON 1 playing=false pos=0.000 stream_playing=false peak_db=-200.0 mix_rate=48000 latency=0.0880 @ http://localhost:8770/index.js:451
[ 1239650ms] [LOG] MON 1 playing=false pos=0.000 stream_playing=false peak_db=-200.0 mix_rate=48000 latency=0.0880 @ http://localhost:8770/index.js:451
[ 1239901ms] [LOG] MON 1 playing=false pos=0.000 stream_playing=false peak_db=-200.0 mix_rate=48000 latency=0.0880 @ http://localhost:8770/index.js:451
[ 1240150ms] [LOG] MON 1 playing=false pos=0.000 stream_playing=false peak_db=-200.0 mix_rate=48000 latency=0.0880 @ http://localhost:8770/index.js:451
[ 1240398ms] [LOG] MON 1 playing=false pos=0.000 stream_playing=false peak_db=-200.0 mix_rate=48000 latency=0.0880 @ http://localhost:8770/index.js:451
[ 1240650ms] [LOG] MON 1 playing=false pos=0.000 stream_playing=false peak_db=-200.0 mix_rate=48000 latency=0.0880 @ http://localhost:8770/index.js:451
[ 1240901ms] [LOG] MON 1 playing=false pos=0.000 stream_playing=false peak_db=-200.0 mix_rate=48000 latency=0.0880 @ http://localhost:8770/index.js:451
[ 1241151ms] [LOG] MON 1 playing=false pos=0.000 stream_playing=false peak_db=-200.0 mix_rate=48000 latency=0.0880 @ http://localhost:8770/index.js:451
[ 1241401ms] [LOG] MON 1 playing=false pos=0.000 stream_playing=false peak_db=-200.0 mix_rate=48000 latency=0.0880 @ http://localhost:8770/index.js:451
[ 1241649ms] [LOG] MON 1 playing=false pos=0.000 stream_playing=false peak_db=-200.0 mix_rate=48000 latency=0.0880 @ http://localhost:8770/index.js:451
[ 1241898ms] [LOG] MON 1 playing=false pos=0.000 stream_playing=false peak_db=-200.0 mix_rate=48000 latency=0.0880 @ http://localhost:8770/index.js:451
[ 1242149ms] [LOG] MON 1 playing=false pos=0.000 stream_playing=false peak_db=-200.0 mix_rate=48000 latency=0.0880 @ http://localhost:8770/index.js:451
[ 1242402ms] [LOG] MON 1 playing=false pos=0.000 stream_playing=false peak_db=-200.0 mix_rate=48000 latency=0.0880 @ http://localhost:8770/index.js:451
[ 1242652ms] [LOG] MON 1 playing=false pos=0.000 stream_playing=false peak_db=-200.0 mix_rate=48000 latency=0.0880 @ http://localhost:8770/index.js:451
[ 1242900ms] [LOG] MON 1 playing=false pos=0.000 stream_playing=false peak_db=-200.0 mix_rate=48000 latency=0.0880 @ http://localhost:8770/index.js:451
[ 1243150ms] [LOG] MON 1 playing=false pos=0.000 stream_playing=false peak_db=-200.0 mix_rate=48000 latency=0.0880 @ http://localhost:8770/index.js:451
[ 1243400ms] [LOG] MON 1 playing=false pos=0.000 stream_playing=false peak_db=-200.0 mix_rate=48000 latency=0.0880 @ http://localhost:8770/index.js:451
[ 1243649ms] [LOG] MON 1 playing=false pos=0.000 stream_playing=false peak_db=-200.0 mix_rate=48000 latency=0.0880 @ http://localhost:8770/index.js:451
[ 1243898ms] [LOG] MON 1 playing=false pos=0.000 stream_playing=false peak_db=-200.0 mix_rate=48000 latency=0.0880 @ http://localhost:8770/index.js:451
[ 1244149ms] [LOG] MON 1 playing=false pos=0.000 stream_playing=false peak_db=-200.0 mix_rate=48000 latency=0.0880 @ http://localhost:8770/index.js:451
[ 1244399ms] [LOG] MON 1 playing=false pos=0.000 stream_playing=false peak_db=-200.0 mix_rate=48000 latency=0.0880 @ http://localhost:8770/index.js:451
[ 1244650ms] [LOG] MON 1 playing=false pos=0.000 stream_playing=false peak_db=-200.0 mix_rate=48000 latency=0.0880 @ http://localhost:8770/index.js:451
[ 1244900ms] [LOG] MON 1 playing=false pos=0.000 stream_playing=false peak_db=-200.0 mix_rate=48000 latency=0.0880 @ http://localhost:8770/index.js:451
[ 1245150ms] [LOG] MON 1 playing=false pos=0.000 stream_playing=false peak_db=-200.0 mix_rate=48000 latency=0.0880 @ http://localhost:8770/index.js:451
[ 1245399ms] [LOG] MON 1 playing=false pos=0.000 stream_playing=false peak_db=-200.0 mix_rate=48000 latency=0.0880 @ http://localhost:8770/index.js:451
[ 1245651ms] [LOG] MON 1 playing=false pos=0.000 stream_playing=false peak_db=-200.0 mix_rate=48000 latency=0.0880 @ http://localhost:8770/index.js:451
[ 1245901ms] [LOG] MON 1 playing=false pos=0.000 stream_playing=false peak_db=-200.0 mix_rate=48000 latency=0.0880 @ http://localhost:8770/index.js:451
[ 1246150ms] [LOG] MON 1 playing=false pos=0.000 stream_playing=false peak_db=-200.0 mix_rate=48000 latency=0.0880 @ http://localhost:8770/index.js:451
[ 1246400ms] [LOG] MON 1 playing=false pos=0.000 stream_playing=false peak_db=-200.0 mix_rate=48000 latency=0.0880 @ http://localhost:8770/index.js:451
[ 1246649ms] [LOG] MON 1 playing=false pos=0.000 stream_playing=false peak_db=-200.0 mix_rate=48000 latency=0.0880 @ http://localhost:8770/index.js:451
[ 1246900ms] [LOG] MON 1 playing=false pos=0.000 stream_playing=false peak_db=-200.0 mix_rate=48000 latency=0.0880 @ http://localhost:8770/index.js:451
[ 1247149ms] [LOG] MON 1 playing=false pos=0.000 stream_playing=false peak_db=-200.0 mix_rate=48000 latency=0.0880 @ http://localhost:8770/index.js:451
[ 1247399ms] [LOG] MON 1 playing=false pos=0.000 stream_playing=false peak_db=-200.0 mix_rate=48000 latency=0.0880 @ http://localhost:8770/index.js:451
[ 1247649ms] [LOG] MON 1 playing=false pos=0.000 stream_playing=false peak_db=-200.0 mix_rate=48000 latency=0.0880 @ http://localhost:8770/index.js:451
[ 1247901ms] [LOG] MON 1 playing=false pos=0.000 stream_playing=false peak_db=-200.0 mix_rate=48000 latency=0.0880 @ http://localhost:8770/index.js:451
[ 1248149ms] [LOG] MON 1 playing=false pos=0.000 stream_playing=false peak_db=-200.0 mix_rate=48000 latency=0.0880 @ http://localhost:8770/index.js:451
[ 1248401ms] [LOG] MON 1 playing=false pos=0.000 stream_playing=false peak_db=-200.0 mix_rate=48000 latency=0.0880 @ http://localhost:8770/index.js:451
[ 1248648ms] [LOG] MON 1 playing=false pos=0.000 stream_playing=false peak_db=-200.0 mix_rate=48000 latency=0.0880 @ http://localhost:8770/index.js:451
[ 1248898ms] [LOG] MON 1 playing=false pos=0.000 stream_playing=false peak_db=-200.0 mix_rate=48000 latency=0.0880 @ http://localhost:8770/index.js:451
[ 1249149ms] [LOG] MON 1 playing=false pos=0.000 stream_playing=false peak_db=-200.0 mix_rate=48000 latency=0.0880 @ http://localhost:8770/index.js:451
[ 1249400ms] [LOG] MON 1 playing=false pos=0.000 stream_playing=false peak_db=-200.0 mix_rate=48000 latency=0.0880 @ http://localhost:8770/index.js:451
[ 1249651ms] [LOG] MON 1 playing=false pos=0.000 stream_playing=false peak_db=-200.0 mix_rate=48000 latency=0.0880 @ http://localhost:8770/index.js:451
[ 1249899ms] [LOG] MON 1 playing=false pos=0.000 stream_playing=false peak_db=-200.0 mix_rate=48000 latency=0.0880 @ http://localhost:8770/index.js:451
[ 1250150ms] [LOG] MON 1 playing=false pos=0.000 stream_playing=false peak_db=-200.0 mix_rate=48000 latency=0.0880 @ http://localhost:8770/index.js:451
[ 1250402ms] [LOG] MON 1 playing=false pos=0.000 stream_playing=false peak_db=-200.0 mix_rate=48000 latency=0.0880 @ http://localhost:8770/index.js:451
[ 1250653ms] [LOG] MON 1 playing=false pos=0.000 stream_playing=false peak_db=-200.0 mix_rate=48000 latency=0.0880 @ http://localhost:8770/index.js:451
[ 1250899ms] [LOG] MON 1 playing=false pos=0.000 stream_playing=false peak_db=-200.0 mix_rate=48000 latency=0.0880 @ http://localhost:8770/index.js:451
[ 1251149ms] [LOG] MON 1 playing=false pos=0.000 stream_playing=false peak_db=-200.0 mix_rate=48000 latency=0.0880 @ http://localhost:8770/index.js:451
[ 1251399ms] [LOG] MON 1 playing=false pos=0.000 stream_playing=false peak_db=-200.0 mix_rate=48000 latency=0.0880 @ http://localhost:8770/index.js:451
[ 1251649ms] [LOG] MON 1 playing=false pos=0.000 stream_playing=false peak_db=-200.0 mix_rate=48000 latency=0.0880 @ http://localhost:8770/index.js:451
[ 1251900ms] [LOG] MON 1 playing=false pos=0.000 stream_playing=false peak_db=-200.0 mix_rate=48000 latency=0.0880 @ http://localhost:8770/index.js:451
[ 1252149ms] [LOG] MON 1 playing=false pos=0.000 stream_playing=false peak_db=-200.0 mix_rate=48000 latency=0.0880 @ http://localhost:8770/index.js:451
[ 1252401ms] [LOG] MON 1 playing=false pos=0.000 stream_playing=false peak_db=-200.0 mix_rate=48000 latency=0.0880 @ http://localhost:8770/index.js:451
[ 1252651ms] [LOG] MON 1 playing=false pos=0.000 stream_playing=false peak_db=-200.0 mix_rate=48000 latency=0.0880 @ http://localhost:8770/index.js:451
[ 1252900ms] [LOG] MON 1 playing=false pos=0.000 stream_playing=false peak_db=-200.0 mix_rate=48000 latency=0.0880 @ http://localhost:8770/index.js:451
[ 1253149ms] [LOG] MON 1 playing=false pos=0.000 stream_playing=false peak_db=-200.0 mix_rate=48000 latency=0.0880 @ http://localhost:8770/index.js:451
[ 1253400ms] [LOG] MON 1 playing=false pos=0.000 stream_playing=false peak_db=-200.0 mix_rate=48000 latency=0.0880 @ http://localhost:8770/index.js:451
[ 1253651ms] [LOG] MON 1 playing=false pos=0.000 stream_playing=false peak_db=-200.0 mix_rate=48000 latency=0.0880 @ http://localhost:8770/index.js:451
[ 1253900ms] [LOG] MON 1 playing=false pos=0.000 stream_playing=false peak_db=-200.0 mix_rate=48000 latency=0.0880 @ http://localhost:8770/index.js:451
[ 1254149ms] [LOG] MON 1 playing=false pos=0.000 stream_playing=false peak_db=-200.0 mix_rate=48000 latency=0.0880 @ http://localhost:8770/index.js:451
[ 1254399ms] [LOG] MON 1 playing=false pos=0.000 stream_playing=false peak_db=-200.0 mix_rate=48000 latency=0.0880 @ http://localhost:8770/index.js:451
[ 1254652ms] [LOG] MON 1 playing=false pos=0.000 stream_playing=false peak_db=-200.0 mix_rate=48000 latency=0.0880 @ http://localhost:8770/index.js:451
[ 1254899ms] [LOG] MON 1 playing=false pos=0.000 stream_playing=false peak_db=-200.0 mix_rate=48000 latency=0.0880 @ http://localhost:8770/index.js:451
[ 1255149ms] [LOG] MON 1 playing=false pos=0.000 stream_playing=false peak_db=-200.0 mix_rate=48000 latency=0.0880 @ http://localhost:8770/index.js:451
[ 1255399ms] [LOG] MON 1 playing=false pos=0.000 stream_playing=false peak_db=-200.0 mix_rate=48000 latency=0.0880 @ http://localhost:8770/index.js:451
[ 1255651ms] [LOG] MON 1 playing=false pos=0.000 stream_playing=false peak_db=-200.0 mix_rate=48000 latency=0.0880 @ http://localhost:8770/index.js:451
[ 1255901ms] [LOG] MON 1 playing=false pos=0.000 stream_playing=false peak_db=-200.0 mix_rate=48000 latency=0.0880 @ http://localhost:8770/index.js:451
[ 1256150ms] [LOG] MON 1 playing=false pos=0.000 stream_playing=false peak_db=-200.0 mix_rate=48000 latency=0.0880 @ http://localhost:8770/index.js:451
[ 1256403ms] [LOG] MON 1 playing=false pos=0.000 stream_playing=false peak_db=-200.0 mix_rate=48000 latency=0.0880 @ http://localhost:8770/index.js:451
[ 1256649ms] [LOG] MON 1 playing=false pos=0.000 stream_playing=false peak_db=-200.0 mix_rate=48000 latency=0.0880 @ http://localhost:8770/index.js:451
[ 1256899ms] [LOG] MON 1 playing=false pos=0.000 stream_playing=false peak_db=-200.0 mix_rate=48000 latency=0.0880 @ http://localhost:8770/index.js:451
[ 1257149ms] [LOG] MON 1 playing=false pos=0.000 stream_playing=false peak_db=-200.0 mix_rate=48000 latency=0.0880 @ http://localhost:8770/index.js:451
[ 1257400ms] [LOG] MON 1 playing=false pos=0.000 stream_playing=false peak_db=-200.0 mix_rate=48000 latency=0.0880 @ http://localhost:8770/index.js:451
[ 1257649ms] [LOG] MON 1 playing=false pos=0.000 stream_playing=false peak_db=-200.0 mix_rate=48000 latency=0.0880 @ http://localhost:8770/index.js:451
[ 1257900ms] [LOG] MON 1 playing=false pos=0.000 stream_playing=false peak_db=-200.0 mix_rate=48000 latency=0.0880 @ http://localhost:8770/index.js:451
[ 1258150ms] [LOG] MON 1 playing=false pos=0.000 stream_playing=false peak_db=-200.0 mix_rate=48000 latency=0.0880 @ http://localhost:8770/index.js:451
[ 1258401ms] [LOG] MON 1 playing=false pos=0.000 stream_playing=false peak_db=-200.0 mix_rate=48000 latency=0.0880 @ http://localhost:8770/index.js:451
[ 1258650ms] [LOG] MON 1 playing=false pos=0.000 stream_playing=false peak_db=-200.0 mix_rate=48000 latency=0.0880 @ http://localhost:8770/index.js:451
[ 1258900ms] [LOG] MON 1 playing=false pos=0.000 stream_playing=false peak_db=-200.0 mix_rate=48000 latency=0.0880 @ http://localhost:8770/index.js:451
[ 1259150ms] [LOG] MON 1 playing=false pos=0.000 stream_playing=false peak_db=-200.0 mix_rate=48000 latency=0.0880 @ http://localhost:8770/index.js:451
[ 1259403ms] [LOG] MON 1 playing=false pos=0.000 stream_playing=false peak_db=-200.0 mix_rate=48000 latency=0.0880 @ http://localhost:8770/index.js:451
[ 1259649ms] [LOG] MON 1 playing=false pos=0.000 stream_playing=false peak_db=-200.0 mix_rate=48000 latency=0.0880 @ http://localhost:8770/index.js:451
[ 1259901ms] [LOG] MON 1 playing=false pos=0.000 stream_playing=false peak_db=-200.0 mix_rate=48000 latency=0.0880 @ http://localhost:8770/index.js:451
[ 1260150ms] [LOG] MON 1 playing=false pos=0.000 stream_playing=false peak_db=-200.0 mix_rate=48000 latency=0.0880 @ http://localhost:8770/index.js:451
[ 1260400ms] [LOG] MON 1 playing=false pos=0.000 stream_playing=false peak_db=-200.0 mix_rate=48000 latency=0.0880 @ http://localhost:8770/index.js:451
[ 1260651ms] [LOG] MON 1 playing=false pos=0.000 stream_playing=false peak_db=-200.0 mix_rate=48000 latency=0.0880 @ http://localhost:8770/index.js:451
[ 1260899ms] [LOG] MON 1 playing=false pos=0.000 stream_playing=false peak_db=-200.0 mix_rate=48000 latency=0.0880 @ http://localhost:8770/index.js:451
[ 1261150ms] [LOG] MON 1 playing=false pos=0.000 stream_playing=false peak_db=-200.0 mix_rate=48000 latency=0.0880 @ http://localhost:8770/index.js:451
[ 1261401ms] [LOG] MON 1 playing=false pos=0.000 stream_playing=false peak_db=-200.0 mix_rate=48000 latency=0.0880 @ http://localhost:8770/index.js:451
[ 1261649ms] [LOG] MON 1 playing=false pos=0.000 stream_playing=false peak_db=-200.0 mix_rate=48000 latency=0.0880 @ http://localhost:8770/index.js:451
[ 1261900ms] [LOG] MON 1 playing=false pos=0.000 stream_playing=false peak_db=-200.0 mix_rate=48000 latency=0.0880 @ http://localhost:8770/index.js:451
[ 1262150ms] [LOG] MON 1 playing=false pos=0.000 stream_playing=false peak_db=-200.0 mix_rate=48000 latency=0.0880 @ http://localhost:8770/index.js:451
[ 1262400ms] [LOG] MON 1 playing=false pos=0.000 stream_playing=false peak_db=-200.0 mix_rate=48000 latency=0.0880 @ http://localhost:8770/index.js:451
[ 1262650ms] [LOG] MON 1 playing=false pos=0.000 stream_playing=false peak_db=-200.0 mix_rate=48000 latency=0.0880 @ http://localhost:8770/index.js:451
[ 1262898ms] [LOG] MON 1 playing=false pos=0.000 stream_playing=false peak_db=-200.0 mix_rate=48000 latency=0.0880 @ http://localhost:8770/index.js:451
[ 1263149ms] [LOG] MON 1 playing=false pos=0.000 stream_playing=false peak_db=-200.0 mix_rate=48000 latency=0.0880 @ http://localhost:8770/index.js:451
[ 1263399ms] [LOG] MON 1 playing=false pos=0.000 stream_playing=false peak_db=-200.0 mix_rate=48000 latency=0.0880 @ http://localhost:8770/index.js:451
[ 1263650ms] [LOG] MON 1 playing=false pos=0.000 stream_playing=false peak_db=-200.0 mix_rate=48000 latency=0.0880 @ http://localhost:8770/index.js:451
[ 1263900ms] [LOG] MON 1 playing=false pos=0.000 stream_playing=false peak_db=-200.0 mix_rate=48000 latency=0.0880 @ http://localhost:8770/index.js:451
[ 1264149ms] [LOG] MON 1 playing=false pos=0.000 stream_playing=false peak_db=-200.0 mix_rate=48000 latency=0.0880 @ http://localhost:8770/index.js:451
[ 1264399ms] [LOG] MON 1 playing=false pos=0.000 stream_playing=false peak_db=-200.0 mix_rate=48000 latency=0.0880 @ http://localhost:8770/index.js:451
[ 1264652ms] [LOG] MON 1 playing=false pos=0.000 stream_playing=false peak_db=-200.0 mix_rate=48000 latency=0.0880 @ http://localhost:8770/index.js:451
[ 1264900ms] [LOG] MON 1 playing=false pos=0.000 stream_playing=false peak_db=-200.0 mix_rate=48000 latency=0.0880 @ http://localhost:8770/index.js:451
[ 1265150ms] [LOG] MON 1 playing=false pos=0.000 stream_playing=false peak_db=-200.0 mix_rate=48000 latency=0.0880 @ http://localhost:8770/index.js:451
[ 1265400ms] [LOG] MON 1 playing=false pos=0.000 stream_playing=false peak_db=-200.0 mix_rate=48000 latency=0.0880 @ http://localhost:8770/index.js:451
[ 1265650ms] [LOG] MON 1 playing=false pos=0.000 stream_playing=false peak_db=-200.0 mix_rate=48000 latency=0.0880 @ http://localhost:8770/index.js:451
[ 1265900ms] [LOG] MON 1 playing=false pos=0.000 stream_playing=false peak_db=-200.0 mix_rate=48000 latency=0.0880 @ http://localhost:8770/index.js:451
[ 1266149ms] [LOG] MON 1 playing=false pos=0.000 stream_playing=false peak_db=-200.0 mix_rate=48000 latency=0.0880 @ http://localhost:8770/index.js:451
[ 1266401ms] [LOG] MON 1 playing=false pos=0.000 stream_playing=false peak_db=-200.0 mix_rate=48000 latency=0.0880 @ http://localhost:8770/index.js:451
[ 1266649ms] [LOG] MON 1 playing=false pos=0.000 stream_playing=false peak_db=-200.0 mix_rate=48000 latency=0.0880 @ http://localhost:8770/index.js:451
[ 1266899ms] [LOG] MON 1 playing=false pos=0.000 stream_playing=false peak_db=-200.0 mix_rate=48000 latency=0.0880 @ http://localhost:8770/index.js:451
[ 1267149ms] [LOG] MON 1 playing=false pos=0.000 stream_playing=false peak_db=-200.0 mix_rate=48000 latency=0.0880 @ http://localhost:8770/index.js:451
[ 1267402ms] [LOG] MON 1 playing=false pos=0.000 stream_playing=false peak_db=-200.0 mix_rate=48000 latency=0.0880 @ http://localhost:8770/index.js:451
[ 1267650ms] [LOG] MON 1 playing=false pos=0.000 stream_playing=false peak_db=-200.0 mix_rate=48000 latency=0.0880 @ http://localhost:8770/index.js:451
[ 1267900ms] [LOG] MON 1 playing=false pos=0.000 stream_playing=false peak_db=-200.0 mix_rate=48000 latency=0.0880 @ http://localhost:8770/index.js:451
[ 1268148ms] [LOG] MON 1 playing=false pos=0.000 stream_playing=false peak_db=-200.0 mix_rate=48000 latency=0.0880 @ http://localhost:8770/index.js:451
[ 1268401ms] [LOG] MON 1 playing=false pos=0.000 stream_playing=false peak_db=-200.0 mix_rate=48000 latency=0.0880 @ http://localhost:8770/index.js:451
[ 1268649ms] [LOG] MON 1 playing=false pos=0.000 stream_playing=false peak_db=-200.0 mix_rate=48000 latency=0.0880 @ http://localhost:8770/index.js:451
[ 1268898ms] [LOG] MON 1 playing=false pos=0.000 stream_playing=false peak_db=-200.0 mix_rate=48000 latency=0.0880 @ http://localhost:8770/index.js:451
[ 1269149ms] [LOG] MON 1 playing=false pos=0.000 stream_playing=false peak_db=-200.0 mix_rate=48000 latency=0.0880 @ http://localhost:8770/index.js:451
[ 1269399ms] [LOG] MON 1 playing=false pos=0.000 stream_playing=false peak_db=-200.0 mix_rate=48000 latency=0.0880 @ http://localhost:8770/index.js:451
[ 1269651ms] [LOG] MON 1 playing=false pos=0.000 stream_playing=false peak_db=-200.0 mix_rate=48000 latency=0.0880 @ http://localhost:8770/index.js:451
[ 1269900ms] [LOG] MON 1 playing=false pos=0.000 stream_playing=false peak_db=-200.0 mix_rate=48000 latency=0.0880 @ http://localhost:8770/index.js:451
[ 1270151ms] [LOG] MON 1 playing=false pos=0.000 stream_playing=false peak_db=-200.0 mix_rate=48000 latency=0.0880 @ http://localhost:8770/index.js:451
[ 1270399ms] [LOG] MON 1 playing=false pos=0.000 stream_playing=false peak_db=-200.0 mix_rate=48000 latency=0.0880 @ http://localhost:8770/index.js:451
[ 1270650ms] [LOG] MON 1 playing=false pos=0.000 stream_playing=false peak_db=-200.0 mix_rate=48000 latency=0.0880 @ http://localhost:8770/index.js:451
[ 1270899ms] [LOG] MON 1 playing=false pos=0.000 stream_playing=false peak_db=-200.0 mix_rate=48000 latency=0.0880 @ http://localhost:8770/index.js:451
[ 1271148ms] [LOG] MON 1 playing=false pos=0.000 stream_playing=false peak_db=-200.0 mix_rate=48000 latency=0.0880 @ http://localhost:8770/index.js:451
[ 1271400ms] [LOG] MON 1 playing=false pos=0.000 stream_playing=false peak_db=-200.0 mix_rate=48000 latency=0.0880 @ http://localhost:8770/index.js:451
[ 1271649ms] [LOG] MON 1 playing=false pos=0.000 stream_playing=false peak_db=-200.0 mix_rate=48000 latency=0.0880 @ http://localhost:8770/index.js:451
[ 1271900ms] [LOG] MON 1 playing=false pos=0.000 stream_playing=false peak_db=-200.0 mix_rate=48000 latency=0.0880 @ http://localhost:8770/index.js:451
[ 1272149ms] [LOG] MON 1 playing=false pos=0.000 stream_playing=false peak_db=-200.0 mix_rate=48000 latency=0.0880 @ http://localhost:8770/index.js:451
[ 1272400ms] [LOG] MON 1 playing=false pos=0.000 stream_playing=false peak_db=-200.0 mix_rate=48000 latency=0.0880 @ http://localhost:8770/index.js:451
[ 1272648ms] [LOG] MON 1 playing=false pos=0.000 stream_playing=false peak_db=-200.0 mix_rate=48000 latency=0.0880 @ http://localhost:8770/index.js:451
[ 1272899ms] [LOG] MON 1 playing=false pos=0.000 stream_playing=false peak_db=-200.0 mix_rate=48000 latency=0.0880 @ http://localhost:8770/index.js:451
[ 1273150ms] [LOG] MON 1 playing=false pos=0.000 stream_playing=false peak_db=-200.0 mix_rate=48000 latency=0.0880 @ http://localhost:8770/index.js:451
[ 1273400ms] [LOG] MON 1 playing=false pos=0.000 stream_playing=false peak_db=-200.0 mix_rate=48000 latency=0.0880 @ http://localhost:8770/index.js:451
[ 1273650ms] [LOG] MON 1 playing=false pos=0.000 stream_playing=false peak_db=-200.0 mix_rate=48000 latency=0.0880 @ http://localhost:8770/index.js:451
[ 1273901ms] [LOG] MON 1 playing=false pos=0.000 stream_playing=false peak_db=-200.0 mix_rate=48000 latency=0.0880 @ http://localhost:8770/index.js:451
[ 1274150ms] [LOG] MON 1 playing=false pos=0.000 stream_playing=false peak_db=-200.0 mix_rate=48000 latency=0.0880 @ http://localhost:8770/index.js:451
[ 1274399ms] [LOG] MON 1 playing=false pos=0.000 stream_playing=false peak_db=-200.0 mix_rate=48000 latency=0.0880 @ http://localhost:8770/index.js:451
[ 1274650ms] [LOG] MON 1 playing=false pos=0.000 stream_playing=false peak_db=-200.0 mix_rate=48000 latency=0.0880 @ http://localhost:8770/index.js:451
[ 1274899ms] [LOG] MON 1 playing=false pos=0.000 stream_playing=false peak_db=-200.0 mix_rate=48000 latency=0.0880 @ http://localhost:8770/index.js:451
[ 1275149ms] [LOG] MON 1 playing=false pos=0.000 stream_playing=false peak_db=-200.0 mix_rate=48000 latency=0.0880 @ http://localhost:8770/index.js:451
[ 1275400ms] [LOG] MON 1 playing=false pos=0.000 stream_playing=false peak_db=-200.0 mix_rate=48000 latency=0.0880 @ http://localhost:8770/index.js:451
[ 1275649ms] [LOG] MON 1 playing=false pos=0.000 stream_playing=false peak_db=-200.0 mix_rate=48000 latency=0.0880 @ http://localhost:8770/index.js:451
[ 1275899ms] [LOG] MON 1 playing=false pos=0.000 stream_playing=false peak_db=-200.0 mix_rate=48000 latency=0.0880 @ http://localhost:8770/index.js:451
[ 1276149ms] [LOG] MON 1 playing=false pos=0.000 stream_playing=false peak_db=-200.0 mix_rate=48000 latency=0.0880 @ http://localhost:8770/index.js:451
[ 1276399ms] [LOG] MON 1 playing=false pos=0.000 stream_playing=false peak_db=-200.0 mix_rate=48000 latency=0.0880 @ http://localhost:8770/index.js:451
[ 1276650ms] [LOG] MON 1 playing=false pos=0.000 stream_playing=false peak_db=-200.0 mix_rate=48000 latency=0.0880 @ http://localhost:8770/index.js:451
[ 1276901ms] [LOG] MON 1 playing=false pos=0.000 stream_playing=false peak_db=-200.0 mix_rate=48000 latency=0.0880 @ http://localhost:8770/index.js:451
[ 1277149ms] [LOG] MON 1 playing=false pos=0.000 stream_playing=false peak_db=-200.0 mix_rate=48000 latency=0.0880 @ http://localhost:8770/index.js:451
[ 1277398ms] [LOG] MON 1 playing=false pos=0.000 stream_playing=false peak_db=-200.0 mix_rate=48000 latency=0.0880 @ http://localhost:8770/index.js:451
[ 1277649ms] [LOG] MON 1 playing=false pos=0.000 stream_playing=false peak_db=-200.0 mix_rate=48000 latency=0.0880 @ http://localhost:8770/index.js:451
[ 1277899ms] [LOG] MON 1 playing=false pos=0.000 stream_playing=false peak_db=-200.0 mix_rate=48000 latency=0.0880 @ http://localhost:8770/index.js:451
[ 1278150ms] [LOG] MON 1 playing=false pos=0.000 stream_playing=false peak_db=-200.0 mix_rate=48000 latency=0.0880 @ http://localhost:8770/index.js:451
[ 1278399ms] [LOG] MON 1 playing=false pos=0.000 stream_playing=false peak_db=-200.0 mix_rate=48000 latency=0.0880 @ http://localhost:8770/index.js:451
[ 1278649ms] [LOG] MON 1 playing=false pos=0.000 stream_playing=false peak_db=-200.0 mix_rate=48000 latency=0.0880 @ http://localhost:8770/index.js:451
[ 1278900ms] [LOG] MON 1 playing=false pos=0.000 stream_playing=false peak_db=-200.0 mix_rate=48000 latency=0.0880 @ http://localhost:8770/index.js:451
[ 1279150ms] [LOG] MON 1 playing=false pos=0.000 stream_playing=false peak_db=-200.0 mix_rate=48000 latency=0.0880 @ http://localhost:8770/index.js:451
[ 1279400ms] [LOG] MON 1 playing=false pos=0.000 stream_playing=false peak_db=-200.0 mix_rate=48000 latency=0.0880 @ http://localhost:8770/index.js:451
[ 1279650ms] [LOG] MON 1 playing=false pos=0.000 stream_playing=false peak_db=-200.0 mix_rate=48000 latency=0.0880 @ http://localhost:8770/index.js:451
[ 1279900ms] [LOG] MON 1 playing=false pos=0.000 stream_playing=false peak_db=-200.0 mix_rate=48000 latency=0.0880 @ http://localhost:8770/index.js:451
[ 1280150ms] [LOG] MON 1 playing=false pos=0.000 stream_playing=false peak_db=-200.0 mix_rate=48000 latency=0.0880 @ http://localhost:8770/index.js:451
[ 1280400ms] [LOG] MON 1 playing=false pos=0.000 stream_playing=false peak_db=-200.0 mix_rate=48000 latency=0.0880 @ http://localhost:8770/index.js:451
[ 1280649ms] [LOG] MON 1 playing=false pos=0.000 stream_playing=false peak_db=-200.0 mix_rate=48000 latency=0.0880 @ http://localhost:8770/index.js:451
[ 1280898ms] [LOG] MON 1 playing=false pos=0.000 stream_playing=false peak_db=-200.0 mix_rate=48000 latency=0.0880 @ http://localhost:8770/index.js:451
[ 1281149ms] [LOG] MON 1 playing=false pos=0.000 stream_playing=false peak_db=-200.0 mix_rate=48000 latency=0.0880 @ http://localhost:8770/index.js:451
[ 1281398ms] [LOG] MON 1 playing=false pos=0.000 stream_playing=false peak_db=-200.0 mix_rate=48000 latency=0.0880 @ http://localhost:8770/index.js:451
[ 1281649ms] [LOG] MON 1 playing=false pos=0.000 stream_playing=false peak_db=-200.0 mix_rate=48000 latency=0.0880 @ http://localhost:8770/index.js:451
[ 1281901ms] [LOG] MON 1 playing=false pos=0.000 stream_playing=false peak_db=-200.0 mix_rate=48000 latency=0.0880 @ http://localhost:8770/index.js:451
[ 1282150ms] [LOG] MON 1 playing=false pos=0.000 stream_playing=false peak_db=-200.0 mix_rate=48000 latency=0.0880 @ http://localhost:8770/index.js:451
[ 1282400ms] [LOG] MON 1 playing=false pos=0.000 stream_playing=false peak_db=-200.0 mix_rate=48000 latency=0.0880 @ http://localhost:8770/index.js:451
[ 1282649ms] [LOG] MON 1 playing=false pos=0.000 stream_playing=false peak_db=-200.0 mix_rate=48000 latency=0.0880 @ http://localhost:8770/index.js:451
[ 1282900ms] [LOG] MON 1 playing=false pos=0.000 stream_playing=false peak_db=-200.0 mix_rate=48000 latency=0.0880 @ http://localhost:8770/index.js:451
[ 1283149ms] [LOG] MON 1 playing=false pos=0.000 stream_playing=false peak_db=-200.0 mix_rate=48000 latency=0.0880 @ http://localhost:8770/index.js:451
[ 1283400ms] [LOG] MON 1 playing=false pos=0.000 stream_playing=false peak_db=-200.0 mix_rate=48000 latency=0.0880 @ http://localhost:8770/index.js:451
[ 1283651ms] [LOG] MON 1 playing=false pos=0.000 stream_playing=false peak_db=-200.0 mix_rate=48000 latency=0.0880 @ http://localhost:8770/index.js:451
[ 1283902ms] [LOG] MON 1 playing=false pos=0.000 stream_playing=false peak_db=-200.0 mix_rate=48000 latency=0.0880 @ http://localhost:8770/index.js:451
[ 1284151ms] [LOG] MON 1 playing=false pos=0.000 stream_playing=false peak_db=-200.0 mix_rate=48000 latency=0.0880 @ http://localhost:8770/index.js:451
[ 1284399ms] [LOG] MON 1 playing=false pos=0.000 stream_playing=false peak_db=-200.0 mix_rate=48000 latency=0.0880 @ http://localhost:8770/index.js:451
[ 1284649ms] [LOG] MON 1 playing=false pos=0.000 stream_playing=false peak_db=-200.0 mix_rate=48000 latency=0.0880 @ http://localhost:8770/index.js:451
[ 1284900ms] [LOG] MON 1 playing=false pos=0.000 stream_playing=false peak_db=-200.0 mix_rate=48000 latency=0.0880 @ http://localhost:8770/index.js:451
[ 1285152ms] [LOG] MON 1 playing=false pos=0.000 stream_playing=false peak_db=-200.0 mix_rate=48000 latency=0.0880 @ http://localhost:8770/index.js:451
[ 1285398ms] [LOG] MON 1 playing=false pos=0.000 stream_playing=false peak_db=-200.0 mix_rate=48000 latency=0.0880 @ http://localhost:8770/index.js:451
[ 1285650ms] [LOG] MON 1 playing=false pos=0.000 stream_playing=false peak_db=-200.0 mix_rate=48000 latency=0.0880 @ http://localhost:8770/index.js:451
[ 1285899ms] [LOG] MON 1 playing=false pos=0.000 stream_playing=false peak_db=-200.0 mix_rate=48000 latency=0.0880 @ http://localhost:8770/index.js:451
[ 1286150ms] [LOG] MON 1 playing=false pos=0.000 stream_playing=false peak_db=-200.0 mix_rate=48000 latency=0.0880 @ http://localhost:8770/index.js:451
[ 1286399ms] [LOG] MON 1 playing=false pos=0.000 stream_playing=false peak_db=-200.0 mix_rate=48000 latency=0.0880 @ http://localhost:8770/index.js:451
[ 1286649ms] [LOG] MON 1 playing=false pos=0.000 stream_playing=false peak_db=-200.0 mix_rate=48000 latency=0.0880 @ http://localhost:8770/index.js:451
[ 1286901ms] [LOG] MON 1 playing=false pos=0.000 stream_playing=false peak_db=-200.0 mix_rate=48000 latency=0.0880 @ http://localhost:8770/index.js:451
[ 1287150ms] [LOG] MON 1 playing=false pos=0.000 stream_playing=false peak_db=-200.0 mix_rate=48000 latency=0.0880 @ http://localhost:8770/index.js:451
[ 1287400ms] [LOG] MON 1 playing=false pos=0.000 stream_playing=false peak_db=-200.0 mix_rate=48000 latency=0.0880 @ http://localhost:8770/index.js:451
[ 1287651ms] [LOG] MON 1 playing=false pos=0.000 stream_playing=false peak_db=-200.0 mix_rate=48000 latency=0.0880 @ http://localhost:8770/index.js:451
[ 1287901ms] [LOG] MON 1 playing=false pos=0.000 stream_playing=false peak_db=-200.0 mix_rate=48000 latency=0.0880 @ http://localhost:8770/index.js:451
[ 1288150ms] [LOG] MON 1 playing=false pos=0.000 stream_playing=false peak_db=-200.0 mix_rate=48000 latency=0.0880 @ http://localhost:8770/index.js:451
[ 1288400ms] [LOG] MON 1 playing=false pos=0.000 stream_playing=false peak_db=-200.0 mix_rate=48000 latency=0.0880 @ http://localhost:8770/index.js:451
[ 1288650ms] [LOG] MON 1 playing=false pos=0.000 stream_playing=false peak_db=-200.0 mix_rate=48000 latency=0.0880 @ http://localhost:8770/index.js:451
[ 1288900ms] [LOG] MON 1 playing=false pos=0.000 stream_playing=false peak_db=-200.0 mix_rate=48000 latency=0.0880 @ http://localhost:8770/index.js:451
[ 1289148ms] [LOG] MON 1 playing=false pos=0.000 stream_playing=false peak_db=-200.0 mix_rate=48000 latency=0.0880 @ http://localhost:8770/index.js:451
[ 1289399ms] [LOG] MON 1 playing=false pos=0.000 stream_playing=false peak_db=-200.0 mix_rate=48000 latency=0.0880 @ http://localhost:8770/index.js:451
[ 1289650ms] [LOG] MON 1 playing=false pos=0.000 stream_playing=false peak_db=-200.0 mix_rate=48000 latency=0.0880 @ http://localhost:8770/index.js:451
[ 1289899ms] [LOG] MON 1 playing=false pos=0.000 stream_playing=false peak_db=-200.0 mix_rate=48000 latency=0.0880 @ http://localhost:8770/index.js:451
[ 1290149ms] [LOG] MON 1 playing=false pos=0.000 stream_playing=false peak_db=-200.0 mix_rate=48000 latency=0.0880 @ http://localhost:8770/index.js:451
[ 1290398ms] [LOG] MON 1 playing=false pos=0.000 stream_playing=false peak_db=-200.0 mix_rate=48000 latency=0.0880 @ http://localhost:8770/index.js:451
[ 1290650ms] [LOG] MON 1 playing=false pos=0.000 stream_playing=false peak_db=-200.0 mix_rate=48000 latency=0.0880 @ http://localhost:8770/index.js:451
[ 1290899ms] [LOG] MON 1 playing=false pos=0.000 stream_playing=false peak_db=-200.0 mix_rate=48000 latency=0.0880 @ http://localhost:8770/index.js:451
[ 1291150ms] [LOG] MON 1 playing=false pos=0.000 stream_playing=false peak_db=-200.0 mix_rate=48000 latency=0.0880 @ http://localhost:8770/index.js:451
[ 1291400ms] [LOG] MON 1 playing=false pos=0.000 stream_playing=false peak_db=-200.0 mix_rate=48000 latency=0.0880 @ http://localhost:8770/index.js:451
[ 1291650ms] [LOG] MON 1 playing=false pos=0.000 stream_playing=false peak_db=-200.0 mix_rate=48000 latency=0.0880 @ http://localhost:8770/index.js:451
[ 1291897ms] [LOG] MON 1 playing=false pos=0.000 stream_playing=false peak_db=-200.0 mix_rate=48000 latency=0.0880 @ http://localhost:8770/index.js:451
[ 1292151ms] [LOG] MON 1 playing=false pos=0.000 stream_playing=false peak_db=-200.0 mix_rate=48000 latency=0.0880 @ http://localhost:8770/index.js:451
[ 1292399ms] [LOG] MON 1 playing=false pos=0.000 stream_playing=false peak_db=-200.0 mix_rate=48000 latency=0.0880 @ http://localhost:8770/index.js:451
[ 1292651ms] [LOG] MON 1 playing=false pos=0.000 stream_playing=false peak_db=-200.0 mix_rate=48000 latency=0.0880 @ http://localhost:8770/index.js:451
[ 1292899ms] [LOG] MON 1 playing=false pos=0.000 stream_playing=false peak_db=-200.0 mix_rate=48000 latency=0.0880 @ http://localhost:8770/index.js:451
[ 1293148ms] [LOG] MON 1 playing=false pos=0.000 stream_playing=false peak_db=-200.0 mix_rate=48000 latency=0.0880 @ http://localhost:8770/index.js:451
[ 1293400ms] [LOG] MON 1 playing=false pos=0.000 stream_playing=false peak_db=-200.0 mix_rate=48000 latency=0.0880 @ http://localhost:8770/index.js:451
[ 1293649ms] [LOG] MON 1 playing=false pos=0.000 stream_playing=false peak_db=-200.0 mix_rate=48000 latency=0.0880 @ http://localhost:8770/index.js:451
[ 1293899ms] [LOG] MON 1 playing=false pos=0.000 stream_playing=false peak_db=-200.0 mix_rate=48000 latency=0.0880 @ http://localhost:8770/index.js:451
[ 1294150ms] [LOG] MON 1 playing=false pos=0.000 stream_playing=false peak_db=-200.0 mix_rate=48000 latency=0.0880 @ http://localhost:8770/index.js:451
[ 1294399ms] [LOG] MON 1 playing=false pos=0.000 stream_playing=false peak_db=-200.0 mix_rate=48000 latency=0.0880 @ http://localhost:8770/index.js:451
[ 1294652ms] [LOG] MON 1 playing=false pos=0.000 stream_playing=false peak_db=-200.0 mix_rate=48000 latency=0.0880 @ http://localhost:8770/index.js:451
[ 1294899ms] [LOG] MON 1 playing=false pos=0.000 stream_playing=false peak_db=-200.0 mix_rate=48000 latency=0.0880 @ http://localhost:8770/index.js:451
[ 1295149ms] [LOG] MON 1 playing=false pos=0.000 stream_playing=false peak_db=-200.0 mix_rate=48000 latency=0.0880 @ http://localhost:8770/index.js:451
[ 1295397ms] [LOG] MON 1 playing=false pos=0.000 stream_playing=false peak_db=-200.0 mix_rate=48000 latency=0.0880 @ http://localhost:8770/index.js:451
[ 1295648ms] [LOG] MON 1 playing=false pos=0.000 stream_playing=false peak_db=-200.0 mix_rate=48000 latency=0.0880 @ http://localhost:8770/index.js:451
[ 1295899ms] [LOG] MON 1 playing=false pos=0.000 stream_playing=false peak_db=-200.0 mix_rate=48000 latency=0.0880 @ http://localhost:8770/index.js:451
[ 1296149ms] [LOG] MON 1 playing=false pos=0.000 stream_playing=false peak_db=-200.0 mix_rate=48000 latency=0.0880 @ http://localhost:8770/index.js:451
[ 1296399ms] [LOG] MON 1 playing=false pos=0.000 stream_playing=false peak_db=-200.0 mix_rate=48000 latency=0.0880 @ http://localhost:8770/index.js:451
[ 1296649ms] [LOG] MON 1 playing=false pos=0.000 stream_playing=false peak_db=-200.0 mix_rate=48000 latency=0.0880 @ http://localhost:8770/index.js:451
[ 1296900ms] [LOG] MON 1 playing=false pos=0.000 stream_playing=false peak_db=-200.0 mix_rate=48000 latency=0.0880 @ http://localhost:8770/index.js:451
[ 1297150ms] [LOG] MON 1 playing=false pos=0.000 stream_playing=false peak_db=-200.0 mix_rate=48000 latency=0.0880 @ http://localhost:8770/index.js:451
[ 1297400ms] [LOG] MON 1 playing=false pos=0.000 stream_playing=false peak_db=-200.0 mix_rate=48000 latency=0.0880 @ http://localhost:8770/index.js:451
[ 1297650ms] [LOG] MON 1 playing=false pos=0.000 stream_playing=false peak_db=-200.0 mix_rate=48000 latency=0.0880 @ http://localhost:8770/index.js:451
[ 1297899ms] [LOG] MON 1 playing=false pos=0.000 stream_playing=false peak_db=-200.0 mix_rate=48000 latency=0.0880 @ http://localhost:8770/index.js:451
[ 1298150ms] [LOG] MON 1 playing=false pos=0.000 stream_playing=false peak_db=-200.0 mix_rate=48000 latency=0.0880 @ http://localhost:8770/index.js:451
[ 1298400ms] [LOG] MON 1 playing=false pos=0.000 stream_playing=false peak_db=-200.0 mix_rate=48000 latency=0.0880 @ http://localhost:8770/index.js:451
[ 1298647ms] [LOG] MON 1 playing=false pos=0.000 stream_playing=false peak_db=-200.0 mix_rate=48000 latency=0.0880 @ http://localhost:8770/index.js:451
[ 1298897ms] [LOG] MON 1 playing=false pos=0.000 stream_playing=false peak_db=-200.0 mix_rate=48000 latency=0.0880 @ http://localhost:8770/index.js:451
[ 1299148ms] [LOG] MON 1 playing=false pos=0.000 stream_playing=false peak_db=-200.0 mix_rate=48000 latency=0.0880 @ http://localhost:8770/index.js:451
[ 1299399ms] [LOG] MON 1 playing=false pos=0.000 stream_playing=false peak_db=-200.0 mix_rate=48000 latency=0.0880 @ http://localhost:8770/index.js:451
[ 1299651ms] [LOG] MON 1 playing=false pos=0.000 stream_playing=false peak_db=-200.0 mix_rate=48000 latency=0.0880 @ http://localhost:8770/index.js:451
[ 1299901ms] [LOG] MON 1 playing=false pos=0.000 stream_playing=false peak_db=-200.0 mix_rate=48000 latency=0.0880 @ http://localhost:8770/index.js:451
[ 1300150ms] [LOG] MON 1 playing=false pos=0.000 stream_playing=false peak_db=-200.0 mix_rate=48000 latency=0.0880 @ http://localhost:8770/index.js:451
[ 1300399ms] [LOG] MON 1 playing=false pos=0.000 stream_playing=false peak_db=-200.0 mix_rate=48000 latency=0.0880 @ http://localhost:8770/index.js:451
[ 1300649ms] [LOG] MON 1 playing=false pos=0.000 stream_playing=false peak_db=-200.0 mix_rate=48000 latency=0.0880 @ http://localhost:8770/index.js:451
[ 1300899ms] [LOG] MON 1 playing=false pos=0.000 stream_playing=false peak_db=-200.0 mix_rate=48000 latency=0.0880 @ http://localhost:8770/index.js:451
[ 1301151ms] [LOG] MON 1 playing=false pos=0.000 stream_playing=false peak_db=-200.0 mix_rate=48000 latency=0.0880 @ http://localhost:8770/index.js:451
[ 1301398ms] [LOG] MON 1 playing=false pos=0.000 stream_playing=false peak_db=-200.0 mix_rate=48000 latency=0.0880 @ http://localhost:8770/index.js:451
[ 1301649ms] [LOG] MON 1 playing=false pos=0.000 stream_playing=false peak_db=-200.0 mix_rate=48000 latency=0.0880 @ http://localhost:8770/index.js:451
[ 1301899ms] [LOG] MON 1 playing=false pos=0.000 stream_playing=false peak_db=-200.0 mix_rate=48000 latency=0.0880 @ http://localhost:8770/index.js:451
[ 1302150ms] [LOG] MON 1 playing=false pos=0.000 stream_playing=false peak_db=-200.0 mix_rate=48000 latency=0.0880 @ http://localhost:8770/index.js:451
[ 1302398ms] [LOG] MON 1 playing=false pos=0.000 stream_playing=false peak_db=-200.0 mix_rate=48000 latency=0.0880 @ http://localhost:8770/index.js:451
[ 1302649ms] [LOG] MON 1 playing=false pos=0.000 stream_playing=false peak_db=-200.0 mix_rate=48000 latency=0.0880 @ http://localhost:8770/index.js:451
[ 1302897ms] [LOG] MON 1 playing=false pos=0.000 stream_playing=false peak_db=-200.0 mix_rate=48000 latency=0.0880 @ http://localhost:8770/index.js:451
[ 1303148ms] [LOG] MON 1 playing=false pos=0.000 stream_playing=false peak_db=-200.0 mix_rate=48000 latency=0.0880 @ http://localhost:8770/index.js:451
[ 1303399ms] [LOG] MON 1 playing=false pos=0.000 stream_playing=false peak_db=-200.0 mix_rate=48000 latency=0.0880 @ http://localhost:8770/index.js:451
[ 1303649ms] [LOG] MON 1 playing=false pos=0.000 stream_playing=false peak_db=-200.0 mix_rate=48000 latency=0.0880 @ http://localhost:8770/index.js:451
[ 1303899ms] [LOG] MON 1 playing=false pos=0.000 stream_playing=false peak_db=-200.0 mix_rate=48000 latency=0.0880 @ http://localhost:8770/index.js:451
[ 1304149ms] [LOG] MON 1 playing=false pos=0.000 stream_playing=false peak_db=-200.0 mix_rate=48000 latency=0.0880 @ http://localhost:8770/index.js:451
[ 1304400ms] [LOG] MON 1 playing=false pos=0.000 stream_playing=false peak_db=-200.0 mix_rate=48000 latency=0.0880 @ http://localhost:8770/index.js:451
[ 1304647ms] [LOG] MON 1 playing=false pos=0.000 stream_playing=false peak_db=-200.0 mix_rate=48000 latency=0.0880 @ http://localhost:8770/index.js:451
[ 1304899ms] [LOG] MON 1 playing=false pos=0.000 stream_playing=false peak_db=-200.0 mix_rate=48000 latency=0.0880 @ http://localhost:8770/index.js:451
[ 1305149ms] [LOG] MON 1 playing=false pos=0.000 stream_playing=false peak_db=-200.0 mix_rate=48000 latency=0.0880 @ http://localhost:8770/index.js:451
[ 1305397ms] [LOG] MON 1 playing=false pos=0.000 stream_playing=false peak_db=-200.0 mix_rate=48000 latency=0.0880 @ http://localhost:8770/index.js:451
[ 1305648ms] [LOG] MON 1 playing=false pos=0.000 stream_playing=false peak_db=-200.0 mix_rate=48000 latency=0.0880 @ http://localhost:8770/index.js:451
[ 1305901ms] [LOG] MON 1 playing=false pos=0.000 stream_playing=false peak_db=-200.0 mix_rate=48000 latency=0.0880 @ http://localhost:8770/index.js:451
[ 1306150ms] [LOG] MON 1 playing=false pos=0.000 stream_playing=false peak_db=-200.0 mix_rate=48000 latency=0.0880 @ http://localhost:8770/index.js:451
[ 1306398ms] [LOG] MON 1 playing=false pos=0.000 stream_playing=false peak_db=-200.0 mix_rate=48000 latency=0.0880 @ http://localhost:8770/index.js:451
[ 1306650ms] [LOG] MON 1 playing=false pos=0.000 stream_playing=false peak_db=-200.0 mix_rate=48000 latency=0.0880 @ http://localhost:8770/index.js:451
[ 1306899ms] [LOG] MON 1 playing=false pos=0.000 stream_playing=false peak_db=-200.0 mix_rate=48000 latency=0.0880 @ http://localhost:8770/index.js:451
[ 1307148ms] [LOG] MON 1 playing=false pos=0.000 stream_playing=false peak_db=-200.0 mix_rate=48000 latency=0.0880 @ http://localhost:8770/index.js:451
[ 1307397ms] [LOG] MON 1 playing=false pos=0.000 stream_playing=false peak_db=-200.0 mix_rate=48000 latency=0.0880 @ http://localhost:8770/index.js:451
[ 1307649ms] [LOG] MON 1 playing=false pos=0.000 stream_playing=false peak_db=-200.0 mix_rate=48000 latency=0.0880 @ http://localhost:8770/index.js:451
[ 1307898ms] [LOG] MON 1 playing=false pos=0.000 stream_playing=false peak_db=-200.0 mix_rate=48000 latency=0.0880 @ http://localhost:8770/index.js:451
[ 1308149ms] [LOG] MON 1 playing=false pos=0.000 stream_playing=false peak_db=-200.0 mix_rate=48000 latency=0.0880 @ http://localhost:8770/index.js:451
[ 1308398ms] [LOG] MON 1 playing=false pos=0.000 stream_playing=false peak_db=-200.0 mix_rate=48000 latency=0.0880 @ http://localhost:8770/index.js:451
[ 1308649ms] [LOG] MON 1 playing=false pos=0.000 stream_playing=false peak_db=-200.0 mix_rate=48000 latency=0.0880 @ http://localhost:8770/index.js:451
[ 1308898ms] [LOG] MON 1 playing=false pos=0.000 stream_playing=false peak_db=-200.0 mix_rate=48000 latency=0.0880 @ http://localhost:8770/index.js:451
[ 1309149ms] [LOG] MON 1 playing=false pos=0.000 stream_playing=false peak_db=-200.0 mix_rate=48000 latency=0.0880 @ http://localhost:8770/index.js:451
[ 1309398ms] [LOG] MON 1 playing=false pos=0.000 stream_playing=false peak_db=-200.0 mix_rate=48000 latency=0.0880 @ http://localhost:8770/index.js:451
[ 1309648ms] [LOG] MON 1 playing=false pos=0.000 stream_playing=false peak_db=-200.0 mix_rate=48000 latency=0.0880 @ http://localhost:8770/index.js:451
[ 1309899ms] [LOG] MON 1 playing=false pos=0.000 stream_playing=false peak_db=-200.0 mix_rate=48000 latency=0.0880 @ http://localhost:8770/index.js:451
[ 1310149ms] [LOG] MON 1 playing=false pos=0.000 stream_playing=false peak_db=-200.0 mix_rate=48000 latency=0.0880 @ http://localhost:8770/index.js:451
[ 1310398ms] [LOG] MON 1 playing=false pos=0.000 stream_playing=false peak_db=-200.0 mix_rate=48000 latency=0.0880 @ http://localhost:8770/index.js:451
[ 1310649ms] [LOG] MON 1 playing=false pos=0.000 stream_playing=false peak_db=-200.0 mix_rate=48000 latency=0.0880 @ http://localhost:8770/index.js:451
[ 1310897ms] [LOG] MON 1 playing=false pos=0.000 stream_playing=false peak_db=-200.0 mix_rate=48000 latency=0.0880 @ http://localhost:8770/index.js:451
[ 1311148ms] [LOG] MON 1 playing=false pos=0.000 stream_playing=false peak_db=-200.0 mix_rate=48000 latency=0.0880 @ http://localhost:8770/index.js:451
[ 1311398ms] [LOG] MON 1 playing=false pos=0.000 stream_playing=false peak_db=-200.0 mix_rate=48000 latency=0.0880 @ http://localhost:8770/index.js:451
[ 1311649ms] [LOG] MON 1 playing=false pos=0.000 stream_playing=false peak_db=-200.0 mix_rate=48000 latency=0.0880 @ http://localhost:8770/index.js:451
[ 1311897ms] [LOG] MON 1 playing=false pos=0.000 stream_playing=false peak_db=-200.0 mix_rate=48000 latency=0.0880 @ http://localhost:8770/index.js:451
[ 1312147ms] [LOG] MON 1 playing=false pos=0.000 stream_playing=false peak_db=-200.0 mix_rate=48000 latency=0.0880 @ http://localhost:8770/index.js:451
[ 1312398ms] [LOG] MON 1 playing=false pos=0.000 stream_playing=false peak_db=-200.0 mix_rate=48000 latency=0.0880 @ http://localhost:8770/index.js:451
[ 1312649ms] [LOG] MON 1 playing=false pos=0.000 stream_playing=false peak_db=-200.0 mix_rate=48000 latency=0.0880 @ http://localhost:8770/index.js:451
[ 1312899ms] [LOG] MON 1 playing=false pos=0.000 stream_playing=false peak_db=-200.0 mix_rate=48000 latency=0.0880 @ http://localhost:8770/index.js:451
[ 1313149ms] [LOG] MON 1 playing=false pos=0.000 stream_playing=false peak_db=-200.0 mix_rate=48000 latency=0.0880 @ http://localhost:8770/index.js:451
[ 1313399ms] [LOG] MON 1 playing=false pos=0.000 stream_playing=false peak_db=-200.0 mix_rate=48000 latency=0.0880 @ http://localhost:8770/index.js:451
[ 1313648ms] [LOG] MON 1 playing=false pos=0.000 stream_playing=false peak_db=-200.0 mix_rate=48000 latency=0.0880 @ http://localhost:8770/index.js:451
[ 1313898ms] [LOG] MON 1 playing=false pos=0.000 stream_playing=false peak_db=-200.0 mix_rate=48000 latency=0.0880 @ http://localhost:8770/index.js:451
[ 1314149ms] [LOG] MON 1 playing=false pos=0.000 stream_playing=false peak_db=-200.0 mix_rate=48000 latency=0.0880 @ http://localhost:8770/index.js:451
[ 1314397ms] [LOG] MON 1 playing=false pos=0.000 stream_playing=false peak_db=-200.0 mix_rate=48000 latency=0.0880 @ http://localhost:8770/index.js:451
[ 1314648ms] [LOG] MON 1 playing=false pos=0.000 stream_playing=false peak_db=-200.0 mix_rate=48000 latency=0.0880 @ http://localhost:8770/index.js:451
[ 1314898ms] [LOG] MON 1 playing=false pos=0.000 stream_playing=false peak_db=-200.0 mix_rate=48000 latency=0.0880 @ http://localhost:8770/index.js:451
[ 1315147ms] [LOG] MON 1 playing=false pos=0.000 stream_playing=false peak_db=-200.0 mix_rate=48000 latency=0.0880 @ http://localhost:8770/index.js:451
[ 1315398ms] [LOG] MON 1 playing=false pos=0.000 stream_playing=false peak_db=-200.0 mix_rate=48000 latency=0.0880 @ http://localhost:8770/index.js:451
[ 1315648ms] [LOG] MON 1 playing=false pos=0.000 stream_playing=false peak_db=-200.0 mix_rate=48000 latency=0.0880 @ http://localhost:8770/index.js:451
[ 1315898ms] [LOG] MON 1 playing=false pos=0.000 stream_playing=false peak_db=-200.0 mix_rate=48000 latency=0.0880 @ http://localhost:8770/index.js:451
[ 1316147ms] [LOG] MON 1 playing=false pos=0.000 stream_playing=false peak_db=-200.0 mix_rate=48000 latency=0.0880 @ http://localhost:8770/index.js:451
[ 1316400ms] [LOG] MON 1 playing=false pos=0.000 stream_playing=false peak_db=-200.0 mix_rate=48000 latency=0.0880 @ http://localhost:8770/index.js:451
[ 1316648ms] [LOG] MON 1 playing=false pos=0.000 stream_playing=false peak_db=-200.0 mix_rate=48000 latency=0.0880 @ http://localhost:8770/index.js:451
[ 1316899ms] [LOG] MON 1 playing=false pos=0.000 stream_playing=false peak_db=-200.0 mix_rate=48000 latency=0.0880 @ http://localhost:8770/index.js:451
[ 1317150ms] [LOG] MON 1 playing=false pos=0.000 stream_playing=false peak_db=-200.0 mix_rate=48000 latency=0.0880 @ http://localhost:8770/index.js:451
[ 1317399ms] [LOG] MON 1 playing=false pos=0.000 stream_playing=false peak_db=-200.0 mix_rate=48000 latency=0.0880 @ http://localhost:8770/index.js:451
[ 1317648ms] [LOG] MON 1 playing=false pos=0.000 stream_playing=false peak_db=-200.0 mix_rate=48000 latency=0.0880 @ http://localhost:8770/index.js:451
[ 1317898ms] [LOG] MON 1 playing=false pos=0.000 stream_playing=false peak_db=-200.0 mix_rate=48000 latency=0.0880 @ http://localhost:8770/index.js:451
[ 1318149ms] [LOG] MON 1 playing=false pos=0.000 stream_playing=false peak_db=-200.0 mix_rate=48000 latency=0.0880 @ http://localhost:8770/index.js:451
[ 1318398ms] [LOG] MON 1 playing=false pos=0.000 stream_playing=false peak_db=-200.0 mix_rate=48000 latency=0.0880 @ http://localhost:8770/index.js:451
[ 1318648ms] [LOG] MON 1 playing=false pos=0.000 stream_playing=false peak_db=-200.0 mix_rate=48000 latency=0.0880 @ http://localhost:8770/index.js:451
[ 1318897ms] [LOG] MON 1 playing=false pos=0.000 stream_playing=false peak_db=-200.0 mix_rate=48000 latency=0.0880 @ http://localhost:8770/index.js:451
[ 1319147ms] [LOG] MON 1 playing=false pos=0.000 stream_playing=false peak_db=-200.0 mix_rate=48000 latency=0.0880 @ http://localhost:8770/index.js:451
[ 1319398ms] [LOG] MON 1 playing=false pos=0.000 stream_playing=false peak_db=-200.0 mix_rate=48000 latency=0.0880 @ http://localhost:8770/index.js:451
[ 1319648ms] [LOG] MON 1 playing=false pos=0.000 stream_playing=false peak_db=-200.0 mix_rate=48000 latency=0.0880 @ http://localhost:8770/index.js:451
[ 1319898ms] [LOG] MON 1 playing=false pos=0.000 stream_playing=false peak_db=-200.0 mix_rate=48000 latency=0.0880 @ http://localhost:8770/index.js:451
[ 1320149ms] [LOG] MON 1 playing=false pos=0.000 stream_playing=false peak_db=-200.0 mix_rate=48000 latency=0.0880 @ http://localhost:8770/index.js:451
[ 1320397ms] [LOG] MON 1 playing=false pos=0.000 stream_playing=false peak_db=-200.0 mix_rate=48000 latency=0.0880 @ http://localhost:8770/index.js:451
[ 1320648ms] [LOG] MON 1 playing=false pos=0.000 stream_playing=false peak_db=-200.0 mix_rate=48000 latency=0.0880 @ http://localhost:8770/index.js:451
[ 1320900ms] [LOG] MON 1 playing=false pos=0.000 stream_playing=false peak_db=-200.0 mix_rate=48000 latency=0.0880 @ http://localhost:8770/index.js:451
[ 1321147ms] [LOG] MON 1 playing=false pos=0.000 stream_playing=false peak_db=-200.0 mix_rate=48000 latency=0.0880 @ http://localhost:8770/index.js:451
[ 1321398ms] [LOG] MON 1 playing=false pos=0.000 stream_playing=false peak_db=-200.0 mix_rate=48000 latency=0.0880 @ http://localhost:8770/index.js:451
[ 1321647ms] [LOG] MON 1 playing=false pos=0.000 stream_playing=false peak_db=-200.0 mix_rate=48000 latency=0.0880 @ http://localhost:8770/index.js:451
[ 1321897ms] [LOG] MON 1 playing=false pos=0.000 stream_playing=false peak_db=-200.0 mix_rate=48000 latency=0.0880 @ http://localhost:8770/index.js:451
[ 1322149ms] [LOG] MON 1 playing=false pos=0.000 stream_playing=false peak_db=-200.0 mix_rate=48000 latency=0.0880 @ http://localhost:8770/index.js:451
[ 1322399ms] [LOG] MON 1 playing=false pos=0.000 stream_playing=false peak_db=-200.0 mix_rate=48000 latency=0.0880 @ http://localhost:8770/index.js:451
[ 1322647ms] [LOG] MON 1 playing=false pos=0.000 stream_playing=false peak_db=-200.0 mix_rate=48000 latency=0.0880 @ http://localhost:8770/index.js:451
[ 1322901ms] [LOG] MON 1 playing=false pos=0.000 stream_playing=false peak_db=-200.0 mix_rate=48000 latency=0.0880 @ http://localhost:8770/index.js:451
[ 1323147ms] [LOG] MON 1 playing=false pos=0.000 stream_playing=false peak_db=-200.0 mix_rate=48000 latency=0.0880 @ http://localhost:8770/index.js:451
[ 1323398ms] [LOG] MON 1 playing=false pos=0.000 stream_playing=false peak_db=-200.0 mix_rate=48000 latency=0.0880 @ http://localhost:8770/index.js:451
[ 1323649ms] [LOG] MON 1 playing=false pos=0.000 stream_playing=false peak_db=-200.0 mix_rate=48000 latency=0.0880 @ http://localhost:8770/index.js:451
[ 1323899ms] [LOG] MON 1 playing=false pos=0.000 stream_playing=false peak_db=-200.0 mix_rate=48000 latency=0.0880 @ http://localhost:8770/index.js:451
[ 1324147ms] [LOG] MON 1 playing=false pos=0.000 stream_playing=false peak_db=-200.0 mix_rate=48000 latency=0.0880 @ http://localhost:8770/index.js:451
[ 1324398ms] [LOG] MON 1 playing=false pos=0.000 stream_playing=false peak_db=-200.0 mix_rate=48000 latency=0.0880 @ http://localhost:8770/index.js:451
[ 1324648ms] [LOG] MON 1 playing=false pos=0.000 stream_playing=false peak_db=-200.0 mix_rate=48000 latency=0.0880 @ http://localhost:8770/index.js:451
[ 1324898ms] [LOG] MON 1 playing=false pos=0.000 stream_playing=false peak_db=-200.0 mix_rate=48000 latency=0.0880 @ http://localhost:8770/index.js:451
[ 1325148ms] [LOG] MON 1 playing=false pos=0.000 stream_playing=false peak_db=-200.0 mix_rate=48000 latency=0.0880 @ http://localhost:8770/index.js:451
[ 1325398ms] [LOG] MON 1 playing=false pos=0.000 stream_playing=false peak_db=-200.0 mix_rate=48000 latency=0.0880 @ http://localhost:8770/index.js:451
[ 1325648ms] [LOG] MON 1 playing=false pos=0.000 stream_playing=false peak_db=-200.0 mix_rate=48000 latency=0.0880 @ http://localhost:8770/index.js:451
[ 1325898ms] [LOG] MON 1 playing=false pos=0.000 stream_playing=false peak_db=-200.0 mix_rate=48000 latency=0.0880 @ http://localhost:8770/index.js:451
[ 1326150ms] [LOG] MON 1 playing=false pos=0.000 stream_playing=false peak_db=-200.0 mix_rate=48000 latency=0.0880 @ http://localhost:8770/index.js:451
[ 1326401ms] [LOG] MON 1 playing=false pos=0.000 stream_playing=false peak_db=-200.0 mix_rate=48000 latency=0.0880 @ http://localhost:8770/index.js:451
[ 1326648ms] [LOG] MON 1 playing=false pos=0.000 stream_playing=false peak_db=-200.0 mix_rate=48000 latency=0.0880 @ http://localhost:8770/index.js:451
[ 1326898ms] [LOG] MON 1 playing=false pos=0.000 stream_playing=false peak_db=-200.0 mix_rate=48000 latency=0.0880 @ http://localhost:8770/index.js:451
[ 1327147ms] [LOG] MON 1 playing=false pos=0.000 stream_playing=false peak_db=-200.0 mix_rate=48000 latency=0.0880 @ http://localhost:8770/index.js:451
[ 1327398ms] [LOG] MON 1 playing=false pos=0.000 stream_playing=false peak_db=-200.0 mix_rate=48000 latency=0.0880 @ http://localhost:8770/index.js:451
[ 1327649ms] [LOG] MON 1 playing=false pos=0.000 stream_playing=false peak_db=-200.0 mix_rate=48000 latency=0.0880 @ http://localhost:8770/index.js:451
[ 1327898ms] [LOG] MON 1 playing=false pos=0.000 stream_playing=false peak_db=-200.0 mix_rate=48000 latency=0.0880 @ http://localhost:8770/index.js:451
[ 1328148ms] [LOG] MON 1 playing=false pos=0.000 stream_playing=false peak_db=-200.0 mix_rate=48000 latency=0.0880 @ http://localhost:8770/index.js:451
[ 1328397ms] [LOG] MON 1 playing=false pos=0.000 stream_playing=false peak_db=-200.0 mix_rate=48000 latency=0.0880 @ http://localhost:8770/index.js:451
[ 1328651ms] [LOG] MON 1 playing=false pos=0.000 stream_playing=false peak_db=-200.0 mix_rate=48000 latency=0.0880 @ http://localhost:8770/index.js:451
[ 1328900ms] [LOG] MON 1 playing=false pos=0.000 stream_playing=false peak_db=-200.0 mix_rate=48000 latency=0.0880 @ http://localhost:8770/index.js:451
[ 1329148ms] [LOG] MON 1 playing=false pos=0.000 stream_playing=false peak_db=-200.0 mix_rate=48000 latency=0.0880 @ http://localhost:8770/index.js:451
[ 1329397ms] [LOG] MON 1 playing=false pos=0.000 stream_playing=false peak_db=-200.0 mix_rate=48000 latency=0.0880 @ http://localhost:8770/index.js:451
[ 1329647ms] [LOG] MON 1 playing=false pos=0.000 stream_playing=false peak_db=-200.0 mix_rate=48000 latency=0.0880 @ http://localhost:8770/index.js:451
[ 1329898ms] [LOG] MON 1 playing=false pos=0.000 stream_playing=false peak_db=-200.0 mix_rate=48000 latency=0.0880 @ http://localhost:8770/index.js:451
[ 1330151ms] [LOG] MON 1 playing=false pos=0.000 stream_playing=false peak_db=-200.0 mix_rate=48000 latency=0.0880 @ http://localhost:8770/index.js:451
[ 1330402ms] [LOG] MON 1 playing=false pos=0.000 stream_playing=false peak_db=-200.0 mix_rate=48000 latency=0.0880 @ http://localhost:8770/index.js:451
[ 1330649ms] [LOG] MON 1 playing=false pos=0.000 stream_playing=false peak_db=-200.0 mix_rate=48000 latency=0.0880 @ http://localhost:8770/index.js:451
[ 1330900ms] [LOG] MON 1 playing=false pos=0.000 stream_playing=false peak_db=-200.0 mix_rate=48000 latency=0.0880 @ http://localhost:8770/index.js:451
[ 1331148ms] [LOG] MON 1 playing=false pos=0.000 stream_playing=false peak_db=-200.0 mix_rate=48000 latency=0.0880 @ http://localhost:8770/index.js:451
[ 1331398ms] [LOG] MON 1 playing=false pos=0.000 stream_playing=false peak_db=-200.0 mix_rate=48000 latency=0.0880 @ http://localhost:8770/index.js:451
[ 1331648ms] [LOG] MON 1 playing=false pos=0.000 stream_playing=false peak_db=-200.0 mix_rate=48000 latency=0.0880 @ http://localhost:8770/index.js:451
[ 1331897ms] [LOG] MON 1 playing=false pos=0.000 stream_playing=false peak_db=-200.0 mix_rate=48000 latency=0.0880 @ http://localhost:8770/index.js:451
[ 1332149ms] [LOG] MON 1 playing=false pos=0.000 stream_playing=false peak_db=-200.0 mix_rate=48000 latency=0.0880 @ http://localhost:8770/index.js:451
[ 1332399ms] [LOG] MON 1 playing=false pos=0.000 stream_playing=false peak_db=-200.0 mix_rate=48000 latency=0.0880 @ http://localhost:8770/index.js:451
[ 1332647ms] [LOG] MON 1 playing=false pos=0.000 stream_playing=false peak_db=-200.0 mix_rate=48000 latency=0.0880 @ http://localhost:8770/index.js:451
[ 1332897ms] [LOG] MON 1 playing=false pos=0.000 stream_playing=false peak_db=-200.0 mix_rate=48000 latency=0.0880 @ http://localhost:8770/index.js:451
[ 1333147ms] [LOG] MON 1 playing=false pos=0.000 stream_playing=false peak_db=-200.0 mix_rate=48000 latency=0.0880 @ http://localhost:8770/index.js:451
[ 1333399ms] [LOG] MON 1 playing=false pos=0.000 stream_playing=false peak_db=-200.0 mix_rate=48000 latency=0.0880 @ http://localhost:8770/index.js:451
[ 1333649ms] [LOG] MON 1 playing=false pos=0.000 stream_playing=false peak_db=-200.0 mix_rate=48000 latency=0.0880 @ http://localhost:8770/index.js:451
[ 1333899ms] [LOG] MON 1 playing=false pos=0.000 stream_playing=false peak_db=-200.0 mix_rate=48000 latency=0.0880 @ http://localhost:8770/index.js:451
[ 1334147ms] [LOG] MON 1 playing=false pos=0.000 stream_playing=false peak_db=-200.0 mix_rate=48000 latency=0.0880 @ http://localhost:8770/index.js:451
[ 1334397ms] [LOG] MON 1 playing=false pos=0.000 stream_playing=false peak_db=-200.0 mix_rate=48000 latency=0.0880 @ http://localhost:8770/index.js:451
[ 1334649ms] [LOG] MON 1 playing=false pos=0.000 stream_playing=false peak_db=-200.0 mix_rate=48000 latency=0.0880 @ http://localhost:8770/index.js:451
[ 1334898ms] [LOG] MON 1 playing=false pos=0.000 stream_playing=false peak_db=-200.0 mix_rate=48000 latency=0.0880 @ http://localhost:8770/index.js:451
[ 1335147ms] [LOG] MON 1 playing=false pos=0.000 stream_playing=false peak_db=-200.0 mix_rate=48000 latency=0.0880 @ http://localhost:8770/index.js:451
[ 1335397ms] [LOG] MON 1 playing=false pos=0.000 stream_playing=false peak_db=-200.0 mix_rate=48000 latency=0.0880 @ http://localhost:8770/index.js:451
[ 1335649ms] [LOG] MON 1 playing=false pos=0.000 stream_playing=false peak_db=-200.0 mix_rate=48000 latency=0.0880 @ http://localhost:8770/index.js:451
[ 1335899ms] [LOG] MON 1 playing=false pos=0.000 stream_playing=false peak_db=-200.0 mix_rate=48000 latency=0.0880 @ http://localhost:8770/index.js:451
[ 1336148ms] [LOG] MON 1 playing=false pos=0.000 stream_playing=false peak_db=-200.0 mix_rate=48000 latency=0.0880 @ http://localhost:8770/index.js:451
[ 1336398ms] [LOG] MON 1 playing=false pos=0.000 stream_playing=false peak_db=-200.0 mix_rate=48000 latency=0.0880 @ http://localhost:8770/index.js:451
[ 1336648ms] [LOG] MON 1 playing=false pos=0.000 stream_playing=false peak_db=-200.0 mix_rate=48000 latency=0.0880 @ http://localhost:8770/index.js:451
[ 1336900ms] [LOG] MON 1 playing=false pos=0.000 stream_playing=false peak_db=-200.0 mix_rate=48000 latency=0.0880 @ http://localhost:8770/index.js:451
[ 1337147ms] [LOG] MON 1 playing=false pos=0.000 stream_playing=false peak_db=-200.0 mix_rate=48000 latency=0.0880 @ http://localhost:8770/index.js:451
[ 1337399ms] [LOG] MON 1 playing=false pos=0.000 stream_playing=false peak_db=-200.0 mix_rate=48000 latency=0.0880 @ http://localhost:8770/index.js:451
[ 1337649ms] [LOG] MON 1 playing=false pos=0.000 stream_playing=false peak_db=-200.0 mix_rate=48000 latency=0.0880 @ http://localhost:8770/index.js:451
[ 1337897ms] [LOG] MON 1 playing=false pos=0.000 stream_playing=false peak_db=-200.0 mix_rate=48000 latency=0.0880 @ http://localhost:8770/index.js:451
[ 1338150ms] [LOG] MON 1 playing=false pos=0.000 stream_playing=false peak_db=-200.0 mix_rate=48000 latency=0.0880 @ http://localhost:8770/index.js:451
[ 1338398ms] [LOG] MON 1 playing=false pos=0.000 stream_playing=false peak_db=-200.0 mix_rate=48000 latency=0.0880 @ http://localhost:8770/index.js:451
[ 1338648ms] [LOG] MON 1 playing=false pos=0.000 stream_playing=false peak_db=-200.0 mix_rate=48000 latency=0.0880 @ http://localhost:8770/index.js:451
[ 1338899ms] [LOG] MON 1 playing=false pos=0.000 stream_playing=false peak_db=-200.0 mix_rate=48000 latency=0.0880 @ http://localhost:8770/index.js:451
[ 1339149ms] [LOG] MON 1 playing=false pos=0.000 stream_playing=false peak_db=-200.0 mix_rate=48000 latency=0.0880 @ http://localhost:8770/index.js:451
[ 1339400ms] [LOG] MON 1 playing=false pos=0.000 stream_playing=false peak_db=-200.0 mix_rate=48000 latency=0.0880 @ http://localhost:8770/index.js:451
[ 1339648ms] [LOG] MON 1 playing=false pos=0.000 stream_playing=false peak_db=-200.0 mix_rate=48000 latency=0.0880 @ http://localhost:8770/index.js:451
[ 1339898ms] [LOG] MON 1 playing=false pos=0.000 stream_playing=false peak_db=-200.0 mix_rate=48000 latency=0.0880 @ http://localhost:8770/index.js:451
[ 1340151ms] [LOG] MON 1 playing=false pos=0.000 stream_playing=false peak_db=-200.0 mix_rate=48000 latency=0.0880 @ http://localhost:8770/index.js:451
[ 1340399ms] [LOG] MON 1 playing=false pos=0.000 stream_playing=false peak_db=-200.0 mix_rate=48000 latency=0.0880 @ http://localhost:8770/index.js:451
[ 1340650ms] [LOG] MON 1 playing=false pos=0.000 stream_playing=false peak_db=-200.0 mix_rate=48000 latency=0.0880 @ http://localhost:8770/index.js:451
[ 1340900ms] [LOG] MON 1 playing=false pos=0.000 stream_playing=false peak_db=-200.0 mix_rate=48000 latency=0.0880 @ http://localhost:8770/index.js:451
[ 1341148ms] [LOG] MON 1 playing=false pos=0.000 stream_playing=false peak_db=-200.0 mix_rate=48000 latency=0.0880 @ http://localhost:8770/index.js:451
[ 1341398ms] [LOG] MON 1 playing=false pos=0.000 stream_playing=false peak_db=-200.0 mix_rate=48000 latency=0.0880 @ http://localhost:8770/index.js:451
[ 1341648ms] [LOG] MON 1 playing=false pos=0.000 stream_playing=false peak_db=-200.0 mix_rate=48000 latency=0.0880 @ http://localhost:8770/index.js:451
[ 1341899ms] [LOG] MON 1 playing=false pos=0.000 stream_playing=false peak_db=-200.0 mix_rate=48000 latency=0.0880 @ http://localhost:8770/index.js:451
[ 1342149ms] [LOG] MON 1 playing=false pos=0.000 stream_playing=false peak_db=-200.0 mix_rate=48000 latency=0.0880 @ http://localhost:8770/index.js:451
[ 1342399ms] [LOG] MON 1 playing=false pos=0.000 stream_playing=false peak_db=-200.0 mix_rate=48000 latency=0.0880 @ http://localhost:8770/index.js:451
[ 1342648ms] [LOG] MON 1 playing=false pos=0.000 stream_playing=false peak_db=-200.0 mix_rate=48000 latency=0.0880 @ http://localhost:8770/index.js:451
[ 1342897ms] [LOG] MON 1 playing=false pos=0.000 stream_playing=false peak_db=-200.0 mix_rate=48000 latency=0.0880 @ http://localhost:8770/index.js:451
[ 1343148ms] [LOG] MON 1 playing=false pos=0.000 stream_playing=false peak_db=-200.0 mix_rate=48000 latency=0.0880 @ http://localhost:8770/index.js:451
[ 1343398ms] [LOG] MON 1 playing=false pos=0.000 stream_playing=false peak_db=-200.0 mix_rate=48000 latency=0.0880 @ http://localhost:8770/index.js:451
[ 1343648ms] [LOG] MON 1 playing=false pos=0.000 stream_playing=false peak_db=-200.0 mix_rate=48000 latency=0.0880 @ http://localhost:8770/index.js:451
[ 1343900ms] [LOG] MON 1 playing=false pos=0.000 stream_playing=false peak_db=-200.0 mix_rate=48000 latency=0.0880 @ http://localhost:8770/index.js:451
[ 1344148ms] [LOG] MON 1 playing=false pos=0.000 stream_playing=false peak_db=-200.0 mix_rate=48000 latency=0.0880 @ http://localhost:8770/index.js:451
[ 1344399ms] [LOG] MON 1 playing=false pos=0.000 stream_playing=false peak_db=-200.0 mix_rate=48000 latency=0.0880 @ http://localhost:8770/index.js:451
[ 1344648ms] [LOG] MON 1 playing=false pos=0.000 stream_playing=false peak_db=-200.0 mix_rate=48000 latency=0.0880 @ http://localhost:8770/index.js:451
[ 1344899ms] [LOG] MON 1 playing=false pos=0.000 stream_playing=false peak_db=-200.0 mix_rate=48000 latency=0.0880 @ http://localhost:8770/index.js:451
[ 1345148ms] [LOG] MON 1 playing=false pos=0.000 stream_playing=false peak_db=-200.0 mix_rate=48000 latency=0.0880 @ http://localhost:8770/index.js:451
[ 1345398ms] [LOG] MON 1 playing=false pos=0.000 stream_playing=false peak_db=-200.0 mix_rate=48000 latency=0.0880 @ http://localhost:8770/index.js:451
[ 1345649ms] [LOG] MON 1 playing=false pos=0.000 stream_playing=false peak_db=-200.0 mix_rate=48000 latency=0.0880 @ http://localhost:8770/index.js:451
[ 1345898ms] [LOG] MON 1 playing=false pos=0.000 stream_playing=false peak_db=-200.0 mix_rate=48000 latency=0.0880 @ http://localhost:8770/index.js:451
[ 1346147ms] [LOG] MON 1 playing=false pos=0.000 stream_playing=false peak_db=-200.0 mix_rate=48000 latency=0.0880 @ http://localhost:8770/index.js:451
[ 1346397ms] [LOG] MON 1 playing=false pos=0.000 stream_playing=false peak_db=-200.0 mix_rate=48000 latency=0.0880 @ http://localhost:8770/index.js:451
[ 1346649ms] [LOG] MON 1 playing=false pos=0.000 stream_playing=false peak_db=-200.0 mix_rate=48000 latency=0.0880 @ http://localhost:8770/index.js:451
[ 1346899ms] [LOG] MON 1 playing=false pos=0.000 stream_playing=false peak_db=-200.0 mix_rate=48000 latency=0.0880 @ http://localhost:8770/index.js:451
[ 1347147ms] [LOG] MON 1 playing=false pos=0.000 stream_playing=false peak_db=-200.0 mix_rate=48000 latency=0.0880 @ http://localhost:8770/index.js:451
[ 1347400ms] [LOG] MON 1 playing=false pos=0.000 stream_playing=false peak_db=-200.0 mix_rate=48000 latency=0.0880 @ http://localhost:8770/index.js:451
[ 1347649ms] [LOG] MON 1 playing=false pos=0.000 stream_playing=false peak_db=-200.0 mix_rate=48000 latency=0.0880 @ http://localhost:8770/index.js:451
[ 1347899ms] [LOG] MON 1 playing=false pos=0.000 stream_playing=false peak_db=-200.0 mix_rate=48000 latency=0.0880 @ http://localhost:8770/index.js:451
[ 1348149ms] [LOG] MON 1 playing=false pos=0.000 stream_playing=false peak_db=-200.0 mix_rate=48000 latency=0.0880 @ http://localhost:8770/index.js:451
[ 1348397ms] [LOG] MON 1 playing=false pos=0.000 stream_playing=false peak_db=-200.0 mix_rate=48000 latency=0.0880 @ http://localhost:8770/index.js:451
[ 1348648ms] [LOG] MON 1 playing=false pos=0.000 stream_playing=false peak_db=-200.0 mix_rate=48000 latency=0.0880 @ http://localhost:8770/index.js:451
[ 1348898ms] [LOG] MON 1 playing=false pos=0.000 stream_playing=false peak_db=-200.0 mix_rate=48000 latency=0.0880 @ http://localhost:8770/index.js:451
[ 1349147ms] [LOG] MON 1 playing=false pos=0.000 stream_playing=false peak_db=-200.0 mix_rate=48000 latency=0.0880 @ http://localhost:8770/index.js:451
[ 1349398ms] [LOG] MON 1 playing=false pos=0.000 stream_playing=false peak_db=-200.0 mix_rate=48000 latency=0.0880 @ http://localhost:8770/index.js:451
[ 1349647ms] [LOG] MON 1 playing=false pos=0.000 stream_playing=false peak_db=-200.0 mix_rate=48000 latency=0.0880 @ http://localhost:8770/index.js:451
[ 1349899ms] [LOG] MON 1 playing=false pos=0.000 stream_playing=false peak_db=-200.0 mix_rate=48000 latency=0.0880 @ http://localhost:8770/index.js:451
[ 1350149ms] [LOG] MON 1 playing=false pos=0.000 stream_playing=false peak_db=-200.0 mix_rate=48000 latency=0.0880 @ http://localhost:8770/index.js:451
[ 1350397ms] [LOG] MON 1 playing=false pos=0.000 stream_playing=false peak_db=-200.0 mix_rate=48000 latency=0.0880 @ http://localhost:8770/index.js:451
[ 1350649ms] [LOG] MON 1 playing=false pos=0.000 stream_playing=false peak_db=-200.0 mix_rate=48000 latency=0.0880 @ http://localhost:8770/index.js:451
[ 1350899ms] [LOG] MON 1 playing=false pos=0.000 stream_playing=false peak_db=-200.0 mix_rate=48000 latency=0.0880 @ http://localhost:8770/index.js:451
[ 1351150ms] [LOG] MON 1 playing=false pos=0.000 stream_playing=false peak_db=-200.0 mix_rate=48000 latency=0.0880 @ http://localhost:8770/index.js:451
[ 1351398ms] [LOG] MON 1 playing=false pos=0.000 stream_playing=false peak_db=-200.0 mix_rate=48000 latency=0.0880 @ http://localhost:8770/index.js:451
[ 1351648ms] [LOG] MON 1 playing=false pos=0.000 stream_playing=false peak_db=-200.0 mix_rate=48000 latency=0.0880 @ http://localhost:8770/index.js:451
[ 1351901ms] [LOG] MON 1 playing=false pos=0.000 stream_playing=false peak_db=-200.0 mix_rate=48000 latency=0.0880 @ http://localhost:8770/index.js:451
[ 1352147ms] [LOG] MON 1 playing=false pos=0.000 stream_playing=false peak_db=-200.0 mix_rate=48000 latency=0.0880 @ http://localhost:8770/index.js:451
[ 1352399ms] [LOG] MON 1 playing=false pos=0.000 stream_playing=false peak_db=-200.0 mix_rate=48000 latency=0.0880 @ http://localhost:8770/index.js:451
[ 1352649ms] [LOG] MON 1 playing=false pos=0.000 stream_playing=false peak_db=-200.0 mix_rate=48000 latency=0.0880 @ http://localhost:8770/index.js:451
[ 1352899ms] [LOG] MON 1 playing=false pos=0.000 stream_playing=false peak_db=-200.0 mix_rate=48000 latency=0.0880 @ http://localhost:8770/index.js:451
[ 1353147ms] [LOG] MON 1 playing=false pos=0.000 stream_playing=false peak_db=-200.0 mix_rate=48000 latency=0.0880 @ http://localhost:8770/index.js:451
[ 1353398ms] [LOG] MON 1 playing=false pos=0.000 stream_playing=false peak_db=-200.0 mix_rate=48000 latency=0.0880 @ http://localhost:8770/index.js:451
[ 1353650ms] [LOG] MON 1 playing=false pos=0.000 stream_playing=false peak_db=-200.0 mix_rate=48000 latency=0.0880 @ http://localhost:8770/index.js:451
[ 1353898ms] [LOG] MON 1 playing=false pos=0.000 stream_playing=false peak_db=-200.0 mix_rate=48000 latency=0.0880 @ http://localhost:8770/index.js:451
[ 1354149ms] [LOG] MON 1 playing=false pos=0.000 stream_playing=false peak_db=-200.0 mix_rate=48000 latency=0.0880 @ http://localhost:8770/index.js:451
[ 1354399ms] [LOG] MON 1 playing=false pos=0.000 stream_playing=false peak_db=-200.0 mix_rate=48000 latency=0.0880 @ http://localhost:8770/index.js:451
[ 1354651ms] [LOG] MON 1 playing=false pos=0.000 stream_playing=false peak_db=-200.0 mix_rate=48000 latency=0.0880 @ http://localhost:8770/index.js:451
[ 1354900ms] [LOG] MON 1 playing=false pos=0.000 stream_playing=false peak_db=-200.0 mix_rate=48000 latency=0.0880 @ http://localhost:8770/index.js:451
[ 1355150ms] [LOG] MON 1 playing=false pos=0.000 stream_playing=false peak_db=-200.0 mix_rate=48000 latency=0.0880 @ http://localhost:8770/index.js:451
[ 1355399ms] [LOG] MON 1 playing=false pos=0.000 stream_playing=false peak_db=-200.0 mix_rate=48000 latency=0.0880 @ http://localhost:8770/index.js:451
[ 1355647ms] [LOG] MON 1 playing=false pos=0.000 stream_playing=false peak_db=-200.0 mix_rate=48000 latency=0.0880 @ http://localhost:8770/index.js:451
[ 1355898ms] [LOG] MON 1 playing=false pos=0.000 stream_playing=false peak_db=-200.0 mix_rate=48000 latency=0.0880 @ http://localhost:8770/index.js:451
[ 1356148ms] [LOG] MON 1 playing=false pos=0.000 stream_playing=false peak_db=-200.0 mix_rate=48000 latency=0.0880 @ http://localhost:8770/index.js:451
[ 1356399ms] [LOG] MON 1 playing=false pos=0.000 stream_playing=false peak_db=-200.0 mix_rate=48000 latency=0.0880 @ http://localhost:8770/index.js:451
[ 1356648ms] [LOG] MON 1 playing=false pos=0.000 stream_playing=false peak_db=-200.0 mix_rate=48000 latency=0.0880 @ http://localhost:8770/index.js:451
[ 1356899ms] [LOG] MON 1 playing=false pos=0.000 stream_playing=false peak_db=-200.0 mix_rate=48000 latency=0.0880 @ http://localhost:8770/index.js:451
[ 1357149ms] [LOG] MON 1 playing=false pos=0.000 stream_playing=false peak_db=-200.0 mix_rate=48000 latency=0.0880 @ http://localhost:8770/index.js:451
[ 1357399ms] [LOG] MON 1 playing=false pos=0.000 stream_playing=false peak_db=-200.0 mix_rate=48000 latency=0.0880 @ http://localhost:8770/index.js:451
[ 1357649ms] [LOG] MON 1 playing=false pos=0.000 stream_playing=false peak_db=-200.0 mix_rate=48000 latency=0.0880 @ http://localhost:8770/index.js:451
[ 1357898ms] [LOG] MON 1 playing=false pos=0.000 stream_playing=false peak_db=-200.0 mix_rate=48000 latency=0.0880 @ http://localhost:8770/index.js:451
[ 1358149ms] [LOG] MON 1 playing=false pos=0.000 stream_playing=false peak_db=-200.0 mix_rate=48000 latency=0.0880 @ http://localhost:8770/index.js:451
[ 1358397ms] [LOG] MON 1 playing=false pos=0.000 stream_playing=false peak_db=-200.0 mix_rate=48000 latency=0.0880 @ http://localhost:8770/index.js:451
[ 1358651ms] [LOG] MON 1 playing=false pos=0.000 stream_playing=false peak_db=-200.0 mix_rate=48000 latency=0.0880 @ http://localhost:8770/index.js:451
[ 1358897ms] [LOG] MON 1 playing=false pos=0.000 stream_playing=false peak_db=-200.0 mix_rate=48000 latency=0.0880 @ http://localhost:8770/index.js:451
[ 1359147ms] [LOG] MON 1 playing=false pos=0.000 stream_playing=false peak_db=-200.0 mix_rate=48000 latency=0.0880 @ http://localhost:8770/index.js:451
[ 1359399ms] [LOG] MON 1 playing=false pos=0.000 stream_playing=false peak_db=-200.0 mix_rate=48000 latency=0.0880 @ http://localhost:8770/index.js:451
[ 1359648ms] [LOG] MON 1 playing=false pos=0.000 stream_playing=false peak_db=-200.0 mix_rate=48000 latency=0.0880 @ http://localhost:8770/index.js:451
[ 1359897ms] [LOG] MON 1 playing=false pos=0.000 stream_playing=false peak_db=-200.0 mix_rate=48000 latency=0.0880 @ http://localhost:8770/index.js:451
[ 1360148ms] [LOG] MON 1 playing=false pos=0.000 stream_playing=false peak_db=-200.0 mix_rate=48000 latency=0.0880 @ http://localhost:8770/index.js:451
[ 1360398ms] [LOG] MON 1 playing=false pos=0.000 stream_playing=false peak_db=-200.0 mix_rate=48000 latency=0.0880 @ http://localhost:8770/index.js:451
[ 1360648ms] [LOG] MON 1 playing=false pos=0.000 stream_playing=false peak_db=-200.0 mix_rate=48000 latency=0.0880 @ http://localhost:8770/index.js:451
[ 1360899ms] [LOG] MON 1 playing=false pos=0.000 stream_playing=false peak_db=-200.0 mix_rate=48000 latency=0.0880 @ http://localhost:8770/index.js:451
[ 1361147ms] [LOG] MON 1 playing=false pos=0.000 stream_playing=false peak_db=-200.0 mix_rate=48000 latency=0.0880 @ http://localhost:8770/index.js:451
[ 1361398ms] [LOG] MON 1 playing=false pos=0.000 stream_playing=false peak_db=-200.0 mix_rate=48000 latency=0.0880 @ http://localhost:8770/index.js:451
[ 1361649ms] [LOG] MON 1 playing=false pos=0.000 stream_playing=false peak_db=-200.0 mix_rate=48000 latency=0.0880 @ http://localhost:8770/index.js:451
[ 1361897ms] [LOG] MON 1 playing=false pos=0.000 stream_playing=false peak_db=-200.0 mix_rate=48000 latency=0.0880 @ http://localhost:8770/index.js:451
[ 1362149ms] [LOG] MON 1 playing=false pos=0.000 stream_playing=false peak_db=-200.0 mix_rate=48000 latency=0.0880 @ http://localhost:8770/index.js:451
[ 1362399ms] [LOG] MON 1 playing=false pos=0.000 stream_playing=false peak_db=-200.0 mix_rate=48000 latency=0.0880 @ http://localhost:8770/index.js:451
[ 1362650ms] [LOG] MON 1 playing=false pos=0.000 stream_playing=false peak_db=-200.0 mix_rate=48000 latency=0.0880 @ http://localhost:8770/index.js:451
[ 1362897ms] [LOG] MON 1 playing=false pos=0.000 stream_playing=false peak_db=-200.0 mix_rate=48000 latency=0.0880 @ http://localhost:8770/index.js:451
[ 1363150ms] [LOG] MON 1 playing=false pos=0.000 stream_playing=false peak_db=-200.0 mix_rate=48000 latency=0.0880 @ http://localhost:8770/index.js:451
[ 1363397ms] [LOG] MON 1 playing=false pos=0.000 stream_playing=false peak_db=-200.0 mix_rate=48000 latency=0.0880 @ http://localhost:8770/index.js:451
[ 1363648ms] [LOG] MON 1 playing=false pos=0.000 stream_playing=false peak_db=-200.0 mix_rate=48000 latency=0.0880 @ http://localhost:8770/index.js:451
[ 1363897ms] [LOG] MON 1 playing=false pos=0.000 stream_playing=false peak_db=-200.0 mix_rate=48000 latency=0.0880 @ http://localhost:8770/index.js:451
[ 1364147ms] [LOG] MON 1 playing=false pos=0.000 stream_playing=false peak_db=-200.0 mix_rate=48000 latency=0.0880 @ http://localhost:8770/index.js:451
[ 1364398ms] [LOG] MON 1 playing=false pos=0.000 stream_playing=false peak_db=-200.0 mix_rate=48000 latency=0.0880 @ http://localhost:8770/index.js:451
[ 1364649ms] [LOG] MON 1 playing=false pos=0.000 stream_playing=false peak_db=-200.0 mix_rate=48000 latency=0.0880 @ http://localhost:8770/index.js:451
[ 1364899ms] [LOG] MON 1 playing=false pos=0.000 stream_playing=false peak_db=-200.0 mix_rate=48000 latency=0.0880 @ http://localhost:8770/index.js:451
[ 1365157ms] [LOG] MON 1 playing=false pos=0.000 stream_playing=false peak_db=-200.0 mix_rate=48000 latency=0.0880 @ http://localhost:8770/index.js:451
[ 1365398ms] [LOG] MON 1 playing=false pos=0.000 stream_playing=false peak_db=-200.0 mix_rate=48000 latency=0.0880 @ http://localhost:8770/index.js:451
[ 1365649ms] [LOG] MON 1 playing=false pos=0.000 stream_playing=false peak_db=-200.0 mix_rate=48000 latency=0.0880 @ http://localhost:8770/index.js:451
[ 1365899ms] [LOG] MON 1 playing=false pos=0.000 stream_playing=false peak_db=-200.0 mix_rate=48000 latency=0.0880 @ http://localhost:8770/index.js:451
[ 1366149ms] [LOG] MON 1 playing=false pos=0.000 stream_playing=false peak_db=-200.0 mix_rate=48000 latency=0.0880 @ http://localhost:8770/index.js:451
[ 1366397ms] [LOG] MON 1 playing=false pos=0.000 stream_playing=false peak_db=-200.0 mix_rate=48000 latency=0.0880 @ http://localhost:8770/index.js:451
[ 1366647ms] [LOG] MON 1 playing=false pos=0.000 stream_playing=false peak_db=-200.0 mix_rate=48000 latency=0.0880 @ http://localhost:8770/index.js:451
[ 1366899ms] [LOG] MON 1 playing=false pos=0.000 stream_playing=false peak_db=-200.0 mix_rate=48000 latency=0.0880 @ http://localhost:8770/index.js:451
[ 1367150ms] [LOG] MON 1 playing=false pos=0.000 stream_playing=false peak_db=-200.0 mix_rate=48000 latency=0.0880 @ http://localhost:8770/index.js:451
[ 1367397ms] [LOG] MON 1 playing=false pos=0.000 stream_playing=false peak_db=-200.0 mix_rate=48000 latency=0.0880 @ http://localhost:8770/index.js:451
[ 1367649ms] [LOG] MON 1 playing=false pos=0.000 stream_playing=false peak_db=-200.0 mix_rate=48000 latency=0.0880 @ http://localhost:8770/index.js:451
[ 1367897ms] [LOG] MON 1 playing=false pos=0.000 stream_playing=false peak_db=-200.0 mix_rate=48000 latency=0.0880 @ http://localhost:8770/index.js:451
[ 1368147ms] [LOG] MON 1 playing=false pos=0.000 stream_playing=false peak_db=-200.0 mix_rate=48000 latency=0.0880 @ http://localhost:8770/index.js:451
[ 1368399ms] [LOG] MON 1 playing=false pos=0.000 stream_playing=false peak_db=-200.0 mix_rate=48000 latency=0.0880 @ http://localhost:8770/index.js:451
[ 1368648ms] [LOG] MON 1 playing=false pos=0.000 stream_playing=false peak_db=-200.0 mix_rate=48000 latency=0.0880 @ http://localhost:8770/index.js:451
[ 1368899ms] [LOG] MON 1 playing=false pos=0.000 stream_playing=false peak_db=-200.0 mix_rate=48000 latency=0.0880 @ http://localhost:8770/index.js:451
[ 1369147ms] [LOG] MON 1 playing=false pos=0.000 stream_playing=false peak_db=-200.0 mix_rate=48000 latency=0.0880 @ http://localhost:8770/index.js:451
[ 1369397ms] [LOG] MON 1 playing=false pos=0.000 stream_playing=false peak_db=-200.0 mix_rate=48000 latency=0.0880 @ http://localhost:8770/index.js:451
[ 1369648ms] [LOG] MON 1 playing=false pos=0.000 stream_playing=false peak_db=-200.0 mix_rate=48000 latency=0.0880 @ http://localhost:8770/index.js:451
[ 1369897ms] [LOG] MON 1 playing=false pos=0.000 stream_playing=false peak_db=-200.0 mix_rate=48000 latency=0.0880 @ http://localhost:8770/index.js:451
[ 1370147ms] [LOG] MON 1 playing=false pos=0.000 stream_playing=false peak_db=-200.0 mix_rate=48000 latency=0.0880 @ http://localhost:8770/index.js:451
[ 1370398ms] [LOG] MON 1 playing=false pos=0.000 stream_playing=false peak_db=-200.0 mix_rate=48000 latency=0.0880 @ http://localhost:8770/index.js:451
[ 1370648ms] [LOG] MON 1 playing=false pos=0.000 stream_playing=false peak_db=-200.0 mix_rate=48000 latency=0.0880 @ http://localhost:8770/index.js:451
[ 1370899ms] [LOG] MON 1 playing=false pos=0.000 stream_playing=false peak_db=-200.0 mix_rate=48000 latency=0.0880 @ http://localhost:8770/index.js:451
[ 1371149ms] [LOG] MON 1 playing=false pos=0.000 stream_playing=false peak_db=-200.0 mix_rate=48000 latency=0.0880 @ http://localhost:8770/index.js:451
[ 1371400ms] [LOG] MON 1 playing=false pos=0.000 stream_playing=false peak_db=-200.0 mix_rate=48000 latency=0.0880 @ http://localhost:8770/index.js:451
[ 1371650ms] [LOG] MON 1 playing=false pos=0.000 stream_playing=false peak_db=-200.0 mix_rate=48000 latency=0.0880 @ http://localhost:8770/index.js:451
[ 1371899ms] [LOG] MON 1 playing=false pos=0.000 stream_playing=false peak_db=-200.0 mix_rate=48000 latency=0.0880 @ http://localhost:8770/index.js:451
[ 1372147ms] [LOG] MON 1 playing=false pos=0.000 stream_playing=false peak_db=-200.0 mix_rate=48000 latency=0.0880 @ http://localhost:8770/index.js:451
[ 1372399ms] [LOG] MON 1 playing=false pos=0.000 stream_playing=false peak_db=-200.0 mix_rate=48000 latency=0.0880 @ http://localhost:8770/index.js:451
[ 1372647ms] [LOG] MON 1 playing=false pos=0.000 stream_playing=false peak_db=-200.0 mix_rate=48000 latency=0.0880 @ http://localhost:8770/index.js:451
[ 1372898ms] [LOG] MON 1 playing=false pos=0.000 stream_playing=false peak_db=-200.0 mix_rate=48000 latency=0.0880 @ http://localhost:8770/index.js:451
[ 1373148ms] [LOG] MON 1 playing=false pos=0.000 stream_playing=false peak_db=-200.0 mix_rate=48000 latency=0.0880 @ http://localhost:8770/index.js:451
[ 1373397ms] [LOG] MON 1 playing=false pos=0.000 stream_playing=false peak_db=-200.0 mix_rate=48000 latency=0.0880 @ http://localhost:8770/index.js:451
[ 1373633ms] [LOG] MON 1 playing=false pos=0.000 stream_playing=false peak_db=-200.0 mix_rate=48000 latency=0.0880 @ http://localhost:8770/index.js:451
[ 1373883ms] [LOG] MON 1 playing=false pos=0.000 stream_playing=false peak_db=-200.0 mix_rate=48000 latency=0.0880 @ http://localhost:8770/index.js:451
[ 1374130ms] [LOG] MON 1 playing=false pos=0.000 stream_playing=false peak_db=-200.0 mix_rate=48000 latency=0.0880 @ http://localhost:8770/index.js:451
[ 1374382ms] [LOG] MON 1 playing=false pos=0.000 stream_playing=false peak_db=-200.0 mix_rate=48000 latency=0.0880 @ http://localhost:8770/index.js:451
[ 1374633ms] [LOG] MON 1 playing=false pos=0.000 stream_playing=false peak_db=-200.0 mix_rate=48000 latency=0.0880 @ http://localhost:8770/index.js:451
[ 1374882ms] [LOG] MON 1 playing=false pos=0.000 stream_playing=false peak_db=-200.0 mix_rate=48000 latency=0.0880 @ http://localhost:8770/index.js:451
[ 1375131ms] [LOG] MON 1 playing=false pos=0.000 stream_playing=false peak_db=-200.0 mix_rate=48000 latency=0.0880 @ http://localhost:8770/index.js:451
[ 1375381ms] [LOG] MON 1 playing=false pos=0.000 stream_playing=false peak_db=-200.0 mix_rate=48000 latency=0.0880 @ http://localhost:8770/index.js:451
[ 1375632ms] [LOG] MON 1 playing=false pos=0.000 stream_playing=false peak_db=-200.0 mix_rate=48000 latency=0.0880 @ http://localhost:8770/index.js:451
[ 1375882ms] [LOG] MON 1 playing=false pos=0.000 stream_playing=false peak_db=-200.0 mix_rate=48000 latency=0.0880 @ http://localhost:8770/index.js:451
[ 1376130ms] [LOG] MON 1 playing=false pos=0.000 stream_playing=false peak_db=-200.0 mix_rate=48000 latency=0.0880 @ http://localhost:8770/index.js:451
[ 1376383ms] [LOG] MON 1 playing=false pos=0.000 stream_playing=false peak_db=-200.0 mix_rate=48000 latency=0.0880 @ http://localhost:8770/index.js:451
[ 1376632ms] [LOG] MON 1 playing=false pos=0.000 stream_playing=false peak_db=-200.0 mix_rate=48000 latency=0.0880 @ http://localhost:8770/index.js:451
[ 1376881ms] [LOG] MON 1 playing=false pos=0.000 stream_playing=false peak_db=-200.0 mix_rate=48000 latency=0.0880 @ http://localhost:8770/index.js:451
[ 1377132ms] [LOG] MON 1 playing=false pos=0.000 stream_playing=false peak_db=-200.0 mix_rate=48000 latency=0.0880 @ http://localhost:8770/index.js:451
[ 1377382ms] [LOG] MON 1 playing=false pos=0.000 stream_playing=false peak_db=-200.0 mix_rate=48000 latency=0.0880 @ http://localhost:8770/index.js:451
[ 1377630ms] [LOG] MON 1 playing=false pos=0.000 stream_playing=false peak_db=-200.0 mix_rate=48000 latency=0.0880 @ http://localhost:8770/index.js:451
[ 1377881ms] [LOG] MON 1 playing=false pos=0.000 stream_playing=false peak_db=-200.0 mix_rate=48000 latency=0.0880 @ http://localhost:8770/index.js:451
[ 1378131ms] [LOG] MON 1 playing=false pos=0.000 stream_playing=false peak_db=-200.0 mix_rate=48000 latency=0.0880 @ http://localhost:8770/index.js:451
[ 1378382ms] [LOG] MON 1 playing=false pos=0.000 stream_playing=false peak_db=-200.0 mix_rate=48000 latency=0.0880 @ http://localhost:8770/index.js:451
[ 1378632ms] [LOG] MON 1 playing=false pos=0.000 stream_playing=false peak_db=-200.0 mix_rate=48000 latency=0.0880 @ http://localhost:8770/index.js:451
[ 1378881ms] [LOG] MON 1 playing=false pos=0.000 stream_playing=false peak_db=-200.0 mix_rate=48000 latency=0.0880 @ http://localhost:8770/index.js:451
[ 1379132ms] [LOG] MON 1 playing=false pos=0.000 stream_playing=false peak_db=-200.0 mix_rate=48000 latency=0.0880 @ http://localhost:8770/index.js:451
[ 1379384ms] [LOG] MON 1 playing=false pos=0.000 stream_playing=false peak_db=-200.0 mix_rate=48000 latency=0.0880 @ http://localhost:8770/index.js:451
[ 1379632ms] [LOG] MON 1 playing=false pos=0.000 stream_playing=false peak_db=-200.0 mix_rate=48000 latency=0.0880 @ http://localhost:8770/index.js:451
[ 1379881ms] [LOG] MON 1 playing=false pos=0.000 stream_playing=false peak_db=-200.0 mix_rate=48000 latency=0.0880 @ http://localhost:8770/index.js:451
[ 1380132ms] [LOG] MON 1 playing=false pos=0.000 stream_playing=false peak_db=-200.0 mix_rate=48000 latency=0.0880 @ http://localhost:8770/index.js:451
[ 1380382ms] [LOG] MON 1 playing=false pos=0.000 stream_playing=false peak_db=-200.0 mix_rate=48000 latency=0.0880 @ http://localhost:8770/index.js:451
[ 1380633ms] [LOG] MON 1 playing=false pos=0.000 stream_playing=false peak_db=-200.0 mix_rate=48000 latency=0.0880 @ http://localhost:8770/index.js:451
[ 1380883ms] [LOG] MON 1 playing=false pos=0.000 stream_playing=false peak_db=-200.0 mix_rate=48000 latency=0.0880 @ http://localhost:8770/index.js:451
[ 1381133ms] [LOG] MON 1 playing=false pos=0.000 stream_playing=false peak_db=-200.0 mix_rate=48000 latency=0.0880 @ http://localhost:8770/index.js:451
[ 1381381ms] [LOG] MON 1 playing=false pos=0.000 stream_playing=false peak_db=-200.0 mix_rate=48000 latency=0.0880 @ http://localhost:8770/index.js:451
[ 1381632ms] [LOG] MON 1 playing=false pos=0.000 stream_playing=false peak_db=-200.0 mix_rate=48000 latency=0.0880 @ http://localhost:8770/index.js:451
[ 1381881ms] [LOG] MON 1 playing=false pos=0.000 stream_playing=false peak_db=-200.0 mix_rate=48000 latency=0.0880 @ http://localhost:8770/index.js:451
[ 1382131ms] [LOG] MON 1 playing=false pos=0.000 stream_playing=false peak_db=-200.0 mix_rate=48000 latency=0.0880 @ http://localhost:8770/index.js:451
[ 1382382ms] [LOG] MON 1 playing=false pos=0.000 stream_playing=false peak_db=-200.0 mix_rate=48000 latency=0.0880 @ http://localhost:8770/index.js:451
[ 1382634ms] [LOG] MON 1 playing=false pos=0.000 stream_playing=false peak_db=-200.0 mix_rate=48000 latency=0.0880 @ http://localhost:8770/index.js:451
[ 1382882ms] [LOG] MON 1 playing=false pos=0.000 stream_playing=false peak_db=-200.0 mix_rate=48000 latency=0.0880 @ http://localhost:8770/index.js:451
[ 1383132ms] [LOG] MON 1 playing=false pos=0.000 stream_playing=false peak_db=-200.0 mix_rate=48000 latency=0.0880 @ http://localhost:8770/index.js:451
[ 1383381ms] [LOG] MON 1 playing=false pos=0.000 stream_playing=false peak_db=-200.0 mix_rate=48000 latency=0.0880 @ http://localhost:8770/index.js:451
[ 1383632ms] [LOG] MON 1 playing=false pos=0.000 stream_playing=false peak_db=-200.0 mix_rate=48000 latency=0.0880 @ http://localhost:8770/index.js:451
[ 1383885ms] [LOG] MON 1 playing=false pos=0.000 stream_playing=false peak_db=-200.0 mix_rate=48000 latency=0.0880 @ http://localhost:8770/index.js:451
[ 1384133ms] [LOG] MON 1 playing=false pos=0.000 stream_playing=false peak_db=-200.0 mix_rate=48000 latency=0.0880 @ http://localhost:8770/index.js:451
[ 1384383ms] [LOG] MON 1 playing=false pos=0.000 stream_playing=false peak_db=-200.0 mix_rate=48000 latency=0.0880 @ http://localhost:8770/index.js:451
[ 1384633ms] [LOG] MON 1 playing=false pos=0.000 stream_playing=false peak_db=-200.0 mix_rate=48000 latency=0.0880 @ http://localhost:8770/index.js:451
[ 1384885ms] [LOG] MON 1 playing=false pos=0.000 stream_playing=false peak_db=-200.0 mix_rate=48000 latency=0.0880 @ http://localhost:8770/index.js:451
[ 1385132ms] [LOG] MON 1 playing=false pos=0.000 stream_playing=false peak_db=-200.0 mix_rate=48000 latency=0.0880 @ http://localhost:8770/index.js:451
[ 1385381ms] [LOG] MON 1 playing=false pos=0.000 stream_playing=false peak_db=-200.0 mix_rate=48000 latency=0.0880 @ http://localhost:8770/index.js:451
[ 1385632ms] [LOG] MON 1 playing=false pos=0.000 stream_playing=false peak_db=-200.0 mix_rate=48000 latency=0.0880 @ http://localhost:8770/index.js:451
[ 1385882ms] [LOG] MON 1 playing=false pos=0.000 stream_playing=false peak_db=-200.0 mix_rate=48000 latency=0.0880 @ http://localhost:8770/index.js:451
[ 1386132ms] [LOG] MON 1 playing=false pos=0.000 stream_playing=false peak_db=-200.0 mix_rate=48000 latency=0.0880 @ http://localhost:8770/index.js:451
[ 1386381ms] [LOG] MON 1 playing=false pos=0.000 stream_playing=false peak_db=-200.0 mix_rate=48000 latency=0.0880 @ http://localhost:8770/index.js:451
[ 1386632ms] [LOG] MON 1 playing=false pos=0.000 stream_playing=false peak_db=-200.0 mix_rate=48000 latency=0.0880 @ http://localhost:8770/index.js:451
[ 1386885ms] [LOG] MON 1 playing=false pos=0.000 stream_playing=false peak_db=-200.0 mix_rate=48000 latency=0.0880 @ http://localhost:8770/index.js:451
[ 1387131ms] [LOG] MON 1 playing=false pos=0.000 stream_playing=false peak_db=-200.0 mix_rate=48000 latency=0.0880 @ http://localhost:8770/index.js:451
[ 1387382ms] [LOG] MON 1 playing=false pos=0.000 stream_playing=false peak_db=-200.0 mix_rate=48000 latency=0.0880 @ http://localhost:8770/index.js:451
[ 1387634ms] [LOG] MON 1 playing=false pos=0.000 stream_playing=false peak_db=-200.0 mix_rate=48000 latency=0.0880 @ http://localhost:8770/index.js:451
[ 1387882ms] [LOG] MON 1 playing=false pos=0.000 stream_playing=false peak_db=-200.0 mix_rate=48000 latency=0.0880 @ http://localhost:8770/index.js:451
[ 1388132ms] [LOG] MON 1 playing=false pos=0.000 stream_playing=false peak_db=-200.0 mix_rate=48000 latency=0.0880 @ http://localhost:8770/index.js:451
[ 1388380ms] [LOG] MON 1 playing=false pos=0.000 stream_playing=false peak_db=-200.0 mix_rate=48000 latency=0.0880 @ http://localhost:8770/index.js:451
[ 1388638ms] [LOG] MON 1 playing=false pos=0.000 stream_playing=false peak_db=-200.0 mix_rate=48000 latency=0.0880 @ http://localhost:8770/index.js:451
[ 1388880ms] [LOG] MON 1 playing=false pos=0.000 stream_playing=false peak_db=-200.0 mix_rate=48000 latency=0.0880 @ http://localhost:8770/index.js:451
[ 1389132ms] [LOG] MON 1 playing=false pos=0.000 stream_playing=false peak_db=-200.0 mix_rate=48000 latency=0.0880 @ http://localhost:8770/index.js:451
[ 1389382ms] [LOG] MON 1 playing=false pos=0.000 stream_playing=false peak_db=-200.0 mix_rate=48000 latency=0.0880 @ http://localhost:8770/index.js:451
[ 1389632ms] [LOG] MON 1 playing=false pos=0.000 stream_playing=false peak_db=-200.0 mix_rate=48000 latency=0.0880 @ http://localhost:8770/index.js:451
[ 1389885ms] [LOG] MON 1 playing=false pos=0.000 stream_playing=false peak_db=-200.0 mix_rate=48000 latency=0.0880 @ http://localhost:8770/index.js:451
[ 1390135ms] [LOG] MON 1 playing=false pos=0.000 stream_playing=false peak_db=-200.0 mix_rate=48000 latency=0.0880 @ http://localhost:8770/index.js:451
[ 1390380ms] [LOG] MON 1 playing=false pos=0.000 stream_playing=false peak_db=-200.0 mix_rate=48000 latency=0.0880 @ http://localhost:8770/index.js:451
[ 1390633ms] [LOG] MON 1 playing=false pos=0.000 stream_playing=false peak_db=-200.0 mix_rate=48000 latency=0.0880 @ http://localhost:8770/index.js:451
[ 1390881ms] [LOG] MON 1 playing=false pos=0.000 stream_playing=false peak_db=-200.0 mix_rate=48000 latency=0.0880 @ http://localhost:8770/index.js:451
[ 1391131ms] [LOG] MON 1 playing=false pos=0.000 stream_playing=false peak_db=-200.0 mix_rate=48000 latency=0.0880 @ http://localhost:8770/index.js:451
[ 1391387ms] [LOG] MON 1 playing=false pos=0.000 stream_playing=false peak_db=-200.0 mix_rate=48000 latency=0.0880 @ http://localhost:8770/index.js:451
[ 1391632ms] [LOG] MON 1 playing=false pos=0.000 stream_playing=false peak_db=-200.0 mix_rate=48000 latency=0.0880 @ http://localhost:8770/index.js:451
[ 1391883ms] [LOG] MON 1 playing=false pos=0.000 stream_playing=false peak_db=-200.0 mix_rate=48000 latency=0.0880 @ http://localhost:8770/index.js:451
[ 1392132ms] [LOG] MON 1 playing=false pos=0.000 stream_playing=false peak_db=-200.0 mix_rate=48000 latency=0.0880 @ http://localhost:8770/index.js:451
[ 1392386ms] [LOG] MON 1 playing=false pos=0.000 stream_playing=false peak_db=-200.0 mix_rate=48000 latency=0.0880 @ http://localhost:8770/index.js:451
[ 1392633ms] [LOG] MON 1 playing=false pos=0.000 stream_playing=false peak_db=-200.0 mix_rate=48000 latency=0.0880 @ http://localhost:8770/index.js:451
[ 1392881ms] [LOG] MON 1 playing=false pos=0.000 stream_playing=false peak_db=-200.0 mix_rate=48000 latency=0.0880 @ http://localhost:8770/index.js:451
[ 1393131ms] [LOG] MON 1 playing=false pos=0.000 stream_playing=false peak_db=-200.0 mix_rate=48000 latency=0.0880 @ http://localhost:8770/index.js:451
[ 1393380ms] [LOG] MON 1 playing=false pos=0.000 stream_playing=false peak_db=-200.0 mix_rate=48000 latency=0.0880 @ http://localhost:8770/index.js:451
[ 1393632ms] [LOG] MON 1 playing=false pos=0.000 stream_playing=false peak_db=-200.0 mix_rate=48000 latency=0.0880 @ http://localhost:8770/index.js:451
[ 1393883ms] [LOG] MON 1 playing=false pos=0.000 stream_playing=false peak_db=-200.0 mix_rate=48000 latency=0.0880 @ http://localhost:8770/index.js:451
[ 1394132ms] [LOG] MON 1 playing=false pos=0.000 stream_playing=false peak_db=-200.0 mix_rate=48000 latency=0.0880 @ http://localhost:8770/index.js:451
[ 1394384ms] [LOG] MON 1 playing=false pos=0.000 stream_playing=false peak_db=-200.0 mix_rate=48000 latency=0.0880 @ http://localhost:8770/index.js:451
[ 1394639ms] [LOG] MON 1 playing=false pos=0.000 stream_playing=false peak_db=-200.0 mix_rate=48000 latency=0.0880 @ http://localhost:8770/index.js:451
[ 1394882ms] [LOG] MON 1 playing=false pos=0.000 stream_playing=false peak_db=-200.0 mix_rate=48000 latency=0.0880 @ http://localhost:8770/index.js:451
[ 1395131ms] [LOG] MON 1 playing=false pos=0.000 stream_playing=false peak_db=-200.0 mix_rate=48000 latency=0.0880 @ http://localhost:8770/index.js:451
[ 1395382ms] [LOG] MON 1 playing=false pos=0.000 stream_playing=false peak_db=-200.0 mix_rate=48000 latency=0.0880 @ http://localhost:8770/index.js:451
[ 1395631ms] [LOG] MON 1 playing=false pos=0.000 stream_playing=false peak_db=-200.0 mix_rate=48000 latency=0.0880 @ http://localhost:8770/index.js:451
[ 1395883ms] [LOG] MON 1 playing=false pos=0.000 stream_playing=false peak_db=-200.0 mix_rate=48000 latency=0.0880 @ http://localhost:8770/index.js:451
[ 1396131ms] [LOG] MON 1 playing=false pos=0.000 stream_playing=false peak_db=-200.0 mix_rate=48000 latency=0.0880 @ http://localhost:8770/index.js:451
[ 1396381ms] [LOG] MON 1 playing=false pos=0.000 stream_playing=false peak_db=-200.0 mix_rate=48000 latency=0.0880 @ http://localhost:8770/index.js:451
[ 1396632ms] [LOG] MON 1 playing=false pos=0.000 stream_playing=false peak_db=-200.0 mix_rate=48000 latency=0.0880 @ http://localhost:8770/index.js:451
[ 1396881ms] [LOG] MON 1 playing=false pos=0.000 stream_playing=false peak_db=-200.0 mix_rate=48000 latency=0.0880 @ http://localhost:8770/index.js:451
[ 1397132ms] [LOG] MON 1 playing=false pos=0.000 stream_playing=false peak_db=-200.0 mix_rate=48000 latency=0.0880 @ http://localhost:8770/index.js:451
[ 1397382ms] [LOG] MON 1 playing=false pos=0.000 stream_playing=false peak_db=-200.0 mix_rate=48000 latency=0.0880 @ http://localhost:8770/index.js:451
[ 1397633ms] [LOG] MON 1 playing=false pos=0.000 stream_playing=false peak_db=-200.0 mix_rate=48000 latency=0.0880 @ http://localhost:8770/index.js:451
[ 1397883ms] [LOG] MON 1 playing=false pos=0.000 stream_playing=false peak_db=-200.0 mix_rate=48000 latency=0.0880 @ http://localhost:8770/index.js:451
[ 1398134ms] [LOG] MON 1 playing=false pos=0.000 stream_playing=false peak_db=-200.0 mix_rate=48000 latency=0.0880 @ http://localhost:8770/index.js:451
[ 1398382ms] [LOG] MON 1 playing=false pos=0.000 stream_playing=false peak_db=-200.0 mix_rate=48000 latency=0.0880 @ http://localhost:8770/index.js:451
[ 1398631ms] [LOG] MON 1 playing=false pos=0.000 stream_playing=false peak_db=-200.0 mix_rate=48000 latency=0.0880 @ http://localhost:8770/index.js:451
[ 1398883ms] [LOG] MON 1 playing=false pos=0.000 stream_playing=false peak_db=-200.0 mix_rate=48000 latency=0.0880 @ http://localhost:8770/index.js:451
[ 1399133ms] [LOG] MON 1 playing=false pos=0.000 stream_playing=false peak_db=-200.0 mix_rate=48000 latency=0.0880 @ http://localhost:8770/index.js:451
[ 1399382ms] [LOG] MON 1 playing=false pos=0.000 stream_playing=false peak_db=-200.0 mix_rate=48000 latency=0.0880 @ http://localhost:8770/index.js:451
[ 1399633ms] [LOG] MON 1 playing=false pos=0.000 stream_playing=false peak_db=-200.0 mix_rate=48000 latency=0.0880 @ http://localhost:8770/index.js:451
[ 1399887ms] [LOG] MON 1 playing=false pos=0.000 stream_playing=false peak_db=-200.0 mix_rate=48000 latency=0.0880 @ http://localhost:8770/index.js:451
[ 1400132ms] [LOG] MON 1 playing=false pos=0.000 stream_playing=false peak_db=-200.0 mix_rate=48000 latency=0.0880 @ http://localhost:8770/index.js:451
[ 1400381ms] [LOG] MON 1 playing=false pos=0.000 stream_playing=false peak_db=-200.0 mix_rate=48000 latency=0.0880 @ http://localhost:8770/index.js:451
[ 1400635ms] [LOG] MON 1 playing=false pos=0.000 stream_playing=false peak_db=-200.0 mix_rate=48000 latency=0.0880 @ http://localhost:8770/index.js:451
[ 1400882ms] [LOG] MON 1 playing=false pos=0.000 stream_playing=false peak_db=-200.0 mix_rate=48000 latency=0.0880 @ http://localhost:8770/index.js:451
[ 1401133ms] [LOG] MON 1 playing=false pos=0.000 stream_playing=false peak_db=-200.0 mix_rate=48000 latency=0.0880 @ http://localhost:8770/index.js:451
[ 1401382ms] [LOG] MON 1 playing=false pos=0.000 stream_playing=false peak_db=-200.0 mix_rate=48000 latency=0.0880 @ http://localhost:8770/index.js:451
[ 1401631ms] [LOG] MON 1 playing=false pos=0.000 stream_playing=false peak_db=-200.0 mix_rate=48000 latency=0.0880 @ http://localhost:8770/index.js:451
[ 1401880ms] [LOG] MON 1 playing=false pos=0.000 stream_playing=false peak_db=-200.0 mix_rate=48000 latency=0.0880 @ http://localhost:8770/index.js:451
[ 1402133ms] [LOG] MON 1 playing=false pos=0.000 stream_playing=false peak_db=-200.0 mix_rate=48000 latency=0.0880 @ http://localhost:8770/index.js:451
[ 1402381ms] [LOG] MON 1 playing=false pos=0.000 stream_playing=false peak_db=-200.0 mix_rate=48000 latency=0.0880 @ http://localhost:8770/index.js:451
[ 1402634ms] [LOG] MON 1 playing=false pos=0.000 stream_playing=false peak_db=-200.0 mix_rate=48000 latency=0.0880 @ http://localhost:8770/index.js:451
[ 1402882ms] [LOG] MON 1 playing=false pos=0.000 stream_playing=false peak_db=-200.0 mix_rate=48000 latency=0.0880 @ http://localhost:8770/index.js:451
[ 1403132ms] [LOG] MON 1 playing=false pos=0.000 stream_playing=false peak_db=-200.0 mix_rate=48000 latency=0.0880 @ http://localhost:8770/index.js:451
[ 1403382ms] [LOG] MON 1 playing=false pos=0.000 stream_playing=false peak_db=-200.0 mix_rate=48000 latency=0.0880 @ http://localhost:8770/index.js:451
[ 1403634ms] [LOG] MON 1 playing=false pos=0.000 stream_playing=false peak_db=-200.0 mix_rate=48000 latency=0.0880 @ http://localhost:8770/index.js:451
[ 1403884ms] [LOG] MON 1 playing=false pos=0.000 stream_playing=false peak_db=-200.0 mix_rate=48000 latency=0.0880 @ http://localhost:8770/index.js:451
[ 1404131ms] [LOG] MON 1 playing=false pos=0.000 stream_playing=false peak_db=-200.0 mix_rate=48000 latency=0.0880 @ http://localhost:8770/index.js:451
[ 1404383ms] [LOG] MON 1 playing=false pos=0.000 stream_playing=false peak_db=-200.0 mix_rate=48000 latency=0.0880 @ http://localhost:8770/index.js:451
[ 1404635ms] [LOG] MON 1 playing=false pos=0.000 stream_playing=false peak_db=-200.0 mix_rate=48000 latency=0.0880 @ http://localhost:8770/index.js:451
[ 1404884ms] [LOG] MON 1 playing=false pos=0.000 stream_playing=false peak_db=-200.0 mix_rate=48000 latency=0.0880 @ http://localhost:8770/index.js:451
[ 1405131ms] [LOG] MON 1 playing=false pos=0.000 stream_playing=false peak_db=-200.0 mix_rate=48000 latency=0.0880 @ http://localhost:8770/index.js:451
[ 1405382ms] [LOG] MON 1 playing=false pos=0.000 stream_playing=false peak_db=-200.0 mix_rate=48000 latency=0.0880 @ http://localhost:8770/index.js:451
[ 1405638ms] [LOG] MON 1 playing=false pos=0.000 stream_playing=false peak_db=-200.0 mix_rate=48000 latency=0.0880 @ http://localhost:8770/index.js:451
[ 1405882ms] [LOG] MON 1 playing=false pos=0.000 stream_playing=false peak_db=-200.0 mix_rate=48000 latency=0.0880 @ http://localhost:8770/index.js:451
[ 1406132ms] [LOG] MON 1 playing=false pos=0.000 stream_playing=false peak_db=-200.0 mix_rate=48000 latency=0.0880 @ http://localhost:8770/index.js:451
[ 1406382ms] [LOG] MON 1 playing=false pos=0.000 stream_playing=false peak_db=-200.0 mix_rate=48000 latency=0.0880 @ http://localhost:8770/index.js:451
[ 1406634ms] [LOG] MON 1 playing=false pos=0.000 stream_playing=false peak_db=-200.0 mix_rate=48000 latency=0.0880 @ http://localhost:8770/index.js:451
[ 1406884ms] [LOG] MON 1 playing=false pos=0.000 stream_playing=false peak_db=-200.0 mix_rate=48000 latency=0.0880 @ http://localhost:8770/index.js:451
[ 1407132ms] [LOG] MON 1 playing=false pos=0.000 stream_playing=false peak_db=-200.0 mix_rate=48000 latency=0.0880 @ http://localhost:8770/index.js:451
[ 1407383ms] [LOG] MON 1 playing=false pos=0.000 stream_playing=false peak_db=-200.0 mix_rate=48000 latency=0.0880 @ http://localhost:8770/index.js:451
[ 1407632ms] [LOG] MON 1 playing=false pos=0.000 stream_playing=false peak_db=-200.0 mix_rate=48000 latency=0.0880 @ http://localhost:8770/index.js:451
[ 1407881ms] [LOG] MON 1 playing=false pos=0.000 stream_playing=false peak_db=-200.0 mix_rate=48000 latency=0.0880 @ http://localhost:8770/index.js:451
[ 1408133ms] [LOG] MON 1 playing=false pos=0.000 stream_playing=false peak_db=-200.0 mix_rate=48000 latency=0.0880 @ http://localhost:8770/index.js:451
[ 1408382ms] [LOG] MON 1 playing=false pos=0.000 stream_playing=false peak_db=-200.0 mix_rate=48000 latency=0.0880 @ http://localhost:8770/index.js:451
[ 1408632ms] [LOG] MON 1 playing=false pos=0.000 stream_playing=false peak_db=-200.0 mix_rate=48000 latency=0.0880 @ http://localhost:8770/index.js:451
[ 1408881ms] [LOG] MON 1 playing=false pos=0.000 stream_playing=false peak_db=-200.0 mix_rate=48000 latency=0.0880 @ http://localhost:8770/index.js:451
[ 1409132ms] [LOG] MON 1 playing=false pos=0.000 stream_playing=false peak_db=-200.0 mix_rate=48000 latency=0.0880 @ http://localhost:8770/index.js:451
[ 1409382ms] [LOG] MON 1 playing=false pos=0.000 stream_playing=false peak_db=-200.0 mix_rate=48000 latency=0.0880 @ http://localhost:8770/index.js:451
[ 1409634ms] [LOG] MON 1 playing=false pos=0.000 stream_playing=false peak_db=-200.0 mix_rate=48000 latency=0.0880 @ http://localhost:8770/index.js:451
[ 1409883ms] [LOG] MON 1 playing=false pos=0.000 stream_playing=false peak_db=-200.0 mix_rate=48000 latency=0.0880 @ http://localhost:8770/index.js:451
[ 1410132ms] [LOG] MON 1 playing=false pos=0.000 stream_playing=false peak_db=-200.0 mix_rate=48000 latency=0.0880 @ http://localhost:8770/index.js:451
[ 1410382ms] [LOG] MON 1 playing=false pos=0.000 stream_playing=false peak_db=-200.0 mix_rate=48000 latency=0.0880 @ http://localhost:8770/index.js:451
[ 1410631ms] [LOG] MON 1 playing=false pos=0.000 stream_playing=false peak_db=-200.0 mix_rate=48000 latency=0.0880 @ http://localhost:8770/index.js:451
[ 1410881ms] [LOG] MON 1 playing=false pos=0.000 stream_playing=false peak_db=-200.0 mix_rate=48000 latency=0.0880 @ http://localhost:8770/index.js:451
[ 1411132ms] [LOG] MON 1 playing=false pos=0.000 stream_playing=false peak_db=-200.0 mix_rate=48000 latency=0.0880 @ http://localhost:8770/index.js:451
[ 1411383ms] [LOG] MON 1 playing=false pos=0.000 stream_playing=false peak_db=-200.0 mix_rate=48000 latency=0.0880 @ http://localhost:8770/index.js:451
[ 1411631ms] [LOG] MON 1 playing=false pos=0.000 stream_playing=false peak_db=-200.0 mix_rate=48000 latency=0.0880 @ http://localhost:8770/index.js:451
[ 1411880ms] [LOG] MON 1 playing=false pos=0.000 stream_playing=false peak_db=-200.0 mix_rate=48000 latency=0.0880 @ http://localhost:8770/index.js:451
[ 1412132ms] [LOG] MON 1 playing=false pos=0.000 stream_playing=false peak_db=-200.0 mix_rate=48000 latency=0.0880 @ http://localhost:8770/index.js:451
[ 1412382ms] [LOG] MON 1 playing=false pos=0.000 stream_playing=false peak_db=-200.0 mix_rate=48000 latency=0.0880 @ http://localhost:8770/index.js:451
[ 1412632ms] [LOG] MON 1 playing=false pos=0.000 stream_playing=false peak_db=-200.0 mix_rate=48000 latency=0.0880 @ http://localhost:8770/index.js:451
[ 1412881ms] [LOG] MON 1 playing=false pos=0.000 stream_playing=false peak_db=-200.0 mix_rate=48000 latency=0.0880 @ http://localhost:8770/index.js:451
[ 1413132ms] [LOG] MON 1 playing=false pos=0.000 stream_playing=false peak_db=-200.0 mix_rate=48000 latency=0.0880 @ http://localhost:8770/index.js:451
[ 1413381ms] [LOG] MON 1 playing=false pos=0.000 stream_playing=false peak_db=-200.0 mix_rate=48000 latency=0.0880 @ http://localhost:8770/index.js:451
[ 1413631ms] [LOG] MON 1 playing=false pos=0.000 stream_playing=false peak_db=-200.0 mix_rate=48000 latency=0.0880 @ http://localhost:8770/index.js:451
[ 1413882ms] [LOG] MON 1 playing=false pos=0.000 stream_playing=false peak_db=-200.0 mix_rate=48000 latency=0.0880 @ http://localhost:8770/index.js:451
[ 1414134ms] [LOG] MON 1 playing=false pos=0.000 stream_playing=false peak_db=-200.0 mix_rate=48000 latency=0.0880 @ http://localhost:8770/index.js:451
[ 1414384ms] [LOG] MON 1 playing=false pos=0.000 stream_playing=false peak_db=-200.0 mix_rate=48000 latency=0.0880 @ http://localhost:8770/index.js:451
[ 1414632ms] [LOG] MON 1 playing=false pos=0.000 stream_playing=false peak_db=-200.0 mix_rate=48000 latency=0.0880 @ http://localhost:8770/index.js:451
[ 1414881ms] [LOG] MON 1 playing=false pos=0.000 stream_playing=false peak_db=-200.0 mix_rate=48000 latency=0.0880 @ http://localhost:8770/index.js:451
[ 1415132ms] [LOG] MON 1 playing=false pos=0.000 stream_playing=false peak_db=-200.0 mix_rate=48000 latency=0.0880 @ http://localhost:8770/index.js:451
[ 1415382ms] [LOG] MON 1 playing=false pos=0.000 stream_playing=false peak_db=-200.0 mix_rate=48000 latency=0.0880 @ http://localhost:8770/index.js:451
[ 1415631ms] [LOG] MON 1 playing=false pos=0.000 stream_playing=false peak_db=-200.0 mix_rate=48000 latency=0.0880 @ http://localhost:8770/index.js:451
[ 1415882ms] [LOG] MON 1 playing=false pos=0.000 stream_playing=false peak_db=-200.0 mix_rate=48000 latency=0.0880 @ http://localhost:8770/index.js:451
[ 1416130ms] [LOG] MON 1 playing=false pos=0.000 stream_playing=false peak_db=-200.0 mix_rate=48000 latency=0.0880 @ http://localhost:8770/index.js:451
[ 1416382ms] [LOG] MON 1 playing=false pos=0.000 stream_playing=false peak_db=-200.0 mix_rate=48000 latency=0.0880 @ http://localhost:8770/index.js:451
[ 1416633ms] [LOG] MON 1 playing=false pos=0.000 stream_playing=false peak_db=-200.0 mix_rate=48000 latency=0.0880 @ http://localhost:8770/index.js:451
[ 1416882ms] [LOG] MON 1 playing=false pos=0.000 stream_playing=false peak_db=-200.0 mix_rate=48000 latency=0.0880 @ http://localhost:8770/index.js:451
[ 1417133ms] [LOG] MON 1 playing=false pos=0.000 stream_playing=false peak_db=-200.0 mix_rate=48000 latency=0.0880 @ http://localhost:8770/index.js:451
[ 1417382ms] [LOG] MON 1 playing=false pos=0.000 stream_playing=false peak_db=-200.0 mix_rate=48000 latency=0.0880 @ http://localhost:8770/index.js:451
[ 1417631ms] [LOG] MON 1 playing=false pos=0.000 stream_playing=false peak_db=-200.0 mix_rate=48000 latency=0.0880 @ http://localhost:8770/index.js:451
[ 1417883ms] [LOG] MON 1 playing=false pos=0.000 stream_playing=false peak_db=-200.0 mix_rate=48000 latency=0.0880 @ http://localhost:8770/index.js:451
[ 1418130ms] [LOG] MON 1 playing=false pos=0.000 stream_playing=false peak_db=-200.0 mix_rate=48000 latency=0.0880 @ http://localhost:8770/index.js:451
[ 1418383ms] [LOG] MON 1 playing=false pos=0.000 stream_playing=false peak_db=-200.0 mix_rate=48000 latency=0.0880 @ http://localhost:8770/index.js:451
[ 1418632ms] [LOG] MON 1 playing=false pos=0.000 stream_playing=false peak_db=-200.0 mix_rate=48000 latency=0.0880 @ http://localhost:8770/index.js:451
[ 1418882ms] [LOG] MON 1 playing=false pos=0.000 stream_playing=false peak_db=-200.0 mix_rate=48000 latency=0.0880 @ http://localhost:8770/index.js:451
[ 1419133ms] [LOG] MON 1 playing=false pos=0.000 stream_playing=false peak_db=-200.0 mix_rate=48000 latency=0.0880 @ http://localhost:8770/index.js:451
[ 1419381ms] [LOG] MON 1 playing=false pos=0.000 stream_playing=false peak_db=-200.0 mix_rate=48000 latency=0.0880 @ http://localhost:8770/index.js:451
[ 1419630ms] [LOG] MON 1 playing=false pos=0.000 stream_playing=false peak_db=-200.0 mix_rate=48000 latency=0.0880 @ http://localhost:8770/index.js:451
[ 1419884ms] [LOG] MON 1 playing=false pos=0.000 stream_playing=false peak_db=-200.0 mix_rate=48000 latency=0.0880 @ http://localhost:8770/index.js:451
[ 1420133ms] [LOG] MON 1 playing=false pos=0.000 stream_playing=false peak_db=-200.0 mix_rate=48000 latency=0.0880 @ http://localhost:8770/index.js:451
[ 1420380ms] [LOG] MON 1 playing=false pos=0.000 stream_playing=false peak_db=-200.0 mix_rate=48000 latency=0.0880 @ http://localhost:8770/index.js:451
[ 1420634ms] [LOG] MON 1 playing=false pos=0.000 stream_playing=false peak_db=-200.0 mix_rate=48000 latency=0.0880 @ http://localhost:8770/index.js:451
[ 1420882ms] [LOG] MON 1 playing=false pos=0.000 stream_playing=false peak_db=-200.0 mix_rate=48000 latency=0.0880 @ http://localhost:8770/index.js:451
[ 1421131ms] [LOG] MON 1 playing=false pos=0.000 stream_playing=false peak_db=-200.0 mix_rate=48000 latency=0.0880 @ http://localhost:8770/index.js:451
[ 1421381ms] [LOG] MON 1 playing=false pos=0.000 stream_playing=false peak_db=-200.0 mix_rate=48000 latency=0.0880 @ http://localhost:8770/index.js:451
[ 1421631ms] [LOG] MON 1 playing=false pos=0.000 stream_playing=false peak_db=-200.0 mix_rate=48000 latency=0.0880 @ http://localhost:8770/index.js:451
[ 1421884ms] [LOG] MON 1 playing=false pos=0.000 stream_playing=false peak_db=-200.0 mix_rate=48000 latency=0.0880 @ http://localhost:8770/index.js:451
[ 1422131ms] [LOG] MON 1 playing=false pos=0.000 stream_playing=false peak_db=-200.0 mix_rate=48000 latency=0.0880 @ http://localhost:8770/index.js:451
[ 1422381ms] [LOG] MON 1 playing=false pos=0.000 stream_playing=false peak_db=-200.0 mix_rate=48000 latency=0.0880 @ http://localhost:8770/index.js:451
[ 1422632ms] [LOG] MON 1 playing=false pos=0.000 stream_playing=false peak_db=-200.0 mix_rate=48000 latency=0.0880 @ http://localhost:8770/index.js:451
[ 1422881ms] [LOG] MON 1 playing=false pos=0.000 stream_playing=false peak_db=-200.0 mix_rate=48000 latency=0.0880 @ http://localhost:8770/index.js:451
[ 1423133ms] [LOG] MON 1 playing=false pos=0.000 stream_playing=false peak_db=-200.0 mix_rate=48000 latency=0.0880 @ http://localhost:8770/index.js:451
[ 1423380ms] [LOG] MON 1 playing=false pos=0.000 stream_playing=false peak_db=-200.0 mix_rate=48000 latency=0.0880 @ http://localhost:8770/index.js:451
[ 1423633ms] [LOG] MON 1 playing=false pos=0.000 stream_playing=false peak_db=-200.0 mix_rate=48000 latency=0.0880 @ http://localhost:8770/index.js:451
[ 1423882ms] [LOG] MON 1 playing=false pos=0.000 stream_playing=false peak_db=-200.0 mix_rate=48000 latency=0.0880 @ http://localhost:8770/index.js:451
[ 1424133ms] [LOG] MON 1 playing=false pos=0.000 stream_playing=false peak_db=-200.0 mix_rate=48000 latency=0.0880 @ http://localhost:8770/index.js:451
[ 1424381ms] [LOG] MON 1 playing=false pos=0.000 stream_playing=false peak_db=-200.0 mix_rate=48000 latency=0.0880 @ http://localhost:8770/index.js:451
[ 1424632ms] [LOG] MON 1 playing=false pos=0.000 stream_playing=false peak_db=-200.0 mix_rate=48000 latency=0.0880 @ http://localhost:8770/index.js:451
[ 1424881ms] [LOG] MON 1 playing=false pos=0.000 stream_playing=false peak_db=-200.0 mix_rate=48000 latency=0.0880 @ http://localhost:8770/index.js:451
[ 1425132ms] [LOG] MON 1 playing=false pos=0.000 stream_playing=false peak_db=-200.0 mix_rate=48000 latency=0.0880 @ http://localhost:8770/index.js:451
[ 1425382ms] [LOG] MON 1 playing=false pos=0.000 stream_playing=false peak_db=-200.0 mix_rate=48000 latency=0.0880 @ http://localhost:8770/index.js:451
[ 1425631ms] [LOG] MON 1 playing=false pos=0.000 stream_playing=false peak_db=-200.0 mix_rate=48000 latency=0.0880 @ http://localhost:8770/index.js:451
[ 1425881ms] [LOG] MON 1 playing=false pos=0.000 stream_playing=false peak_db=-200.0 mix_rate=48000 latency=0.0880 @ http://localhost:8770/index.js:451
[ 1426132ms] [LOG] MON 1 playing=false pos=0.000 stream_playing=false peak_db=-200.0 mix_rate=48000 latency=0.0880 @ http://localhost:8770/index.js:451
[ 1426382ms] [LOG] MON 1 playing=false pos=0.000 stream_playing=false peak_db=-200.0 mix_rate=48000 latency=0.0880 @ http://localhost:8770/index.js:451
[ 1426630ms] [LOG] MON 1 playing=false pos=0.000 stream_playing=false peak_db=-200.0 mix_rate=48000 latency=0.0880 @ http://localhost:8770/index.js:451
[ 1426881ms] [LOG] MON 1 playing=false pos=0.000 stream_playing=false peak_db=-200.0 mix_rate=48000 latency=0.0880 @ http://localhost:8770/index.js:451
[ 1427131ms] [LOG] MON 1 playing=false pos=0.000 stream_playing=false peak_db=-200.0 mix_rate=48000 latency=0.0880 @ http://localhost:8770/index.js:451
[ 1427381ms] [LOG] MON 1 playing=false pos=0.000 stream_playing=false peak_db=-200.0 mix_rate=48000 latency=0.0880 @ http://localhost:8770/index.js:451
[ 1427631ms] [LOG] MON 1 playing=false pos=0.000 stream_playing=false peak_db=-200.0 mix_rate=48000 latency=0.0880 @ http://localhost:8770/index.js:451
[ 1427882ms] [LOG] MON 1 playing=false pos=0.000 stream_playing=false peak_db=-200.0 mix_rate=48000 latency=0.0880 @ http://localhost:8770/index.js:451
[ 1428132ms] [LOG] MON 1 playing=false pos=0.000 stream_playing=false peak_db=-200.0 mix_rate=48000 latency=0.0880 @ http://localhost:8770/index.js:451
[ 1428382ms] [LOG] MON 1 playing=false pos=0.000 stream_playing=false peak_db=-200.0 mix_rate=48000 latency=0.0880 @ http://localhost:8770/index.js:451
[ 1428631ms] [LOG] MON 1 playing=false pos=0.000 stream_playing=false peak_db=-200.0 mix_rate=48000 latency=0.0880 @ http://localhost:8770/index.js:451
[ 1428882ms] [LOG] MON 1 playing=false pos=0.000 stream_playing=false peak_db=-200.0 mix_rate=48000 latency=0.0880 @ http://localhost:8770/index.js:451
[ 1429132ms] [LOG] MON 1 playing=false pos=0.000 stream_playing=false peak_db=-200.0 mix_rate=48000 latency=0.0880 @ http://localhost:8770/index.js:451
[ 1429381ms] [LOG] MON 1 playing=false pos=0.000 stream_playing=false peak_db=-200.0 mix_rate=48000 latency=0.0880 @ http://localhost:8770/index.js:451
[ 1429631ms] [LOG] MON 1 playing=false pos=0.000 stream_playing=false peak_db=-200.0 mix_rate=48000 latency=0.0880 @ http://localhost:8770/index.js:451
[ 1429882ms] [LOG] MON 1 playing=false pos=0.000 stream_playing=false peak_db=-200.0 mix_rate=48000 latency=0.0880 @ http://localhost:8770/index.js:451
[ 1430131ms] [LOG] MON 1 playing=false pos=0.000 stream_playing=false peak_db=-200.0 mix_rate=48000 latency=0.0880 @ http://localhost:8770/index.js:451
[ 1430382ms] [LOG] MON 1 playing=false pos=0.000 stream_playing=false peak_db=-200.0 mix_rate=48000 latency=0.0880 @ http://localhost:8770/index.js:451
[ 1430630ms] [LOG] MON 1 playing=false pos=0.000 stream_playing=false peak_db=-200.0 mix_rate=48000 latency=0.0880 @ http://localhost:8770/index.js:451
[ 1430882ms] [LOG] MON 1 playing=false pos=0.000 stream_playing=false peak_db=-200.0 mix_rate=48000 latency=0.0880 @ http://localhost:8770/index.js:451
[ 1431130ms] [LOG] MON 1 playing=false pos=0.000 stream_playing=false peak_db=-200.0 mix_rate=48000 latency=0.0880 @ http://localhost:8770/index.js:451
[ 1431381ms] [LOG] MON 1 playing=false pos=0.000 stream_playing=false peak_db=-200.0 mix_rate=48000 latency=0.0880 @ http://localhost:8770/index.js:451
[ 1431632ms] [LOG] MON 1 playing=false pos=0.000 stream_playing=false peak_db=-200.0 mix_rate=48000 latency=0.0880 @ http://localhost:8770/index.js:451
[ 1431880ms] [LOG] MON 1 playing=false pos=0.000 stream_playing=false peak_db=-200.0 mix_rate=48000 latency=0.0880 @ http://localhost:8770/index.js:451
[ 1432132ms] [LOG] MON 1 playing=false pos=0.000 stream_playing=false peak_db=-200.0 mix_rate=48000 latency=0.0880 @ http://localhost:8770/index.js:451
[ 1432382ms] [LOG] MON 1 playing=false pos=0.000 stream_playing=false peak_db=-200.0 mix_rate=48000 latency=0.0880 @ http://localhost:8770/index.js:451
[ 1432633ms] [LOG] MON 1 playing=false pos=0.000 stream_playing=false peak_db=-200.0 mix_rate=48000 latency=0.0880 @ http://localhost:8770/index.js:451
[ 1432881ms] [LOG] MON 1 playing=false pos=0.000 stream_playing=false peak_db=-200.0 mix_rate=48000 latency=0.0880 @ http://localhost:8770/index.js:451
[ 1433132ms] [LOG] MON 1 playing=false pos=0.000 stream_playing=false peak_db=-200.0 mix_rate=48000 latency=0.0880 @ http://localhost:8770/index.js:451
[ 1433381ms] [LOG] MON 1 playing=false pos=0.000 stream_playing=false peak_db=-200.0 mix_rate=48000 latency=0.0880 @ http://localhost:8770/index.js:451
[ 1433629ms] [LOG] MON 1 playing=false pos=0.000 stream_playing=false peak_db=-200.0 mix_rate=48000 latency=0.0880 @ http://localhost:8770/index.js:451
[ 1433882ms] [LOG] MON 1 playing=false pos=0.000 stream_playing=false peak_db=-200.0 mix_rate=48000 latency=0.0880 @ http://localhost:8770/index.js:451
[ 1434134ms] [LOG] MON 1 playing=false pos=0.000 stream_playing=false peak_db=-200.0 mix_rate=48000 latency=0.0880 @ http://localhost:8770/index.js:451
[ 1434381ms] [LOG] MON 1 playing=false pos=0.000 stream_playing=false peak_db=-200.0 mix_rate=48000 latency=0.0880 @ http://localhost:8770/index.js:451
[ 1434633ms] [LOG] MON 1 playing=false pos=0.000 stream_playing=false peak_db=-200.0 mix_rate=48000 latency=0.0880 @ http://localhost:8770/index.js:451
[ 1434880ms] [LOG] MON 1 playing=false pos=0.000 stream_playing=false peak_db=-200.0 mix_rate=48000 latency=0.0880 @ http://localhost:8770/index.js:451
[ 1435132ms] [LOG] MON 1 playing=false pos=0.000 stream_playing=false peak_db=-200.0 mix_rate=48000 latency=0.0880 @ http://localhost:8770/index.js:451
[ 1435382ms] [LOG] MON 1 playing=false pos=0.000 stream_playing=false peak_db=-200.0 mix_rate=48000 latency=0.0880 @ http://localhost:8770/index.js:451
[ 1435632ms] [LOG] MON 1 playing=false pos=0.000 stream_playing=false peak_db=-200.0 mix_rate=48000 latency=0.0880 @ http://localhost:8770/index.js:451
[ 1435882ms] [LOG] MON 1 playing=false pos=0.000 stream_playing=false peak_db=-200.0 mix_rate=48000 latency=0.0880 @ http://localhost:8770/index.js:451
[ 1436132ms] [LOG] MON 1 playing=false pos=0.000 stream_playing=false peak_db=-200.0 mix_rate=48000 latency=0.0880 @ http://localhost:8770/index.js:451
[ 1436384ms] [LOG] MON 1 playing=false pos=0.000 stream_playing=false peak_db=-200.0 mix_rate=48000 latency=0.0880 @ http://localhost:8770/index.js:451
[ 1436632ms] [LOG] MON 1 playing=false pos=0.000 stream_playing=false peak_db=-200.0 mix_rate=48000 latency=0.0880 @ http://localhost:8770/index.js:451
[ 1436883ms] [LOG] MON 1 playing=false pos=0.000 stream_playing=false peak_db=-200.0 mix_rate=48000 latency=0.0880 @ http://localhost:8770/index.js:451
[ 1437130ms] [LOG] MON 1 playing=false pos=0.000 stream_playing=false peak_db=-200.0 mix_rate=48000 latency=0.0880 @ http://localhost:8770/index.js:451
[ 1437382ms] [LOG] MON 1 playing=false pos=0.000 stream_playing=false peak_db=-200.0 mix_rate=48000 latency=0.0880 @ http://localhost:8770/index.js:451
[ 1437631ms] [LOG] MON 1 playing=false pos=0.000 stream_playing=false peak_db=-200.0 mix_rate=48000 latency=0.0880 @ http://localhost:8770/index.js:451
[ 1437881ms] [LOG] MON 1 playing=false pos=0.000 stream_playing=false peak_db=-200.0 mix_rate=48000 latency=0.0880 @ http://localhost:8770/index.js:451
[ 1438133ms] [LOG] MON 1 playing=false pos=0.000 stream_playing=false peak_db=-200.0 mix_rate=48000 latency=0.0880 @ http://localhost:8770/index.js:451
[ 1438382ms] [LOG] MON 1 playing=false pos=0.000 stream_playing=false peak_db=-200.0 mix_rate=48000 latency=0.0880 @ http://localhost:8770/index.js:451
[ 1438633ms] [LOG] MON 1 playing=false pos=0.000 stream_playing=false peak_db=-200.0 mix_rate=48000 latency=0.0880 @ http://localhost:8770/index.js:451
[ 1438891ms] [LOG] MON 1 playing=false pos=0.000 stream_playing=false peak_db=-200.0 mix_rate=48000 latency=0.0880 @ http://localhost:8770/index.js:451
[ 1439132ms] [LOG] MON 1 playing=false pos=0.000 stream_playing=false peak_db=-200.0 mix_rate=48000 latency=0.0880 @ http://localhost:8770/index.js:451
[ 1439383ms] [LOG] MON 1 playing=false pos=0.000 stream_playing=false peak_db=-200.0 mix_rate=48000 latency=0.0880 @ http://localhost:8770/index.js:451
[ 1439633ms] [LOG] MON 1 playing=false pos=0.000 stream_playing=false peak_db=-200.0 mix_rate=48000 latency=0.0880 @ http://localhost:8770/index.js:451
[ 1439883ms] [LOG] MON 1 playing=false pos=0.000 stream_playing=false peak_db=-200.0 mix_rate=48000 latency=0.0880 @ http://localhost:8770/index.js:451
[ 1440131ms] [LOG] MON 1 playing=false pos=0.000 stream_playing=false peak_db=-200.0 mix_rate=48000 latency=0.0880 @ http://localhost:8770/index.js:451
[ 1440384ms] [LOG] MON 1 playing=false pos=0.000 stream_playing=false peak_db=-200.0 mix_rate=48000 latency=0.0880 @ http://localhost:8770/index.js:451
[ 1440633ms] [LOG] MON 1 playing=false pos=0.000 stream_playing=false peak_db=-200.0 mix_rate=48000 latency=0.0880 @ http://localhost:8770/index.js:451
[ 1440886ms] [LOG] MON 1 playing=false pos=0.000 stream_playing=false peak_db=-200.0 mix_rate=48000 latency=0.0880 @ http://localhost:8770/index.js:451
[ 1441134ms] [LOG] MON 1 playing=false pos=0.000 stream_playing=false peak_db=-200.0 mix_rate=48000 latency=0.0880 @ http://localhost:8770/index.js:451
[ 1441383ms] [LOG] MON 1 playing=false pos=0.000 stream_playing=false peak_db=-200.0 mix_rate=48000 latency=0.0880 @ http://localhost:8770/index.js:451
[ 1441633ms] [LOG] MON 1 playing=false pos=0.000 stream_playing=false peak_db=-200.0 mix_rate=48000 latency=0.0880 @ http://localhost:8770/index.js:451
[ 1441884ms] [LOG] MON 1 playing=false pos=0.000 stream_playing=false peak_db=-200.0 mix_rate=48000 latency=0.0880 @ http://localhost:8770/index.js:451
[ 1442134ms] [LOG] MON 1 playing=false pos=0.000 stream_playing=false peak_db=-200.0 mix_rate=48000 latency=0.0880 @ http://localhost:8770/index.js:451
[ 1442382ms] [LOG] MON 1 playing=false pos=0.000 stream_playing=false peak_db=-200.0 mix_rate=48000 latency=0.0880 @ http://localhost:8770/index.js:451
[ 1442633ms] [LOG] MON 1 playing=false pos=0.000 stream_playing=false peak_db=-200.0 mix_rate=48000 latency=0.0880 @ http://localhost:8770/index.js:451
[ 1442882ms] [LOG] MON 1 playing=false pos=0.000 stream_playing=false peak_db=-200.0 mix_rate=48000 latency=0.0880 @ http://localhost:8770/index.js:451
[ 1443132ms] [LOG] MON 1 playing=false pos=0.000 stream_playing=false peak_db=-200.0 mix_rate=48000 latency=0.0880 @ http://localhost:8770/index.js:451
[ 1443383ms] [LOG] MON 1 playing=false pos=0.000 stream_playing=false peak_db=-200.0 mix_rate=48000 latency=0.0880 @ http://localhost:8770/index.js:451
[ 1443633ms] [LOG] MON 1 playing=false pos=0.000 stream_playing=false peak_db=-200.0 mix_rate=48000 latency=0.0880 @ http://localhost:8770/index.js:451
[ 1443884ms] [LOG] MON 1 playing=false pos=0.000 stream_playing=false peak_db=-200.0 mix_rate=48000 latency=0.0880 @ http://localhost:8770/index.js:451
[ 1444132ms] [LOG] MON 1 playing=false pos=0.000 stream_playing=false peak_db=-200.0 mix_rate=48000 latency=0.0880 @ http://localhost:8770/index.js:451
[ 1444383ms] [LOG] MON 1 playing=false pos=0.000 stream_playing=false peak_db=-200.0 mix_rate=48000 latency=0.0880 @ http://localhost:8770/index.js:451
[ 1444634ms] [LOG] MON 1 playing=false pos=0.000 stream_playing=false peak_db=-200.0 mix_rate=48000 latency=0.0880 @ http://localhost:8770/index.js:451
[ 1444883ms] [LOG] MON 1 playing=false pos=0.000 stream_playing=false peak_db=-200.0 mix_rate=48000 latency=0.0880 @ http://localhost:8770/index.js:451
[ 1445132ms] [LOG] MON 1 playing=false pos=0.000 stream_playing=false peak_db=-200.0 mix_rate=48000 latency=0.0880 @ http://localhost:8770/index.js:451
[ 1445391ms] [LOG] MON 1 playing=false pos=0.000 stream_playing=false peak_db=-200.0 mix_rate=48000 latency=0.0880 @ http://localhost:8770/index.js:451
[ 1445633ms] [LOG] MON 1 playing=false pos=0.000 stream_playing=false peak_db=-200.0 mix_rate=48000 latency=0.0880 @ http://localhost:8770/index.js:451
[ 1445883ms] [LOG] MON 1 playing=false pos=0.000 stream_playing=false peak_db=-200.0 mix_rate=48000 latency=0.0880 @ http://localhost:8770/index.js:451
[ 1446131ms] [LOG] MON 1 playing=false pos=0.000 stream_playing=false peak_db=-200.0 mix_rate=48000 latency=0.0880 @ http://localhost:8770/index.js:451
[ 1446384ms] [LOG] MON 1 playing=false pos=0.000 stream_playing=false peak_db=-200.0 mix_rate=48000 latency=0.0880 @ http://localhost:8770/index.js:451
[ 1446633ms] [LOG] MON 1 playing=false pos=0.000 stream_playing=false peak_db=-200.0 mix_rate=48000 latency=0.0880 @ http://localhost:8770/index.js:451
[ 1446880ms] [LOG] MON 1 playing=false pos=0.000 stream_playing=false peak_db=-200.0 mix_rate=48000 latency=0.0880 @ http://localhost:8770/index.js:451
[ 1447133ms] [LOG] MON 1 playing=false pos=0.000 stream_playing=false peak_db=-200.0 mix_rate=48000 latency=0.0880 @ http://localhost:8770/index.js:451
[ 1447383ms] [LOG] MON 1 playing=false pos=0.000 stream_playing=false peak_db=-200.0 mix_rate=48000 latency=0.0880 @ http://localhost:8770/index.js:451
[ 1447632ms] [LOG] MON 1 playing=false pos=0.000 stream_playing=false peak_db=-200.0 mix_rate=48000 latency=0.0880 @ http://localhost:8770/index.js:451
[ 1447881ms] [LOG] MON 1 playing=false pos=0.000 stream_playing=false peak_db=-200.0 mix_rate=48000 latency=0.0880 @ http://localhost:8770/index.js:451
[ 1448133ms] [LOG] MON 1 playing=false pos=0.000 stream_playing=false peak_db=-200.0 mix_rate=48000 latency=0.0880 @ http://localhost:8770/index.js:451
[ 1448382ms] [LOG] MON 1 playing=false pos=0.000 stream_playing=false peak_db=-200.0 mix_rate=48000 latency=0.0880 @ http://localhost:8770/index.js:451
[ 1448631ms] [LOG] MON 1 playing=false pos=0.000 stream_playing=false peak_db=-200.0 mix_rate=48000 latency=0.0880 @ http://localhost:8770/index.js:451
[ 1448882ms] [LOG] MON 1 playing=false pos=0.000 stream_playing=false peak_db=-200.0 mix_rate=48000 latency=0.0880 @ http://localhost:8770/index.js:451
[ 1449133ms] [LOG] MON 1 playing=false pos=0.000 stream_playing=false peak_db=-200.0 mix_rate=48000 latency=0.0880 @ http://localhost:8770/index.js:451
[ 1449382ms] [LOG] MON 1 playing=false pos=0.000 stream_playing=false peak_db=-200.0 mix_rate=48000 latency=0.0880 @ http://localhost:8770/index.js:451
[ 1449630ms] [LOG] MON 1 playing=false pos=0.000 stream_playing=false peak_db=-200.0 mix_rate=48000 latency=0.0880 @ http://localhost:8770/index.js:451
[ 1449882ms] [LOG] MON 1 playing=false pos=0.000 stream_playing=false peak_db=-200.0 mix_rate=48000 latency=0.0880 @ http://localhost:8770/index.js:451
[ 1450131ms] [LOG] MON 1 playing=false pos=0.000 stream_playing=false peak_db=-200.0 mix_rate=48000 latency=0.0880 @ http://localhost:8770/index.js:451
[ 1450381ms] [LOG] MON 1 playing=false pos=0.000 stream_playing=false peak_db=-200.0 mix_rate=48000 latency=0.0880 @ http://localhost:8770/index.js:451
[ 1450632ms] [LOG] MON 1 playing=false pos=0.000 stream_playing=false peak_db=-200.0 mix_rate=48000 latency=0.0880 @ http://localhost:8770/index.js:451
[ 1450883ms] [LOG] MON 1 playing=false pos=0.000 stream_playing=false peak_db=-200.0 mix_rate=48000 latency=0.0880 @ http://localhost:8770/index.js:451
[ 1451139ms] [LOG] MON 1 playing=false pos=0.000 stream_playing=false peak_db=-200.0 mix_rate=48000 latency=0.0880 @ http://localhost:8770/index.js:451
[ 1451383ms] [LOG] MON 1 playing=false pos=0.000 stream_playing=false peak_db=-200.0 mix_rate=48000 latency=0.0880 @ http://localhost:8770/index.js:451
[ 1451631ms] [LOG] MON 1 playing=false pos=0.000 stream_playing=false peak_db=-200.0 mix_rate=48000 latency=0.0880 @ http://localhost:8770/index.js:451
[ 1451882ms] [LOG] MON 1 playing=false pos=0.000 stream_playing=false peak_db=-200.0 mix_rate=48000 latency=0.0880 @ http://localhost:8770/index.js:451
[ 1452131ms] [LOG] MON 1 playing=false pos=0.000 stream_playing=false peak_db=-200.0 mix_rate=48000 latency=0.0880 @ http://localhost:8770/index.js:451
[ 1452380ms] [LOG] MON 1 playing=false pos=0.000 stream_playing=false peak_db=-200.0 mix_rate=48000 latency=0.0880 @ http://localhost:8770/index.js:451
[ 1452635ms] [LOG] MON 1 playing=false pos=0.000 stream_playing=false peak_db=-200.0 mix_rate=48000 latency=0.0880 @ http://localhost:8770/index.js:451
[ 1452883ms] [LOG] MON 1 playing=false pos=0.000 stream_playing=false peak_db=-200.0 mix_rate=48000 latency=0.0880 @ http://localhost:8770/index.js:451
[ 1453132ms] [LOG] MON 1 playing=false pos=0.000 stream_playing=false peak_db=-200.0 mix_rate=48000 latency=0.0880 @ http://localhost:8770/index.js:451
[ 1453381ms] [LOG] MON 1 playing=false pos=0.000 stream_playing=false peak_db=-200.0 mix_rate=48000 latency=0.0880 @ http://localhost:8770/index.js:451
[ 1453634ms] [LOG] MON 1 playing=false pos=0.000 stream_playing=false peak_db=-200.0 mix_rate=48000 latency=0.0880 @ http://localhost:8770/index.js:451
[ 1453884ms] [LOG] MON 1 playing=false pos=0.000 stream_playing=false peak_db=-200.0 mix_rate=48000 latency=0.0880 @ http://localhost:8770/index.js:451
[ 1454132ms] [LOG] MON 1 playing=false pos=0.000 stream_playing=false peak_db=-200.0 mix_rate=48000 latency=0.0880 @ http://localhost:8770/index.js:451
[ 1454382ms] [LOG] MON 1 playing=false pos=0.000 stream_playing=false peak_db=-200.0 mix_rate=48000 latency=0.0880 @ http://localhost:8770/index.js:451
[ 1454637ms] [LOG] MON 1 playing=false pos=0.000 stream_playing=false peak_db=-200.0 mix_rate=48000 latency=0.0880 @ http://localhost:8770/index.js:451
[ 1454881ms] [LOG] MON 1 playing=false pos=0.000 stream_playing=false peak_db=-200.0 mix_rate=48000 latency=0.0880 @ http://localhost:8770/index.js:451
[ 1455132ms] [LOG] MON 1 playing=false pos=0.000 stream_playing=false peak_db=-200.0 mix_rate=48000 latency=0.0880 @ http://localhost:8770/index.js:451
[ 1455381ms] [LOG] MON 1 playing=false pos=0.000 stream_playing=false peak_db=-200.0 mix_rate=48000 latency=0.0880 @ http://localhost:8770/index.js:451
[ 1455631ms] [LOG] MON 1 playing=false pos=0.000 stream_playing=false peak_db=-200.0 mix_rate=48000 latency=0.0880 @ http://localhost:8770/index.js:451
[ 1455883ms] [LOG] MON 1 playing=false pos=0.000 stream_playing=false peak_db=-200.0 mix_rate=48000 latency=0.0880 @ http://localhost:8770/index.js:451
[ 1456132ms] [LOG] MON 1 playing=false pos=0.000 stream_playing=false peak_db=-200.0 mix_rate=48000 latency=0.0880 @ http://localhost:8770/index.js:451
[ 1456381ms] [LOG] MON 1 playing=false pos=0.000 stream_playing=false peak_db=-200.0 mix_rate=48000 latency=0.0880 @ http://localhost:8770/index.js:451
[ 1456632ms] [LOG] MON 1 playing=false pos=0.000 stream_playing=false peak_db=-200.0 mix_rate=48000 latency=0.0880 @ http://localhost:8770/index.js:451
[ 1456883ms] [LOG] MON 1 playing=false pos=0.000 stream_playing=false peak_db=-200.0 mix_rate=48000 latency=0.0880 @ http://localhost:8770/index.js:451
[ 1457133ms] [LOG] MON 1 playing=false pos=0.000 stream_playing=false peak_db=-200.0 mix_rate=48000 latency=0.0880 @ http://localhost:8770/index.js:451
[ 1457381ms] [LOG] MON 1 playing=false pos=0.000 stream_playing=false peak_db=-200.0 mix_rate=48000 latency=0.0880 @ http://localhost:8770/index.js:451
[ 1457631ms] [LOG] MON 1 playing=false pos=0.000 stream_playing=false peak_db=-200.0 mix_rate=48000 latency=0.0880 @ http://localhost:8770/index.js:451
[ 1457883ms] [LOG] MON 1 playing=false pos=0.000 stream_playing=false peak_db=-200.0 mix_rate=48000 latency=0.0880 @ http://localhost:8770/index.js:451
[ 1458131ms] [LOG] MON 1 playing=false pos=0.000 stream_playing=false peak_db=-200.0 mix_rate=48000 latency=0.0880 @ http://localhost:8770/index.js:451
[ 1458381ms] [LOG] MON 1 playing=false pos=0.000 stream_playing=false peak_db=-200.0 mix_rate=48000 latency=0.0880 @ http://localhost:8770/index.js:451
[ 1458635ms] [LOG] MON 1 playing=false pos=0.000 stream_playing=false peak_db=-200.0 mix_rate=48000 latency=0.0880 @ http://localhost:8770/index.js:451
[ 1458882ms] [LOG] MON 1 playing=false pos=0.000 stream_playing=false peak_db=-200.0 mix_rate=48000 latency=0.0880 @ http://localhost:8770/index.js:451
[ 1459133ms] [LOG] MON 1 playing=false pos=0.000 stream_playing=false peak_db=-200.0 mix_rate=48000 latency=0.0880 @ http://localhost:8770/index.js:451
[ 1459383ms] [LOG] MON 1 playing=false pos=0.000 stream_playing=false peak_db=-200.0 mix_rate=48000 latency=0.0880 @ http://localhost:8770/index.js:451
[ 1459632ms] [LOG] MON 1 playing=false pos=0.000 stream_playing=false peak_db=-200.0 mix_rate=48000 latency=0.0880 @ http://localhost:8770/index.js:451
[ 1459884ms] [LOG] MON 1 playing=false pos=0.000 stream_playing=false peak_db=-200.0 mix_rate=48000 latency=0.0880 @ http://localhost:8770/index.js:451
[ 1460131ms] [LOG] MON 1 playing=false pos=0.000 stream_playing=false peak_db=-200.0 mix_rate=48000 latency=0.0880 @ http://localhost:8770/index.js:451
[ 1460382ms] [LOG] MON 1 playing=false pos=0.000 stream_playing=false peak_db=-200.0 mix_rate=48000 latency=0.0880 @ http://localhost:8770/index.js:451
[ 1460633ms] [LOG] MON 1 playing=false pos=0.000 stream_playing=false peak_db=-200.0 mix_rate=48000 latency=0.0880 @ http://localhost:8770/index.js:451
[ 1460880ms] [LOG] MON 1 playing=false pos=0.000 stream_playing=false peak_db=-200.0 mix_rate=48000 latency=0.0880 @ http://localhost:8770/index.js:451
[ 1461131ms] [LOG] MON 1 playing=false pos=0.000 stream_playing=false peak_db=-200.0 mix_rate=48000 latency=0.0880 @ http://localhost:8770/index.js:451
[ 1461382ms] [LOG] MON 1 playing=false pos=0.000 stream_playing=false peak_db=-200.0 mix_rate=48000 latency=0.0880 @ http://localhost:8770/index.js:451
[ 1461632ms] [LOG] MON 1 playing=false pos=0.000 stream_playing=false peak_db=-200.0 mix_rate=48000 latency=0.0880 @ http://localhost:8770/index.js:451
[ 1461882ms] [LOG] MON 1 playing=false pos=0.000 stream_playing=false peak_db=-200.0 mix_rate=48000 latency=0.0880 @ http://localhost:8770/index.js:451
[ 1462132ms] [LOG] MON 1 playing=false pos=0.000 stream_playing=false peak_db=-200.0 mix_rate=48000 latency=0.0880 @ http://localhost:8770/index.js:451
[ 1462383ms] [LOG] MON 1 playing=false pos=0.000 stream_playing=false peak_db=-200.0 mix_rate=48000 latency=0.0880 @ http://localhost:8770/index.js:451
[ 1462630ms] [LOG] MON 1 playing=false pos=0.000 stream_playing=false peak_db=-200.0 mix_rate=48000 latency=0.0880 @ http://localhost:8770/index.js:451
[ 1462883ms] [LOG] MON 1 playing=false pos=0.000 stream_playing=false peak_db=-200.0 mix_rate=48000 latency=0.0880 @ http://localhost:8770/index.js:451
[ 1463131ms] [LOG] MON 1 playing=false pos=0.000 stream_playing=false peak_db=-200.0 mix_rate=48000 latency=0.0880 @ http://localhost:8770/index.js:451
[ 1463385ms] [LOG] MON 1 playing=false pos=0.000 stream_playing=false peak_db=-200.0 mix_rate=48000 latency=0.0880 @ http://localhost:8770/index.js:451
[ 1463631ms] [LOG] MON 1 playing=false pos=0.000 stream_playing=false peak_db=-200.0 mix_rate=48000 latency=0.0880 @ http://localhost:8770/index.js:451
[ 1463880ms] [LOG] MON 1 playing=false pos=0.000 stream_playing=false peak_db=-200.0 mix_rate=48000 latency=0.0880 @ http://localhost:8770/index.js:451
[ 1464133ms] [LOG] MON 1 playing=false pos=0.000 stream_playing=false peak_db=-200.0 mix_rate=48000 latency=0.0880 @ http://localhost:8770/index.js:451
[ 1464382ms] [LOG] MON 1 playing=false pos=0.000 stream_playing=false peak_db=-200.0 mix_rate=48000 latency=0.0880 @ http://localhost:8770/index.js:451
[ 1464631ms] [LOG] MON 1 playing=false pos=0.000 stream_playing=false peak_db=-200.0 mix_rate=48000 latency=0.0880 @ http://localhost:8770/index.js:451
[ 1464881ms] [LOG] MON 1 playing=false pos=0.000 stream_playing=false peak_db=-200.0 mix_rate=48000 latency=0.0880 @ http://localhost:8770/index.js:451
[ 1465132ms] [LOG] MON 1 playing=false pos=0.000 stream_playing=false peak_db=-200.0 mix_rate=48000 latency=0.0880 @ http://localhost:8770/index.js:451
[ 1465382ms] [LOG] MON 1 playing=false pos=0.000 stream_playing=false peak_db=-200.0 mix_rate=48000 latency=0.0880 @ http://localhost:8770/index.js:451
[ 1465633ms] [LOG] MON 1 playing=false pos=0.000 stream_playing=false peak_db=-200.0 mix_rate=48000 latency=0.0880 @ http://localhost:8770/index.js:451
[ 1465882ms] [LOG] MON 1 playing=false pos=0.000 stream_playing=false peak_db=-200.0 mix_rate=48000 latency=0.0880 @ http://localhost:8770/index.js:451
[ 1466132ms] [LOG] MON 1 playing=false pos=0.000 stream_playing=false peak_db=-200.0 mix_rate=48000 latency=0.0880 @ http://localhost:8770/index.js:451
[ 1466383ms] [LOG] MON 1 playing=false pos=0.000 stream_playing=false peak_db=-200.0 mix_rate=48000 latency=0.0880 @ http://localhost:8770/index.js:451
[ 1466631ms] [LOG] MON 1 playing=false pos=0.000 stream_playing=false peak_db=-200.0 mix_rate=48000 latency=0.0880 @ http://localhost:8770/index.js:451
[ 1466881ms] [LOG] MON 1 playing=false pos=0.000 stream_playing=false peak_db=-200.0 mix_rate=48000 latency=0.0880 @ http://localhost:8770/index.js:451
[ 1467134ms] [LOG] MON 1 playing=false pos=0.000 stream_playing=false peak_db=-200.0 mix_rate=48000 latency=0.0880 @ http://localhost:8770/index.js:451
[ 1467380ms] [LOG] MON 1 playing=false pos=0.000 stream_playing=false peak_db=-200.0 mix_rate=48000 latency=0.0880 @ http://localhost:8770/index.js:451
[ 1467632ms] [LOG] MON 1 playing=false pos=0.000 stream_playing=false peak_db=-200.0 mix_rate=48000 latency=0.0880 @ http://localhost:8770/index.js:451
[ 1467882ms] [LOG] MON 1 playing=false pos=0.000 stream_playing=false peak_db=-200.0 mix_rate=48000 latency=0.0880 @ http://localhost:8770/index.js:451
[ 1468133ms] [LOG] MON 1 playing=false pos=0.000 stream_playing=false peak_db=-200.0 mix_rate=48000 latency=0.0880 @ http://localhost:8770/index.js:451
[ 1468382ms] [LOG] MON 1 playing=false pos=0.000 stream_playing=false peak_db=-200.0 mix_rate=48000 latency=0.0880 @ http://localhost:8770/index.js:451
[ 1468631ms] [LOG] MON 1 playing=false pos=0.000 stream_playing=false peak_db=-200.0 mix_rate=48000 latency=0.0880 @ http://localhost:8770/index.js:451
[ 1468884ms] [LOG] MON 1 playing=false pos=0.000 stream_playing=false peak_db=-200.0 mix_rate=48000 latency=0.0880 @ http://localhost:8770/index.js:451
[ 1469132ms] [LOG] MON 1 playing=false pos=0.000 stream_playing=false peak_db=-200.0 mix_rate=48000 latency=0.0880 @ http://localhost:8770/index.js:451
[ 1469383ms] [LOG] MON 1 playing=false pos=0.000 stream_playing=false peak_db=-200.0 mix_rate=48000 latency=0.0880 @ http://localhost:8770/index.js:451
[ 1469631ms] [LOG] MON 1 playing=false pos=0.000 stream_playing=false peak_db=-200.0 mix_rate=48000 latency=0.0880 @ http://localhost:8770/index.js:451
[ 1469881ms] [LOG] MON 1 playing=false pos=0.000 stream_playing=false peak_db=-200.0 mix_rate=48000 latency=0.0880 @ http://localhost:8770/index.js:451
[ 1470132ms] [LOG] MON 1 playing=false pos=0.000 stream_playing=false peak_db=-200.0 mix_rate=48000 latency=0.0880 @ http://localhost:8770/index.js:451
[ 1470380ms] [LOG] MON 1 playing=false pos=0.000 stream_playing=false peak_db=-200.0 mix_rate=48000 latency=0.0880 @ http://localhost:8770/index.js:451
[ 1470632ms] [LOG] MON 1 playing=false pos=0.000 stream_playing=false peak_db=-200.0 mix_rate=48000 latency=0.0880 @ http://localhost:8770/index.js:451
[ 1470883ms] [LOG] MON 1 playing=false pos=0.000 stream_playing=false peak_db=-200.0 mix_rate=48000 latency=0.0880 @ http://localhost:8770/index.js:451
[ 1471132ms] [LOG] MON 1 playing=false pos=0.000 stream_playing=false peak_db=-200.0 mix_rate=48000 latency=0.0880 @ http://localhost:8770/index.js:451
[ 1471383ms] [LOG] MON 1 playing=false pos=0.000 stream_playing=false peak_db=-200.0 mix_rate=48000 latency=0.0880 @ http://localhost:8770/index.js:451
[ 1471633ms] [LOG] MON 1 playing=false pos=0.000 stream_playing=false peak_db=-200.0 mix_rate=48000 latency=0.0880 @ http://localhost:8770/index.js:451
[ 1471881ms] [LOG] MON 1 playing=false pos=0.000 stream_playing=false peak_db=-200.0 mix_rate=48000 latency=0.0880 @ http://localhost:8770/index.js:451
[ 1472132ms] [LOG] MON 1 playing=false pos=0.000 stream_playing=false peak_db=-200.0 mix_rate=48000 latency=0.0880 @ http://localhost:8770/index.js:451
[ 1472380ms] [LOG] MON 1 playing=false pos=0.000 stream_playing=false peak_db=-200.0 mix_rate=48000 latency=0.0880 @ http://localhost:8770/index.js:451
[ 1472631ms] [LOG] MON 1 playing=false pos=0.000 stream_playing=false peak_db=-200.0 mix_rate=48000 latency=0.0880 @ http://localhost:8770/index.js:451
[ 1472882ms] [LOG] MON 1 playing=false pos=0.000 stream_playing=false peak_db=-200.0 mix_rate=48000 latency=0.0880 @ http://localhost:8770/index.js:451
[ 1473132ms] [LOG] MON 1 playing=false pos=0.000 stream_playing=false peak_db=-200.0 mix_rate=48000 latency=0.0880 @ http://localhost:8770/index.js:451
[ 1473382ms] [LOG] MON 1 playing=false pos=0.000 stream_playing=false peak_db=-200.0 mix_rate=48000 latency=0.0880 @ http://localhost:8770/index.js:451
[ 1473633ms] [LOG] MON 1 playing=false pos=0.000 stream_playing=false peak_db=-200.0 mix_rate=48000 latency=0.0880 @ http://localhost:8770/index.js:451
[ 1473883ms] [LOG] MON 1 playing=false pos=0.000 stream_playing=false peak_db=-200.0 mix_rate=48000 latency=0.0880 @ http://localhost:8770/index.js:451
[ 1474132ms] [LOG] MON 1 playing=false pos=0.000 stream_playing=false peak_db=-200.0 mix_rate=48000 latency=0.0880 @ http://localhost:8770/index.js:451
[ 1474381ms] [LOG] MON 1 playing=false pos=0.000 stream_playing=false peak_db=-200.0 mix_rate=48000 latency=0.0880 @ http://localhost:8770/index.js:451
[ 1474633ms] [LOG] MON 1 playing=false pos=0.000 stream_playing=false peak_db=-200.0 mix_rate=48000 latency=0.0880 @ http://localhost:8770/index.js:451
[ 1474882ms] [LOG] MON 1 playing=false pos=0.000 stream_playing=false peak_db=-200.0 mix_rate=48000 latency=0.0880 @ http://localhost:8770/index.js:451
[ 1475133ms] [LOG] MON 1 playing=false pos=0.000 stream_playing=false peak_db=-200.0 mix_rate=48000 latency=0.0880 @ http://localhost:8770/index.js:451
[ 1475386ms] [LOG] MON 1 playing=false pos=0.000 stream_playing=false peak_db=-200.0 mix_rate=48000 latency=0.0880 @ http://localhost:8770/index.js:451
[ 1475632ms] [LOG] MON 1 playing=false pos=0.000 stream_playing=false peak_db=-200.0 mix_rate=48000 latency=0.0880 @ http://localhost:8770/index.js:451
[ 1475882ms] [LOG] MON 1 playing=false pos=0.000 stream_playing=false peak_db=-200.0 mix_rate=48000 latency=0.0880 @ http://localhost:8770/index.js:451
[ 1476131ms] [LOG] MON 1 playing=false pos=0.000 stream_playing=false peak_db=-200.0 mix_rate=48000 latency=0.0880 @ http://localhost:8770/index.js:451
[ 1476381ms] [LOG] MON 1 playing=false pos=0.000 stream_playing=false peak_db=-200.0 mix_rate=48000 latency=0.0880 @ http://localhost:8770/index.js:451
[ 1476632ms] [LOG] MON 1 playing=false pos=0.000 stream_playing=false peak_db=-200.0 mix_rate=48000 latency=0.0880 @ http://localhost:8770/index.js:451
[ 1476882ms] [LOG] MON 1 playing=false pos=0.000 stream_playing=false peak_db=-200.0 mix_rate=48000 latency=0.0880 @ http://localhost:8770/index.js:451
[ 1477132ms] [LOG] MON 1 playing=false pos=0.000 stream_playing=false peak_db=-200.0 mix_rate=48000 latency=0.0880 @ http://localhost:8770/index.js:451
[ 1477384ms] [LOG] MON 1 playing=false pos=0.000 stream_playing=false peak_db=-200.0 mix_rate=48000 latency=0.0880 @ http://localhost:8770/index.js:451
[ 1477667ms] [LOG] MON 1 playing=false pos=0.000 stream_playing=false peak_db=-200.0 mix_rate=48000 latency=0.0880 @ http://localhost:8770/index.js:451
[ 1477915ms] [LOG] MON 1 playing=false pos=0.000 stream_playing=false peak_db=-200.0 mix_rate=48000 latency=0.0880 @ http://localhost:8770/index.js:451
[ 1478165ms] [LOG] MON 1 playing=false pos=0.000 stream_playing=false peak_db=-200.0 mix_rate=48000 latency=0.0880 @ http://localhost:8770/index.js:451
[ 1478414ms] [LOG] MON 1 playing=false pos=0.000 stream_playing=false peak_db=-200.0 mix_rate=48000 latency=0.0880 @ http://localhost:8770/index.js:451
[ 1478665ms] [LOG] MON 1 playing=false pos=0.000 stream_playing=false peak_db=-200.0 mix_rate=48000 latency=0.0880 @ http://localhost:8770/index.js:451
[ 1478915ms] [LOG] MON 1 playing=false pos=0.000 stream_playing=false peak_db=-200.0 mix_rate=48000 latency=0.0880 @ http://localhost:8770/index.js:451
[ 1479164ms] [LOG] MON 1 playing=false pos=0.000 stream_playing=false peak_db=-200.0 mix_rate=48000 latency=0.0880 @ http://localhost:8770/index.js:451
[ 1479416ms] [LOG] MON 1 playing=false pos=0.000 stream_playing=false peak_db=-200.0 mix_rate=48000 latency=0.0880 @ http://localhost:8770/index.js:451
[ 1479667ms] [LOG] MON 1 playing=false pos=0.000 stream_playing=false peak_db=-200.0 mix_rate=48000 latency=0.0880 @ http://localhost:8770/index.js:451
[ 1479915ms] [LOG] MON 1 playing=false pos=0.000 stream_playing=false peak_db=-200.0 mix_rate=48000 latency=0.0880 @ http://localhost:8770/index.js:451
[ 1480164ms] [LOG] MON 1 playing=false pos=0.000 stream_playing=false peak_db=-200.0 mix_rate=48000 latency=0.0880 @ http://localhost:8770/index.js:451
[ 1480418ms] [LOG] MON 1 playing=false pos=0.000 stream_playing=false peak_db=-200.0 mix_rate=48000 latency=0.0880 @ http://localhost:8770/index.js:451
[ 1480666ms] [LOG] MON 1 playing=false pos=0.000 stream_playing=false peak_db=-200.0 mix_rate=48000 latency=0.0880 @ http://localhost:8770/index.js:451
[ 1480916ms] [LOG] MON 1 playing=false pos=0.000 stream_playing=false peak_db=-200.0 mix_rate=48000 latency=0.0880 @ http://localhost:8770/index.js:451
[ 1481165ms] [LOG] MON 1 playing=false pos=0.000 stream_playing=false peak_db=-200.0 mix_rate=48000 latency=0.0880 @ http://localhost:8770/index.js:451
[ 1481415ms] [LOG] MON 1 playing=false pos=0.000 stream_playing=false peak_db=-200.0 mix_rate=48000 latency=0.0880 @ http://localhost:8770/index.js:451
[ 1481666ms] [LOG] MON 1 playing=false pos=0.000 stream_playing=false peak_db=-200.0 mix_rate=48000 latency=0.0880 @ http://localhost:8770/index.js:451
[ 1481915ms] [LOG] MON 1 playing=false pos=0.000 stream_playing=false peak_db=-200.0 mix_rate=48000 latency=0.0880 @ http://localhost:8770/index.js:451
[ 1482165ms] [LOG] MON 1 playing=false pos=0.000 stream_playing=false peak_db=-200.0 mix_rate=48000 latency=0.0880 @ http://localhost:8770/index.js:451
[ 1482415ms] [LOG] MON 1 playing=false pos=0.000 stream_playing=false peak_db=-200.0 mix_rate=48000 latency=0.0880 @ http://localhost:8770/index.js:451
[ 1482666ms] [LOG] MON 1 playing=false pos=0.000 stream_playing=false peak_db=-200.0 mix_rate=48000 latency=0.0880 @ http://localhost:8770/index.js:451
[ 1482915ms] [LOG] MON 1 playing=false pos=0.000 stream_playing=false peak_db=-200.0 mix_rate=48000 latency=0.0880 @ http://localhost:8770/index.js:451
[ 1483165ms] [LOG] MON 1 playing=false pos=0.000 stream_playing=false peak_db=-200.0 mix_rate=48000 latency=0.0880 @ http://localhost:8770/index.js:451
[ 1483416ms] [LOG] MON 1 playing=false pos=0.000 stream_playing=false peak_db=-200.0 mix_rate=48000 latency=0.0880 @ http://localhost:8770/index.js:451
[ 1483665ms] [LOG] MON 1 playing=false pos=0.000 stream_playing=false peak_db=-200.0 mix_rate=48000 latency=0.0880 @ http://localhost:8770/index.js:451
[ 1483914ms] [LOG] MON 1 playing=false pos=0.000 stream_playing=false peak_db=-200.0 mix_rate=48000 latency=0.0880 @ http://localhost:8770/index.js:451
[ 1484164ms] [LOG] MON 1 playing=false pos=0.000 stream_playing=false peak_db=-200.0 mix_rate=48000 latency=0.0880 @ http://localhost:8770/index.js:451
[ 1484414ms] [LOG] MON 1 playing=false pos=0.000 stream_playing=false peak_db=-200.0 mix_rate=48000 latency=0.0880 @ http://localhost:8770/index.js:451
[ 1484665ms] [LOG] MON 1 playing=false pos=0.000 stream_playing=false peak_db=-200.0 mix_rate=48000 latency=0.0880 @ http://localhost:8770/index.js:451
[ 1484922ms] [LOG] MON 1 playing=false pos=0.000 stream_playing=false peak_db=-200.0 mix_rate=48000 latency=0.0880 @ http://localhost:8770/index.js:451
[ 1485150ms] [LOG] MON 1 playing=false pos=0.000 stream_playing=false peak_db=-200.0 mix_rate=48000 latency=0.0880 @ http://localhost:8770/index.js:451
[ 1485398ms] [LOG] MON 1 playing=false pos=0.000 stream_playing=false peak_db=-200.0 mix_rate=48000 latency=0.0880 @ http://localhost:8770/index.js:451
[ 1485648ms] [LOG] MON 1 playing=false pos=0.000 stream_playing=false peak_db=-200.0 mix_rate=48000 latency=0.0880 @ http://localhost:8770/index.js:451
[ 1485897ms] [LOG] MON 1 playing=false pos=0.000 stream_playing=false peak_db=-200.0 mix_rate=48000 latency=0.0880 @ http://localhost:8770/index.js:451
[ 1486148ms] [LOG] MON 1 playing=false pos=0.000 stream_playing=false peak_db=-200.0 mix_rate=48000 latency=0.0880 @ http://localhost:8770/index.js:451
[ 1486399ms] [LOG] MON 1 playing=false pos=0.000 stream_playing=false peak_db=-200.0 mix_rate=48000 latency=0.0880 @ http://localhost:8770/index.js:451
[ 1486648ms] [LOG] MON 1 playing=false pos=0.000 stream_playing=false peak_db=-200.0 mix_rate=48000 latency=0.0880 @ http://localhost:8770/index.js:451
[ 1486900ms] [LOG] MON 1 playing=false pos=0.000 stream_playing=false peak_db=-200.0 mix_rate=48000 latency=0.0880 @ http://localhost:8770/index.js:451
[ 1487150ms] [LOG] MON 1 playing=false pos=0.000 stream_playing=false peak_db=-200.0 mix_rate=48000 latency=0.0880 @ http://localhost:8770/index.js:451
[ 1487398ms] [LOG] MON 1 playing=false pos=0.000 stream_playing=false peak_db=-200.0 mix_rate=48000 latency=0.0880 @ http://localhost:8770/index.js:451
[ 1487648ms] [LOG] MON 1 playing=false pos=0.000 stream_playing=false peak_db=-200.0 mix_rate=48000 latency=0.0880 @ http://localhost:8770/index.js:451
[ 1487898ms] [LOG] MON 1 playing=false pos=0.000 stream_playing=false peak_db=-200.0 mix_rate=48000 latency=0.0880 @ http://localhost:8770/index.js:451
[ 1488149ms] [LOG] MON 1 playing=false pos=0.000 stream_playing=false peak_db=-200.0 mix_rate=48000 latency=0.0880 @ http://localhost:8770/index.js:451
[ 1488399ms] [LOG] MON 1 playing=false pos=0.000 stream_playing=false peak_db=-200.0 mix_rate=48000 latency=0.0880 @ http://localhost:8770/index.js:451
[ 1488648ms] [LOG] MON 1 playing=false pos=0.000 stream_playing=false peak_db=-200.0 mix_rate=48000 latency=0.0880 @ http://localhost:8770/index.js:451
[ 1488900ms] [LOG] MON 1 playing=false pos=0.000 stream_playing=false peak_db=-200.0 mix_rate=48000 latency=0.0880 @ http://localhost:8770/index.js:451
[ 1489150ms] [LOG] MON 1 playing=false pos=0.000 stream_playing=false peak_db=-200.0 mix_rate=48000 latency=0.0880 @ http://localhost:8770/index.js:451
[ 1489398ms] [LOG] MON 1 playing=false pos=0.000 stream_playing=false peak_db=-200.0 mix_rate=48000 latency=0.0880 @ http://localhost:8770/index.js:451
[ 1489648ms] [LOG] MON 1 playing=false pos=0.000 stream_playing=false peak_db=-200.0 mix_rate=48000 latency=0.0880 @ http://localhost:8770/index.js:451
[ 1489899ms] [LOG] MON 1 playing=false pos=0.000 stream_playing=false peak_db=-200.0 mix_rate=48000 latency=0.0880 @ http://localhost:8770/index.js:451
[ 1490147ms] [LOG] MON 1 playing=false pos=0.000 stream_playing=false peak_db=-200.0 mix_rate=48000 latency=0.0880 @ http://localhost:8770/index.js:451
[ 1490398ms] [LOG] MON 1 playing=false pos=0.000 stream_playing=false peak_db=-200.0 mix_rate=48000 latency=0.0880 @ http://localhost:8770/index.js:451
[ 1490650ms] [LOG] MON 1 playing=false pos=0.000 stream_playing=false peak_db=-200.0 mix_rate=48000 latency=0.0880 @ http://localhost:8770/index.js:451
[ 1490901ms] [LOG] MON 1 playing=false pos=0.000 stream_playing=false peak_db=-200.0 mix_rate=48000 latency=0.0880 @ http://localhost:8770/index.js:451
[ 1491149ms] [LOG] MON 1 playing=false pos=0.000 stream_playing=false peak_db=-200.0 mix_rate=48000 latency=0.0880 @ http://localhost:8770/index.js:451
[ 1491397ms] [LOG] MON 1 playing=false pos=0.000 stream_playing=false peak_db=-200.0 mix_rate=48000 latency=0.0880 @ http://localhost:8770/index.js:451
[ 1491647ms] [LOG] MON 1 playing=false pos=0.000 stream_playing=false peak_db=-200.0 mix_rate=48000 latency=0.0880 @ http://localhost:8770/index.js:451
[ 1491899ms] [LOG] MON 1 playing=false pos=0.000 stream_playing=false peak_db=-200.0 mix_rate=48000 latency=0.0880 @ http://localhost:8770/index.js:451
[ 1492149ms] [LOG] MON 1 playing=false pos=0.000 stream_playing=false peak_db=-200.0 mix_rate=48000 latency=0.0880 @ http://localhost:8770/index.js:451
[ 1492399ms] [LOG] MON 1 playing=false pos=0.000 stream_playing=false peak_db=-200.0 mix_rate=48000 latency=0.0880 @ http://localhost:8770/index.js:451
[ 1492649ms] [LOG] MON 1 playing=false pos=0.000 stream_playing=false peak_db=-200.0 mix_rate=48000 latency=0.0880 @ http://localhost:8770/index.js:451
[ 1492898ms] [LOG] MON 1 playing=false pos=0.000 stream_playing=false peak_db=-200.0 mix_rate=48000 latency=0.0880 @ http://localhost:8770/index.js:451
[ 1493148ms] [LOG] MON 1 playing=false pos=0.000 stream_playing=false peak_db=-200.0 mix_rate=48000 latency=0.0880 @ http://localhost:8770/index.js:451
[ 1493398ms] [LOG] MON 1 playing=false pos=0.000 stream_playing=false peak_db=-200.0 mix_rate=48000 latency=0.0880 @ http://localhost:8770/index.js:451
[ 1493649ms] [LOG] MON 1 playing=false pos=0.000 stream_playing=false peak_db=-200.0 mix_rate=48000 latency=0.0880 @ http://localhost:8770/index.js:451
[ 1493899ms] [LOG] MON 1 playing=false pos=0.000 stream_playing=false peak_db=-200.0 mix_rate=48000 latency=0.0880 @ http://localhost:8770/index.js:451
[ 1494147ms] [LOG] MON 1 playing=false pos=0.000 stream_playing=false peak_db=-200.0 mix_rate=48000 latency=0.0880 @ http://localhost:8770/index.js:451
[ 1494398ms] [LOG] MON 1 playing=false pos=0.000 stream_playing=false peak_db=-200.0 mix_rate=48000 latency=0.0880 @ http://localhost:8770/index.js:451
[ 1494649ms] [LOG] MON 1 playing=false pos=0.000 stream_playing=false peak_db=-200.0 mix_rate=48000 latency=0.0880 @ http://localhost:8770/index.js:451
[ 1494899ms] [LOG] MON 1 playing=false pos=0.000 stream_playing=false peak_db=-200.0 mix_rate=48000 latency=0.0880 @ http://localhost:8770/index.js:451
[ 1495147ms] [LOG] MON 1 playing=false pos=0.000 stream_playing=false peak_db=-200.0 mix_rate=48000 latency=0.0880 @ http://localhost:8770/index.js:451
[ 1495399ms] [LOG] MON 1 playing=false pos=0.000 stream_playing=false peak_db=-200.0 mix_rate=48000 latency=0.0880 @ http://localhost:8770/index.js:451
[ 1495650ms] [LOG] MON 1 playing=false pos=0.000 stream_playing=false peak_db=-200.0 mix_rate=48000 latency=0.0880 @ http://localhost:8770/index.js:451
[ 1495899ms] [LOG] MON 1 playing=false pos=0.000 stream_playing=false peak_db=-200.0 mix_rate=48000 latency=0.0880 @ http://localhost:8770/index.js:451
[ 1496148ms] [LOG] MON 1 playing=false pos=0.000 stream_playing=false peak_db=-200.0 mix_rate=48000 latency=0.0880 @ http://localhost:8770/index.js:451
[ 1496398ms] [LOG] MON 1 playing=false pos=0.000 stream_playing=false peak_db=-200.0 mix_rate=48000 latency=0.0880 @ http://localhost:8770/index.js:451
[ 1496647ms] [LOG] MON 1 playing=false pos=0.000 stream_playing=false peak_db=-200.0 mix_rate=48000 latency=0.0880 @ http://localhost:8770/index.js:451
[ 1496897ms] [LOG] MON 1 playing=false pos=0.000 stream_playing=false peak_db=-200.0 mix_rate=48000 latency=0.0880 @ http://localhost:8770/index.js:451
[ 1497147ms] [LOG] MON 1 playing=false pos=0.000 stream_playing=false peak_db=-200.0 mix_rate=48000 latency=0.0880 @ http://localhost:8770/index.js:451
[ 1497397ms] [LOG] MON 1 playing=false pos=0.000 stream_playing=false peak_db=-200.0 mix_rate=48000 latency=0.0880 @ http://localhost:8770/index.js:451
[ 1497648ms] [LOG] MON 1 playing=false pos=0.000 stream_playing=false peak_db=-200.0 mix_rate=48000 latency=0.0880 @ http://localhost:8770/index.js:451
[ 1497903ms] [LOG] MON 1 playing=false pos=0.000 stream_playing=false peak_db=-200.0 mix_rate=48000 latency=0.0880 @ http://localhost:8770/index.js:451
[ 1498148ms] [LOG] MON 1 playing=false pos=0.000 stream_playing=false peak_db=-200.0 mix_rate=48000 latency=0.0880 @ http://localhost:8770/index.js:451
[ 1498396ms] [LOG] MON 1 playing=false pos=0.000 stream_playing=false peak_db=-200.0 mix_rate=48000 latency=0.0880 @ http://localhost:8770/index.js:451
[ 1498649ms] [LOG] MON 1 playing=false pos=0.000 stream_playing=false peak_db=-200.0 mix_rate=48000 latency=0.0880 @ http://localhost:8770/index.js:451
[ 1498899ms] [LOG] MON 1 playing=false pos=0.000 stream_playing=false peak_db=-200.0 mix_rate=48000 latency=0.0880 @ http://localhost:8770/index.js:451
[ 1499147ms] [LOG] MON 1 playing=false pos=0.000 stream_playing=false peak_db=-200.0 mix_rate=48000 latency=0.0880 @ http://localhost:8770/index.js:451
[ 1499398ms] [LOG] MON 1 playing=false pos=0.000 stream_playing=false peak_db=-200.0 mix_rate=48000 latency=0.0880 @ http://localhost:8770/index.js:451
[ 1499650ms] [LOG] MON 1 playing=false pos=0.000 stream_playing=false peak_db=-200.0 mix_rate=48000 latency=0.0880 @ http://localhost:8770/index.js:451
[ 1499897ms] [LOG] MON 1 playing=false pos=0.000 stream_playing=false peak_db=-200.0 mix_rate=48000 latency=0.0880 @ http://localhost:8770/index.js:451
[ 1500151ms] [LOG] MON 1 playing=false pos=0.000 stream_playing=false peak_db=-200.0 mix_rate=48000 latency=0.0880 @ http://localhost:8770/index.js:451
[ 1500400ms] [LOG] MON 1 playing=false pos=0.000 stream_playing=false peak_db=-200.0 mix_rate=48000 latency=0.0880 @ http://localhost:8770/index.js:451
[ 1500646ms] [LOG] MON 1 playing=false pos=0.000 stream_playing=false peak_db=-200.0 mix_rate=48000 latency=0.0880 @ http://localhost:8770/index.js:451
[ 1500898ms] [LOG] MON 1 playing=false pos=0.000 stream_playing=false peak_db=-200.0 mix_rate=48000 latency=0.0880 @ http://localhost:8770/index.js:451
[ 1501149ms] [LOG] MON 1 playing=false pos=0.000 stream_playing=false peak_db=-200.0 mix_rate=48000 latency=0.0880 @ http://localhost:8770/index.js:451
[ 1501398ms] [LOG] MON 1 playing=false pos=0.000 stream_playing=false peak_db=-200.0 mix_rate=48000 latency=0.0880 @ http://localhost:8770/index.js:451
[ 1501647ms] [LOG] MON 1 playing=false pos=0.000 stream_playing=false peak_db=-200.0 mix_rate=48000 latency=0.0880 @ http://localhost:8770/index.js:451
[ 1501899ms] [LOG] MON 1 playing=false pos=0.000 stream_playing=false peak_db=-200.0 mix_rate=48000 latency=0.0880 @ http://localhost:8770/index.js:451
[ 1502147ms] [LOG] MON 1 playing=false pos=0.000 stream_playing=false peak_db=-200.0 mix_rate=48000 latency=0.0880 @ http://localhost:8770/index.js:451
[ 1502399ms] [LOG] MON 1 playing=false pos=0.000 stream_playing=false peak_db=-200.0 mix_rate=48000 latency=0.0880 @ http://localhost:8770/index.js:451
[ 1502650ms] [LOG] MON 1 playing=false pos=0.000 stream_playing=false peak_db=-200.0 mix_rate=48000 latency=0.0880 @ http://localhost:8770/index.js:451
[ 1502900ms] [LOG] MON 1 playing=false pos=0.000 stream_playing=false peak_db=-200.0 mix_rate=48000 latency=0.0880 @ http://localhost:8770/index.js:451
[ 1503148ms] [LOG] MON 1 playing=false pos=0.000 stream_playing=false peak_db=-200.0 mix_rate=48000 latency=0.0880 @ http://localhost:8770/index.js:451
[ 1503398ms] [LOG] MON 1 playing=false pos=0.000 stream_playing=false peak_db=-200.0 mix_rate=48000 latency=0.0880 @ http://localhost:8770/index.js:451
[ 1503647ms] [LOG] MON 1 playing=false pos=0.000 stream_playing=false peak_db=-200.0 mix_rate=48000 latency=0.0880 @ http://localhost:8770/index.js:451
[ 1503898ms] [LOG] MON 1 playing=false pos=0.000 stream_playing=false peak_db=-200.0 mix_rate=48000 latency=0.0880 @ http://localhost:8770/index.js:451
[ 1504147ms] [LOG] MON 1 playing=false pos=0.000 stream_playing=false peak_db=-200.0 mix_rate=48000 latency=0.0880 @ http://localhost:8770/index.js:451
[ 1504399ms] [LOG] MON 1 playing=false pos=0.000 stream_playing=false peak_db=-200.0 mix_rate=48000 latency=0.0880 @ http://localhost:8770/index.js:451
[ 1504649ms] [LOG] MON 1 playing=false pos=0.000 stream_playing=false peak_db=-200.0 mix_rate=48000 latency=0.0880 @ http://localhost:8770/index.js:451
[ 1504897ms] [LOG] MON 1 playing=false pos=0.000 stream_playing=false peak_db=-200.0 mix_rate=48000 latency=0.0880 @ http://localhost:8770/index.js:451
[ 1505147ms] [LOG] MON 1 playing=false pos=0.000 stream_playing=false peak_db=-200.0 mix_rate=48000 latency=0.0880 @ http://localhost:8770/index.js:451
[ 1505399ms] [LOG] MON 1 playing=false pos=0.000 stream_playing=false peak_db=-200.0 mix_rate=48000 latency=0.0880 @ http://localhost:8770/index.js:451
[ 1505648ms] [LOG] MON 1 playing=false pos=0.000 stream_playing=false peak_db=-200.0 mix_rate=48000 latency=0.0880 @ http://localhost:8770/index.js:451
[ 1505898ms] [LOG] MON 1 playing=false pos=0.000 stream_playing=false peak_db=-200.0 mix_rate=48000 latency=0.0880 @ http://localhost:8770/index.js:451
[ 1506149ms] [LOG] MON 1 playing=false pos=0.000 stream_playing=false peak_db=-200.0 mix_rate=48000 latency=0.0880 @ http://localhost:8770/index.js:451
[ 1506399ms] [LOG] MON 1 playing=false pos=0.000 stream_playing=false peak_db=-200.0 mix_rate=48000 latency=0.0880 @ http://localhost:8770/index.js:451
[ 1506646ms] [LOG] MON 1 playing=false pos=0.000 stream_playing=false peak_db=-200.0 mix_rate=48000 latency=0.0880 @ http://localhost:8770/index.js:451
[ 1506898ms] [LOG] MON 1 playing=false pos=0.000 stream_playing=false peak_db=-200.0 mix_rate=48000 latency=0.0880 @ http://localhost:8770/index.js:451
[ 1507148ms] [LOG] MON 1 playing=false pos=0.000 stream_playing=false peak_db=-200.0 mix_rate=48000 latency=0.0880 @ http://localhost:8770/index.js:451
[ 1507399ms] [LOG] MON 1 playing=false pos=0.000 stream_playing=false peak_db=-200.0 mix_rate=48000 latency=0.0880 @ http://localhost:8770/index.js:451
[ 1507647ms] [LOG] MON 1 playing=false pos=0.000 stream_playing=false peak_db=-200.0 mix_rate=48000 latency=0.0880 @ http://localhost:8770/index.js:451
[ 1507897ms] [LOG] MON 1 playing=false pos=0.000 stream_playing=false peak_db=-200.0 mix_rate=48000 latency=0.0880 @ http://localhost:8770/index.js:451
[ 1508148ms] [LOG] MON 1 playing=false pos=0.000 stream_playing=false peak_db=-200.0 mix_rate=48000 latency=0.0880 @ http://localhost:8770/index.js:451
[ 1508396ms] [LOG] MON 1 playing=false pos=0.000 stream_playing=false peak_db=-200.0 mix_rate=48000 latency=0.0880 @ http://localhost:8770/index.js:451
[ 1508647ms] [LOG] MON 1 playing=false pos=0.000 stream_playing=false peak_db=-200.0 mix_rate=48000 latency=0.0880 @ http://localhost:8770/index.js:451
[ 1508899ms] [LOG] MON 1 playing=false pos=0.000 stream_playing=false peak_db=-200.0 mix_rate=48000 latency=0.0880 @ http://localhost:8770/index.js:451
[ 1509148ms] [LOG] MON 1 playing=false pos=0.000 stream_playing=false peak_db=-200.0 mix_rate=48000 latency=0.0880 @ http://localhost:8770/index.js:451
[ 1509398ms] [LOG] MON 1 playing=false pos=0.000 stream_playing=false peak_db=-200.0 mix_rate=48000 latency=0.0880 @ http://localhost:8770/index.js:451
[ 1509647ms] [LOG] MON 1 playing=false pos=0.000 stream_playing=false peak_db=-200.0 mix_rate=48000 latency=0.0880 @ http://localhost:8770/index.js:451
[ 1509898ms] [LOG] MON 1 playing=false pos=0.000 stream_playing=false peak_db=-200.0 mix_rate=48000 latency=0.0880 @ http://localhost:8770/index.js:451
[ 1510148ms] [LOG] MON 1 playing=false pos=0.000 stream_playing=false peak_db=-200.0 mix_rate=48000 latency=0.0880 @ http://localhost:8770/index.js:451
[ 1510400ms] [LOG] MON 1 playing=false pos=0.000 stream_playing=false peak_db=-200.0 mix_rate=48000 latency=0.0880 @ http://localhost:8770/index.js:451
[ 1510649ms] [LOG] MON 1 playing=false pos=0.000 stream_playing=false peak_db=-200.0 mix_rate=48000 latency=0.0880 @ http://localhost:8770/index.js:451
[ 1510897ms] [LOG] MON 1 playing=false pos=0.000 stream_playing=false peak_db=-200.0 mix_rate=48000 latency=0.0880 @ http://localhost:8770/index.js:451
[ 1511148ms] [LOG] MON 1 playing=false pos=0.000 stream_playing=false peak_db=-200.0 mix_rate=48000 latency=0.0880 @ http://localhost:8770/index.js:451
[ 1511400ms] [LOG] MON 1 playing=false pos=0.000 stream_playing=false peak_db=-200.0 mix_rate=48000 latency=0.0880 @ http://localhost:8770/index.js:451
[ 1511649ms] [LOG] MON 1 playing=false pos=0.000 stream_playing=false peak_db=-200.0 mix_rate=48000 latency=0.0880 @ http://localhost:8770/index.js:451
[ 1511899ms] [LOG] MON 1 playing=false pos=0.000 stream_playing=false peak_db=-200.0 mix_rate=48000 latency=0.0880 @ http://localhost:8770/index.js:451
[ 1512148ms] [LOG] MON 1 playing=false pos=0.000 stream_playing=false peak_db=-200.0 mix_rate=48000 latency=0.0880 @ http://localhost:8770/index.js:451
[ 1512398ms] [LOG] MON 1 playing=false pos=0.000 stream_playing=false peak_db=-200.0 mix_rate=48000 latency=0.0880 @ http://localhost:8770/index.js:451
[ 1512649ms] [LOG] MON 1 playing=false pos=0.000 stream_playing=false peak_db=-200.0 mix_rate=48000 latency=0.0880 @ http://localhost:8770/index.js:451
[ 1512898ms] [LOG] MON 1 playing=false pos=0.000 stream_playing=false peak_db=-200.0 mix_rate=48000 latency=0.0880 @ http://localhost:8770/index.js:451
[ 1513148ms] [LOG] MON 1 playing=false pos=0.000 stream_playing=false peak_db=-200.0 mix_rate=48000 latency=0.0880 @ http://localhost:8770/index.js:451
[ 1513399ms] [LOG] MON 1 playing=false pos=0.000 stream_playing=false peak_db=-200.0 mix_rate=48000 latency=0.0880 @ http://localhost:8770/index.js:451
[ 1513648ms] [LOG] MON 1 playing=false pos=0.000 stream_playing=false peak_db=-200.0 mix_rate=48000 latency=0.0880 @ http://localhost:8770/index.js:451
[ 1513899ms] [LOG] MON 1 playing=false pos=0.000 stream_playing=false peak_db=-200.0 mix_rate=48000 latency=0.0880 @ http://localhost:8770/index.js:451
[ 1514150ms] [LOG] MON 1 playing=false pos=0.000 stream_playing=false peak_db=-200.0 mix_rate=48000 latency=0.0880 @ http://localhost:8770/index.js:451
[ 1514397ms] [LOG] MON 1 playing=false pos=0.000 stream_playing=false peak_db=-200.0 mix_rate=48000 latency=0.0880 @ http://localhost:8770/index.js:451
[ 1514647ms] [LOG] MON 1 playing=false pos=0.000 stream_playing=false peak_db=-200.0 mix_rate=48000 latency=0.0880 @ http://localhost:8770/index.js:451
[ 1514899ms] [LOG] MON 1 playing=false pos=0.000 stream_playing=false peak_db=-200.0 mix_rate=48000 latency=0.0880 @ http://localhost:8770/index.js:451
[ 1515148ms] [LOG] MON 1 playing=false pos=0.000 stream_playing=false peak_db=-200.0 mix_rate=48000 latency=0.0880 @ http://localhost:8770/index.js:451
[ 1515399ms] [LOG] MON 1 playing=false pos=0.000 stream_playing=false peak_db=-200.0 mix_rate=48000 latency=0.0880 @ http://localhost:8770/index.js:451
[ 1515647ms] [LOG] MON 1 playing=false pos=0.000 stream_playing=false peak_db=-200.0 mix_rate=48000 latency=0.0880 @ http://localhost:8770/index.js:451
[ 1515898ms] [LOG] MON 1 playing=false pos=0.000 stream_playing=false peak_db=-200.0 mix_rate=48000 latency=0.0880 @ http://localhost:8770/index.js:451
[ 1516149ms] [LOG] MON 1 playing=false pos=0.000 stream_playing=false peak_db=-200.0 mix_rate=48000 latency=0.0880 @ http://localhost:8770/index.js:451
[ 1516398ms] [LOG] MON 1 playing=false pos=0.000 stream_playing=false peak_db=-200.0 mix_rate=48000 latency=0.0880 @ http://localhost:8770/index.js:451
[ 1516648ms] [LOG] MON 1 playing=false pos=0.000 stream_playing=false peak_db=-200.0 mix_rate=48000 latency=0.0880 @ http://localhost:8770/index.js:451
[ 1516899ms] [LOG] MON 1 playing=false pos=0.000 stream_playing=false peak_db=-200.0 mix_rate=48000 latency=0.0880 @ http://localhost:8770/index.js:451
[ 1517147ms] [LOG] MON 1 playing=false pos=0.000 stream_playing=false peak_db=-200.0 mix_rate=48000 latency=0.0880 @ http://localhost:8770/index.js:451
[ 1517397ms] [LOG] MON 1 playing=false pos=0.000 stream_playing=false peak_db=-200.0 mix_rate=48000 latency=0.0880 @ http://localhost:8770/index.js:451
[ 1517647ms] [LOG] MON 1 playing=false pos=0.000 stream_playing=false peak_db=-200.0 mix_rate=48000 latency=0.0880 @ http://localhost:8770/index.js:451
[ 1517898ms] [LOG] MON 1 playing=false pos=0.000 stream_playing=false peak_db=-200.0 mix_rate=48000 latency=0.0880 @ http://localhost:8770/index.js:451
[ 1518149ms] [LOG] MON 1 playing=false pos=0.000 stream_playing=false peak_db=-200.0 mix_rate=48000 latency=0.0880 @ http://localhost:8770/index.js:451
[ 1518399ms] [LOG] MON 1 playing=false pos=0.000 stream_playing=false peak_db=-200.0 mix_rate=48000 latency=0.0880 @ http://localhost:8770/index.js:451
[ 1518650ms] [LOG] MON 1 playing=false pos=0.000 stream_playing=false peak_db=-200.0 mix_rate=48000 latency=0.0880 @ http://localhost:8770/index.js:451
[ 1518898ms] [LOG] MON 1 playing=false pos=0.000 stream_playing=false peak_db=-200.0 mix_rate=48000 latency=0.0880 @ http://localhost:8770/index.js:451
[ 1519149ms] [LOG] MON 1 playing=false pos=0.000 stream_playing=false peak_db=-200.0 mix_rate=48000 latency=0.0880 @ http://localhost:8770/index.js:451
[ 1519397ms] [LOG] MON 1 playing=false pos=0.000 stream_playing=false peak_db=-200.0 mix_rate=48000 latency=0.0880 @ http://localhost:8770/index.js:451
[ 1519647ms] [LOG] MON 1 playing=false pos=0.000 stream_playing=false peak_db=-200.0 mix_rate=48000 latency=0.0880 @ http://localhost:8770/index.js:451
[ 1519898ms] [LOG] MON 1 playing=false pos=0.000 stream_playing=false peak_db=-200.0 mix_rate=48000 latency=0.0880 @ http://localhost:8770/index.js:451
[ 1520149ms] [LOG] MON 1 playing=false pos=0.000 stream_playing=false peak_db=-200.0 mix_rate=48000 latency=0.0880 @ http://localhost:8770/index.js:451
[ 1520401ms] [LOG] MON 1 playing=false pos=0.000 stream_playing=false peak_db=-200.0 mix_rate=48000 latency=0.0880 @ http://localhost:8770/index.js:451
[ 1520649ms] [LOG] MON 1 playing=false pos=0.000 stream_playing=false peak_db=-200.0 mix_rate=48000 latency=0.0880 @ http://localhost:8770/index.js:451
[ 1520899ms] [LOG] MON 1 playing=false pos=0.000 stream_playing=false peak_db=-200.0 mix_rate=48000 latency=0.0880 @ http://localhost:8770/index.js:451
[ 1521148ms] [LOG] MON 1 playing=false pos=0.000 stream_playing=false peak_db=-200.0 mix_rate=48000 latency=0.0880 @ http://localhost:8770/index.js:451
[ 1521399ms] [LOG] MON 1 playing=false pos=0.000 stream_playing=false peak_db=-200.0 mix_rate=48000 latency=0.0880 @ http://localhost:8770/index.js:451
[ 1521647ms] [LOG] MON 1 playing=false pos=0.000 stream_playing=false peak_db=-200.0 mix_rate=48000 latency=0.0880 @ http://localhost:8770/index.js:451
[ 1521899ms] [LOG] MON 1 playing=false pos=0.000 stream_playing=false peak_db=-200.0 mix_rate=48000 latency=0.0880 @ http://localhost:8770/index.js:451
[ 1522148ms] [LOG] MON 1 playing=false pos=0.000 stream_playing=false peak_db=-200.0 mix_rate=48000 latency=0.0880 @ http://localhost:8770/index.js:451
[ 1522398ms] [LOG] MON 1 playing=false pos=0.000 stream_playing=false peak_db=-200.0 mix_rate=48000 latency=0.0880 @ http://localhost:8770/index.js:451
[ 1522647ms] [LOG] MON 1 playing=false pos=0.000 stream_playing=false peak_db=-200.0 mix_rate=48000 latency=0.0880 @ http://localhost:8770/index.js:451
[ 1522898ms] [LOG] MON 1 playing=false pos=0.000 stream_playing=false peak_db=-200.0 mix_rate=48000 latency=0.0880 @ http://localhost:8770/index.js:451
[ 1523149ms] [LOG] MON 1 playing=false pos=0.000 stream_playing=false peak_db=-200.0 mix_rate=48000 latency=0.0880 @ http://localhost:8770/index.js:451
[ 1523398ms] [LOG] MON 1 playing=false pos=0.000 stream_playing=false peak_db=-200.0 mix_rate=48000 latency=0.0880 @ http://localhost:8770/index.js:451
[ 1523648ms] [LOG] MON 1 playing=false pos=0.000 stream_playing=false peak_db=-200.0 mix_rate=48000 latency=0.0880 @ http://localhost:8770/index.js:451
[ 1523898ms] [LOG] MON 1 playing=false pos=0.000 stream_playing=false peak_db=-200.0 mix_rate=48000 latency=0.0880 @ http://localhost:8770/index.js:451
[ 1524151ms] [LOG] MON 1 playing=false pos=0.000 stream_playing=false peak_db=-200.0 mix_rate=48000 latency=0.0880 @ http://localhost:8770/index.js:451
[ 1524398ms] [LOG] MON 1 playing=false pos=0.000 stream_playing=false peak_db=-200.0 mix_rate=48000 latency=0.0880 @ http://localhost:8770/index.js:451
[ 1524650ms] [LOG] MON 1 playing=false pos=0.000 stream_playing=false peak_db=-200.0 mix_rate=48000 latency=0.0880 @ http://localhost:8770/index.js:451
[ 1524900ms] [LOG] MON 1 playing=false pos=0.000 stream_playing=false peak_db=-200.0 mix_rate=48000 latency=0.0880 @ http://localhost:8770/index.js:451
[ 1525148ms] [LOG] MON 1 playing=false pos=0.000 stream_playing=false peak_db=-200.0 mix_rate=48000 latency=0.0880 @ http://localhost:8770/index.js:451
[ 1525399ms] [LOG] MON 1 playing=false pos=0.000 stream_playing=false peak_db=-200.0 mix_rate=48000 latency=0.0880 @ http://localhost:8770/index.js:451
[ 1525650ms] [LOG] MON 1 playing=false pos=0.000 stream_playing=false peak_db=-200.0 mix_rate=48000 latency=0.0880 @ http://localhost:8770/index.js:451
[ 1525903ms] [LOG] MON 1 playing=false pos=0.000 stream_playing=false peak_db=-200.0 mix_rate=48000 latency=0.0880 @ http://localhost:8770/index.js:451
[ 1526155ms] [LOG] MON 1 playing=false pos=0.000 stream_playing=false peak_db=-200.0 mix_rate=48000 latency=0.0880 @ http://localhost:8770/index.js:451
[ 1526399ms] [LOG] MON 1 playing=false pos=0.000 stream_playing=false peak_db=-200.0 mix_rate=48000 latency=0.0880 @ http://localhost:8770/index.js:451
[ 1526650ms] [LOG] MON 1 playing=false pos=0.000 stream_playing=false peak_db=-200.0 mix_rate=48000 latency=0.0880 @ http://localhost:8770/index.js:451
[ 1526901ms] [LOG] MON 1 playing=false pos=0.000 stream_playing=false peak_db=-200.0 mix_rate=48000 latency=0.0880 @ http://localhost:8770/index.js:451
[ 1527149ms] [LOG] MON 1 playing=false pos=0.000 stream_playing=false peak_db=-200.0 mix_rate=48000 latency=0.0880 @ http://localhost:8770/index.js:451
[ 1527402ms] [LOG] MON 1 playing=false pos=0.000 stream_playing=false peak_db=-200.0 mix_rate=48000 latency=0.0880 @ http://localhost:8770/index.js:451
[ 1527650ms] [LOG] MON 1 playing=false pos=0.000 stream_playing=false peak_db=-200.0 mix_rate=48000 latency=0.0880 @ http://localhost:8770/index.js:451
[ 1527900ms] [LOG] MON 1 playing=false pos=0.000 stream_playing=false peak_db=-200.0 mix_rate=48000 latency=0.0880 @ http://localhost:8770/index.js:451
[ 1528150ms] [LOG] MON 1 playing=false pos=0.000 stream_playing=false peak_db=-200.0 mix_rate=48000 latency=0.0880 @ http://localhost:8770/index.js:451
[ 1528401ms] [LOG] MON 1 playing=false pos=0.000 stream_playing=false peak_db=-200.0 mix_rate=48000 latency=0.0880 @ http://localhost:8770/index.js:451
[ 1528649ms] [LOG] MON 1 playing=false pos=0.000 stream_playing=false peak_db=-200.0 mix_rate=48000 latency=0.0880 @ http://localhost:8770/index.js:451
[ 1528899ms] [LOG] MON 1 playing=false pos=0.000 stream_playing=false peak_db=-200.0 mix_rate=48000 latency=0.0880 @ http://localhost:8770/index.js:451
[ 1529149ms] [LOG] MON 1 playing=false pos=0.000 stream_playing=false peak_db=-200.0 mix_rate=48000 latency=0.0880 @ http://localhost:8770/index.js:451
[ 1529401ms] [LOG] MON 1 playing=false pos=0.000 stream_playing=false peak_db=-200.0 mix_rate=48000 latency=0.0880 @ http://localhost:8770/index.js:451
[ 1529649ms] [LOG] MON 1 playing=false pos=0.000 stream_playing=false peak_db=-200.0 mix_rate=48000 latency=0.0880 @ http://localhost:8770/index.js:451
[ 1529897ms] [LOG] MON 1 playing=false pos=0.000 stream_playing=false peak_db=-200.0 mix_rate=48000 latency=0.0880 @ http://localhost:8770/index.js:451
[ 1530150ms] [LOG] MON 1 playing=false pos=0.000 stream_playing=false peak_db=-200.0 mix_rate=48000 latency=0.0880 @ http://localhost:8770/index.js:451
[ 1530400ms] [LOG] MON 1 playing=false pos=0.000 stream_playing=false peak_db=-200.0 mix_rate=48000 latency=0.0880 @ http://localhost:8770/index.js:451
[ 1530650ms] [LOG] MON 1 playing=false pos=0.000 stream_playing=false peak_db=-200.0 mix_rate=48000 latency=0.0880 @ http://localhost:8770/index.js:451
[ 1530899ms] [LOG] MON 1 playing=false pos=0.000 stream_playing=false peak_db=-200.0 mix_rate=48000 latency=0.0880 @ http://localhost:8770/index.js:451
[ 1531148ms] [LOG] MON 1 playing=false pos=0.000 stream_playing=false peak_db=-200.0 mix_rate=48000 latency=0.0880 @ http://localhost:8770/index.js:451
[ 1531396ms] [LOG] MON 1 playing=false pos=0.000 stream_playing=false peak_db=-200.0 mix_rate=48000 latency=0.0880 @ http://localhost:8770/index.js:451
[ 1531648ms] [LOG] MON 1 playing=false pos=0.000 stream_playing=false peak_db=-200.0 mix_rate=48000 latency=0.0880 @ http://localhost:8770/index.js:451
[ 1531899ms] [LOG] MON 1 playing=false pos=0.000 stream_playing=false peak_db=-200.0 mix_rate=48000 latency=0.0880 @ http://localhost:8770/index.js:451
[ 1532150ms] [LOG] MON 1 playing=false pos=0.000 stream_playing=false peak_db=-200.0 mix_rate=48000 latency=0.0880 @ http://localhost:8770/index.js:451
[ 1532401ms] [LOG] MON 1 playing=false pos=0.000 stream_playing=false peak_db=-200.0 mix_rate=48000 latency=0.0880 @ http://localhost:8770/index.js:451
[ 1532650ms] [LOG] MON 1 playing=false pos=0.000 stream_playing=false peak_db=-200.0 mix_rate=48000 latency=0.0880 @ http://localhost:8770/index.js:451
[ 1532898ms] [LOG] MON 1 playing=false pos=0.000 stream_playing=false peak_db=-200.0 mix_rate=48000 latency=0.0880 @ http://localhost:8770/index.js:451
[ 1533150ms] [LOG] MON 1 playing=false pos=0.000 stream_playing=false peak_db=-200.0 mix_rate=48000 latency=0.0880 @ http://localhost:8770/index.js:451
[ 1533400ms] [LOG] MON 1 playing=false pos=0.000 stream_playing=false peak_db=-200.0 mix_rate=48000 latency=0.0880 @ http://localhost:8770/index.js:451
[ 1533649ms] [LOG] MON 1 playing=false pos=0.000 stream_playing=false peak_db=-200.0 mix_rate=48000 latency=0.0880 @ http://localhost:8770/index.js:451
[ 1533902ms] [LOG] MON 1 playing=false pos=0.000 stream_playing=false peak_db=-200.0 mix_rate=48000 latency=0.0880 @ http://localhost:8770/index.js:451
[ 1534151ms] [LOG] MON 1 playing=false pos=0.000 stream_playing=false peak_db=-200.0 mix_rate=48000 latency=0.0880 @ http://localhost:8770/index.js:451
[ 1534397ms] [LOG] MON 1 playing=false pos=0.000 stream_playing=false peak_db=-200.0 mix_rate=48000 latency=0.0880 @ http://localhost:8770/index.js:451
[ 1534648ms] [LOG] MON 1 playing=false pos=0.000 stream_playing=false peak_db=-200.0 mix_rate=48000 latency=0.0880 @ http://localhost:8770/index.js:451
[ 1534898ms] [LOG] MON 1 playing=false pos=0.000 stream_playing=false peak_db=-200.0 mix_rate=48000 latency=0.0880 @ http://localhost:8770/index.js:451
[ 1535148ms] [LOG] MON 1 playing=false pos=0.000 stream_playing=false peak_db=-200.0 mix_rate=48000 latency=0.0880 @ http://localhost:8770/index.js:451
[ 1535398ms] [LOG] MON 1 playing=false pos=0.000 stream_playing=false peak_db=-200.0 mix_rate=48000 latency=0.0880 @ http://localhost:8770/index.js:451
[ 1535648ms] [LOG] MON 1 playing=false pos=0.000 stream_playing=false peak_db=-200.0 mix_rate=48000 latency=0.0880 @ http://localhost:8770/index.js:451
[ 1535898ms] [LOG] MON 1 playing=false pos=0.000 stream_playing=false peak_db=-200.0 mix_rate=48000 latency=0.0880 @ http://localhost:8770/index.js:451
[ 1536147ms] [LOG] MON 1 playing=false pos=0.000 stream_playing=false peak_db=-200.0 mix_rate=48000 latency=0.0880 @ http://localhost:8770/index.js:451
[ 1536399ms] [LOG] MON 1 playing=false pos=0.000 stream_playing=false peak_db=-200.0 mix_rate=48000 latency=0.0880 @ http://localhost:8770/index.js:451
[ 1536653ms] [LOG] MON 1 playing=false pos=0.000 stream_playing=false peak_db=-200.0 mix_rate=48000 latency=0.0880 @ http://localhost:8770/index.js:451
[ 1536899ms] [LOG] MON 1 playing=false pos=0.000 stream_playing=false peak_db=-200.0 mix_rate=48000 latency=0.0880 @ http://localhost:8770/index.js:451
[ 1537149ms] [LOG] MON 1 playing=false pos=0.000 stream_playing=false peak_db=-200.0 mix_rate=48000 latency=0.0880 @ http://localhost:8770/index.js:451
[ 1537399ms] [LOG] MON 1 playing=false pos=0.000 stream_playing=false peak_db=-200.0 mix_rate=48000 latency=0.0880 @ http://localhost:8770/index.js:451
[ 1537649ms] [LOG] MON 1 playing=false pos=0.000 stream_playing=false peak_db=-200.0 mix_rate=48000 latency=0.0880 @ http://localhost:8770/index.js:451
[ 1537898ms] [LOG] MON 1 playing=false pos=0.000 stream_playing=false peak_db=-200.0 mix_rate=48000 latency=0.0880 @ http://localhost:8770/index.js:451
[ 1538149ms] [LOG] MON 1 playing=false pos=0.000 stream_playing=false peak_db=-200.0 mix_rate=48000 latency=0.0880 @ http://localhost:8770/index.js:451
[ 1538400ms] [LOG] MON 1 playing=false pos=0.000 stream_playing=false peak_db=-200.0 mix_rate=48000 latency=0.0880 @ http://localhost:8770/index.js:451
[ 1538649ms] [LOG] MON 1 playing=false pos=0.000 stream_playing=false peak_db=-200.0 mix_rate=48000 latency=0.0880 @ http://localhost:8770/index.js:451
[ 1538900ms] [LOG] MON 1 playing=false pos=0.000 stream_playing=false peak_db=-200.0 mix_rate=48000 latency=0.0880 @ http://localhost:8770/index.js:451
[ 1539149ms] [LOG] MON 1 playing=false pos=0.000 stream_playing=false peak_db=-200.0 mix_rate=48000 latency=0.0880 @ http://localhost:8770/index.js:451
[ 1539399ms] [LOG] MON 1 playing=false pos=0.000 stream_playing=false peak_db=-200.0 mix_rate=48000 latency=0.0880 @ http://localhost:8770/index.js:451
[ 1539650ms] [LOG] MON 1 playing=false pos=0.000 stream_playing=false peak_db=-200.0 mix_rate=48000 latency=0.0880 @ http://localhost:8770/index.js:451
[ 1539897ms] [LOG] MON 1 playing=false pos=0.000 stream_playing=false peak_db=-200.0 mix_rate=48000 latency=0.0880 @ http://localhost:8770/index.js:451
[ 1540148ms] [LOG] MON 1 playing=false pos=0.000 stream_playing=false peak_db=-200.0 mix_rate=48000 latency=0.0880 @ http://localhost:8770/index.js:451
[ 1540399ms] [LOG] MON 1 playing=false pos=0.000 stream_playing=false peak_db=-200.0 mix_rate=48000 latency=0.0880 @ http://localhost:8770/index.js:451
[ 1540648ms] [LOG] MON 1 playing=false pos=0.000 stream_playing=false peak_db=-200.0 mix_rate=48000 latency=0.0880 @ http://localhost:8770/index.js:451
[ 1540900ms] [LOG] MON 1 playing=false pos=0.000 stream_playing=false peak_db=-200.0 mix_rate=48000 latency=0.0880 @ http://localhost:8770/index.js:451
[ 1541149ms] [LOG] MON 1 playing=false pos=0.000 stream_playing=false peak_db=-200.0 mix_rate=48000 latency=0.0880 @ http://localhost:8770/index.js:451
[ 1541399ms] [LOG] MON 1 playing=false pos=0.000 stream_playing=false peak_db=-200.0 mix_rate=48000 latency=0.0880 @ http://localhost:8770/index.js:451
[ 1541648ms] [LOG] MON 1 playing=false pos=0.000 stream_playing=false peak_db=-200.0 mix_rate=48000 latency=0.0880 @ http://localhost:8770/index.js:451
[ 1541899ms] [LOG] MON 1 playing=false pos=0.000 stream_playing=false peak_db=-200.0 mix_rate=48000 latency=0.0880 @ http://localhost:8770/index.js:451
[ 1542149ms] [LOG] MON 1 playing=false pos=0.000 stream_playing=false peak_db=-200.0 mix_rate=48000 latency=0.0880 @ http://localhost:8770/index.js:451
[ 1542398ms] [LOG] MON 1 playing=false pos=0.000 stream_playing=false peak_db=-200.0 mix_rate=48000 latency=0.0880 @ http://localhost:8770/index.js:451
[ 1542647ms] [LOG] MON 1 playing=false pos=0.000 stream_playing=false peak_db=-200.0 mix_rate=48000 latency=0.0880 @ http://localhost:8770/index.js:451
[ 1542901ms] [LOG] MON 1 playing=false pos=0.000 stream_playing=false peak_db=-200.0 mix_rate=48000 latency=0.0880 @ http://localhost:8770/index.js:451
[ 1543150ms] [LOG] MON 1 playing=false pos=0.000 stream_playing=false peak_db=-200.0 mix_rate=48000 latency=0.0880 @ http://localhost:8770/index.js:451
[ 1543400ms] [LOG] MON 1 playing=false pos=0.000 stream_playing=false peak_db=-200.0 mix_rate=48000 latency=0.0880 @ http://localhost:8770/index.js:451
[ 1543649ms] [LOG] MON 1 playing=false pos=0.000 stream_playing=false peak_db=-200.0 mix_rate=48000 latency=0.0880 @ http://localhost:8770/index.js:451
[ 1543898ms] [LOG] MON 1 playing=false pos=0.000 stream_playing=false peak_db=-200.0 mix_rate=48000 latency=0.0880 @ http://localhost:8770/index.js:451
[ 1544150ms] [LOG] MON 1 playing=false pos=0.000 stream_playing=false peak_db=-200.0 mix_rate=48000 latency=0.0880 @ http://localhost:8770/index.js:451
[ 1544399ms] [LOG] MON 1 playing=false pos=0.000 stream_playing=false peak_db=-200.0 mix_rate=48000 latency=0.0880 @ http://localhost:8770/index.js:451
[ 1544649ms] [LOG] MON 1 playing=false pos=0.000 stream_playing=false peak_db=-200.0 mix_rate=48000 latency=0.0880 @ http://localhost:8770/index.js:451
[ 1544904ms] [LOG] MON 1 playing=false pos=0.000 stream_playing=false peak_db=-200.0 mix_rate=48000 latency=0.0880 @ http://localhost:8770/index.js:451
[ 1545149ms] [LOG] MON 1 playing=false pos=0.000 stream_playing=false peak_db=-200.0 mix_rate=48000 latency=0.0880 @ http://localhost:8770/index.js:451
[ 1545398ms] [LOG] MON 1 playing=false pos=0.000 stream_playing=false peak_db=-200.0 mix_rate=48000 latency=0.0880 @ http://localhost:8770/index.js:451
[ 1545648ms] [LOG] MON 1 playing=false pos=0.000 stream_playing=false peak_db=-200.0 mix_rate=48000 latency=0.0880 @ http://localhost:8770/index.js:451
[ 1545898ms] [LOG] MON 1 playing=false pos=0.000 stream_playing=false peak_db=-200.0 mix_rate=48000 latency=0.0880 @ http://localhost:8770/index.js:451
[ 1546148ms] [LOG] MON 1 playing=false pos=0.000 stream_playing=false peak_db=-200.0 mix_rate=48000 latency=0.0880 @ http://localhost:8770/index.js:451
[ 1546399ms] [LOG] MON 1 playing=false pos=0.000 stream_playing=false peak_db=-200.0 mix_rate=48000 latency=0.0880 @ http://localhost:8770/index.js:451
[ 1546649ms] [LOG] MON 1 playing=false pos=0.000 stream_playing=false peak_db=-200.0 mix_rate=48000 latency=0.0880 @ http://localhost:8770/index.js:451
[ 1546901ms] [LOG] MON 1 playing=false pos=0.000 stream_playing=false peak_db=-200.0 mix_rate=48000 latency=0.0880 @ http://localhost:8770/index.js:451
[ 1547148ms] [LOG] MON 1 playing=false pos=0.000 stream_playing=false peak_db=-200.0 mix_rate=48000 latency=0.0880 @ http://localhost:8770/index.js:451
[ 1547398ms] [LOG] MON 1 playing=false pos=0.000 stream_playing=false peak_db=-200.0 mix_rate=48000 latency=0.0880 @ http://localhost:8770/index.js:451
[ 1547650ms] [LOG] MON 1 playing=false pos=0.000 stream_playing=false peak_db=-200.0 mix_rate=48000 latency=0.0880 @ http://localhost:8770/index.js:451
[ 1547898ms] [LOG] MON 1 playing=false pos=0.000 stream_playing=false peak_db=-200.0 mix_rate=48000 latency=0.0880 @ http://localhost:8770/index.js:451
[ 1548150ms] [LOG] MON 1 playing=false pos=0.000 stream_playing=false peak_db=-200.0 mix_rate=48000 latency=0.0880 @ http://localhost:8770/index.js:451
[ 1548398ms] [LOG] MON 1 playing=false pos=0.000 stream_playing=false peak_db=-200.0 mix_rate=48000 latency=0.0880 @ http://localhost:8770/index.js:451
[ 1548649ms] [LOG] MON 1 playing=false pos=0.000 stream_playing=false peak_db=-200.0 mix_rate=48000 latency=0.0880 @ http://localhost:8770/index.js:451
[ 1548903ms] [LOG] MON 1 playing=false pos=0.000 stream_playing=false peak_db=-200.0 mix_rate=48000 latency=0.0880 @ http://localhost:8770/index.js:451
[ 1549148ms] [LOG] MON 1 playing=false pos=0.000 stream_playing=false peak_db=-200.0 mix_rate=48000 latency=0.0880 @ http://localhost:8770/index.js:451
[ 1549399ms] [LOG] MON 1 playing=false pos=0.000 stream_playing=false peak_db=-200.0 mix_rate=48000 latency=0.0880 @ http://localhost:8770/index.js:451
[ 1549649ms] [LOG] MON 1 playing=false pos=0.000 stream_playing=false peak_db=-200.0 mix_rate=48000 latency=0.0880 @ http://localhost:8770/index.js:451
[ 1549899ms] [LOG] MON 1 playing=false pos=0.000 stream_playing=false peak_db=-200.0 mix_rate=48000 latency=0.0880 @ http://localhost:8770/index.js:451
[ 1550148ms] [LOG] MON 1 playing=false pos=0.000 stream_playing=false peak_db=-200.0 mix_rate=48000 latency=0.0880 @ http://localhost:8770/index.js:451
[ 1550398ms] [LOG] MON 1 playing=false pos=0.000 stream_playing=false peak_db=-200.0 mix_rate=48000 latency=0.0880 @ http://localhost:8770/index.js:451
[ 1550647ms] [LOG] MON 1 playing=false pos=0.000 stream_playing=false peak_db=-200.0 mix_rate=48000 latency=0.0880 @ http://localhost:8770/index.js:451
[ 1550898ms] [LOG] MON 1 playing=false pos=0.000 stream_playing=false peak_db=-200.0 mix_rate=48000 latency=0.0880 @ http://localhost:8770/index.js:451
[ 1551148ms] [LOG] MON 1 playing=false pos=0.000 stream_playing=false peak_db=-200.0 mix_rate=48000 latency=0.0880 @ http://localhost:8770/index.js:451
[ 1551404ms] [LOG] MON 1 playing=false pos=0.000 stream_playing=false peak_db=-200.0 mix_rate=48000 latency=0.0880 @ http://localhost:8770/index.js:451
[ 1551649ms] [LOG] MON 1 playing=false pos=0.000 stream_playing=false peak_db=-200.0 mix_rate=48000 latency=0.0880 @ http://localhost:8770/index.js:451
[ 1551898ms] [LOG] MON 1 playing=false pos=0.000 stream_playing=false peak_db=-200.0 mix_rate=48000 latency=0.0880 @ http://localhost:8770/index.js:451
[ 1552150ms] [LOG] MON 1 playing=false pos=0.000 stream_playing=false peak_db=-200.0 mix_rate=48000 latency=0.0880 @ http://localhost:8770/index.js:451
[ 1552399ms] [LOG] MON 1 playing=false pos=0.000 stream_playing=false peak_db=-200.0 mix_rate=48000 latency=0.0880 @ http://localhost:8770/index.js:451
[ 1552647ms] [LOG] MON 1 playing=false pos=0.000 stream_playing=false peak_db=-200.0 mix_rate=48000 latency=0.0880 @ http://localhost:8770/index.js:451
[ 1552900ms] [LOG] MON 1 playing=false pos=0.000 stream_playing=false peak_db=-200.0 mix_rate=48000 latency=0.0880 @ http://localhost:8770/index.js:451
[ 1553147ms] [LOG] MON 1 playing=false pos=0.000 stream_playing=false peak_db=-200.0 mix_rate=48000 latency=0.0880 @ http://localhost:8770/index.js:451
[ 1553399ms] [LOG] MON 1 playing=false pos=0.000 stream_playing=false peak_db=-200.0 mix_rate=48000 latency=0.0880 @ http://localhost:8770/index.js:451
[ 1553650ms] [LOG] MON 1 playing=false pos=0.000 stream_playing=false peak_db=-200.0 mix_rate=48000 latency=0.0880 @ http://localhost:8770/index.js:451
[ 1553899ms] [LOG] MON 1 playing=false pos=0.000 stream_playing=false peak_db=-200.0 mix_rate=48000 latency=0.0880 @ http://localhost:8770/index.js:451
[ 1554149ms] [LOG] MON 1 playing=false pos=0.000 stream_playing=false peak_db=-200.0 mix_rate=48000 latency=0.0880 @ http://localhost:8770/index.js:451
[ 1554398ms] [LOG] MON 1 playing=false pos=0.000 stream_playing=false peak_db=-200.0 mix_rate=48000 latency=0.0880 @ http://localhost:8770/index.js:451
[ 1554647ms] [LOG] MON 1 playing=false pos=0.000 stream_playing=false peak_db=-200.0 mix_rate=48000 latency=0.0880 @ http://localhost:8770/index.js:451
[ 1554899ms] [LOG] MON 1 playing=false pos=0.000 stream_playing=false peak_db=-200.0 mix_rate=48000 latency=0.0880 @ http://localhost:8770/index.js:451
[ 1555149ms] [LOG] MON 1 playing=false pos=0.000 stream_playing=false peak_db=-200.0 mix_rate=48000 latency=0.0880 @ http://localhost:8770/index.js:451
[ 1555399ms] [LOG] MON 1 playing=false pos=0.000 stream_playing=false peak_db=-200.0 mix_rate=48000 latency=0.0880 @ http://localhost:8770/index.js:451
[ 1555648ms] [LOG] MON 1 playing=false pos=0.000 stream_playing=false peak_db=-200.0 mix_rate=48000 latency=0.0880 @ http://localhost:8770/index.js:451
[ 1555898ms] [LOG] MON 1 playing=false pos=0.000 stream_playing=false peak_db=-200.0 mix_rate=48000 latency=0.0880 @ http://localhost:8770/index.js:451
[ 1556149ms] [LOG] MON 1 playing=false pos=0.000 stream_playing=false peak_db=-200.0 mix_rate=48000 latency=0.0880 @ http://localhost:8770/index.js:451
[ 1556399ms] [LOG] MON 1 playing=false pos=0.000 stream_playing=false peak_db=-200.0 mix_rate=48000 latency=0.0880 @ http://localhost:8770/index.js:451
[ 1556647ms] [LOG] MON 1 playing=false pos=0.000 stream_playing=false peak_db=-200.0 mix_rate=48000 latency=0.0880 @ http://localhost:8770/index.js:451
[ 1556898ms] [LOG] MON 1 playing=false pos=0.000 stream_playing=false peak_db=-200.0 mix_rate=48000 latency=0.0880 @ http://localhost:8770/index.js:451
[ 1557150ms] [LOG] MON 1 playing=false pos=0.000 stream_playing=false peak_db=-200.0 mix_rate=48000 latency=0.0880 @ http://localhost:8770/index.js:451
[ 1557399ms] [LOG] MON 1 playing=false pos=0.000 stream_playing=false peak_db=-200.0 mix_rate=48000 latency=0.0880 @ http://localhost:8770/index.js:451
[ 1557647ms] [LOG] MON 1 playing=false pos=0.000 stream_playing=false peak_db=-200.0 mix_rate=48000 latency=0.0880 @ http://localhost:8770/index.js:451
[ 1557897ms] [LOG] MON 1 playing=false pos=0.000 stream_playing=false peak_db=-200.0 mix_rate=48000 latency=0.0880 @ http://localhost:8770/index.js:451
[ 1558149ms] [LOG] MON 1 playing=false pos=0.000 stream_playing=false peak_db=-200.0 mix_rate=48000 latency=0.0880 @ http://localhost:8770/index.js:451
[ 1558398ms] [LOG] MON 1 playing=false pos=0.000 stream_playing=false peak_db=-200.0 mix_rate=48000 latency=0.0880 @ http://localhost:8770/index.js:451
[ 1558649ms] [LOG] MON 1 playing=false pos=0.000 stream_playing=false peak_db=-200.0 mix_rate=48000 latency=0.0880 @ http://localhost:8770/index.js:451
[ 1558898ms] [LOG] MON 1 playing=false pos=0.000 stream_playing=false peak_db=-200.0 mix_rate=48000 latency=0.0880 @ http://localhost:8770/index.js:451
[ 1559147ms] [LOG] MON 1 playing=false pos=0.000 stream_playing=false peak_db=-200.0 mix_rate=48000 latency=0.0880 @ http://localhost:8770/index.js:451
[ 1559399ms] [LOG] MON 1 playing=false pos=0.000 stream_playing=false peak_db=-200.0 mix_rate=48000 latency=0.0880 @ http://localhost:8770/index.js:451
[ 1559650ms] [LOG] MON 1 playing=false pos=0.000 stream_playing=false peak_db=-200.0 mix_rate=48000 latency=0.0880 @ http://localhost:8770/index.js:451
[ 1559899ms] [LOG] MON 1 playing=false pos=0.000 stream_playing=false peak_db=-200.0 mix_rate=48000 latency=0.0880 @ http://localhost:8770/index.js:451
[ 1560148ms] [LOG] MON 1 playing=false pos=0.000 stream_playing=false peak_db=-200.0 mix_rate=48000 latency=0.0880 @ http://localhost:8770/index.js:451
[ 1560398ms] [LOG] MON 1 playing=false pos=0.000 stream_playing=false peak_db=-200.0 mix_rate=48000 latency=0.0880 @ http://localhost:8770/index.js:451
[ 1560656ms] [LOG] MON 1 playing=false pos=0.000 stream_playing=false peak_db=-200.0 mix_rate=48000 latency=0.0880 @ http://localhost:8770/index.js:451
[ 1560899ms] [LOG] MON 1 playing=false pos=0.000 stream_playing=false peak_db=-200.0 mix_rate=48000 latency=0.0880 @ http://localhost:8770/index.js:451
[ 1561150ms] [LOG] MON 1 playing=false pos=0.000 stream_playing=false peak_db=-200.0 mix_rate=48000 latency=0.0880 @ http://localhost:8770/index.js:451
[ 1561399ms] [LOG] MON 1 playing=false pos=0.000 stream_playing=false peak_db=-200.0 mix_rate=48000 latency=0.0880 @ http://localhost:8770/index.js:451
[ 1561648ms] [LOG] MON 1 playing=false pos=0.000 stream_playing=false peak_db=-200.0 mix_rate=48000 latency=0.0880 @ http://localhost:8770/index.js:451
[ 1561899ms] [LOG] MON 1 playing=false pos=0.000 stream_playing=false peak_db=-200.0 mix_rate=48000 latency=0.0880 @ http://localhost:8770/index.js:451
[ 1562147ms] [LOG] MON 1 playing=false pos=0.000 stream_playing=false peak_db=-200.0 mix_rate=48000 latency=0.0880 @ http://localhost:8770/index.js:451
[ 1562399ms] [LOG] MON 1 playing=false pos=0.000 stream_playing=false peak_db=-200.0 mix_rate=48000 latency=0.0880 @ http://localhost:8770/index.js:451
[ 1562650ms] [LOG] MON 1 playing=false pos=0.000 stream_playing=false peak_db=-200.0 mix_rate=48000 latency=0.0880 @ http://localhost:8770/index.js:451
[ 1562902ms] [LOG] MON 1 playing=false pos=0.000 stream_playing=false peak_db=-200.0 mix_rate=48000 latency=0.0880 @ http://localhost:8770/index.js:451
[ 1563151ms] [LOG] MON 1 playing=false pos=0.000 stream_playing=false peak_db=-200.0 mix_rate=48000 latency=0.0880 @ http://localhost:8770/index.js:451
[ 1563401ms] [LOG] MON 1 playing=false pos=0.000 stream_playing=false peak_db=-200.0 mix_rate=48000 latency=0.0880 @ http://localhost:8770/index.js:451
[ 1563649ms] [LOG] MON 1 playing=false pos=0.000 stream_playing=false peak_db=-200.0 mix_rate=48000 latency=0.0880 @ http://localhost:8770/index.js:451
[ 1563904ms] [LOG] MON 1 playing=false pos=0.000 stream_playing=false peak_db=-200.0 mix_rate=48000 latency=0.0880 @ http://localhost:8770/index.js:451
[ 1564150ms] [LOG] MON 1 playing=false pos=0.000 stream_playing=false peak_db=-200.0 mix_rate=48000 latency=0.0880 @ http://localhost:8770/index.js:451
[ 1564398ms] [LOG] MON 1 playing=false pos=0.000 stream_playing=false peak_db=-200.0 mix_rate=48000 latency=0.0880 @ http://localhost:8770/index.js:451
[ 1564647ms] [LOG] MON 1 playing=false pos=0.000 stream_playing=false peak_db=-200.0 mix_rate=48000 latency=0.0880 @ http://localhost:8770/index.js:451
[ 1564899ms] [LOG] MON 1 playing=false pos=0.000 stream_playing=false peak_db=-200.0 mix_rate=48000 latency=0.0880 @ http://localhost:8770/index.js:451
[ 1565149ms] [LOG] MON 1 playing=false pos=0.000 stream_playing=false peak_db=-200.0 mix_rate=48000 latency=0.0880 @ http://localhost:8770/index.js:451
[ 1565398ms] [LOG] MON 1 playing=false pos=0.000 stream_playing=false peak_db=-200.0 mix_rate=48000 latency=0.0880 @ http://localhost:8770/index.js:451
[ 1565648ms] [LOG] MON 1 playing=false pos=0.000 stream_playing=false peak_db=-200.0 mix_rate=48000 latency=0.0880 @ http://localhost:8770/index.js:451
[ 1565898ms] [LOG] MON 1 playing=false pos=0.000 stream_playing=false peak_db=-200.0 mix_rate=48000 latency=0.0880 @ http://localhost:8770/index.js:451
[ 1566147ms] [LOG] MON 1 playing=false pos=0.000 stream_playing=false peak_db=-200.0 mix_rate=48000 latency=0.0880 @ http://localhost:8770/index.js:451
[ 1566399ms] [LOG] MON 1 playing=false pos=0.000 stream_playing=false peak_db=-200.0 mix_rate=48000 latency=0.0880 @ http://localhost:8770/index.js:451
[ 1566646ms] [LOG] MON 1 playing=false pos=0.000 stream_playing=false peak_db=-200.0 mix_rate=48000 latency=0.0880 @ http://localhost:8770/index.js:451
[ 1566899ms] [LOG] MON 1 playing=false pos=0.000 stream_playing=false peak_db=-200.0 mix_rate=48000 latency=0.0880 @ http://localhost:8770/index.js:451
[ 1567147ms] [LOG] MON 1 playing=false pos=0.000 stream_playing=false peak_db=-200.0 mix_rate=48000 latency=0.0880 @ http://localhost:8770/index.js:451
[ 1567399ms] [LOG] MON 1 playing=false pos=0.000 stream_playing=false peak_db=-200.0 mix_rate=48000 latency=0.0880 @ http://localhost:8770/index.js:451
[ 1567649ms] [LOG] MON 1 playing=false pos=0.000 stream_playing=false peak_db=-200.0 mix_rate=48000 latency=0.0880 @ http://localhost:8770/index.js:451
[ 1567902ms] [LOG] MON 1 playing=false pos=0.000 stream_playing=false peak_db=-200.0 mix_rate=48000 latency=0.0880 @ http://localhost:8770/index.js:451
[ 1568149ms] [LOG] MON 1 playing=false pos=0.000 stream_playing=false peak_db=-200.0 mix_rate=48000 latency=0.0880 @ http://localhost:8770/index.js:451
[ 1568399ms] [LOG] MON 1 playing=false pos=0.000 stream_playing=false peak_db=-200.0 mix_rate=48000 latency=0.0880 @ http://localhost:8770/index.js:451
[ 1568650ms] [LOG] MON 1 playing=false pos=0.000 stream_playing=false peak_db=-200.0 mix_rate=48000 latency=0.0880 @ http://localhost:8770/index.js:451
[ 1568899ms] [LOG] MON 1 playing=false pos=0.000 stream_playing=false peak_db=-200.0 mix_rate=48000 latency=0.0880 @ http://localhost:8770/index.js:451
[ 1569148ms] [LOG] MON 1 playing=false pos=0.000 stream_playing=false peak_db=-200.0 mix_rate=48000 latency=0.0880 @ http://localhost:8770/index.js:451
[ 1569398ms] [LOG] MON 1 playing=false pos=0.000 stream_playing=false peak_db=-200.0 mix_rate=48000 latency=0.0880 @ http://localhost:8770/index.js:451
[ 1569649ms] [LOG] MON 1 playing=false pos=0.000 stream_playing=false peak_db=-200.0 mix_rate=48000 latency=0.0880 @ http://localhost:8770/index.js:451
[ 1569899ms] [LOG] MON 1 playing=false pos=0.000 stream_playing=false peak_db=-200.0 mix_rate=48000 latency=0.0880 @ http://localhost:8770/index.js:451
[ 1570147ms] [LOG] MON 1 playing=false pos=0.000 stream_playing=false peak_db=-200.0 mix_rate=48000 latency=0.0880 @ http://localhost:8770/index.js:451
[ 1570398ms] [LOG] MON 1 playing=false pos=0.000 stream_playing=false peak_db=-200.0 mix_rate=48000 latency=0.0880 @ http://localhost:8770/index.js:451
[ 1570649ms] [LOG] MON 1 playing=false pos=0.000 stream_playing=false peak_db=-200.0 mix_rate=48000 latency=0.0880 @ http://localhost:8770/index.js:451
[ 1570900ms] [LOG] MON 1 playing=false pos=0.000 stream_playing=false peak_db=-200.0 mix_rate=48000 latency=0.0880 @ http://localhost:8770/index.js:451
[ 1571148ms] [LOG] MON 1 playing=false pos=0.000 stream_playing=false peak_db=-200.0 mix_rate=48000 latency=0.0880 @ http://localhost:8770/index.js:451
[ 1571397ms] [LOG] MON 1 playing=false pos=0.000 stream_playing=false peak_db=-200.0 mix_rate=48000 latency=0.0880 @ http://localhost:8770/index.js:451
[ 1571648ms] [LOG] MON 1 playing=false pos=0.000 stream_playing=false peak_db=-200.0 mix_rate=48000 latency=0.0880 @ http://localhost:8770/index.js:451
[ 1571899ms] [LOG] MON 1 playing=false pos=0.000 stream_playing=false peak_db=-200.0 mix_rate=48000 latency=0.0880 @ http://localhost:8770/index.js:451
[ 1572150ms] [LOG] MON 1 playing=false pos=0.000 stream_playing=false peak_db=-200.0 mix_rate=48000 latency=0.0880 @ http://localhost:8770/index.js:451
[ 1572397ms] [LOG] MON 1 playing=false pos=0.000 stream_playing=false peak_db=-200.0 mix_rate=48000 latency=0.0880 @ http://localhost:8770/index.js:451
[ 1572650ms] [LOG] MON 1 playing=false pos=0.000 stream_playing=false peak_db=-200.0 mix_rate=48000 latency=0.0880 @ http://localhost:8770/index.js:451
[ 1572897ms] [LOG] MON 1 playing=false pos=0.000 stream_playing=false peak_db=-200.0 mix_rate=48000 latency=0.0880 @ http://localhost:8770/index.js:451
[ 1573149ms] [LOG] MON 1 playing=false pos=0.000 stream_playing=false peak_db=-200.0 mix_rate=48000 latency=0.0880 @ http://localhost:8770/index.js:451
[ 1573398ms] [LOG] MON 1 playing=false pos=0.000 stream_playing=false peak_db=-200.0 mix_rate=48000 latency=0.0880 @ http://localhost:8770/index.js:451
[ 1573649ms] [LOG] MON 1 playing=false pos=0.000 stream_playing=false peak_db=-200.0 mix_rate=48000 latency=0.0880 @ http://localhost:8770/index.js:451
[ 1573898ms] [LOG] MON 1 playing=false pos=0.000 stream_playing=false peak_db=-200.0 mix_rate=48000 latency=0.0880 @ http://localhost:8770/index.js:451
[ 1574149ms] [LOG] MON 1 playing=false pos=0.000 stream_playing=false peak_db=-200.0 mix_rate=48000 latency=0.0880 @ http://localhost:8770/index.js:451
[ 1574400ms] [LOG] MON 1 playing=false pos=0.000 stream_playing=false peak_db=-200.0 mix_rate=48000 latency=0.0880 @ http://localhost:8770/index.js:451
[ 1574650ms] [LOG] MON 1 playing=false pos=0.000 stream_playing=false peak_db=-200.0 mix_rate=48000 latency=0.0880 @ http://localhost:8770/index.js:451
[ 1574898ms] [LOG] MON 1 playing=false pos=0.000 stream_playing=false peak_db=-200.0 mix_rate=48000 latency=0.0880 @ http://localhost:8770/index.js:451
[ 1575149ms] [LOG] MON 1 playing=false pos=0.000 stream_playing=false peak_db=-200.0 mix_rate=48000 latency=0.0880 @ http://localhost:8770/index.js:451
[ 1575397ms] [LOG] MON 1 playing=false pos=0.000 stream_playing=false peak_db=-200.0 mix_rate=48000 latency=0.0880 @ http://localhost:8770/index.js:451
[ 1575649ms] [LOG] MON 1 playing=false pos=0.000 stream_playing=false peak_db=-200.0 mix_rate=48000 latency=0.0880 @ http://localhost:8770/index.js:451
[ 1575900ms] [LOG] MON 1 playing=false pos=0.000 stream_playing=false peak_db=-200.0 mix_rate=48000 latency=0.0880 @ http://localhost:8770/index.js:451
[ 1576148ms] [LOG] MON 1 playing=false pos=0.000 stream_playing=false peak_db=-200.0 mix_rate=48000 latency=0.0880 @ http://localhost:8770/index.js:451
[ 1576398ms] [LOG] MON 1 playing=false pos=0.000 stream_playing=false peak_db=-200.0 mix_rate=48000 latency=0.0880 @ http://localhost:8770/index.js:451
[ 1576651ms] [LOG] MON 1 playing=false pos=0.000 stream_playing=false peak_db=-200.0 mix_rate=48000 latency=0.0880 @ http://localhost:8770/index.js:451
[ 1576900ms] [LOG] MON 1 playing=false pos=0.000 stream_playing=false peak_db=-200.0 mix_rate=48000 latency=0.0880 @ http://localhost:8770/index.js:451
[ 1577150ms] [LOG] MON 1 playing=false pos=0.000 stream_playing=false peak_db=-200.0 mix_rate=48000 latency=0.0880 @ http://localhost:8770/index.js:451
[ 1577399ms] [LOG] MON 1 playing=false pos=0.000 stream_playing=false peak_db=-200.0 mix_rate=48000 latency=0.0880 @ http://localhost:8770/index.js:451
[ 1577648ms] [LOG] MON 1 playing=false pos=0.000 stream_playing=false peak_db=-200.0 mix_rate=48000 latency=0.0880 @ http://localhost:8770/index.js:451
[ 1577899ms] [LOG] MON 1 playing=false pos=0.000 stream_playing=false peak_db=-200.0 mix_rate=48000 latency=0.0880 @ http://localhost:8770/index.js:451
[ 1578149ms] [LOG] MON 1 playing=false pos=0.000 stream_playing=false peak_db=-200.0 mix_rate=48000 latency=0.0880 @ http://localhost:8770/index.js:451
[ 1578397ms] [LOG] MON 1 playing=false pos=0.000 stream_playing=false peak_db=-200.0 mix_rate=48000 latency=0.0880 @ http://localhost:8770/index.js:451
[ 1578651ms] [LOG] MON 1 playing=false pos=0.000 stream_playing=false peak_db=-200.0 mix_rate=48000 latency=0.0880 @ http://localhost:8770/index.js:451
[ 1578899ms] [LOG] MON 1 playing=false pos=0.000 stream_playing=false peak_db=-200.0 mix_rate=48000 latency=0.0880 @ http://localhost:8770/index.js:451
[ 1579147ms] [LOG] MON 1 playing=false pos=0.000 stream_playing=false peak_db=-200.0 mix_rate=48000 latency=0.0880 @ http://localhost:8770/index.js:451
[ 1579399ms] [LOG] MON 1 playing=false pos=0.000 stream_playing=false peak_db=-200.0 mix_rate=48000 latency=0.0880 @ http://localhost:8770/index.js:451
[ 1579649ms] [LOG] MON 1 playing=false pos=0.000 stream_playing=false peak_db=-200.0 mix_rate=48000 latency=0.0880 @ http://localhost:8770/index.js:451
[ 1579897ms] [LOG] MON 1 playing=false pos=0.000 stream_playing=false peak_db=-200.0 mix_rate=48000 latency=0.0880 @ http://localhost:8770/index.js:451
[ 1580149ms] [LOG] MON 1 playing=false pos=0.000 stream_playing=false peak_db=-200.0 mix_rate=48000 latency=0.0880 @ http://localhost:8770/index.js:451
[ 1580398ms] [LOG] MON 1 playing=false pos=0.000 stream_playing=false peak_db=-200.0 mix_rate=48000 latency=0.0880 @ http://localhost:8770/index.js:451
[ 1580648ms] [LOG] MON 1 playing=false pos=0.000 stream_playing=false peak_db=-200.0 mix_rate=48000 latency=0.0880 @ http://localhost:8770/index.js:451
[ 1580901ms] [LOG] MON 1 playing=false pos=0.000 stream_playing=false peak_db=-200.0 mix_rate=48000 latency=0.0880 @ http://localhost:8770/index.js:451
[ 1581149ms] [LOG] MON 1 playing=false pos=0.000 stream_playing=false peak_db=-200.0 mix_rate=48000 latency=0.0880 @ http://localhost:8770/index.js:451
[ 1581399ms] [LOG] MON 1 playing=false pos=0.000 stream_playing=false peak_db=-200.0 mix_rate=48000 latency=0.0880 @ http://localhost:8770/index.js:451
[ 1581649ms] [LOG] MON 1 playing=false pos=0.000 stream_playing=false peak_db=-200.0 mix_rate=48000 latency=0.0880 @ http://localhost:8770/index.js:451
[ 1581897ms] [LOG] MON 1 playing=false pos=0.000 stream_playing=false peak_db=-200.0 mix_rate=48000 latency=0.0880 @ http://localhost:8770/index.js:451
[ 1582149ms] [LOG] MON 1 playing=false pos=0.000 stream_playing=false peak_db=-200.0 mix_rate=48000 latency=0.0880 @ http://localhost:8770/index.js:451
[ 1582397ms] [LOG] MON 1 playing=false pos=0.000 stream_playing=false peak_db=-200.0 mix_rate=48000 latency=0.0880 @ http://localhost:8770/index.js:451
[ 1582650ms] [LOG] MON 1 playing=false pos=0.000 stream_playing=false peak_db=-200.0 mix_rate=48000 latency=0.0880 @ http://localhost:8770/index.js:451
[ 1582899ms] [LOG] MON 1 playing=false pos=0.000 stream_playing=false peak_db=-200.0 mix_rate=48000 latency=0.0880 @ http://localhost:8770/index.js:451
[ 1583149ms] [LOG] MON 1 playing=false pos=0.000 stream_playing=false peak_db=-200.0 mix_rate=48000 latency=0.0880 @ http://localhost:8770/index.js:451
[ 1583397ms] [LOG] MON 1 playing=false pos=0.000 stream_playing=false peak_db=-200.0 mix_rate=48000 latency=0.0880 @ http://localhost:8770/index.js:451
[ 1583649ms] [LOG] MON 1 playing=false pos=0.000 stream_playing=false peak_db=-200.0 mix_rate=48000 latency=0.0880 @ http://localhost:8770/index.js:451
[ 1583899ms] [LOG] MON 1 playing=false pos=0.000 stream_playing=false peak_db=-200.0 mix_rate=48000 latency=0.0880 @ http://localhost:8770/index.js:451
[ 1584149ms] [LOG] MON 1 playing=false pos=0.000 stream_playing=false peak_db=-200.0 mix_rate=48000 latency=0.0880 @ http://localhost:8770/index.js:451
[ 1584399ms] [LOG] MON 1 playing=false pos=0.000 stream_playing=false peak_db=-200.0 mix_rate=48000 latency=0.0880 @ http://localhost:8770/index.js:451
[ 1584650ms] [LOG] MON 1 playing=false pos=0.000 stream_playing=false peak_db=-200.0 mix_rate=48000 latency=0.0880 @ http://localhost:8770/index.js:451
[ 1584901ms] [LOG] MON 1 playing=false pos=0.000 stream_playing=false peak_db=-200.0 mix_rate=48000 latency=0.0880 @ http://localhost:8770/index.js:451
[ 1585147ms] [LOG] MON 1 playing=false pos=0.000 stream_playing=false peak_db=-200.0 mix_rate=48000 latency=0.0880 @ http://localhost:8770/index.js:451
[ 1585400ms] [LOG] MON 1 playing=false pos=0.000 stream_playing=false peak_db=-200.0 mix_rate=48000 latency=0.0880 @ http://localhost:8770/index.js:451
[ 1585649ms] [LOG] MON 1 playing=false pos=0.000 stream_playing=false peak_db=-200.0 mix_rate=48000 latency=0.0880 @ http://localhost:8770/index.js:451
[ 1585898ms] [LOG] MON 1 playing=false pos=0.000 stream_playing=false peak_db=-200.0 mix_rate=48000 latency=0.0880 @ http://localhost:8770/index.js:451
[ 1586146ms] [LOG] MON 1 playing=false pos=0.000 stream_playing=false peak_db=-200.0 mix_rate=48000 latency=0.0880 @ http://localhost:8770/index.js:451
[ 1586399ms] [LOG] MON 1 playing=false pos=0.000 stream_playing=false peak_db=-200.0 mix_rate=48000 latency=0.0880 @ http://localhost:8770/index.js:451
[ 1586649ms] [LOG] MON 1 playing=false pos=0.000 stream_playing=false peak_db=-200.0 mix_rate=48000 latency=0.0880 @ http://localhost:8770/index.js:451
[ 1586898ms] [LOG] MON 1 playing=false pos=0.000 stream_playing=false peak_db=-200.0 mix_rate=48000 latency=0.0880 @ http://localhost:8770/index.js:451
[ 1587149ms] [LOG] MON 1 playing=false pos=0.000 stream_playing=false peak_db=-200.0 mix_rate=48000 latency=0.0880 @ http://localhost:8770/index.js:451
[ 1587397ms] [LOG] MON 1 playing=false pos=0.000 stream_playing=false peak_db=-200.0 mix_rate=48000 latency=0.0880 @ http://localhost:8770/index.js:451
[ 1587648ms] [LOG] MON 1 playing=false pos=0.000 stream_playing=false peak_db=-200.0 mix_rate=48000 latency=0.0880 @ http://localhost:8770/index.js:451
[ 1587899ms] [LOG] MON 1 playing=false pos=0.000 stream_playing=false peak_db=-200.0 mix_rate=48000 latency=0.0880 @ http://localhost:8770/index.js:451
[ 1588149ms] [LOG] MON 1 playing=false pos=0.000 stream_playing=false peak_db=-200.0 mix_rate=48000 latency=0.0880 @ http://localhost:8770/index.js:451
[ 1588400ms] [LOG] MON 1 playing=false pos=0.000 stream_playing=false peak_db=-200.0 mix_rate=48000 latency=0.0880 @ http://localhost:8770/index.js:451
[ 1588648ms] [LOG] MON 1 playing=false pos=0.000 stream_playing=false peak_db=-200.0 mix_rate=48000 latency=0.0880 @ http://localhost:8770/index.js:451
[ 1588899ms] [LOG] MON 1 playing=false pos=0.000 stream_playing=false peak_db=-200.0 mix_rate=48000 latency=0.0880 @ http://localhost:8770/index.js:451
[ 1589147ms] [LOG] MON 1 playing=false pos=0.000 stream_playing=false peak_db=-200.0 mix_rate=48000 latency=0.0880 @ http://localhost:8770/index.js:451
[ 1589398ms] [LOG] MON 1 playing=false pos=0.000 stream_playing=false peak_db=-200.0 mix_rate=48000 latency=0.0880 @ http://localhost:8770/index.js:451
[ 1589648ms] [LOG] MON 1 playing=false pos=0.000 stream_playing=false peak_db=-200.0 mix_rate=48000 latency=0.0880 @ http://localhost:8770/index.js:451
[ 1589899ms] [LOG] MON 1 playing=false pos=0.000 stream_playing=false peak_db=-200.0 mix_rate=48000 latency=0.0880 @ http://localhost:8770/index.js:451
[ 1590149ms] [LOG] MON 1 playing=false pos=0.000 stream_playing=false peak_db=-200.0 mix_rate=48000 latency=0.0880 @ http://localhost:8770/index.js:451
[ 1590399ms] [LOG] MON 1 playing=false pos=0.000 stream_playing=false peak_db=-200.0 mix_rate=48000 latency=0.0880 @ http://localhost:8770/index.js:451
[ 1590652ms] [LOG] MON 1 playing=false pos=0.000 stream_playing=false peak_db=-200.0 mix_rate=48000 latency=0.0880 @ http://localhost:8770/index.js:451
[ 1590899ms] [LOG] MON 1 playing=false pos=0.000 stream_playing=false peak_db=-200.0 mix_rate=48000 latency=0.0880 @ http://localhost:8770/index.js:451
[ 1591150ms] [LOG] MON 1 playing=false pos=0.000 stream_playing=false peak_db=-200.0 mix_rate=48000 latency=0.0880 @ http://localhost:8770/index.js:451
[ 1591399ms] [LOG] MON 1 playing=false pos=0.000 stream_playing=false peak_db=-200.0 mix_rate=48000 latency=0.0880 @ http://localhost:8770/index.js:451
[ 1591648ms] [LOG] MON 1 playing=false pos=0.000 stream_playing=false peak_db=-200.0 mix_rate=48000 latency=0.0880 @ http://localhost:8770/index.js:451
[ 1591899ms] [LOG] MON 1 playing=false pos=0.000 stream_playing=false peak_db=-200.0 mix_rate=48000 latency=0.0880 @ http://localhost:8770/index.js:451
[ 1592148ms] [LOG] MON 1 playing=false pos=0.000 stream_playing=false peak_db=-200.0 mix_rate=48000 latency=0.0880 @ http://localhost:8770/index.js:451
[ 1592398ms] [LOG] MON 1 playing=false pos=0.000 stream_playing=false peak_db=-200.0 mix_rate=48000 latency=0.0880 @ http://localhost:8770/index.js:451
[ 1592648ms] [LOG] MON 1 playing=false pos=0.000 stream_playing=false peak_db=-200.0 mix_rate=48000 latency=0.0880 @ http://localhost:8770/index.js:451
[ 1592897ms] [LOG] MON 1 playing=false pos=0.000 stream_playing=false peak_db=-200.0 mix_rate=48000 latency=0.0880 @ http://localhost:8770/index.js:451
[ 1593158ms] [LOG] MON 1 playing=false pos=0.000 stream_playing=false peak_db=-200.0 mix_rate=48000 latency=0.0880 @ http://localhost:8770/index.js:451
[ 1593402ms] [LOG] MON 1 playing=false pos=0.000 stream_playing=false peak_db=-200.0 mix_rate=48000 latency=0.0880 @ http://localhost:8770/index.js:451
[ 1593647ms] [LOG] MON 1 playing=false pos=0.000 stream_playing=false peak_db=-200.0 mix_rate=48000 latency=0.0880 @ http://localhost:8770/index.js:451
[ 1593884ms] [LOG] MON 1 playing=false pos=0.000 stream_playing=false peak_db=-200.0 mix_rate=48000 latency=0.0880 @ http://localhost:8770/index.js:451
[ 1594136ms] [LOG] MON 1 playing=false pos=0.000 stream_playing=false peak_db=-200.0 mix_rate=48000 latency=0.0880 @ http://localhost:8770/index.js:451
[ 1594380ms] [LOG] MON 1 playing=false pos=0.000 stream_playing=false peak_db=-200.0 mix_rate=48000 latency=0.0880 @ http://localhost:8770/index.js:451
[ 1594629ms] [LOG] MON 1 playing=false pos=0.000 stream_playing=false peak_db=-200.0 mix_rate=48000 latency=0.0880 @ http://localhost:8770/index.js:451
[ 1594881ms] [LOG] MON 1 playing=false pos=0.000 stream_playing=false peak_db=-200.0 mix_rate=48000 latency=0.0880 @ http://localhost:8770/index.js:451
[ 1595131ms] [LOG] MON 1 playing=false pos=0.000 stream_playing=false peak_db=-200.0 mix_rate=48000 latency=0.0880 @ http://localhost:8770/index.js:451
[ 1595380ms] [LOG] MON 1 playing=false pos=0.000 stream_playing=false peak_db=-200.0 mix_rate=48000 latency=0.0880 @ http://localhost:8770/index.js:451
[ 1595630ms] [LOG] MON 1 playing=false pos=0.000 stream_playing=false peak_db=-200.0 mix_rate=48000 latency=0.0880 @ http://localhost:8770/index.js:451
[ 1595882ms] [LOG] MON 1 playing=false pos=0.000 stream_playing=false peak_db=-200.0 mix_rate=48000 latency=0.0880 @ http://localhost:8770/index.js:451
[ 1596133ms] [LOG] MON 1 playing=false pos=0.000 stream_playing=false peak_db=-200.0 mix_rate=48000 latency=0.0880 @ http://localhost:8770/index.js:451
[ 1596384ms] [LOG] MON 1 playing=false pos=0.000 stream_playing=false peak_db=-200.0 mix_rate=48000 latency=0.0880 @ http://localhost:8770/index.js:451
[ 1596633ms] [LOG] MON 1 playing=false pos=0.000 stream_playing=false peak_db=-200.0 mix_rate=48000 latency=0.0880 @ http://localhost:8770/index.js:451
[ 1596885ms] [LOG] MON 1 playing=false pos=0.000 stream_playing=false peak_db=-200.0 mix_rate=48000 latency=0.0880 @ http://localhost:8770/index.js:451
[ 1597136ms] [LOG] MON 1 playing=false pos=0.000 stream_playing=false peak_db=-200.0 mix_rate=48000 latency=0.0880 @ http://localhost:8770/index.js:451
[ 1597386ms] [LOG] MON 1 playing=false pos=0.000 stream_playing=false peak_db=-200.0 mix_rate=48000 latency=0.0880 @ http://localhost:8770/index.js:451
[ 1597636ms] [LOG] MON 1 playing=false pos=0.000 stream_playing=false peak_db=-200.0 mix_rate=48000 latency=0.0880 @ http://localhost:8770/index.js:451
[ 1597888ms] [LOG] MON 1 playing=false pos=0.000 stream_playing=false peak_db=-200.0 mix_rate=48000 latency=0.0880 @ http://localhost:8770/index.js:451
[ 1598138ms] [LOG] MON 1 playing=false pos=0.000 stream_playing=false peak_db=-200.0 mix_rate=48000 latency=0.0880 @ http://localhost:8770/index.js:451
[ 1598387ms] [LOG] MON 1 playing=false pos=0.000 stream_playing=false peak_db=-200.0 mix_rate=48000 latency=0.0880 @ http://localhost:8770/index.js:451
[ 2514265ms] [LOG] MON 1 playing=false pos=0.000 stream_playing=false peak_db=-200.0 mix_rate=48000 latency=0.0880 @ http://localhost:8770/index.js:451
[ 2514513ms] [LOG] MON 1 playing=false pos=0.000 stream_playing=false peak_db=-200.0 mix_rate=48000 latency=0.0880 @ http://localhost:8770/index.js:451
[ 2514761ms] [LOG] MON 1 playing=false pos=0.000 stream_playing=false peak_db=-200.0 mix_rate=48000 latency=0.0880 @ http://localhost:8770/index.js:451
[ 2515042ms] [LOG] MON 1 playing=false pos=0.000 stream_playing=false peak_db=-200.0 mix_rate=48000 latency=0.0880 @ http://localhost:8770/index.js:451
[ 2515277ms] [LOG] MON 1 playing=false pos=0.000 stream_playing=false peak_db=-200.0 mix_rate=48000 latency=0.0880 @ http://localhost:8770/index.js:451
[ 2515526ms] [LOG] MON 1 playing=false pos=0.000 stream_playing=false peak_db=-200.0 mix_rate=48000 latency=0.0880 @ http://localhost:8770/index.js:451
[ 2515797ms] [LOG] MON 1 playing=false pos=0.000 stream_playing=false peak_db=-200.0 mix_rate=48000 latency=0.0880 @ http://localhost:8770/index.js:451
[ 2516028ms] [LOG] MON 1 playing=false pos=0.000 stream_playing=false peak_db=-200.0 mix_rate=48000 latency=0.0880 @ http://localhost:8770/index.js:451
[ 2516533ms] [LOG] MON 1 playing=false pos=0.000 stream_playing=false peak_db=-200.0 mix_rate=48000 latency=0.0880 @ http://localhost:8770/index.js:451
[ 2516616ms] [LOG] MON 1 playing=false pos=0.000 stream_playing=false peak_db=-200.0 mix_rate=48000 latency=0.0880 @ http://localhost:8770/index.js:451
[ 2516967ms] [LOG] MON 1 playing=false pos=0.000 stream_playing=false peak_db=-200.0 mix_rate=48000 latency=0.0880 @ http://localhost:8770/index.js:451
[ 2517201ms] [LOG] MON 1 playing=false pos=0.000 stream_playing=false peak_db=-200.0 mix_rate=48000 latency=0.0880 @ http://localhost:8770/index.js:451
[ 2517450ms] [LOG] MON 1 playing=false pos=0.000 stream_playing=false peak_db=-200.0 mix_rate=48000 latency=0.0880 @ http://localhost:8770/index.js:451
[ 2517702ms] [LOG] MON 1 playing=false pos=0.000 stream_playing=false peak_db=-200.0 mix_rate=48000 latency=0.0880 @ http://localhost:8770/index.js:451
[ 2517951ms] [LOG] MON 1 playing=false pos=0.000 stream_playing=false peak_db=-200.0 mix_rate=48000 latency=0.0880 @ http://localhost:8770/index.js:451
[ 2518203ms] [LOG] MON 1 playing=false pos=0.000 stream_playing=false peak_db=-200.0 mix_rate=48000 latency=0.0880 @ http://localhost:8770/index.js:451
[ 2518451ms] [LOG] MON 1 playing=false pos=0.000 stream_playing=false peak_db=-200.0 mix_rate=48000 latency=0.0880 @ http://localhost:8770/index.js:451
[ 2518700ms] [LOG] MON 1 playing=false pos=0.000 stream_playing=false peak_db=-200.0 mix_rate=48000 latency=0.0880 @ http://localhost:8770/index.js:451
[ 2518950ms] [LOG] MON 1 playing=false pos=0.000 stream_playing=false peak_db=-200.0 mix_rate=48000 latency=0.0880 @ http://localhost:8770/index.js:451
[ 3456124ms] [LOG] MON 1 playing=false pos=0.000 stream_playing=false peak_db=-200.0 mix_rate=48000 latency=0.0880 @ http://localhost:8770/index.js:451
[ 3456248ms] [LOG] MON 1 playing=false pos=0.000 stream_playing=false peak_db=-200.0 mix_rate=48000 latency=0.0880 @ http://localhost:8770/index.js:451
[ 3456497ms] [LOG] MON 1 playing=false pos=0.000 stream_playing=false peak_db=-200.0 mix_rate=48000 latency=0.0880 @ http://localhost:8770/index.js:451
[ 3456747ms] [LOG] MON 1 playing=false pos=0.000 stream_playing=false peak_db=-200.0 mix_rate=48000 latency=0.0880 @ http://localhost:8770/index.js:451
[ 3456998ms] [LOG] MON 1 playing=false pos=0.000 stream_playing=false peak_db=-200.0 mix_rate=48000 latency=0.0880 @ http://localhost:8770/index.js:451
[ 3457249ms] [LOG] MON 1 playing=false pos=0.000 stream_playing=false peak_db=-200.0 mix_rate=48000 latency=0.0880 @ http://localhost:8770/index.js:451
[ 3457500ms] [LOG] MON 1 playing=false pos=0.000 stream_playing=false peak_db=-200.0 mix_rate=48000 latency=0.0880 @ http://localhost:8770/index.js:451
[ 3457749ms] [LOG] MON 1 playing=false pos=0.000 stream_playing=false peak_db=-200.0 mix_rate=48000 latency=0.0880 @ http://localhost:8770/index.js:451
[ 3457998ms] [LOG] MON 1 playing=false pos=0.000 stream_playing=false peak_db=-200.0 mix_rate=48000 latency=0.0880 @ http://localhost:8770/index.js:451
[ 3458247ms] [LOG] MON 1 playing=false pos=0.000 stream_playing=false peak_db=-200.0 mix_rate=48000 latency=0.0880 @ http://localhost:8770/index.js:451
[ 3458496ms] [LOG] MON 1 playing=false pos=0.000 stream_playing=false peak_db=-200.0 mix_rate=48000 latency=0.0880 @ http://localhost:8770/index.js:451
[ 3458748ms] [LOG] MON 1 playing=false pos=0.000 stream_playing=false peak_db=-200.0 mix_rate=48000 latency=0.0880 @ http://localhost:8770/index.js:451
[ 3458996ms] [LOG] MON 1 playing=false pos=0.000 stream_playing=false peak_db=-200.0 mix_rate=48000 latency=0.0880 @ http://localhost:8770/index.js:451
[ 3459247ms] [LOG] MON 1 playing=false pos=0.000 stream_playing=false peak_db=-200.0 mix_rate=48000 latency=0.0880 @ http://localhost:8770/index.js:451
[ 3459510ms] [LOG] MON 1 playing=false pos=0.000 stream_playing=false peak_db=-200.0 mix_rate=48000 latency=0.0880 @ http://localhost:8770/index.js:451
[ 3459753ms] [LOG] MON 1 playing=false pos=0.000 stream_playing=false peak_db=-200.0 mix_rate=48000 latency=0.0880 @ http://localhost:8770/index.js:451
[ 3459999ms] [LOG] MON 1 playing=false pos=0.000 stream_playing=false peak_db=-200.0 mix_rate=48000 latency=0.0880 @ http://localhost:8770/index.js:451
[ 3460247ms] [LOG] MON 1 playing=false pos=0.000 stream_playing=false peak_db=-200.0 mix_rate=48000 latency=0.0880 @ http://localhost:8770/index.js:451
[ 3460496ms] [LOG] MON 1 playing=false pos=0.000 stream_playing=false peak_db=-200.0 mix_rate=48000 latency=0.0880 @ http://localhost:8770/index.js:451
[ 3460735ms] [LOG] MON 1 playing=false pos=0.000 stream_playing=false peak_db=-200.0 mix_rate=48000 latency=0.0880 @ http://localhost:8770/index.js:451
[ 3460998ms] [LOG] MON 1 playing=false pos=0.000 stream_playing=false peak_db=-200.0 mix_rate=48000 latency=0.0880 @ http://localhost:8770/index.js:451
[ 4452097ms] [LOG] MON 1 playing=false pos=0.000 stream_playing=false peak_db=-200.0 mix_rate=48000 latency=0.0880 @ http://localhost:8770/index.js:451
[ 4452272ms] [LOG] MON 1 playing=false pos=0.000 stream_playing=false peak_db=-200.0 mix_rate=48000 latency=0.0880 @ http://localhost:8770/index.js:451
[ 4452514ms] [LOG] MON 1 playing=false pos=0.000 stream_playing=false peak_db=-200.0 mix_rate=48000 latency=0.0880 @ http://localhost:8770/index.js:451
[ 4452763ms] [LOG] MON 1 playing=false pos=0.000 stream_playing=false peak_db=-200.0 mix_rate=48000 latency=0.0880 @ http://localhost:8770/index.js:451
[ 4453013ms] [LOG] MON 1 playing=false pos=0.000 stream_playing=false peak_db=-200.0 mix_rate=48000 latency=0.0880 @ http://localhost:8770/index.js:451
[ 4453260ms] [LOG] MON 1 playing=false pos=0.000 stream_playing=false peak_db=-200.0 mix_rate=48000 latency=0.0880 @ http://localhost:8770/index.js:451
[ 4453510ms] [LOG] MON 1 playing=false pos=0.000 stream_playing=false peak_db=-200.0 mix_rate=48000 latency=0.0880 @ http://localhost:8770/index.js:451
[ 4453760ms] [LOG] MON 1 playing=false pos=0.000 stream_playing=false peak_db=-200.0 mix_rate=48000 latency=0.0880 @ http://localhost:8770/index.js:451
[ 4454009ms] [LOG] MON 1 playing=false pos=0.000 stream_playing=false peak_db=-200.0 mix_rate=48000 latency=0.0880 @ http://localhost:8770/index.js:451
[ 4454262ms] [LOG] MON 1 playing=false pos=0.000 stream_playing=false peak_db=-200.0 mix_rate=48000 latency=0.0880 @ http://localhost:8770/index.js:451
[ 4454509ms] [LOG] MON 1 playing=false pos=0.000 stream_playing=false peak_db=-200.0 mix_rate=48000 latency=0.0880 @ http://localhost:8770/index.js:451
[ 4454761ms] [LOG] MON 1 playing=false pos=0.000 stream_playing=false peak_db=-200.0 mix_rate=48000 latency=0.0880 @ http://localhost:8770/index.js:451
[ 4454994ms] [LOG] MON 1 playing=false pos=0.000 stream_playing=false peak_db=-200.0 mix_rate=48000 latency=0.0880 @ http://localhost:8770/index.js:451
[ 4455258ms] [LOG] MON 1 playing=false pos=0.000 stream_playing=false peak_db=-200.0 mix_rate=48000 latency=0.0880 @ http://localhost:8770/index.js:451
[ 4455507ms] [LOG] MON 1 playing=false pos=0.000 stream_playing=false peak_db=-200.0 mix_rate=48000 latency=0.0880 @ http://localhost:8770/index.js:451
[ 4455774ms] [LOG] MON 1 playing=false pos=0.000 stream_playing=false peak_db=-200.0 mix_rate=48000 latency=0.0880 @ http://localhost:8770/index.js:451
[ 4456008ms] [LOG] MON 1 playing=false pos=0.000 stream_playing=false peak_db=-200.0 mix_rate=48000 latency=0.0880 @ http://localhost:8770/index.js:451
[ 4456259ms] [LOG] MON 1 playing=false pos=0.000 stream_playing=false peak_db=-200.0 mix_rate=48000 latency=0.0880 @ http://localhost:8770/index.js:451
[ 4456510ms] [LOG] MON 1 playing=false pos=0.000 stream_playing=false peak_db=-200.0 mix_rate=48000 latency=0.0880 @ http://localhost:8770/index.js:451
[ 4456758ms] [LOG] MON 1 playing=false pos=0.000 stream_playing=false peak_db=-200.0 mix_rate=48000 latency=0.0880 @ http://localhost:8770/index.js:451
[ 4456995ms] [LOG] MON 1 playing=false pos=0.000 stream_playing=false peak_db=-200.0 mix_rate=48000 latency=0.0880 @ http://localhost:8770/index.js:451
[ 5386085ms] [LOG] MON 1 playing=false pos=0.000 stream_playing=false peak_db=-200.0 mix_rate=48000 latency=0.0880 @ http://localhost:8770/index.js:451
[ 5386282ms] [LOG] MON 1 playing=false pos=0.000 stream_playing=false peak_db=-200.0 mix_rate=48000 latency=0.0880 @ http://localhost:8770/index.js:451
[ 5386545ms] [LOG] MON 1 playing=false pos=0.000 stream_playing=false peak_db=-200.0 mix_rate=48000 latency=0.0880 @ http://localhost:8770/index.js:451
[ 5386801ms] [LOG] MON 1 playing=false pos=0.000 stream_playing=false peak_db=-200.0 mix_rate=48000 latency=0.0880 @ http://localhost:8770/index.js:451
[ 5387048ms] [LOG] MON 1 playing=false pos=0.000 stream_playing=false peak_db=-200.0 mix_rate=48000 latency=0.0880 @ http://localhost:8770/index.js:451
[ 5387297ms] [LOG] MON 1 playing=false pos=0.000 stream_playing=false peak_db=-200.0 mix_rate=48000 latency=0.0880 @ http://localhost:8770/index.js:451
[ 5387545ms] [LOG] MON 1 playing=false pos=0.000 stream_playing=false peak_db=-200.0 mix_rate=48000 latency=0.0880 @ http://localhost:8770/index.js:451
[ 5387797ms] [LOG] MON 1 playing=false pos=0.000 stream_playing=false peak_db=-200.0 mix_rate=48000 latency=0.0880 @ http://localhost:8770/index.js:451
[ 5388047ms] [LOG] MON 1 playing=false pos=0.000 stream_playing=false peak_db=-200.0 mix_rate=48000 latency=0.0880 @ http://localhost:8770/index.js:451
[ 5388296ms] [LOG] MON 1 playing=false pos=0.000 stream_playing=false peak_db=-200.0 mix_rate=48000 latency=0.0880 @ http://localhost:8770/index.js:451
[ 5388549ms] [LOG] MON 1 playing=false pos=0.000 stream_playing=false peak_db=-200.0 mix_rate=48000 latency=0.0880 @ http://localhost:8770/index.js:451
[ 5388797ms] [LOG] MON 1 playing=false pos=0.000 stream_playing=false peak_db=-200.0 mix_rate=48000 latency=0.0880 @ http://localhost:8770/index.js:451
[ 5389048ms] [LOG] MON 1 playing=false pos=0.000 stream_playing=false peak_db=-200.0 mix_rate=48000 latency=0.0880 @ http://localhost:8770/index.js:451
[ 5389296ms] [LOG] MON 1 playing=false pos=0.000 stream_playing=false peak_db=-200.0 mix_rate=48000 latency=0.0880 @ http://localhost:8770/index.js:451
[ 5389545ms] [LOG] MON 1 playing=false pos=0.000 stream_playing=false peak_db=-200.0 mix_rate=48000 latency=0.0880 @ http://localhost:8770/index.js:451
[ 5389797ms] [LOG] MON 1 playing=false pos=0.000 stream_playing=false peak_db=-200.0 mix_rate=48000 latency=0.0880 @ http://localhost:8770/index.js:451
[ 5390046ms] [LOG] MON 1 playing=false pos=0.000 stream_playing=false peak_db=-200.0 mix_rate=48000 latency=0.0880 @ http://localhost:8770/index.js:451
[ 5390305ms] [LOG] MON 1 playing=false pos=0.000 stream_playing=false peak_db=-200.0 mix_rate=48000 latency=0.0880 @ http://localhost:8770/index.js:451
[ 5390547ms] [LOG] MON 1 playing=false pos=0.000 stream_playing=false peak_db=-200.0 mix_rate=48000 latency=0.0880 @ http://localhost:8770/index.js:451
[ 5390798ms] [LOG] MON 1 playing=false pos=0.000 stream_playing=false peak_db=-200.0 mix_rate=48000 latency=0.0880 @ http://localhost:8770/index.js:451
[ 5391033ms] [LOG] MON 1 playing=false pos=0.000 stream_playing=false peak_db=-200.0 mix_rate=48000 latency=0.0880 @ http://localhost:8770/index.js:451
[ 5391299ms] [LOG] MON 1 playing=false pos=0.000 stream_playing=false peak_db=-200.0 mix_rate=48000 latency=0.0880 @ http://localhost:8770/index.js:451
[ 6428121ms] [LOG] MON 1 playing=false pos=0.000 stream_playing=false peak_db=-200.0 mix_rate=48000 latency=0.0880 @ http://localhost:8770/index.js:451
[ 6428361ms] [LOG] MON 1 playing=false pos=0.000 stream_playing=false peak_db=-200.0 mix_rate=48000 latency=0.0880 @ http://localhost:8770/index.js:451
[ 6428624ms] [LOG] MON 1 playing=false pos=0.000 stream_playing=false peak_db=-200.0 mix_rate=48000 latency=0.0880 @ http://localhost:8770/index.js:451
[ 6428874ms] [LOG] MON 1 playing=false pos=0.000 stream_playing=false peak_db=-200.0 mix_rate=48000 latency=0.0880 @ http://localhost:8770/index.js:451
[ 6429123ms] [LOG] MON 1 playing=false pos=0.000 stream_playing=false peak_db=-200.0 mix_rate=48000 latency=0.0880 @ http://localhost:8770/index.js:451
[ 6429374ms] [LOG] MON 1 playing=false pos=0.000 stream_playing=false peak_db=-200.0 mix_rate=48000 latency=0.0880 @ http://localhost:8770/index.js:451
[ 6429624ms] [LOG] MON 1 playing=false pos=0.000 stream_playing=false peak_db=-200.0 mix_rate=48000 latency=0.0880 @ http://localhost:8770/index.js:451
[ 6429872ms] [LOG] MON 1 playing=false pos=0.000 stream_playing=false peak_db=-200.0 mix_rate=48000 latency=0.0880 @ http://localhost:8770/index.js:451
[ 6430127ms] [LOG] MON 1 playing=false pos=0.000 stream_playing=false peak_db=-200.0 mix_rate=48000 latency=0.0880 @ http://localhost:8770/index.js:451
[ 6430371ms] [LOG] MON 1 playing=false pos=0.000 stream_playing=false peak_db=-200.0 mix_rate=48000 latency=0.0880 @ http://localhost:8770/index.js:451
[ 6430682ms] [LOG] MON 1 playing=false pos=0.000 stream_playing=false peak_db=-200.0 mix_rate=48000 latency=0.0880 @ http://localhost:8770/index.js:451
[ 6430943ms] [LOG] MON 1 playing=false pos=0.000 stream_playing=false peak_db=-200.0 mix_rate=48000 latency=0.0880 @ http://localhost:8770/index.js:451
[ 6431180ms] [LOG] MON 1 playing=false pos=0.000 stream_playing=false peak_db=-200.0 mix_rate=48000 latency=0.0880 @ http://localhost:8770/index.js:451
[ 6431430ms] [LOG] MON 1 playing=false pos=0.000 stream_playing=false peak_db=-200.0 mix_rate=48000 latency=0.0880 @ http://localhost:8770/index.js:451
[ 6431691ms] [LOG] MON 1 playing=false pos=0.000 stream_playing=false peak_db=-200.0 mix_rate=48000 latency=0.0880 @ http://localhost:8770/index.js:451
[ 6431930ms] [LOG] MON 1 playing=false pos=0.000 stream_playing=false peak_db=-200.0 mix_rate=48000 latency=0.0880 @ http://localhost:8770/index.js:451
[ 6432180ms] [LOG] MON 1 playing=false pos=0.000 stream_playing=false peak_db=-200.0 mix_rate=48000 latency=0.0880 @ http://localhost:8770/index.js:451
[ 6432434ms] [LOG] MON 1 playing=false pos=0.000 stream_playing=false peak_db=-200.0 mix_rate=48000 latency=0.0880 @ http://localhost:8770/index.js:451
[ 6432680ms] [LOG] MON 1 playing=false pos=0.000 stream_playing=false peak_db=-200.0 mix_rate=48000 latency=0.0880 @ http://localhost:8770/index.js:451
[ 6432932ms] [LOG] MON 1 playing=false pos=0.000 stream_playing=false peak_db=-200.0 mix_rate=48000 latency=0.0880 @ http://localhost:8770/index.js:451
[ 6433179ms] [LOG] MON 1 playing=false pos=0.000 stream_playing=false peak_db=-200.0 mix_rate=48000 latency=0.0880 @ http://localhost:8770/index.js:451
[ 7343193ms] [LOG] MON 1 playing=false pos=0.000 stream_playing=false peak_db=-200.0 mix_rate=48000 latency=0.0880 @ http://localhost:8770/index.js:451
[ 7343430ms] [LOG] MON 1 playing=false pos=0.000 stream_playing=false peak_db=-200.0 mix_rate=48000 latency=0.0880 @ http://localhost:8770/index.js:451
[ 7343679ms] [LOG] MON 1 playing=false pos=0.000 stream_playing=false peak_db=-200.0 mix_rate=48000 latency=0.0880 @ http://localhost:8770/index.js:451
[ 7343928ms] [LOG] MON 1 playing=false pos=0.000 stream_playing=false peak_db=-200.0 mix_rate=48000 latency=0.0880 @ http://localhost:8770/index.js:451
[ 7344179ms] [LOG] MON 1 playing=false pos=0.000 stream_playing=false peak_db=-200.0 mix_rate=48000 latency=0.0880 @ http://localhost:8770/index.js:451
[ 7344429ms] [LOG] MON 1 playing=false pos=0.000 stream_playing=false peak_db=-200.0 mix_rate=48000 latency=0.0880 @ http://localhost:8770/index.js:451
[ 7344679ms] [LOG] MON 1 playing=false pos=0.000 stream_playing=false peak_db=-200.0 mix_rate=48000 latency=0.0880 @ http://localhost:8770/index.js:451
[ 7344932ms] [LOG] MON 1 playing=false pos=0.000 stream_playing=false peak_db=-200.0 mix_rate=48000 latency=0.0880 @ http://localhost:8770/index.js:451
[ 7345181ms] [LOG] MON 1 playing=false pos=0.000 stream_playing=false peak_db=-200.0 mix_rate=48000 latency=0.0880 @ http://localhost:8770/index.js:451
[ 7345429ms] [LOG] MON 1 playing=false pos=0.000 stream_playing=false peak_db=-200.0 mix_rate=48000 latency=0.0880 @ http://localhost:8770/index.js:451
[ 7345679ms] [LOG] MON 1 playing=false pos=0.000 stream_playing=false peak_db=-200.0 mix_rate=48000 latency=0.0880 @ http://localhost:8770/index.js:451
[ 7345944ms] [LOG] MON 1 playing=false pos=0.000 stream_playing=false peak_db=-200.0 mix_rate=48000 latency=0.0880 @ http://localhost:8770/index.js:451
[ 7346193ms] [LOG] MON 1 playing=false pos=0.000 stream_playing=false peak_db=-200.0 mix_rate=48000 latency=0.0880 @ http://localhost:8770/index.js:451
[ 7346446ms] [LOG] MON 1 playing=false pos=0.000 stream_playing=false peak_db=-200.0 mix_rate=48000 latency=0.0880 @ http://localhost:8770/index.js:451
[ 7346696ms] [LOG] MON 1 playing=false pos=0.000 stream_playing=false peak_db=-200.0 mix_rate=48000 latency=0.0880 @ http://localhost:8770/index.js:451
[ 7346946ms] [LOG] MON 1 playing=false pos=0.000 stream_playing=false peak_db=-200.0 mix_rate=48000 latency=0.0880 @ http://localhost:8770/index.js:451
[ 7347197ms] [LOG] MON 1 playing=false pos=0.000 stream_playing=false peak_db=-200.0 mix_rate=48000 latency=0.0880 @ http://localhost:8770/index.js:451
[ 7347447ms] [LOG] MON 1 playing=false pos=0.000 stream_playing=false peak_db=-200.0 mix_rate=48000 latency=0.0880 @ http://localhost:8770/index.js:451
[ 7347701ms] [LOG] MON 1 playing=false pos=0.000 stream_playing=false peak_db=-200.0 mix_rate=48000 latency=0.0880 @ http://localhost:8770/index.js:451
[ 7347949ms] [LOG] MON 1 playing=false pos=0.000 stream_playing=false peak_db=-200.0 mix_rate=48000 latency=0.0880 @ http://localhost:8770/index.js:451
[ 7348203ms] [LOG] MON 1 playing=false pos=0.000 stream_playing=false peak_db=-200.0 mix_rate=48000 latency=0.0880 @ http://localhost:8770/index.js:451
[ 7348450ms] [LOG] MON 1 playing=false pos=0.000 stream_playing=false peak_db=-200.0 mix_rate=48000 latency=0.0880 @ http://localhost:8770/index.js:451
[ 7348685ms] [LOG] MON 1 playing=false pos=0.000 stream_playing=false peak_db=-200.0 mix_rate=48000 latency=0.0880 @ http://localhost:8770/index.js:451
[ 7348935ms] [LOG] MON 1 playing=false pos=0.000 stream_playing=false peak_db=-200.0 mix_rate=48000 latency=0.0880 @ http://localhost:8770/index.js:451
[ 7349199ms] [LOG] MON 1 playing=false pos=0.000 stream_playing=false peak_db=-200.0 mix_rate=48000 latency=0.0880 @ http://localhost:8770/index.js:451
[ 7349450ms] [LOG] MON 1 playing=false pos=0.000 stream_playing=false peak_db=-200.0 mix_rate=48000 latency=0.0880 @ http://localhost:8770/index.js:451
[ 7349719ms] [LOG] MON 1 playing=false pos=0.000 stream_playing=false peak_db=-200.0 mix_rate=48000 latency=0.0880 @ http://localhost:8770/index.js:451
[ 7349954ms] [LOG] MON 1 playing=false pos=0.000 stream_playing=false peak_db=-200.0 mix_rate=48000 latency=0.0880 @ http://localhost:8770/index.js:451
[ 7350200ms] [LOG] MON 1 playing=false pos=0.000 stream_playing=false peak_db=-200.0 mix_rate=48000 latency=0.0880 @ http://localhost:8770/index.js:451
[ 7350472ms] [LOG] MON 1 playing=false pos=0.000 stream_playing=false peak_db=-200.0 mix_rate=48000 latency=0.0880 @ http://localhost:8770/index.js:451
[ 7350720ms] [LOG] MON 1 playing=false pos=0.000 stream_playing=false peak_db=-200.0 mix_rate=48000 latency=0.0880 @ http://localhost:8770/index.js:451
[ 7350971ms] [LOG] MON 1 playing=false pos=0.000 stream_playing=false peak_db=-200.0 mix_rate=48000 latency=0.0880 @ http://localhost:8770/index.js:451
[ 7351204ms] [LOG] MON 1 playing=false pos=0.000 stream_playing=false peak_db=-200.0 mix_rate=48000 latency=0.0880 @ http://localhost:8770/index.js:451
[ 7351454ms] [LOG] MON 1 playing=false pos=0.000 stream_playing=false peak_db=-200.0 mix_rate=48000 latency=0.0880 @ http://localhost:8770/index.js:451
[ 7351706ms] [LOG] MON 1 playing=false pos=0.000 stream_playing=false peak_db=-200.0 mix_rate=48000 latency=0.0880 @ http://localhost:8770/index.js:451
[ 7351955ms] [LOG] MON 1 playing=false pos=0.000 stream_playing=false peak_db=-200.0 mix_rate=48000 latency=0.0880 @ http://localhost:8770/index.js:451
[ 7352206ms] [LOG] MON 1 playing=false pos=0.000 stream_playing=false peak_db=-200.0 mix_rate=48000 latency=0.0880 @ http://localhost:8770/index.js:451
[ 7352462ms] [LOG] MON 1 playing=false pos=0.000 stream_playing=false peak_db=-200.0 mix_rate=48000 latency=0.0880 @ http://localhost:8770/index.js:451
[ 7352688ms] [LOG] MON 1 playing=false pos=0.000 stream_playing=false peak_db=-200.0 mix_rate=48000 latency=0.0880 @ http://localhost:8770/index.js:451
[ 7352956ms] [LOG] MON 1 playing=false pos=0.000 stream_playing=false peak_db=-200.0 mix_rate=48000 latency=0.0880 @ http://localhost:8770/index.js:451
[ 7353211ms] [LOG] MON 1 playing=false pos=0.000 stream_playing=false peak_db=-200.0 mix_rate=48000 latency=0.0880 @ http://localhost:8770/index.js:451
[ 7353456ms] [LOG] MON 1 playing=false pos=0.000 stream_playing=false peak_db=-200.0 mix_rate=48000 latency=0.0880 @ http://localhost:8770/index.js:451
[ 7353708ms] [LOG] MON 1 playing=false pos=0.000 stream_playing=false peak_db=-200.0 mix_rate=48000 latency=0.0880 @ http://localhost:8770/index.js:451
[ 7353957ms] [LOG] MON 1 playing=false pos=0.000 stream_playing=false peak_db=-200.0 mix_rate=48000 latency=0.0880 @ http://localhost:8770/index.js:451
[ 7354213ms] [LOG] MON 1 playing=false pos=0.000 stream_playing=false peak_db=-200.0 mix_rate=48000 latency=0.0880 @ http://localhost:8770/index.js:451
[ 7354580ms] [LOG] MON 1 playing=false pos=0.000 stream_playing=false peak_db=-200.0 mix_rate=48000 latency=0.0880 @ http://localhost:8770/index.js:451
[ 7354708ms] [LOG] MON 1 playing=false pos=0.000 stream_playing=false peak_db=-200.0 mix_rate=48000 latency=0.0880 @ http://localhost:8770/index.js:451
[ 7354958ms] [LOG] MON 1 playing=false pos=0.000 stream_playing=false peak_db=-200.0 mix_rate=48000 latency=0.0880 @ http://localhost:8770/index.js:451
[ 7355211ms] [LOG] MON 1 playing=false pos=0.000 stream_playing=false peak_db=-200.0 mix_rate=48000 latency=0.0880 @ http://localhost:8770/index.js:451
[ 7948622ms] [LOG] MON 1 playing=false pos=0.000 stream_playing=false peak_db=-200.0 mix_rate=48000 latency=0.0880 @ http://localhost:8770/index.js:451
[ 7948787ms] [LOG] MON 1 playing=false pos=0.000 stream_playing=false peak_db=-200.0 mix_rate=48000 latency=0.0880 @ http://localhost:8770/index.js:451
[ 7949036ms] [LOG] MON 1 playing=false pos=0.000 stream_playing=false peak_db=-200.0 mix_rate=48000 latency=0.0880 @ http://localhost:8770/index.js:451
[ 7949270ms] [LOG] MON 1 playing=false pos=0.000 stream_playing=false peak_db=-200.0 mix_rate=48000 latency=0.0880 @ http://localhost:8770/index.js:451
