[     534ms] [WARNING] <meta name="apple-mobile-web-app-capable" content="yes"> is deprecated. Please include <meta name="mobile-web-app-capable" content="yes"> @ http://localhost:8771/:0
[    1714ms] [LOG] Godot Engine v4.6.3.stable.official.7d41c59c4 - https://godotengine.org @ http://localhost:8771/index.js:451
[    2506ms] [LOG] OpenGL API OpenGL ES 3.0 (WebGL 2.0 (OpenGL ES 3.0 Chromium)) - Compatibility - Using Device: WebKit - WebKit WebGL @ http://localhost:8771/index.js:451
[    3030ms] [LOG] Build configuration: Emscripten 4.0.20, single-threaded, no GDExtension support. @ http://localhost:8771/index.js:451
[   74644ms] [LOG] TEST: click -> play_audio PCM file @ http://localhost:8771/index.js:451
[   74650ms] [LOG] VARIANT B: player created lazily @ http://localhost:8771/index.js:451
[   74878ms] [LOG] MON 1 playing=true pos=0.003 stream_playing=true peak_db=-200.0 mix_rate=48000 latency=0.0880 @ http://localhost:8771/index.js:451
[   75125ms] [LOG] MON 1 playing=true pos=0.003 stream_playing=true peak_db=-200.0 mix_rate=48000 latency=0.0880 @ http://localhost:8771/index.js:451
[   75376ms] [LOG] MON 1 playing=true pos=0.003 stream_playing=true peak_db=-200.0 mix_rate=48000 latency=0.0880 @ http://localhost:8771/index.js:451
[   75627ms] [LOG] MON 1 playing=true pos=0.003 stream_playing=true peak_db=-200.0 mix_rate=48000 latency=0.0880 @ http://localhost:8771/index.js:451
[   75877ms] [LOG] MON 1 playing=false pos=0.000 stream_playing=false peak_db=-200.0 mix_rate=48000 latency=0.0880 @ http://localhost:8771/index.js:451
[   76125ms] [LOG] MON 1 playing=false pos=0.000 stream_playing=false peak_db=-200.0 mix_rate=48000 latency=0.0880 @ http://localhost:8771/index.js:451
[   76376ms] [LOG] MON 1 playing=false pos=0.000 stream_playing=false peak_db=-200.0 mix_rate=48000 latency=0.0880 @ http://localhost:8771/index.js:451
[   76626ms] [LOG] MON 1 playing=false pos=0.000 stream_playing=false peak_db=-200.0 mix_rate=48000 latency=0.0880 @ http://localhost:8771/index.js:451
[   76877ms] [LOG] MON 1 playing=false pos=0.000 stream_playing=false peak_db=-200.0 mix_rate=48000 latency=0.0880 @ http://localhost:8771/index.js:451
[   77125ms] [LOG] MON 1 playing=false pos=0.000 stream_playing=false peak_db=-200.0 mix_rate=48000 latency=0.0880 @ http://localhost:8771/index.js:451
[   77375ms] [LOG] MON 1 playing=false pos=0.000 stream_playing=false peak_db=-200.0 mix_rate=48000 latency=0.0880 @ http://localhost:8771/index.js:451
[   77625ms] [LOG] MON 1 playing=false pos=0.000 stream_playing=false peak_db=-200.0 mix_rate=48000 latency=0.0880 @ http://localhost:8771/index.js:451
[   77876ms] [LOG] MON 1 playing=false pos=0.000 stream_playing=false peak_db=-200.0 mix_rate=48000 latency=0.0880 @ http://localhost:8771/index.js:451
[   78125ms] [LOG] MON 1 playing=false pos=0.000 stream_playing=false peak_db=-200.0 mix_rate=48000 latency=0.0880 @ http://localhost:8771/index.js:451
[   78376ms] [LOG] MON 1 playing=false pos=0.000 stream_playing=false peak_db=-200.0 mix_rate=48000 latency=0.0880 @ http://localhost:8771/index.js:451
[   78626ms] [LOG] MON 1 playing=false pos=0.000 stream_playing=false peak_db=-200.0 mix_rate=48000 latency=0.0880 @ http://localhost:8771/index.js:451
[   78876ms] [LOG] MON 1 playing=false pos=0.000 stream_playing=false peak_db=-200.0 mix_rate=48000 latency=0.0880 @ http://localhost:8771/index.js:451
[   79125ms] [LOG] MON 1 playing=false pos=0.000 stream_playing=false peak_db=-200.0 mix_rate=48000 latency=0.0880 @ http://localhost:8771/index.js:451
[   79375ms] [LOG] MON 1 playing=false pos=0.000 stream_playing=false peak_db=-200.0 mix_rate=48000 latency=0.0880 @ http://localhost:8771/index.js:451
[   79625ms] [LOG] MON 1 playing=false pos=0.000 stream_playing=false peak_db=-200.0 mix_rate=48000 latency=0.0880 @ http://localhost:8771/index.js:451
[   79876ms] [LOG] MON 1 playing=false pos=0.000 stream_playing=false peak_db=-200.0 mix_rate=48000 latency=0.0880 @ http://localhost:8771/index.js:451
[   80126ms] [LOG] MON 1 playing=false pos=0.000 stream_playing=false peak_db=-200.0 mix_rate=48000 latency=0.0880 @ http://localhost:8771/index.js:451
[   80376ms] [LOG] MON 1 playing=false pos=0.000 stream_playing=false peak_db=-200.0 mix_rate=48000 latency=0.0880 @ http://localhost:8771/index.js:451
[   80626ms] [LOG] MON 1 playing=false pos=0.000 stream_playing=false peak_db=-200.0 mix_rate=48000 latency=0.0880 @ http://localhost:8771/index.js:451
[   80875ms] [LOG] MON 1 playing=false pos=0.000 stream_playing=false peak_db=-200.0 mix_rate=48000 latency=0.0880 @ http://localhost:8771/index.js:451
[   81125ms] [LOG] MON 1 playing=false pos=0.000 stream_playing=false peak_db=-200.0 mix_rate=48000 latency=0.0880 @ http://localhost:8771/index.js:451
[   81376ms] [LOG] MON 1 playing=false pos=0.000 stream_playing=false peak_db=-200.0 mix_rate=48000 latency=0.0880 @ http://localhost:8771/index.js:451
[   81625ms] [LOG] MON 1 playing=false pos=0.000 stream_playing=false peak_db=-200.0 mix_rate=48000 latency=0.0880 @ http://localhost:8771/index.js:451
[   81876ms] [LOG] MON 1 playing=false pos=0.000 stream_playing=false peak_db=-200.0 mix_rate=48000 latency=0.0880 @ http://localhost:8771/index.js:451
[   82125ms] [LOG] MON 1 playing=false pos=0.000 stream_playing=false peak_db=-200.0 mix_rate=48000 latency=0.0880 @ http://localhost:8771/index.js:451
[   82377ms] [LOG] MON 1 playing=false pos=0.000 stream_playing=false peak_db=-200.0 mix_rate=48000 latency=0.0880 @ http://localhost:8771/index.js:451
[   82625ms] [LOG] MON 1 playing=false pos=0.000 stream_playing=false peak_db=-200.0 mix_rate=48000 latency=0.0880 @ http://localhost:8771/index.js:451
[   82876ms] [LOG] MON 1 playing=false pos=0.000 stream_playing=false peak_db=-200.0 mix_rate=48000 latency=0.0880 @ http://localhost:8771/index.js:451
[   83125ms] [LOG] MON 1 playing=false pos=0.000 stream_playing=false peak_db=-200.0 mix_rate=48000 latency=0.0880 @ http://localhost:8771/index.js:451
[   83375ms] [LOG] MON 1 playing=false pos=0.000 stream_playing=false peak_db=-200.0 mix_rate=48000 latency=0.0880 @ http://localhost:8771/index.js:451
[   83627ms] [LOG] MON 1 playing=false pos=0.000 stream_playing=false peak_db=-200.0 mix_rate=48000 latency=0.0880 @ http://localhost:8771/index.js:451
[   83877ms] [LOG] MON 1 playing=false pos=0.000 stream_playing=false peak_db=-200.0 mix_rate=48000 latency=0.0880 @ http://localhost:8771/index.js:451
[   84127ms] [LOG] MON 1 playing=false pos=0.000 stream_playing=false peak_db=-200.0 mix_rate=48000 latency=0.0880 @ http://localhost:8771/index.js:451
[   84378ms] [LOG] MON 1 playing=false pos=0.000 stream_playing=false peak_db=-200.0 mix_rate=48000 latency=0.0880 @ http://localhost:8771/index.js:451
[   84627ms] [LOG] MON 1 playing=false pos=0.000 stream_playing=false peak_db=-200.0 mix_rate=48000 latency=0.0880 @ http://localhost:8771/index.js:451
[   84877ms] [LOG] MON 1 playing=false pos=0.000 stream_playing=false peak_db=-200.0 mix_rate=48000 latency=0.0880 @ http://localhost:8771/index.js:451
[   85127ms] [LOG] MON 1 playing=false pos=0.000 stream_playing=false peak_db=-200.0 mix_rate=48000 latency=0.0880 @ http://localhost:8771/index.js:451
[   85377ms] [LOG] MON 1 playing=false pos=0.000 stream_playing=false peak_db=-200.0 mix_rate=48000 latency=0.0880 @ http://localhost:8771/index.js:451
[   85627ms] [LOG] MON 1 playing=false pos=0.000 stream_playing=false peak_db=-200.0 mix_rate=48000 latency=0.0880 @ http://localhost:8771/index.js:451
[   85876ms] [LOG] MON 1 playing=false pos=0.000 stream_playing=false peak_db=-200.0 mix_rate=48000 latency=0.0880 @ http://localhost:8771/index.js:451
[   86127ms] [LOG] MON 1 playing=false pos=0.000 stream_playing=false peak_db=-200.0 mix_rate=48000 latency=0.0880 @ http://localhost:8771/index.js:451
[   86379ms] [LOG] MON 1 playing=false pos=0.000 stream_playing=false peak_db=-200.0 mix_rate=48000 latency=0.0880 @ http://localhost:8771/index.js:451
[   86638ms] [LOG] MON 1 playing=false pos=0.000 stream_playing=false peak_db=-200.0 mix_rate=48000 latency=0.0880 @ http://localhost:8771/index.js:451
[   86877ms] [LOG] MON 1 playing=false pos=0.000 stream_playing=false peak_db=-200.0 mix_rate=48000 latency=0.0880 @ http://localhost:8771/index.js:451
[   87127ms] [LOG] MON 1 playing=false pos=0.000 stream_playing=false peak_db=-200.0 mix_rate=48000 latency=0.0880 @ http://localhost:8771/index.js:451
[   87377ms] [LOG] MON 1 playing=false pos=0.000 stream_playing=false peak_db=-200.0 mix_rate=48000 latency=0.0880 @ http://localhost:8771/index.js:451
[   87627ms] [LOG] MON 1 playing=false pos=0.000 stream_playing=false peak_db=-200.0 mix_rate=48000 latency=0.0880 @ http://localhost:8771/index.js:451
[   87876ms] [LOG] MON 1 playing=false pos=0.000 stream_playing=false peak_db=-200.0 mix_rate=48000 latency=0.0880 @ http://localhost:8771/index.js:451
[   88126ms] [LOG] MON 1 playing=false pos=0.000 stream_playing=false peak_db=-200.0 mix_rate=48000 latency=0.0880 @ http://localhost:8771/index.js:451
[   88377ms] [LOG] MON 1 playing=false pos=0.000 stream_playing=false peak_db=-200.0 mix_rate=48000 latency=0.0880 @ http://localhost:8771/index.js:451
[   88627ms] [LOG] MON 1 playing=false pos=0.000 stream_playing=false peak_db=-200.0 mix_rate=48000 latency=0.0880 @ http://localhost:8771/index.js:451
[   88877ms] [LOG] MON 1 playing=false pos=0.000 stream_playing=false peak_db=-200.0 mix_rate=48000 latency=0.0880 @ http://localhost:8771/index.js:451
[   89126ms] [LOG] MON 1 playing=false pos=0.000 stream_playing=false peak_db=-200.0 mix_rate=48000 latency=0.0880 @ http://localhost:8771/index.js:451
[   89376ms] [LOG] MON 1 playing=false pos=0.000 stream_playing=false peak_db=-200.0 mix_rate=48000 latency=0.0880 @ http://localhost:8771/index.js:451
[   89626ms] [LOG] MON 1 playing=false pos=0.000 stream_playing=false peak_db=-200.0 mix_rate=48000 latency=0.0880 @ http://localhost:8771/index.js:451
[   89876ms] [LOG] MON 1 playing=false pos=0.000 stream_playing=false peak_db=-200.0 mix_rate=48000 latency=0.0880 @ http://localhost:8771/index.js:451
[   90127ms] [LOG] MON 1 playing=false pos=0.000 stream_playing=false peak_db=-200.0 mix_rate=48000 latency=0.0880 @ http://localhost:8771/index.js:451
[   90378ms] [LOG] MON 1 playing=false pos=0.000 stream_playing=false peak_db=-200.0 mix_rate=48000 latency=0.0880 @ http://localhost:8771/index.js:451
[   90628ms] [LOG] MON 1 playing=false pos=0.000 stream_playing=false peak_db=-200.0 mix_rate=48000 latency=0.0880 @ http://localhost:8771/index.js:451
[   90879ms] [LOG] MON 1 playing=false pos=0.000 stream_playing=false peak_db=-200.0 mix_rate=48000 latency=0.0880 @ http://localhost:8771/index.js:451
[   91130ms] [LOG] MON 1 playing=false pos=0.000 stream_playing=false peak_db=-200.0 mix_rate=48000 latency=0.0880 @ http://localhost:8771/index.js:451
[   91377ms] [LOG] MON 1 playing=false pos=0.000 stream_playing=false peak_db=-200.0 mix_rate=48000 latency=0.0880 @ http://localhost:8771/index.js:451
[   91627ms] [LOG] MON 1 playing=false pos=0.000 stream_playing=false peak_db=-200.0 mix_rate=48000 latency=0.0880 @ http://localhost:8771/index.js:451
[   91876ms] [LOG] MON 1 playing=false pos=0.000 stream_playing=false peak_db=-200.0 mix_rate=48000 latency=0.0880 @ http://localhost:8771/index.js:451
[   92127ms] [LOG] MON 1 playing=false pos=0.000 stream_playing=false peak_db=-200.0 mix_rate=48000 latency=0.0880 @ http://localhost:8771/index.js:451
[   92378ms] [LOG] MON 1 playing=false pos=0.000 stream_playing=false peak_db=-200.0 mix_rate=48000 latency=0.0880 @ http://localhost:8771/index.js:451
[   92628ms] [LOG] MON 1 playing=false pos=0.000 stream_playing=false peak_db=-200.0 mix_rate=48000 latency=0.0880 @ http://localhost:8771/index.js:451
[   92883ms] [LOG] MON 1 playing=false pos=0.000 stream_playing=false peak_db=-200.0 mix_rate=48000 latency=0.0880 @ http://localhost:8771/index.js:451
[   93126ms] [LOG] MON 1 playing=false pos=0.000 stream_playing=false peak_db=-200.0 mix_rate=48000 latency=0.0880 @ http://localhost:8771/index.js:451
[   93378ms] [LOG] MON 1 playing=false pos=0.000 stream_playing=false peak_db=-200.0 mix_rate=48000 latency=0.0880 @ http://localhost:8771/index.js:451
[   93626ms] [LOG] MON 1 playing=false pos=0.000 stream_playing=false peak_db=-200.0 mix_rate=48000 latency=0.0880 @ http://localhost:8771/index.js:451
[   93875ms] [LOG] MON 1 playing=false pos=0.000 stream_playing=false peak_db=-200.0 mix_rate=48000 latency=0.0880 @ http://localhost:8771/index.js:451
[   94177ms] [LOG] MON 1 playing=false pos=0.000 stream_playing=false peak_db=-200.0 mix_rate=48000 latency=0.0880 @ http://localhost:8771/index.js:451
[   94379ms] [LOG] MON 1 playing=false pos=0.000 stream_playing=false peak_db=-200.0 mix_rate=48000 latency=0.0880 @ http://localhost:8771/index.js:451
[   94648ms] [LOG] MON 1 playing=false pos=0.000 stream_playing=false peak_db=-200.0 mix_rate=48000 latency=0.0880 @ http://localhost:8771/index.js:451
[   94893ms] [LOG] MON 1 playing=false pos=0.000 stream_playing=false peak_db=-200.0 mix_rate=48000 latency=0.0880 @ http://localhost:8771/index.js:451
[   95143ms] [LOG] MON 1 playing=false pos=0.000 stream_playing=false peak_db=-200.0 mix_rate=48000 latency=0.0880 @ http://localhost:8771/index.js:451
[   95389ms] [LOG] MON 1 playing=false pos=0.000 stream_playing=false peak_db=-200.0 mix_rate=48000 latency=0.0880 @ http://localhost:8771/index.js:451
[   95644ms] [LOG] MON 1 playing=false pos=0.000 stream_playing=false peak_db=-200.0 mix_rate=48000 latency=0.0880 @ http://localhost:8771/index.js:451
[   95895ms] [LOG] MON 1 playing=false pos=0.000 stream_playing=false peak_db=-200.0 mix_rate=48000 latency=0.0880 @ http://localhost:8771/index.js:451
[   96143ms] [LOG] MON 1 playing=false pos=0.000 stream_playing=false peak_db=-200.0 mix_rate=48000 latency=0.0880 @ http://localhost:8771/index.js:451
[   96394ms] [LOG] MON 1 playing=false pos=0.000 stream_playing=false peak_db=-200.0 mix_rate=48000 latency=0.0880 @ http://localhost:8771/index.js:451
[   96642ms] [LOG] MON 1 playing=false pos=0.000 stream_playing=false peak_db=-200.0 mix_rate=48000 latency=0.0880 @ http://localhost:8771/index.js:451
[   96894ms] [LOG] MON 1 playing=false pos=0.000 stream_playing=false peak_db=-200.0 mix_rate=48000 latency=0.0880 @ http://localhost:8771/index.js:451
[   97143ms] [LOG] MON 1 playing=false pos=0.000 stream_playing=false peak_db=-200.0 mix_rate=48000 latency=0.0880 @ http://localhost:8771/index.js:451
[   97392ms] [LOG] MON 1 playing=false pos=0.000 stream_playing=false peak_db=-200.0 mix_rate=48000 latency=0.0880 @ http://localhost:8771/index.js:451
[   97643ms] [LOG] MON 1 playing=false pos=0.000 stream_playing=false peak_db=-200.0 mix_rate=48000 latency=0.0880 @ http://localhost:8771/index.js:451
[   97893ms] [LOG] MON 1 playing=false pos=0.000 stream_playing=false peak_db=-200.0 mix_rate=48000 latency=0.0880 @ http://localhost:8771/index.js:451
[   98143ms] [LOG] MON 1 playing=false pos=0.000 stream_playing=false peak_db=-200.0 mix_rate=48000 latency=0.0880 @ http://localhost:8771/index.js:451
[   98392ms] [LOG] MON 1 playing=false pos=0.000 stream_playing=false peak_db=-200.0 mix_rate=48000 latency=0.0880 @ http://localhost:8771/index.js:451
[   98642ms] [LOG] MON 1 playing=false pos=0.000 stream_playing=false peak_db=-200.0 mix_rate=48000 latency=0.0880 @ http://localhost:8771/index.js:451
[   98892ms] [LOG] MON 1 playing=false pos=0.000 stream_playing=false peak_db=-200.0 mix_rate=48000 latency=0.0880 @ http://localhost:8771/index.js:451
[   99142ms] [LOG] MON 1 playing=false pos=0.000 stream_playing=false peak_db=-200.0 mix_rate=48000 latency=0.0880 @ http://localhost:8771/index.js:451
[   99393ms] [LOG] MON 1 playing=false pos=0.000 stream_playing=false peak_db=-200.0 mix_rate=48000 latency=0.0880 @ http://localhost:8771/index.js:451
[   99642ms] [LOG] MON 1 playing=false pos=0.000 stream_playing=false peak_db=-200.0 mix_rate=48000 latency=0.0880 @ http://localhost:8771/index.js:451
[   99893ms] [LOG] MON 1 playing=false pos=0.000 stream_playing=false peak_db=-200.0 mix_rate=48000 latency=0.0880 @ http://localhost:8771/index.js:451
[  100144ms] [LOG] MON 1 playing=false pos=0.000 stream_playing=false peak_db=-200.0 mix_rate=48000 latency=0.0880 @ http://localhost:8771/index.js:451
[  100392ms] [LOG] MON 1 playing=false pos=0.000 stream_playing=false peak_db=-200.0 mix_rate=48000 latency=0.0880 @ http://localhost:8771/index.js:451
[  100649ms] [LOG] MON 1 playing=false pos=0.000 stream_playing=false peak_db=-200.0 mix_rate=48000 latency=0.0880 @ http://localhost:8771/index.js:451
[  100894ms] [LOG] MON 1 playing=false pos=0.000 stream_playing=false peak_db=-200.0 mix_rate=48000 latency=0.0880 @ http://localhost:8771/index.js:451
[  101143ms] [LOG] MON 1 playing=false pos=0.000 stream_playing=false peak_db=-200.0 mix_rate=48000 latency=0.0880 @ http://localhost:8771/index.js:451
[  101394ms] [LOG] MON 1 playing=false pos=0.000 stream_playing=false peak_db=-200.0 mix_rate=48000 latency=0.0880 @ http://localhost:8771/index.js:451
[  101643ms] [LOG] MON 1 playing=false pos=0.000 stream_playing=false peak_db=-200.0 mix_rate=48000 latency=0.0880 @ http://localhost:8771/index.js:451
[  101893ms] [LOG] MON 1 playing=false pos=0.000 stream_playing=false peak_db=-200.0 mix_rate=48000 latency=0.0880 @ http://localhost:8771/index.js:451
[  102144ms] [LOG] MON 1 playing=false pos=0.000 stream_playing=false peak_db=-200.0 mix_rate=48000 latency=0.0880 @ http://localhost:8771/index.js:451
[  102392ms] [LOG] MON 1 playing=false pos=0.000 stream_playing=false peak_db=-200.0 mix_rate=48000 latency=0.0880 @ http://localhost:8771/index.js:451
[  102644ms] [LOG] MON 1 playing=false pos=0.000 stream_playing=false peak_db=-200.0 mix_rate=48000 latency=0.0880 @ http://localhost:8771/index.js:451
[  102894ms] [LOG] MON 1 playing=false pos=0.000 stream_playing=false peak_db=-200.0 mix_rate=48000 latency=0.0880 @ http://localhost:8771/index.js:451
[  103145ms] [LOG] MON 1 playing=false pos=0.000 stream_playing=false peak_db=-200.0 mix_rate=48000 latency=0.0880 @ http://localhost:8771/index.js:451
[  103392ms] [LOG] MON 1 playing=false pos=0.000 stream_playing=false peak_db=-200.0 mix_rate=48000 latency=0.0880 @ http://localhost:8771/index.js:451
[  103643ms] [LOG] MON 1 playing=false pos=0.000 stream_playing=false peak_db=-200.0 mix_rate=48000 latency=0.0880 @ http://localhost:8771/index.js:451
[  103894ms] [LOG] MON 1 playing=false pos=0.000 stream_playing=false peak_db=-200.0 mix_rate=48000 latency=0.0880 @ http://localhost:8771/index.js:451
[  104144ms] [LOG] MON 1 playing=false pos=0.000 stream_playing=false peak_db=-200.0 mix_rate=48000 latency=0.0880 @ http://localhost:8771/index.js:451
[  104393ms] [LOG] MON 1 playing=false pos=0.000 stream_playing=false peak_db=-200.0 mix_rate=48000 latency=0.0880 @ http://localhost:8771/index.js:451
[  104642ms] [LOG] MON 1 playing=false pos=0.000 stream_playing=false peak_db=-200.0 mix_rate=48000 latency=0.0880 @ http://localhost:8771/index.js:451
[  104894ms] [LOG] MON 1 playing=false pos=0.000 stream_playing=false peak_db=-200.0 mix_rate=48000 latency=0.0880 @ http://localhost:8771/index.js:451
[  105143ms] [LOG] MON 1 playing=false pos=0.000 stream_playing=false peak_db=-200.0 mix_rate=48000 latency=0.0880 @ http://localhost:8771/index.js:451
[  105392ms] [LOG] MON 1 playing=false pos=0.000 stream_playing=false peak_db=-200.0 mix_rate=48000 latency=0.0880 @ http://localhost:8771/index.js:451
[  105643ms] [LOG] MON 1 playing=false pos=0.000 stream_playing=false peak_db=-200.0 mix_rate=48000 latency=0.0880 @ http://localhost:8771/index.js:451
[  105893ms] [LOG] MON 1 playing=false pos=0.000 stream_playing=false peak_db=-200.0 mix_rate=48000 latency=0.0880 @ http://localhost:8771/index.js:451
[  106143ms] [LOG] MON 1 playing=false pos=0.000 stream_playing=false peak_db=-200.0 mix_rate=48000 latency=0.0880 @ http://localhost:8771/index.js:451
[  106392ms] [LOG] MON 1 playing=false pos=0.000 stream_playing=false peak_db=-200.0 mix_rate=48000 latency=0.0880 @ http://localhost:8771/index.js:451
[  106643ms] [LOG] MON 1 playing=false pos=0.000 stream_playing=false peak_db=-200.0 mix_rate=48000 latency=0.0880 @ http://localhost:8771/index.js:451
[  106893ms] [LOG] MON 1 playing=false pos=0.000 stream_playing=false peak_db=-200.0 mix_rate=48000 latency=0.0880 @ http://localhost:8771/index.js:451
[  107142ms] [LOG] MON 1 playing=false pos=0.000 stream_playing=false peak_db=-200.0 mix_rate=48000 latency=0.0880 @ http://localhost:8771/index.js:451
[  107393ms] [LOG] MON 1 playing=false pos=0.000 stream_playing=false peak_db=-200.0 mix_rate=48000 latency=0.0880 @ http://localhost:8771/index.js:451
[  107642ms] [LOG] MON 1 playing=false pos=0.000 stream_playing=false peak_db=-200.0 mix_rate=48000 latency=0.0880 @ http://localhost:8771/index.js:451
[  107893ms] [LOG] MON 1 playing=false pos=0.000 stream_playing=false peak_db=-200.0 mix_rate=48000 latency=0.0880 @ http://localhost:8771/index.js:451
[  108143ms] [LOG] MON 1 playing=false pos=0.000 stream_playing=false peak_db=-200.0 mix_rate=48000 latency=0.0880 @ http://localhost:8771/index.js:451
[  108392ms] [LOG] MON 1 playing=false pos=0.000 stream_playing=false peak_db=-200.0 mix_rate=48000 latency=0.0880 @ http://localhost:8771/index.js:451
[  108642ms] [LOG] MON 1 playing=false pos=0.000 stream_playing=false peak_db=-200.0 mix_rate=48000 latency=0.0880 @ http://localhost:8771/index.js:451
[  108895ms] [LOG] MON 1 playing=false pos=0.000 stream_playing=false peak_db=-200.0 mix_rate=48000 latency=0.0880 @ http://localhost:8771/index.js:451
[  109142ms] [LOG] MON 1 playing=false pos=0.000 stream_playing=false peak_db=-200.0 mix_rate=48000 latency=0.0880 @ http://localhost:8771/index.js:451
[  109392ms] [LOG] MON 1 playing=false pos=0.000 stream_playing=false peak_db=-200.0 mix_rate=48000 latency=0.0880 @ http://localhost:8771/index.js:451
[  109644ms] [LOG] MON 1 playing=false pos=0.000 stream_playing=false peak_db=-200.0 mix_rate=48000 latency=0.0880 @ http://localhost:8771/index.js:451
[  109893ms] [LOG] MON 1 playing=false pos=0.000 stream_playing=false peak_db=-200.0 mix_rate=48000 latency=0.0880 @ http://localhost:8771/index.js:451
[  110143ms] [LOG] MON 1 playing=false pos=0.000 stream_playing=false peak_db=-200.0 mix_rate=48000 latency=0.0880 @ http://localhost:8771/index.js:451
[  110392ms] [LOG] MON 1 playing=false pos=0.000 stream_playing=false peak_db=-200.0 mix_rate=48000 latency=0.0880 @ http://localhost:8771/index.js:451
[  110643ms] [LOG] MON 1 playing=false pos=0.000 stream_playing=false peak_db=-200.0 mix_rate=48000 latency=0.0880 @ http://localhost:8771/index.js:451
[  110894ms] [LOG] MON 1 playing=false pos=0.000 stream_playing=false peak_db=-200.0 mix_rate=48000 latency=0.0880 @ http://localhost:8771/index.js:451
[  111144ms] [LOG] MON 1 playing=false pos=0.000 stream_playing=false peak_db=-200.0 mix_rate=48000 latency=0.0880 @ http://localhost:8771/index.js:451
[  111394ms] [LOG] MON 1 playing=false pos=0.000 stream_playing=false peak_db=-200.0 mix_rate=48000 latency=0.0880 @ http://localhost:8771/index.js:451
[  111642ms] [LOG] MON 1 playing=false pos=0.000 stream_playing=false peak_db=-200.0 mix_rate=48000 latency=0.0880 @ http://localhost:8771/index.js:451
[  111893ms] [LOG] MON 1 playing=false pos=0.000 stream_playing=false peak_db=-200.0 mix_rate=48000 latency=0.0880 @ http://localhost:8771/index.js:451
[  112143ms] [LOG] MON 1 playing=false pos=0.000 stream_playing=false peak_db=-200.0 mix_rate=48000 latency=0.0880 @ http://localhost:8771/index.js:451
[  112393ms] [LOG] MON 1 playing=false pos=0.000 stream_playing=false peak_db=-200.0 mix_rate=48000 latency=0.0880 @ http://localhost:8771/index.js:451
[  112642ms] [LOG] MON 1 playing=false pos=0.000 stream_playing=false peak_db=-200.0 mix_rate=48000 latency=0.0880 @ http://localhost:8771/index.js:451
[  112892ms] [LOG] MON 1 playing=false pos=0.000 stream_playing=false peak_db=-200.0 mix_rate=48000 latency=0.0880 @ http://localhost:8771/index.js:451
[  113143ms] [LOG] MON 1 playing=false pos=0.000 stream_playing=false peak_db=-200.0 mix_rate=48000 latency=0.0880 @ http://localhost:8771/index.js:451
[  113393ms] [LOG] MON 1 playing=false pos=0.000 stream_playing=false peak_db=-200.0 mix_rate=48000 latency=0.0880 @ http://localhost:8771/index.js:451
[  113645ms] [LOG] MON 1 playing=false pos=0.000 stream_playing=false peak_db=-200.0 mix_rate=48000 latency=0.0880 @ http://localhost:8771/index.js:451
[  113876ms] [LOG] MON 1 playing=false pos=0.000 stream_playing=false peak_db=-200.0 mix_rate=48000 latency=0.0880 @ http://localhost:8771/index.js:451
[  114127ms] [LOG] MON 1 playing=false pos=0.000 stream_playing=false peak_db=-200.0 mix_rate=48000 latency=0.0880 @ http://localhost:8771/index.js:451
[  114377ms] [LOG] MON 1 playing=false pos=0.000 stream_playing=false peak_db=-200.0 mix_rate=48000 latency=0.0880 @ http://localhost:8771/index.js:451
[  114625ms] [LOG] MON 1 playing=false pos=0.000 stream_playing=false peak_db=-200.0 mix_rate=48000 latency=0.0880 @ http://localhost:8771/index.js:451
[  114876ms] [LOG] MON 1 playing=false pos=0.000 stream_playing=false peak_db=-200.0 mix_rate=48000 latency=0.0880 @ http://localhost:8771/index.js:451
[  115127ms] [LOG] MON 1 playing=false pos=0.000 stream_playing=false peak_db=-200.0 mix_rate=48000 latency=0.0880 @ http://localhost:8771/index.js:451
[  115375ms] [LOG] MON 1 playing=false pos=0.000 stream_playing=false peak_db=-200.0 mix_rate=48000 latency=0.0880 @ http://localhost:8771/index.js:451
[  115627ms] [LOG] MON 1 playing=false pos=0.000 stream_playing=false peak_db=-200.0 mix_rate=48000 latency=0.0880 @ http://localhost:8771/index.js:451
[  115878ms] [LOG] MON 1 playing=false pos=0.000 stream_playing=false peak_db=-200.0 mix_rate=48000 latency=0.0880 @ http://localhost:8771/index.js:451
[  116127ms] [LOG] MON 1 playing=false pos=0.000 stream_playing=false peak_db=-200.0 mix_rate=48000 latency=0.0880 @ http://localhost:8771/index.js:451
[  116377ms] [LOG] MON 1 playing=false pos=0.000 stream_playing=false peak_db=-200.0 mix_rate=48000 latency=0.0880 @ http://localhost:8771/index.js:451
[  116626ms] [LOG] MON 1 playing=false pos=0.000 stream_playing=false peak_db=-200.0 mix_rate=48000 latency=0.0880 @ http://localhost:8771/index.js:451
[  116876ms] [LOG] MON 1 playing=false pos=0.000 stream_playing=false peak_db=-200.0 mix_rate=48000 latency=0.0880 @ http://localhost:8771/index.js:451
[  117126ms] [LOG] MON 1 playing=false pos=0.000 stream_playing=false peak_db=-200.0 mix_rate=48000 latency=0.0880 @ http://localhost:8771/index.js:451
[  117377ms] [LOG] MON 1 playing=false pos=0.000 stream_playing=false peak_db=-200.0 mix_rate=48000 latency=0.0880 @ http://localhost:8771/index.js:451
[  117627ms] [LOG] MON 1 playing=false pos=0.000 stream_playing=false peak_db=-200.0 mix_rate=48000 latency=0.0880 @ http://localhost:8771/index.js:451
[  117876ms] [LOG] MON 1 playing=false pos=0.000 stream_playing=false peak_db=-200.0 mix_rate=48000 latency=0.0880 @ http://localhost:8771/index.js:451
[  118127ms] [LOG] MON 1 playing=false pos=0.000 stream_playing=false peak_db=-200.0 mix_rate=48000 latency=0.0880 @ http://localhost:8771/index.js:451
[  118375ms] [LOG] MON 1 playing=false pos=0.000 stream_playing=false peak_db=-200.0 mix_rate=48000 latency=0.0880 @ http://localhost:8771/index.js:451
[  118626ms] [LOG] MON 1 playing=false pos=0.000 stream_playing=false peak_db=-200.0 mix_rate=48000 latency=0.0880 @ http://localhost:8771/index.js:451
[  118877ms] [LOG] MON 1 playing=false pos=0.000 stream_playing=false peak_db=-200.0 mix_rate=48000 latency=0.0880 @ http://localhost:8771/index.js:451
[  119127ms] [LOG] MON 1 playing=false pos=0.000 stream_playing=false peak_db=-200.0 mix_rate=48000 latency=0.0880 @ http://localhost:8771/index.js:451
[  119376ms] [LOG] MON 1 playing=false pos=0.000 stream_playing=false peak_db=-200.0 mix_rate=48000 latency=0.0880 @ http://localhost:8771/index.js:451
[  119627ms] [LOG] MON 1 playing=false pos=0.000 stream_playing=false peak_db=-200.0 mix_rate=48000 latency=0.0880 @ http://localhost:8771/index.js:451
[  119876ms] [LOG] MON 1 playing=false pos=0.000 stream_playing=false peak_db=-200.0 mix_rate=48000 latency=0.0880 @ http://localhost:8771/index.js:451
[  120125ms] [LOG] MON 1 playing=false pos=0.000 stream_playing=false peak_db=-200.0 mix_rate=48000 latency=0.0880 @ http://localhost:8771/index.js:451
[  120375ms] [LOG] MON 1 playing=false pos=0.000 stream_playing=false peak_db=-200.0 mix_rate=48000 latency=0.0880 @ http://localhost:8771/index.js:451
[  120626ms] [LOG] MON 1 playing=false pos=0.000 stream_playing=false peak_db=-200.0 mix_rate=48000 latency=0.0880 @ http://localhost:8771/index.js:451
[  120876ms] [LOG] MON 1 playing=false pos=0.000 stream_playing=false peak_db=-200.0 mix_rate=48000 latency=0.0880 @ http://localhost:8771/index.js:451
[  121127ms] [LOG] MON 1 playing=false pos=0.000 stream_playing=false peak_db=-200.0 mix_rate=48000 latency=0.0880 @ http://localhost:8771/index.js:451
[  121375ms] [LOG] MON 1 playing=false pos=0.000 stream_playing=false peak_db=-200.0 mix_rate=48000 latency=0.0880 @ http://localhost:8771/index.js:451
[  121626ms] [LOG] MON 1 playing=false pos=0.000 stream_playing=false peak_db=-200.0 mix_rate=48000 latency=0.0880 @ http://localhost:8771/index.js:451
[  121876ms] [LOG] MON 1 playing=false pos=0.000 stream_playing=false peak_db=-200.0 mix_rate=48000 latency=0.0880 @ http://localhost:8771/index.js:451
[  122129ms] [LOG] MON 1 playing=false pos=0.000 stream_playing=false peak_db=-200.0 mix_rate=48000 latency=0.0880 @ http://localhost:8771/index.js:451
[  122376ms] [LOG] MON 1 playing=false pos=0.000 stream_playing=false peak_db=-200.0 mix_rate=48000 latency=0.0880 @ http://localhost:8771/index.js:451
[  122626ms] [LOG] MON 1 playing=false pos=0.000 stream_playing=false peak_db=-200.0 mix_rate=48000 latency=0.0880 @ http://localhost:8771/index.js:451
[  122875ms] [LOG] MON 1 playing=false pos=0.000 stream_playing=false peak_db=-200.0 mix_rate=48000 latency=0.0880 @ http://localhost:8771/index.js:451
[  123127ms] [LOG] MON 1 playing=false pos=0.000 stream_playing=false peak_db=-200.0 mix_rate=48000 latency=0.0880 @ http://localhost:8771/index.js:451
[  123376ms] [LOG] MON 1 playing=false pos=0.000 stream_playing=false peak_db=-200.0 mix_rate=48000 latency=0.0880 @ http://localhost:8771/index.js:451
[  123626ms] [LOG] MON 1 playing=false pos=0.000 stream_playing=false peak_db=-200.0 mix_rate=48000 latency=0.0880 @ http://localhost:8771/index.js:451
[  123877ms] [LOG] MON 1 playing=false pos=0.000 stream_playing=false peak_db=-200.0 mix_rate=48000 latency=0.0880 @ http://localhost:8771/index.js:451
[  124130ms] [LOG] MON 1 playing=false pos=0.000 stream_playing=false peak_db=-200.0 mix_rate=48000 latency=0.0880 @ http://localhost:8771/index.js:451
[  124375ms] [LOG] MON 1 playing=false pos=0.000 stream_playing=false peak_db=-200.0 mix_rate=48000 latency=0.0880 @ http://localhost:8771/index.js:451
[  124625ms] [LOG] MON 1 playing=false pos=0.000 stream_playing=false peak_db=-200.0 mix_rate=48000 latency=0.0880 @ http://localhost:8771/index.js:451
[  124876ms] [LOG] MON 1 playing=false pos=0.000 stream_playing=false peak_db=-200.0 mix_rate=48000 latency=0.0880 @ http://localhost:8771/index.js:451
[  125127ms] [LOG] MON 1 playing=false pos=0.000 stream_playing=false peak_db=-200.0 mix_rate=48000 latency=0.0880 @ http://localhost:8771/index.js:451
[  125376ms] [LOG] MON 1 playing=false pos=0.000 stream_playing=false peak_db=-200.0 mix_rate=48000 latency=0.0880 @ http://localhost:8771/index.js:451
[  125627ms] [LOG] MON 1 playing=false pos=0.000 stream_playing=false peak_db=-200.0 mix_rate=48000 latency=0.0880 @ http://localhost:8771/index.js:451
[  125875ms] [LOG] MON 1 playing=false pos=0.000 stream_playing=false peak_db=-200.0 mix_rate=48000 latency=0.0880 @ http://localhost:8771/index.js:451
[  126126ms] [LOG] MON 1 playing=false pos=0.000 stream_playing=false peak_db=-200.0 mix_rate=48000 latency=0.0880 @ http://localhost:8771/index.js:451
[  126375ms] [LOG] MON 1 playing=false pos=0.000 stream_playing=false peak_db=-200.0 mix_rate=48000 latency=0.0880 @ http://localhost:8771/index.js:451
[  126626ms] [LOG] MON 1 playing=false pos=0.000 stream_playing=false peak_db=-200.0 mix_rate=48000 latency=0.0880 @ http://localhost:8771/index.js:451
[  126876ms] [LOG] MON 1 playing=false pos=0.000 stream_playing=false peak_db=-200.0 mix_rate=48000 latency=0.0880 @ http://localhost:8771/index.js:451
[  127126ms] [LOG] MON 1 playing=false pos=0.000 stream_playing=false peak_db=-200.0 mix_rate=48000 latency=0.0880 @ http://localhost:8771/index.js:451
[  127376ms] [LOG] MON 1 playing=false pos=0.000 stream_playing=false peak_db=-200.0 mix_rate=48000 latency=0.0880 @ http://localhost:8771/index.js:451
[  127626ms] [LOG] MON 1 playing=false pos=0.000 stream_playing=false peak_db=-200.0 mix_rate=48000 latency=0.0880 @ http://localhost:8771/index.js:451
[  127875ms] [LOG] MON 1 playing=false pos=0.000 stream_playing=false peak_db=-200.0 mix_rate=48000 latency=0.0880 @ http://localhost:8771/index.js:451
[  128126ms] [LOG] MON 1 playing=false pos=0.000 stream_playing=false peak_db=-200.0 mix_rate=48000 latency=0.0880 @ http://localhost:8771/index.js:451
[  128376ms] [LOG] MON 1 playing=false pos=0.000 stream_playing=false peak_db=-200.0 mix_rate=48000 latency=0.0880 @ http://localhost:8771/index.js:451
[  128626ms] [LOG] MON 1 playing=false pos=0.000 stream_playing=false peak_db=-200.0 mix_rate=48000 latency=0.0880 @ http://localhost:8771/index.js:451
[  128876ms] [LOG] MON 1 playing=false pos=0.000 stream_playing=false peak_db=-200.0 mix_rate=48000 latency=0.0880 @ http://localhost:8771/index.js:451
[  129126ms] [LOG] MON 1 playing=false pos=0.000 stream_playing=false peak_db=-200.0 mix_rate=48000 latency=0.0880 @ http://localhost:8771/index.js:451
[  129376ms] [LOG] MON 1 playing=false pos=0.000 stream_playing=false peak_db=-200.0 mix_rate=48000 latency=0.0880 @ http://localhost:8771/index.js:451
[  129626ms] [LOG] MON 1 playing=false pos=0.000 stream_playing=false peak_db=-200.0 mix_rate=48000 latency=0.0880 @ http://localhost:8771/index.js:451
[  129877ms] [LOG] MON 1 playing=false pos=0.000 stream_playing=false peak_db=-200.0 mix_rate=48000 latency=0.0880 @ http://localhost:8771/index.js:451
[  130127ms] [LOG] MON 1 playing=false pos=0.000 stream_playing=false peak_db=-200.0 mix_rate=48000 latency=0.0880 @ http://localhost:8771/index.js:451
[  130375ms] [LOG] MON 1 playing=false pos=0.000 stream_playing=false peak_db=-200.0 mix_rate=48000 latency=0.0880 @ http://localhost:8771/index.js:451
[  130626ms] [LOG] MON 1 playing=false pos=0.000 stream_playing=false peak_db=-200.0 mix_rate=48000 latency=0.0880 @ http://localhost:8771/index.js:451
[  130876ms] [LOG] MON 1 playing=false pos=0.000 stream_playing=false peak_db=-200.0 mix_rate=48000 latency=0.0880 @ http://localhost:8771/index.js:451
[  131126ms] [LOG] MON 1 playing=false pos=0.000 stream_playing=false peak_db=-200.0 mix_rate=48000 latency=0.0880 @ http://localhost:8771/index.js:451
[  131377ms] [LOG] MON 1 playing=false pos=0.000 stream_playing=false peak_db=-200.0 mix_rate=48000 latency=0.0880 @ http://localhost:8771/index.js:451
[  131627ms] [LOG] MON 1 playing=false pos=0.000 stream_playing=false peak_db=-200.0 mix_rate=48000 latency=0.0880 @ http://localhost:8771/index.js:451
[  131877ms] [LOG] MON 1 playing=false pos=0.000 stream_playing=false peak_db=-200.0 mix_rate=48000 latency=0.0880 @ http://localhost:8771/index.js:451
[  132126ms] [LOG] MON 1 playing=false pos=0.000 stream_playing=false peak_db=-200.0 mix_rate=48000 latency=0.0880 @ http://localhost:8771/index.js:451
[  132377ms] [LOG] MON 1 playing=false pos=0.000 stream_playing=false peak_db=-200.0 mix_rate=48000 latency=0.0880 @ http://localhost:8771/index.js:451
[  132626ms] [LOG] MON 1 playing=false pos=0.000 stream_playing=false peak_db=-200.0 mix_rate=48000 latency=0.0880 @ http://localhost:8771/index.js:451
[  132876ms] [LOG] MON 1 playing=false pos=0.000 stream_playing=false peak_db=-200.0 mix_rate=48000 latency=0.0880 @ http://localhost:8771/index.js:451
[  133126ms] [LOG] MON 1 playing=false pos=0.000 stream_playing=false peak_db=-200.0 mix_rate=48000 latency=0.0880 @ http://localhost:8771/index.js:451
[  133377ms] [LOG] MON 1 playing=false pos=0.000 stream_playing=false peak_db=-200.0 mix_rate=48000 latency=0.0880 @ http://localhost:8771/index.js:451
[  133626ms] [LOG] MON 1 playing=false pos=0.000 stream_playing=false peak_db=-200.0 mix_rate=48000 latency=0.0880 @ http://localhost:8771/index.js:451
[  133877ms] [LOG] MON 1 playing=false pos=0.000 stream_playing=false peak_db=-200.0 mix_rate=48000 latency=0.0880 @ http://localhost:8771/index.js:451
[  134126ms] [LOG] MON 1 playing=false pos=0.000 stream_playing=false peak_db=-200.0 mix_rate=48000 latency=0.0880 @ http://localhost:8771/index.js:451
[  134377ms] [LOG] MON 1 playing=false pos=0.000 stream_playing=false peak_db=-200.0 mix_rate=48000 latency=0.0880 @ http://localhost:8771/index.js:451
[  134625ms] [LOG] MON 1 playing=false pos=0.000 stream_playing=false peak_db=-200.0 mix_rate=48000 latency=0.0880 @ http://localhost:8771/index.js:451
[  134877ms] [LOG] MON 1 playing=false pos=0.000 stream_playing=false peak_db=-200.0 mix_rate=48000 latency=0.0880 @ http://localhost:8771/index.js:451
[  135126ms] [LOG] MON 1 playing=false pos=0.000 stream_playing=false peak_db=-200.0 mix_rate=48000 latency=0.0880 @ http://localhost:8771/index.js:451
[  135376ms] [LOG] MON 1 playing=false pos=0.000 stream_playing=false peak_db=-200.0 mix_rate=48000 latency=0.0880 @ http://localhost:8771/index.js:451
[  135627ms] [LOG] MON 1 playing=false pos=0.000 stream_playing=false peak_db=-200.0 mix_rate=48000 latency=0.0880 @ http://localhost:8771/index.js:451
[  135878ms] [LOG] MON 1 playing=false pos=0.000 stream_playing=false peak_db=-200.0 mix_rate=48000 latency=0.0880 @ http://localhost:8771/index.js:451
[  136126ms] [LOG] MON 1 playing=false pos=0.000 stream_playing=false peak_db=-200.0 mix_rate=48000 latency=0.0880 @ http://localhost:8771/index.js:451
[  136376ms] [LOG] MON 1 playing=false pos=0.000 stream_playing=false peak_db=-200.0 mix_rate=48000 latency=0.0880 @ http://localhost:8771/index.js:451
[  136626ms] [LOG] MON 1 playing=false pos=0.000 stream_playing=false peak_db=-200.0 mix_rate=48000 latency=0.0880 @ http://localhost:8771/index.js:451
[  136875ms] [LOG] MON 1 playing=false pos=0.000 stream_playing=false peak_db=-200.0 mix_rate=48000 latency=0.0880 @ http://localhost:8771/index.js:451
[  137126ms] [LOG] MON 1 playing=false pos=0.000 stream_playing=false peak_db=-200.0 mix_rate=48000 latency=0.0880 @ http://localhost:8771/index.js:451
[  137377ms] [LOG] MON 1 playing=false pos=0.000 stream_playing=false peak_db=-200.0 mix_rate=48000 latency=0.0880 @ http://localhost:8771/index.js:451
[  137627ms] [LOG] MON 1 playing=false pos=0.000 stream_playing=false peak_db=-200.0 mix_rate=48000 latency=0.0880 @ http://localhost:8771/index.js:451
[  137877ms] [LOG] MON 1 playing=false pos=0.000 stream_playing=false peak_db=-200.0 mix_rate=48000 latency=0.0880 @ http://localhost:8771/index.js:451
[  138127ms] [LOG] MON 1 playing=false pos=0.000 stream_playing=false peak_db=-200.0 mix_rate=48000 latency=0.0880 @ http://localhost:8771/index.js:451
[  138375ms] [LOG] MON 1 playing=false pos=0.000 stream_playing=false peak_db=-200.0 mix_rate=48000 latency=0.0880 @ http://localhost:8771/index.js:451
[  138624ms] [LOG] MON 1 playing=false pos=0.000 stream_playing=false peak_db=-200.0 mix_rate=48000 latency=0.0880 @ http://localhost:8771/index.js:451
[  138876ms] [LOG] MON 1 playing=false pos=0.000 stream_playing=false peak_db=-200.0 mix_rate=48000 latency=0.0880 @ http://localhost:8771/index.js:451
[  139126ms] [LOG] MON 1 playing=false pos=0.000 stream_playing=false peak_db=-200.0 mix_rate=48000 latency=0.0880 @ http://localhost:8771/index.js:451
[  139376ms] [LOG] MON 1 playing=false pos=0.000 stream_playing=false peak_db=-200.0 mix_rate=48000 latency=0.0880 @ http://localhost:8771/index.js:451
[  139628ms] [LOG] MON 1 playing=false pos=0.000 stream_playing=false peak_db=-200.0 mix_rate=48000 latency=0.0880 @ http://localhost:8771/index.js:451
[  139877ms] [LOG] MON 1 playing=false pos=0.000 stream_playing=false peak_db=-200.0 mix_rate=48000 latency=0.0880 @ http://localhost:8771/index.js:451
[  140125ms] [LOG] MON 1 playing=false pos=0.000 stream_playing=false peak_db=-200.0 mix_rate=48000 latency=0.0880 @ http://localhost:8771/index.js:451
[  140376ms] [LOG] MON 1 playing=false pos=0.000 stream_playing=false peak_db=-200.0 mix_rate=48000 latency=0.0880 @ http://localhost:8771/index.js:451
[  140626ms] [LOG] MON 1 playing=false pos=0.000 stream_playing=false peak_db=-200.0 mix_rate=48000 latency=0.0880 @ http://localhost:8771/index.js:451
[  140876ms] [LOG] MON 1 playing=false pos=0.000 stream_playing=false peak_db=-200.0 mix_rate=48000 latency=0.0880 @ http://localhost:8771/index.js:451
[  141127ms] [LOG] MON 1 playing=false pos=0.000 stream_playing=false peak_db=-200.0 mix_rate=48000 latency=0.0880 @ http://localhost:8771/index.js:451
[  141376ms] [LOG] MON 1 playing=false pos=0.000 stream_playing=false peak_db=-200.0 mix_rate=48000 latency=0.0880 @ http://localhost:8771/index.js:451
[  141628ms] [LOG] MON 1 playing=false pos=0.000 stream_playing=false peak_db=-200.0 mix_rate=48000 latency=0.0880 @ http://localhost:8771/index.js:451
[  141877ms] [LOG] MON 1 playing=false pos=0.000 stream_playing=false peak_db=-200.0 mix_rate=48000 latency=0.0880 @ http://localhost:8771/index.js:451
[  142126ms] [LOG] MON 1 playing=false pos=0.000 stream_playing=false peak_db=-200.0 mix_rate=48000 latency=0.0880 @ http://localhost:8771/index.js:451
[  142376ms] [LOG] MON 1 playing=false pos=0.000 stream_playing=false peak_db=-200.0 mix_rate=48000 latency=0.0880 @ http://localhost:8771/index.js:451
[  142627ms] [LOG] MON 1 playing=false pos=0.000 stream_playing=false peak_db=-200.0 mix_rate=48000 latency=0.0880 @ http://localhost:8771/index.js:451
[  142876ms] [LOG] MON 1 playing=false pos=0.000 stream_playing=false peak_db=-200.0 mix_rate=48000 latency=0.0880 @ http://localhost:8771/index.js:451
[  143125ms] [LOG] MON 1 playing=false pos=0.000 stream_playing=false peak_db=-200.0 mix_rate=48000 latency=0.0880 @ http://localhost:8771/index.js:451
[  143377ms] [LOG] MON 1 playing=false pos=0.000 stream_playing=false peak_db=-200.0 mix_rate=48000 latency=0.0880 @ http://localhost:8771/index.js:451
[  143627ms] [LOG] MON 1 playing=false pos=0.000 stream_playing=false peak_db=-200.0 mix_rate=48000 latency=0.0880 @ http://localhost:8771/index.js:451
[  143875ms] [LOG] MON 1 playing=false pos=0.000 stream_playing=false peak_db=-200.0 mix_rate=48000 latency=0.0880 @ http://localhost:8771/index.js:451
[  144126ms] [LOG] MON 1 playing=false pos=0.000 stream_playing=false peak_db=-200.0 mix_rate=48000 latency=0.0880 @ http://localhost:8771/index.js:451
[  144430ms] [LOG] MON 1 playing=false pos=0.000 stream_playing=false peak_db=-200.0 mix_rate=48000 latency=0.0880 @ http://localhost:8771/index.js:451
[  144610ms] [LOG] MON 1 playing=false pos=0.000 stream_playing=false peak_db=-200.0 mix_rate=48000 latency=0.0880 @ http://localhost:8771/index.js:451
[  144866ms] [LOG] MON 1 playing=false pos=0.000 stream_playing=false peak_db=-200.0 mix_rate=48000 latency=0.0880 @ http://localhost:8771/index.js:451
[  145174ms] [LOG] MON 1 playing=false pos=0.000 stream_playing=false peak_db=-200.0 mix_rate=48000 latency=0.0880 @ http://localhost:8771/index.js:451
[  145363ms] [LOG] MON 1 playing=false pos=0.000 stream_playing=false peak_db=-200.0 mix_rate=48000 latency=0.0880 @ http://localhost:8771/index.js:451
[  145626ms] [LOG] MON 1 playing=false pos=0.000 stream_playing=false peak_db=-200.0 mix_rate=48000 latency=0.0880 @ http://localhost:8771/index.js:451
[  145878ms] [LOG] MON 1 playing=false pos=0.000 stream_playing=false peak_db=-200.0 mix_rate=48000 latency=0.0880 @ http://localhost:8771/index.js:451
[  146126ms] [LOG] MON 1 playing=false pos=0.000 stream_playing=false peak_db=-200.0 mix_rate=48000 latency=0.0880 @ http://localhost:8771/index.js:451
[  146377ms] [LOG] MON 1 playing=false pos=0.000 stream_playing=false peak_db=-200.0 mix_rate=48000 latency=0.0880 @ http://localhost:8771/index.js:451
[  146630ms] [LOG] MON 1 playing=false pos=0.000 stream_playing=false peak_db=-200.0 mix_rate=48000 latency=0.0880 @ http://localhost:8771/index.js:451
[  146876ms] [LOG] MON 1 playing=false pos=0.000 stream_playing=false peak_db=-200.0 mix_rate=48000 latency=0.0880 @ http://localhost:8771/index.js:451
[  147127ms] [LOG] MON 1 playing=false pos=0.000 stream_playing=false peak_db=-200.0 mix_rate=48000 latency=0.0880 @ http://localhost:8771/index.js:451
[  147383ms] [LOG] MON 1 playing=false pos=0.000 stream_playing=false peak_db=-200.0 mix_rate=48000 latency=0.0880 @ http://localhost:8771/index.js:451
[  147628ms] [LOG] MON 1 playing=false pos=0.000 stream_playing=false peak_db=-200.0 mix_rate=48000 latency=0.0880 @ http://localhost:8771/index.js:451
[  147879ms] [LOG] MON 1 playing=false pos=0.000 stream_playing=false peak_db=-200.0 mix_rate=48000 latency=0.0880 @ http://localhost:8771/index.js:451
[  148130ms] [LOG] MON 1 playing=false pos=0.000 stream_playing=false peak_db=-200.0 mix_rate=48000 latency=0.0880 @ http://localhost:8771/index.js:451
[  148382ms] [LOG] MON 1 playing=false pos=0.000 stream_playing=false peak_db=-200.0 mix_rate=48000 latency=0.0880 @ http://localhost:8771/index.js:451
[  148627ms] [LOG] MON 1 playing=false pos=0.000 stream_playing=false peak_db=-200.0 mix_rate=48000 latency=0.0880 @ http://localhost:8771/index.js:451
[  148876ms] [LOG] MON 1 playing=false pos=0.000 stream_playing=false peak_db=-200.0 mix_rate=48000 latency=0.0880 @ http://localhost:8771/index.js:451
[  149127ms] [LOG] MON 1 playing=false pos=0.000 stream_playing=false peak_db=-200.0 mix_rate=48000 latency=0.0880 @ http://localhost:8771/index.js:451
[  149379ms] [LOG] MON 1 playing=false pos=0.000 stream_playing=false peak_db=-200.0 mix_rate=48000 latency=0.0880 @ http://localhost:8771/index.js:451
[  149628ms] [LOG] MON 1 playing=false pos=0.000 stream_playing=false peak_db=-200.0 mix_rate=48000 latency=0.0880 @ http://localhost:8771/index.js:451
[  149877ms] [LOG] MON 1 playing=false pos=0.000 stream_playing=false peak_db=-200.0 mix_rate=48000 latency=0.0880 @ http://localhost:8771/index.js:451
[  150128ms] [LOG] MON 1 playing=false pos=0.000 stream_playing=false peak_db=-200.0 mix_rate=48000 latency=0.0880 @ http://localhost:8771/index.js:451
[  150377ms] [LOG] MON 1 playing=false pos=0.000 stream_playing=false peak_db=-200.0 mix_rate=48000 latency=0.0880 @ http://localhost:8771/index.js:451
[  150629ms] [LOG] MON 1 playing=false pos=0.000 stream_playing=false peak_db=-200.0 mix_rate=48000 latency=0.0880 @ http://localhost:8771/index.js:451
[  150877ms] [LOG] MON 1 playing=false pos=0.000 stream_playing=false peak_db=-200.0 mix_rate=48000 latency=0.0880 @ http://localhost:8771/index.js:451
[  151126ms] [LOG] MON 1 playing=false pos=0.000 stream_playing=false peak_db=-200.0 mix_rate=48000 latency=0.0880 @ http://localhost:8771/index.js:451
[  151376ms] [LOG] MON 1 playing=false pos=0.000 stream_playing=false peak_db=-200.0 mix_rate=48000 latency=0.0880 @ http://localhost:8771/index.js:451
[  151627ms] [LOG] MON 1 playing=false pos=0.000 stream_playing=false peak_db=-200.0 mix_rate=48000 latency=0.0880 @ http://localhost:8771/index.js:451
[  151882ms] [LOG] MON 1 playing=false pos=0.000 stream_playing=false peak_db=-200.0 mix_rate=48000 latency=0.0880 @ http://localhost:8771/index.js:451
[  152131ms] [LOG] MON 1 playing=false pos=0.000 stream_playing=false peak_db=-200.0 mix_rate=48000 latency=0.0880 @ http://localhost:8771/index.js:451
[  152377ms] [LOG] MON 1 playing=false pos=0.000 stream_playing=false peak_db=-200.0 mix_rate=48000 latency=0.0880 @ http://localhost:8771/index.js:451
[  152627ms] [LOG] MON 1 playing=false pos=0.000 stream_playing=false peak_db=-200.0 mix_rate=48000 latency=0.0880 @ http://localhost:8771/index.js:451
[  152877ms] [LOG] MON 1 playing=false pos=0.000 stream_playing=false peak_db=-200.0 mix_rate=48000 latency=0.0880 @ http://localhost:8771/index.js:451
[  153127ms] [LOG] MON 1 playing=false pos=0.000 stream_playing=false peak_db=-200.0 mix_rate=48000 latency=0.0880 @ http://localhost:8771/index.js:451
[  153377ms] [LOG] MON 1 playing=false pos=0.000 stream_playing=false peak_db=-200.0 mix_rate=48000 latency=0.0880 @ http://localhost:8771/index.js:451
[  153627ms] [LOG] MON 1 playing=false pos=0.000 stream_playing=false peak_db=-200.0 mix_rate=48000 latency=0.0880 @ http://localhost:8771/index.js:451
[  153876ms] [LOG] MON 1 playing=false pos=0.000 stream_playing=false peak_db=-200.0 mix_rate=48000 latency=0.0880 @ http://localhost:8771/index.js:451
[  154129ms] [LOG] MON 1 playing=false pos=0.000 stream_playing=false peak_db=-200.0 mix_rate=48000 latency=0.0880 @ http://localhost:8771/index.js:451
[  154377ms] [LOG] MON 1 playing=false pos=0.000 stream_playing=false peak_db=-200.0 mix_rate=48000 latency=0.0880 @ http://localhost:8771/index.js:451
[  154626ms] [LOG] MON 1 playing=false pos=0.000 stream_playing=false peak_db=-200.0 mix_rate=48000 latency=0.0880 @ http://localhost:8771/index.js:451
[  154877ms] [LOG] MON 1 playing=false pos=0.000 stream_playing=false peak_db=-200.0 mix_rate=48000 latency=0.0880 @ http://localhost:8771/index.js:451
[  155127ms] [LOG] MON 1 playing=false pos=0.000 stream_playing=false peak_db=-200.0 mix_rate=48000 latency=0.0880 @ http://localhost:8771/index.js:451
[  155377ms] [LOG] MON 1 playing=false pos=0.000 stream_playing=false peak_db=-200.0 mix_rate=48000 latency=0.0880 @ http://localhost:8771/index.js:451
[  155627ms] [LOG] MON 1 playing=false pos=0.000 stream_playing=false peak_db=-200.0 mix_rate=48000 latency=0.0880 @ http://localhost:8771/index.js:451
[  155877ms] [LOG] MON 1 playing=false pos=0.000 stream_playing=false peak_db=-200.0 mix_rate=48000 latency=0.0880 @ http://localhost:8771/index.js:451
[  156125ms] [LOG] MON 1 playing=false pos=0.000 stream_playing=false peak_db=-200.0 mix_rate=48000 latency=0.0880 @ http://localhost:8771/index.js:451
[  156377ms] [LOG] MON 1 playing=false pos=0.000 stream_playing=false peak_db=-200.0 mix_rate=48000 latency=0.0880 @ http://localhost:8771/index.js:451
[  156628ms] [LOG] MON 1 playing=false pos=0.000 stream_playing=false peak_db=-200.0 mix_rate=48000 latency=0.0880 @ http://localhost:8771/index.js:451
[  156876ms] [LOG] MON 1 playing=false pos=0.000 stream_playing=false peak_db=-200.0 mix_rate=48000 latency=0.0880 @ http://localhost:8771/index.js:451
[  157126ms] [LOG] MON 1 playing=false pos=0.000 stream_playing=false peak_db=-200.0 mix_rate=48000 latency=0.0880 @ http://localhost:8771/index.js:451
[  157376ms] [LOG] MON 1 playing=false pos=0.000 stream_playing=false peak_db=-200.0 mix_rate=48000 latency=0.0880 @ http://localhost:8771/index.js:451
[  157626ms] [LOG] MON 1 playing=false pos=0.000 stream_playing=false peak_db=-200.0 mix_rate=48000 latency=0.0880 @ http://localhost:8771/index.js:451
[  157877ms] [LOG] MON 1 playing=false pos=0.000 stream_playing=false peak_db=-200.0 mix_rate=48000 latency=0.0880 @ http://localhost:8771/index.js:451
[  158127ms] [LOG] MON 1 playing=false pos=0.000 stream_playing=false peak_db=-200.0 mix_rate=48000 latency=0.0880 @ http://localhost:8771/index.js:451
[  158379ms] [LOG] MON 1 playing=false pos=0.000 stream_playing=false peak_db=-200.0 mix_rate=48000 latency=0.0880 @ http://localhost:8771/index.js:451
[  158626ms] [LOG] MON 1 playing=false pos=0.000 stream_playing=false peak_db=-200.0 mix_rate=48000 latency=0.0880 @ http://localhost:8771/index.js:451
[  158878ms] [LOG] MON 1 playing=false pos=0.000 stream_playing=false peak_db=-200.0 mix_rate=48000 latency=0.0880 @ http://localhost:8771/index.js:451
[  159128ms] [LOG] MON 1 playing=false pos=0.000 stream_playing=false peak_db=-200.0 mix_rate=48000 latency=0.0880 @ http://localhost:8771/index.js:451
[  159377ms] [LOG] MON 1 playing=false pos=0.000 stream_playing=false peak_db=-200.0 mix_rate=48000 latency=0.0880 @ http://localhost:8771/index.js:451
[  159628ms] [LOG] MON 1 playing=false pos=0.000 stream_playing=false peak_db=-200.0 mix_rate=48000 latency=0.0880 @ http://localhost:8771/index.js:451
[  159877ms] [LOG] MON 1 playing=false pos=0.000 stream_playing=false peak_db=-200.0 mix_rate=48000 latency=0.0880 @ http://localhost:8771/index.js:451
[  160128ms] [LOG] MON 1 playing=false pos=0.000 stream_playing=false peak_db=-200.0 mix_rate=48000 latency=0.0880 @ http://localhost:8771/index.js:451
[  160376ms] [LOG] MON 1 playing=false pos=0.000 stream_playing=false peak_db=-200.0 mix_rate=48000 latency=0.0880 @ http://localhost:8771/index.js:451
[  160627ms] [LOG] MON 1 playing=false pos=0.000 stream_playing=false peak_db=-200.0 mix_rate=48000 latency=0.0880 @ http://localhost:8771/index.js:451
[  160877ms] [LOG] MON 1 playing=false pos=0.000 stream_playing=false peak_db=-200.0 mix_rate=48000 latency=0.0880 @ http://localhost:8771/index.js:451
[  161127ms] [LOG] MON 1 playing=false pos=0.000 stream_playing=false peak_db=-200.0 mix_rate=48000 latency=0.0880 @ http://localhost:8771/index.js:451
[  161377ms] [LOG] MON 1 playing=false pos=0.000 stream_playing=false peak_db=-200.0 mix_rate=48000 latency=0.0880 @ http://localhost:8771/index.js:451
[  161627ms] [LOG] MON 1 playing=false pos=0.000 stream_playing=false peak_db=-200.0 mix_rate=48000 latency=0.0880 @ http://localhost:8771/index.js:451
[  161879ms] [LOG] MON 1 playing=false pos=0.000 stream_playing=false peak_db=-200.0 mix_rate=48000 latency=0.0880 @ http://localhost:8771/index.js:451
[  162128ms] [LOG] MON 1 playing=false pos=0.000 stream_playing=false peak_db=-200.0 mix_rate=48000 latency=0.0880 @ http://localhost:8771/index.js:451
[  162377ms] [LOG] MON 1 playing=false pos=0.000 stream_playing=false peak_db=-200.0 mix_rate=48000 latency=0.0880 @ http://localhost:8771/index.js:451
[  162627ms] [LOG] MON 1 playing=false pos=0.000 stream_playing=false peak_db=-200.0 mix_rate=48000 latency=0.0880 @ http://localhost:8771/index.js:451
[  162877ms] [LOG] MON 1 playing=false pos=0.000 stream_playing=false peak_db=-200.0 mix_rate=48000 latency=0.0880 @ http://localhost:8771/index.js:451
[  163126ms] [LOG] MON 1 playing=false pos=0.000 stream_playing=false peak_db=-200.0 mix_rate=48000 latency=0.0880 @ http://localhost:8771/index.js:451
[  163377ms] [LOG] MON 1 playing=false pos=0.000 stream_playing=false peak_db=-200.0 mix_rate=48000 latency=0.0880 @ http://localhost:8771/index.js:451
[  163627ms] [LOG] MON 1 playing=false pos=0.000 stream_playing=false peak_db=-200.0 mix_rate=48000 latency=0.0880 @ http://localhost:8771/index.js:451
[  163877ms] [LOG] MON 1 playing=false pos=0.000 stream_playing=false peak_db=-200.0 mix_rate=48000 latency=0.0880 @ http://localhost:8771/index.js:451
[  164128ms] [LOG] MON 1 playing=false pos=0.000 stream_playing=false peak_db=-200.0 mix_rate=48000 latency=0.0880 @ http://localhost:8771/index.js:451
[  164378ms] [LOG] MON 1 playing=false pos=0.000 stream_playing=false peak_db=-200.0 mix_rate=48000 latency=0.0880 @ http://localhost:8771/index.js:451
[  164627ms] [LOG] MON 1 playing=false pos=0.000 stream_playing=false peak_db=-200.0 mix_rate=48000 latency=0.0880 @ http://localhost:8771/index.js:451
[  164876ms] [LOG] MON 1 playing=false pos=0.000 stream_playing=false peak_db=-200.0 mix_rate=48000 latency=0.0880 @ http://localhost:8771/index.js:451
[  165127ms] [LOG] MON 1 playing=false pos=0.000 stream_playing=false peak_db=-200.0 mix_rate=48000 latency=0.0880 @ http://localhost:8771/index.js:451
[  165378ms] [LOG] MON 1 playing=false pos=0.000 stream_playing=false peak_db=-200.0 mix_rate=48000 latency=0.0880 @ http://localhost:8771/index.js:451
[  165627ms] [LOG] MON 1 playing=false pos=0.000 stream_playing=false peak_db=-200.0 mix_rate=48000 latency=0.0880 @ http://localhost:8771/index.js:451
[  165877ms] [LOG] MON 1 playing=false pos=0.000 stream_playing=false peak_db=-200.0 mix_rate=48000 latency=0.0880 @ http://localhost:8771/index.js:451
[  166130ms] [LOG] MON 1 playing=false pos=0.000 stream_playing=false peak_db=-200.0 mix_rate=48000 latency=0.0880 @ http://localhost:8771/index.js:451
[  166379ms] [LOG] MON 1 playing=false pos=0.000 stream_playing=false peak_db=-200.0 mix_rate=48000 latency=0.0880 @ http://localhost:8771/index.js:451
[  166628ms] [LOG] MON 1 playing=false pos=0.000 stream_playing=false peak_db=-200.0 mix_rate=48000 latency=0.0880 @ http://localhost:8771/index.js:451
[  166877ms] [LOG] MON 1 playing=false pos=0.000 stream_playing=false peak_db=-200.0 mix_rate=48000 latency=0.0880 @ http://localhost:8771/index.js:451
[  167130ms] [LOG] MON 1 playing=false pos=0.000 stream_playing=false peak_db=-200.0 mix_rate=48000 latency=0.0880 @ http://localhost:8771/index.js:451
[  167378ms] [LOG] MON 1 playing=false pos=0.000 stream_playing=false peak_db=-200.0 mix_rate=48000 latency=0.0880 @ http://localhost:8771/index.js:451
[  167628ms] [LOG] MON 1 playing=false pos=0.000 stream_playing=false peak_db=-200.0 mix_rate=48000 latency=0.0880 @ http://localhost:8771/index.js:451
[  167878ms] [LOG] MON 1 playing=false pos=0.000 stream_playing=false peak_db=-200.0 mix_rate=48000 latency=0.0880 @ http://localhost:8771/index.js:451
[  168126ms] [LOG] MON 1 playing=false pos=0.000 stream_playing=false peak_db=-200.0 mix_rate=48000 latency=0.0880 @ http://localhost:8771/index.js:451
[  168376ms] [LOG] MON 1 playing=false pos=0.000 stream_playing=false peak_db=-200.0 mix_rate=48000 latency=0.0880 @ http://localhost:8771/index.js:451
[  168628ms] [LOG] MON 1 playing=false pos=0.000 stream_playing=false peak_db=-200.0 mix_rate=48000 latency=0.0880 @ http://localhost:8771/index.js:451
[  168878ms] [LOG] MON 1 playing=false pos=0.000 stream_playing=false peak_db=-200.0 mix_rate=48000 latency=0.0880 @ http://localhost:8771/index.js:451
[  169128ms] [LOG] MON 1 playing=false pos=0.000 stream_playing=false peak_db=-200.0 mix_rate=48000 latency=0.0880 @ http://localhost:8771/index.js:451
[  169377ms] [LOG] MON 1 playing=false pos=0.000 stream_playing=false peak_db=-200.0 mix_rate=48000 latency=0.0880 @ http://localhost:8771/index.js:451
[  169626ms] [LOG] MON 1 playing=false pos=0.000 stream_playing=false peak_db=-200.0 mix_rate=48000 latency=0.0880 @ http://localhost:8771/index.js:451
[  169878ms] [LOG] MON 1 playing=false pos=0.000 stream_playing=false peak_db=-200.0 mix_rate=48000 latency=0.0880 @ http://localhost:8771/index.js:451
[  170127ms] [LOG] MON 1 playing=false pos=0.000 stream_playing=false peak_db=-200.0 mix_rate=48000 latency=0.0880 @ http://localhost:8771/index.js:451
[  170376ms] [LOG] MON 1 playing=false pos=0.000 stream_playing=false peak_db=-200.0 mix_rate=48000 latency=0.0880 @ http://localhost:8771/index.js:451
[  170626ms] [LOG] MON 1 playing=false pos=0.000 stream_playing=false peak_db=-200.0 mix_rate=48000 latency=0.0880 @ http://localhost:8771/index.js:451
[  170877ms] [LOG] MON 1 playing=false pos=0.000 stream_playing=false peak_db=-200.0 mix_rate=48000 latency=0.0880 @ http://localhost:8771/index.js:451
[  171127ms] [LOG] MON 1 playing=false pos=0.000 stream_playing=false peak_db=-200.0 mix_rate=48000 latency=0.0880 @ http://localhost:8771/index.js:451
[  171376ms] [LOG] MON 1 playing=false pos=0.000 stream_playing=false peak_db=-200.0 mix_rate=48000 latency=0.0880 @ http://localhost:8771/index.js:451
[  171628ms] [LOG] MON 1 playing=false pos=0.000 stream_playing=false peak_db=-200.0 mix_rate=48000 latency=0.0880 @ http://localhost:8771/index.js:451
[  171878ms] [LOG] MON 1 playing=false pos=0.000 stream_playing=false peak_db=-200.0 mix_rate=48000 latency=0.0880 @ http://localhost:8771/index.js:451
[  172128ms] [LOG] MON 1 playing=false pos=0.000 stream_playing=false peak_db=-200.0 mix_rate=48000 latency=0.0880 @ http://localhost:8771/index.js:451
[  172377ms] [LOG] MON 1 playing=false pos=0.000 stream_playing=false peak_db=-200.0 mix_rate=48000 latency=0.0880 @ http://localhost:8771/index.js:451
[  172627ms] [LOG] MON 1 playing=false pos=0.000 stream_playing=false peak_db=-200.0 mix_rate=48000 latency=0.0880 @ http://localhost:8771/index.js:451
[  172876ms] [LOG] MON 1 playing=false pos=0.000 stream_playing=false peak_db=-200.0 mix_rate=48000 latency=0.0880 @ http://localhost:8771/index.js:451
[  173127ms] [LOG] MON 1 playing=false pos=0.000 stream_playing=false peak_db=-200.0 mix_rate=48000 latency=0.0880 @ http://localhost:8771/index.js:451
[  173378ms] [LOG] MON 1 playing=false pos=0.000 stream_playing=false peak_db=-200.0 mix_rate=48000 latency=0.0880 @ http://localhost:8771/index.js:451
[  173629ms] [LOG] MON 1 playing=false pos=0.000 stream_playing=false peak_db=-200.0 mix_rate=48000 latency=0.0880 @ http://localhost:8771/index.js:451
[  173877ms] [LOG] MON 1 playing=false pos=0.000 stream_playing=false peak_db=-200.0 mix_rate=48000 latency=0.0880 @ http://localhost:8771/index.js:451
[  174127ms] [LOG] MON 1 playing=false pos=0.000 stream_playing=false peak_db=-200.0 mix_rate=48000 latency=0.0880 @ http://localhost:8771/index.js:451
[  174378ms] [LOG] MON 1 playing=false pos=0.000 stream_playing=false peak_db=-200.0 mix_rate=48000 latency=0.0880 @ http://localhost:8771/index.js:451
[  174627ms] [LOG] MON 1 playing=false pos=0.000 stream_playing=false peak_db=-200.0 mix_rate=48000 latency=0.0880 @ http://localhost:8771/index.js:451
[  174877ms] [LOG] MON 1 playing=false pos=0.000 stream_playing=false peak_db=-200.0 mix_rate=48000 latency=0.0880 @ http://localhost:8771/index.js:451
[  175127ms] [LOG] MON 1 playing=false pos=0.000 stream_playing=false peak_db=-200.0 mix_rate=48000 latency=0.0880 @ http://localhost:8771/index.js:451
[  175377ms] [LOG] MON 1 playing=false pos=0.000 stream_playing=false peak_db=-200.0 mix_rate=48000 latency=0.0880 @ http://localhost:8771/index.js:451
[  175625ms] [LOG] MON 1 playing=false pos=0.000 stream_playing=false peak_db=-200.0 mix_rate=48000 latency=0.0880 @ http://localhost:8771/index.js:451
[  175877ms] [LOG] MON 1 playing=false pos=0.000 stream_playing=false peak_db=-200.0 mix_rate=48000 latency=0.0880 @ http://localhost:8771/index.js:451
[  176126ms] [LOG] MON 1 playing=false pos=0.000 stream_playing=false peak_db=-200.0 mix_rate=48000 latency=0.0880 @ http://localhost:8771/index.js:451
[  176381ms] [LOG] MON 1 playing=false pos=0.000 stream_playing=false peak_db=-200.0 mix_rate=48000 latency=0.0880 @ http://localhost:8771/index.js:451
[  176626ms] [LOG] MON 1 playing=false pos=0.000 stream_playing=false peak_db=-200.0 mix_rate=48000 latency=0.0880 @ http://localhost:8771/index.js:451
[  176876ms] [LOG] MON 1 playing=false pos=0.000 stream_playing=false peak_db=-200.0 mix_rate=48000 latency=0.0880 @ http://localhost:8771/index.js:451
[  177126ms] [LOG] MON 1 playing=false pos=0.000 stream_playing=false peak_db=-200.0 mix_rate=48000 latency=0.0880 @ http://localhost:8771/index.js:451
[  177379ms] [LOG] MON 1 playing=false pos=0.000 stream_playing=false peak_db=-200.0 mix_rate=48000 latency=0.0880 @ http://localhost:8771/index.js:451
[  177626ms] [LOG] MON 1 playing=false pos=0.000 stream_playing=false peak_db=-200.0 mix_rate=48000 latency=0.0880 @ http://localhost:8771/index.js:451
[  177877ms] [LOG] MON 1 playing=false pos=0.000 stream_playing=false peak_db=-200.0 mix_rate=48000 latency=0.0880 @ http://localhost:8771/index.js:451
[  178128ms] [LOG] MON 1 playing=false pos=0.000 stream_playing=false peak_db=-200.0 mix_rate=48000 latency=0.0880 @ http://localhost:8771/index.js:451
[  178375ms] [LOG] MON 1 playing=false pos=0.000 stream_playing=false peak_db=-200.0 mix_rate=48000 latency=0.0880 @ http://localhost:8771/index.js:451
[  178627ms] [LOG] MON 1 playing=false pos=0.000 stream_playing=false peak_db=-200.0 mix_rate=48000 latency=0.0880 @ http://localhost:8771/index.js:451
[  178878ms] [LOG] MON 1 playing=false pos=0.000 stream_playing=false peak_db=-200.0 mix_rate=48000 latency=0.0880 @ http://localhost:8771/index.js:451
[  179125ms] [LOG] MON 1 playing=false pos=0.000 stream_playing=false peak_db=-200.0 mix_rate=48000 latency=0.0880 @ http://localhost:8771/index.js:451
[  179377ms] [LOG] MON 1 playing=false pos=0.000 stream_playing=false peak_db=-200.0 mix_rate=48000 latency=0.0880 @ http://localhost:8771/index.js:451
[  179625ms] [LOG] MON 1 playing=false pos=0.000 stream_playing=false peak_db=-200.0 mix_rate=48000 latency=0.0880 @ http://localhost:8771/index.js:451
[  179877ms] [LOG] MON 1 playing=false pos=0.000 stream_playing=false peak_db=-200.0 mix_rate=48000 latency=0.0880 @ http://localhost:8771/index.js:451
[  180129ms] [LOG] MON 1 playing=false pos=0.000 stream_playing=false peak_db=-200.0 mix_rate=48000 latency=0.0880 @ http://localhost:8771/index.js:451
[  180375ms] [LOG] MON 1 playing=false pos=0.000 stream_playing=false peak_db=-200.0 mix_rate=48000 latency=0.0880 @ http://localhost:8771/index.js:451
[  180626ms] [LOG] MON 1 playing=false pos=0.000 stream_playing=false peak_db=-200.0 mix_rate=48000 latency=0.0880 @ http://localhost:8771/index.js:451
[  180875ms] [LOG] MON 1 playing=false pos=0.000 stream_playing=false peak_db=-200.0 mix_rate=48000 latency=0.0880 @ http://localhost:8771/index.js:451
[  181126ms] [LOG] MON 1 playing=false pos=0.000 stream_playing=false peak_db=-200.0 mix_rate=48000 latency=0.0880 @ http://localhost:8771/index.js:451
[  181377ms] [LOG] MON 1 playing=false pos=0.000 stream_playing=false peak_db=-200.0 mix_rate=48000 latency=0.0880 @ http://localhost:8771/index.js:451
[  181626ms] [LOG] MON 1 playing=false pos=0.000 stream_playing=false peak_db=-200.0 mix_rate=48000 latency=0.0880 @ http://localhost:8771/index.js:451
[  181878ms] [LOG] MON 1 playing=false pos=0.000 stream_playing=false peak_db=-200.0 mix_rate=48000 latency=0.0880 @ http://localhost:8771/index.js:451
[  182128ms] [LOG] MON 1 playing=false pos=0.000 stream_playing=false peak_db=-200.0 mix_rate=48000 latency=0.0880 @ http://localhost:8771/index.js:451
[  182377ms] [LOG] MON 1 playing=false pos=0.000 stream_playing=false peak_db=-200.0 mix_rate=48000 latency=0.0880 @ http://localhost:8771/index.js:451
[  182626ms] [LOG] MON 1 playing=false pos=0.000 stream_playing=false peak_db=-200.0 mix_rate=48000 latency=0.0880 @ http://localhost:8771/index.js:451
[  182875ms] [LOG] MON 1 playing=false pos=0.000 stream_playing=false peak_db=-200.0 mix_rate=48000 latency=0.0880 @ http://localhost:8771/index.js:451
[  183128ms] [LOG] MON 1 playing=false pos=0.000 stream_playing=false peak_db=-200.0 mix_rate=48000 latency=0.0880 @ http://localhost:8771/index.js:451
[  183376ms] [LOG] MON 1 playing=false pos=0.000 stream_playing=false peak_db=-200.0 mix_rate=48000 latency=0.0880 @ http://localhost:8771/index.js:451
[  183626ms] [LOG] MON 1 playing=false pos=0.000 stream_playing=false peak_db=-200.0 mix_rate=48000 latency=0.0880 @ http://localhost:8771/index.js:451
[  183877ms] [LOG] MON 1 playing=false pos=0.000 stream_playing=false peak_db=-200.0 mix_rate=48000 latency=0.0880 @ http://localhost:8771/index.js:451
[  184127ms] [LOG] MON 1 playing=false pos=0.000 stream_playing=false peak_db=-200.0 mix_rate=48000 latency=0.0880 @ http://localhost:8771/index.js:451
[  184376ms] [LOG] MON 1 playing=false pos=0.000 stream_playing=false peak_db=-200.0 mix_rate=48000 latency=0.0880 @ http://localhost:8771/index.js:451
[  184626ms] [LOG] MON 1 playing=false pos=0.000 stream_playing=false peak_db=-200.0 mix_rate=48000 latency=0.0880 @ http://localhost:8771/index.js:451
[  184877ms] [LOG] MON 1 playing=false pos=0.000 stream_playing=false peak_db=-200.0 mix_rate=48000 latency=0.0880 @ http://localhost:8771/index.js:451
[  185127ms] [LOG] MON 1 playing=false pos=0.000 stream_playing=false peak_db=-200.0 mix_rate=48000 latency=0.0880 @ http://localhost:8771/index.js:451
[  185376ms] [LOG] MON 1 playing=false pos=0.000 stream_playing=false peak_db=-200.0 mix_rate=48000 latency=0.0880 @ http://localhost:8771/index.js:451
[  185625ms] [LOG] MON 1 playing=false pos=0.000 stream_playing=false peak_db=-200.0 mix_rate=48000 latency=0.0880 @ http://localhost:8771/index.js:451
[  185877ms] [LOG] MON 1 playing=false pos=0.000 stream_playing=false peak_db=-200.0 mix_rate=48000 latency=0.0880 @ http://localhost:8771/index.js:451
[  186126ms] [LOG] MON 1 playing=false pos=0.000 stream_playing=false peak_db=-200.0 mix_rate=48000 latency=0.0880 @ http://localhost:8771/index.js:451
[  186377ms] [LOG] MON 1 playing=false pos=0.000 stream_playing=false peak_db=-200.0 mix_rate=48000 latency=0.0880 @ http://localhost:8771/index.js:451
[  186627ms] [LOG] MON 1 playing=false pos=0.000 stream_playing=false peak_db=-200.0 mix_rate=48000 latency=0.0880 @ http://localhost:8771/index.js:451
[  186877ms] [LOG] MON 1 playing=false pos=0.000 stream_playing=false peak_db=-200.0 mix_rate=48000 latency=0.0880 @ http://localhost:8771/index.js:451
[  187126ms] [LOG] MON 1 playing=false pos=0.000 stream_playing=false peak_db=-200.0 mix_rate=48000 latency=0.0880 @ http://localhost:8771/index.js:451
[  187376ms] [LOG] MON 1 playing=false pos=0.000 stream_playing=false peak_db=-200.0 mix_rate=48000 latency=0.0880 @ http://localhost:8771/index.js:451
[  187627ms] [LOG] MON 1 playing=false pos=0.000 stream_playing=false peak_db=-200.0 mix_rate=48000 latency=0.0880 @ http://localhost:8771/index.js:451
[  187877ms] [LOG] MON 1 playing=false pos=0.000 stream_playing=false peak_db=-200.0 mix_rate=48000 latency=0.0880 @ http://localhost:8771/index.js:451
[  188126ms] [LOG] MON 1 playing=false pos=0.000 stream_playing=false peak_db=-200.0 mix_rate=48000 latency=0.0880 @ http://localhost:8771/index.js:451
[  188377ms] [LOG] MON 1 playing=false pos=0.000 stream_playing=false peak_db=-200.0 mix_rate=48000 latency=0.0880 @ http://localhost:8771/index.js:451
[  188627ms] [LOG] MON 1 playing=false pos=0.000 stream_playing=false peak_db=-200.0 mix_rate=48000 latency=0.0880 @ http://localhost:8771/index.js:451
[  188877ms] [LOG] MON 1 playing=false pos=0.000 stream_playing=false peak_db=-200.0 mix_rate=48000 latency=0.0880 @ http://localhost:8771/index.js:451
[  189128ms] [LOG] MON 1 playing=false pos=0.000 stream_playing=false peak_db=-200.0 mix_rate=48000 latency=0.0880 @ http://localhost:8771/index.js:451
[  189377ms] [LOG] MON 1 playing=false pos=0.000 stream_playing=false peak_db=-200.0 mix_rate=48000 latency=0.0880 @ http://localhost:8771/index.js:451
[  189627ms] [LOG] MON 1 playing=false pos=0.000 stream_playing=false peak_db=-200.0 mix_rate=48000 latency=0.0880 @ http://localhost:8771/index.js:451
[  189876ms] [LOG] MON 1 playing=false pos=0.000 stream_playing=false peak_db=-200.0 mix_rate=48000 latency=0.0880 @ http://localhost:8771/index.js:451
[  190130ms] [LOG] MON 1 playing=false pos=0.000 stream_playing=false peak_db=-200.0 mix_rate=48000 latency=0.0880 @ http://localhost:8771/index.js:451
[  190378ms] [LOG] MON 1 playing=false pos=0.000 stream_playing=false peak_db=-200.0 mix_rate=48000 latency=0.0880 @ http://localhost:8771/index.js:451
[  190627ms] [LOG] MON 1 playing=false pos=0.000 stream_playing=false peak_db=-200.0 mix_rate=48000 latency=0.0880 @ http://localhost:8771/index.js:451
[  190876ms] [LOG] MON 1 playing=false pos=0.000 stream_playing=false peak_db=-200.0 mix_rate=48000 latency=0.0880 @ http://localhost:8771/index.js:451
[  191128ms] [LOG] MON 1 playing=false pos=0.000 stream_playing=false peak_db=-200.0 mix_rate=48000 latency=0.0880 @ http://localhost:8771/index.js:451
[  191376ms] [LOG] MON 1 playing=false pos=0.000 stream_playing=false peak_db=-200.0 mix_rate=48000 latency=0.0880 @ http://localhost:8771/index.js:451
[  191627ms] [LOG] MON 1 playing=false pos=0.000 stream_playing=false peak_db=-200.0 mix_rate=48000 latency=0.0880 @ http://localhost:8771/index.js:451
[  191877ms] [LOG] MON 1 playing=false pos=0.000 stream_playing=false peak_db=-200.0 mix_rate=48000 latency=0.0880 @ http://localhost:8771/index.js:451
[  192126ms] [LOG] MON 1 playing=false pos=0.000 stream_playing=false peak_db=-200.0 mix_rate=48000 latency=0.0880 @ http://localhost:8771/index.js:451
[  192377ms] [LOG] MON 1 playing=false pos=0.000 stream_playing=false peak_db=-200.0 mix_rate=48000 latency=0.0880 @ http://localhost:8771/index.js:451
[  192628ms] [LOG] MON 1 playing=false pos=0.000 stream_playing=false peak_db=-200.0 mix_rate=48000 latency=0.0880 @ http://localhost:8771/index.js:451
[  192879ms] [LOG] MON 1 playing=false pos=0.000 stream_playing=false peak_db=-200.0 mix_rate=48000 latency=0.0880 @ http://localhost:8771/index.js:451
[  193127ms] [LOG] MON 1 playing=false pos=0.000 stream_playing=false peak_db=-200.0 mix_rate=48000 latency=0.0880 @ http://localhost:8771/index.js:451
[  193377ms] [LOG] MON 1 playing=false pos=0.000 stream_playing=false peak_db=-200.0 mix_rate=48000 latency=0.0880 @ http://localhost:8771/index.js:451
[  193626ms] [LOG] MON 1 playing=false pos=0.000 stream_playing=false peak_db=-200.0 mix_rate=48000 latency=0.0880 @ http://localhost:8771/index.js:451
[  193878ms] [LOG] MON 1 playing=false pos=0.000 stream_playing=false peak_db=-200.0 mix_rate=48000 latency=0.0880 @ http://localhost:8771/index.js:451
[  194127ms] [LOG] MON 1 playing=false pos=0.000 stream_playing=false peak_db=-200.0 mix_rate=48000 latency=0.0880 @ http://localhost:8771/index.js:451
[  194378ms] [LOG] MON 1 playing=false pos=0.000 stream_playing=false peak_db=-200.0 mix_rate=48000 latency=0.0880 @ http://localhost:8771/index.js:451
[  194626ms] [LOG] MON 1 playing=false pos=0.000 stream_playing=false peak_db=-200.0 mix_rate=48000 latency=0.0880 @ http://localhost:8771/index.js:451
[  194877ms] [LOG] MON 1 playing=false pos=0.000 stream_playing=false peak_db=-200.0 mix_rate=48000 latency=0.0880 @ http://localhost:8771/index.js:451
[  195126ms] [LOG] MON 1 playing=false pos=0.000 stream_playing=false peak_db=-200.0 mix_rate=48000 latency=0.0880 @ http://localhost:8771/index.js:451
[  195376ms] [LOG] MON 1 playing=false pos=0.000 stream_playing=false peak_db=-200.0 mix_rate=48000 latency=0.0880 @ http://localhost:8771/index.js:451
[  195625ms] [LOG] MON 1 playing=false pos=0.000 stream_playing=false peak_db=-200.0 mix_rate=48000 latency=0.0880 @ http://localhost:8771/index.js:451
[  195877ms] [LOG] MON 1 playing=false pos=0.000 stream_playing=false peak_db=-200.0 mix_rate=48000 latency=0.0880 @ http://localhost:8771/index.js:451
[  196126ms] [LOG] MON 1 playing=false pos=0.000 stream_playing=false peak_db=-200.0 mix_rate=48000 latency=0.0880 @ http://localhost:8771/index.js:451
[  196377ms] [LOG] MON 1 playing=false pos=0.000 stream_playing=false peak_db=-200.0 mix_rate=48000 latency=0.0880 @ http://localhost:8771/index.js:451
[  196628ms] [LOG] MON 1 playing=false pos=0.000 stream_playing=false peak_db=-200.0 mix_rate=48000 latency=0.0880 @ http://localhost:8771/index.js:451
[  196878ms] [LOG] MON 1 playing=false pos=0.000 stream_playing=false peak_db=-200.0 mix_rate=48000 latency=0.0880 @ http://localhost:8771/index.js:451
[  197126ms] [LOG] MON 1 playing=false pos=0.000 stream_playing=false peak_db=-200.0 mix_rate=48000 latency=0.0880 @ http://localhost:8771/index.js:451
[  197377ms] [LOG] MON 1 playing=false pos=0.000 stream_playing=false peak_db=-200.0 mix_rate=48000 latency=0.0880 @ http://localhost:8771/index.js:451
[  197627ms] [LOG] MON 1 playing=false pos=0.000 stream_playing=false peak_db=-200.0 mix_rate=48000 latency=0.0880 @ http://localhost:8771/index.js:451
[  197876ms] [LOG] MON 1 playing=false pos=0.000 stream_playing=false peak_db=-200.0 mix_rate=48000 latency=0.0880 @ http://localhost:8771/index.js:451
[  198127ms] [LOG] MON 1 playing=false pos=0.000 stream_playing=false peak_db=-200.0 mix_rate=48000 latency=0.0880 @ http://localhost:8771/index.js:451
[  198377ms] [LOG] MON 1 playing=false pos=0.000 stream_playing=false peak_db=-200.0 mix_rate=48000 latency=0.0880 @ http://localhost:8771/index.js:451
[  198627ms] [LOG] MON 1 playing=false pos=0.000 stream_playing=false peak_db=-200.0 mix_rate=48000 latency=0.0880 @ http://localhost:8771/index.js:451
[  198877ms] [LOG] MON 1 playing=false pos=0.000 stream_playing=false peak_db=-200.0 mix_rate=48000 latency=0.0880 @ http://localhost:8771/index.js:451
[  199126ms] [LOG] MON 1 playing=false pos=0.000 stream_playing=false peak_db=-200.0 mix_rate=48000 latency=0.0880 @ http://localhost:8771/index.js:451
[  199379ms] [LOG] MON 1 playing=false pos=0.000 stream_playing=false peak_db=-200.0 mix_rate=48000 latency=0.0880 @ http://localhost:8771/index.js:451
[  199627ms] [LOG] MON 1 playing=false pos=0.000 stream_playing=false peak_db=-200.0 mix_rate=48000 latency=0.0880 @ http://localhost:8771/index.js:451
[  199876ms] [LOG] MON 1 playing=false pos=0.000 stream_playing=false peak_db=-200.0 mix_rate=48000 latency=0.0880 @ http://localhost:8771/index.js:451
[  200126ms] [LOG] MON 1 playing=false pos=0.000 stream_playing=false peak_db=-200.0 mix_rate=48000 latency=0.0880 @ http://localhost:8771/index.js:451
[  200377ms] [LOG] MON 1 playing=false pos=0.000 stream_playing=false peak_db=-200.0 mix_rate=48000 latency=0.0880 @ http://localhost:8771/index.js:451
[  200630ms] [LOG] MON 1 playing=false pos=0.000 stream_playing=false peak_db=-200.0 mix_rate=48000 latency=0.0880 @ http://localhost:8771/index.js:451
[  200876ms] [LOG] MON 1 playing=false pos=0.000 stream_playing=false peak_db=-200.0 mix_rate=48000 latency=0.0880 @ http://localhost:8771/index.js:451
[  201125ms] [LOG] MON 1 playing=false pos=0.000 stream_playing=false peak_db=-200.0 mix_rate=48000 latency=0.0880 @ http://localhost:8771/index.js:451
[  201379ms] [LOG] MON 1 playing=false pos=0.000 stream_playing=false peak_db=-200.0 mix_rate=48000 latency=0.0880 @ http://localhost:8771/index.js:451
[  201627ms] [LOG] MON 1 playing=false pos=0.000 stream_playing=false peak_db=-200.0 mix_rate=48000 latency=0.0880 @ http://localhost:8771/index.js:451
[  201876ms] [LOG] MON 1 playing=false pos=0.000 stream_playing=false peak_db=-200.0 mix_rate=48000 latency=0.0880 @ http://localhost:8771/index.js:451
[  202127ms] [LOG] MON 1 playing=false pos=0.000 stream_playing=false peak_db=-200.0 mix_rate=48000 latency=0.0880 @ http://localhost:8771/index.js:451
[  202376ms] [LOG] MON 1 playing=false pos=0.000 stream_playing=false peak_db=-200.0 mix_rate=48000 latency=0.0880 @ http://localhost:8771/index.js:451
[  202627ms] [LOG] MON 1 playing=false pos=0.000 stream_playing=false peak_db=-200.0 mix_rate=48000 latency=0.0880 @ http://localhost:8771/index.js:451
[  202878ms] [LOG] MON 1 playing=false pos=0.000 stream_playing=false peak_db=-200.0 mix_rate=48000 latency=0.0880 @ http://localhost:8771/index.js:451
[  203126ms] [LOG] MON 1 playing=false pos=0.000 stream_playing=false peak_db=-200.0 mix_rate=48000 latency=0.0880 @ http://localhost:8771/index.js:451
[  203377ms] [LOG] MON 1 playing=false pos=0.000 stream_playing=false peak_db=-200.0 mix_rate=48000 latency=0.0880 @ http://localhost:8771/index.js:451
[  203628ms] [LOG] MON 1 playing=false pos=0.000 stream_playing=false peak_db=-200.0 mix_rate=48000 latency=0.0880 @ http://localhost:8771/index.js:451
[  203877ms] [LOG] MON 1 playing=false pos=0.000 stream_playing=false peak_db=-200.0 mix_rate=48000 latency=0.0880 @ http://localhost:8771/index.js:451
[  204127ms] [LOG] MON 1 playing=false pos=0.000 stream_playing=false peak_db=-200.0 mix_rate=48000 latency=0.0880 @ http://localhost:8771/index.js:451
[  204376ms] [LOG] MON 1 playing=false pos=0.000 stream_playing=false peak_db=-200.0 mix_rate=48000 latency=0.0880 @ http://localhost:8771/index.js:451
[  204628ms] [LOG] MON 1 playing=false pos=0.000 stream_playing=false peak_db=-200.0 mix_rate=48000 latency=0.0880 @ http://localhost:8771/index.js:451
[  204879ms] [LOG] MON 1 playing=false pos=0.000 stream_playing=false peak_db=-200.0 mix_rate=48000 latency=0.0880 @ http://localhost:8771/index.js:451
[  205126ms] [LOG] MON 1 playing=false pos=0.000 stream_playing=false peak_db=-200.0 mix_rate=48000 latency=0.0880 @ http://localhost:8771/index.js:451
[  205376ms] [LOG] MON 1 playing=false pos=0.000 stream_playing=false peak_db=-200.0 mix_rate=48000 latency=0.0880 @ http://localhost:8771/index.js:451
[  205627ms] [LOG] MON 1 playing=false pos=0.000 stream_playing=false peak_db=-200.0 mix_rate=48000 latency=0.0880 @ http://localhost:8771/index.js:451
[  205877ms] [LOG] MON 1 playing=false pos=0.000 stream_playing=false peak_db=-200.0 mix_rate=48000 latency=0.0880 @ http://localhost:8771/index.js:451
[  206126ms] [LOG] MON 1 playing=false pos=0.000 stream_playing=false peak_db=-200.0 mix_rate=48000 latency=0.0880 @ http://localhost:8771/index.js:451
[  206376ms] [LOG] MON 1 playing=false pos=0.000 stream_playing=false peak_db=-200.0 mix_rate=48000 latency=0.0880 @ http://localhost:8771/index.js:451
[  206629ms] [LOG] MON 1 playing=false pos=0.000 stream_playing=false peak_db=-200.0 mix_rate=48000 latency=0.0880 @ http://localhost:8771/index.js:451
[  206879ms] [LOG] MON 1 playing=false pos=0.000 stream_playing=false peak_db=-200.0 mix_rate=48000 latency=0.0880 @ http://localhost:8771/index.js:451
[  207127ms] [LOG] MON 1 playing=false pos=0.000 stream_playing=false peak_db=-200.0 mix_rate=48000 latency=0.0880 @ http://localhost:8771/index.js:451
[  207377ms] [LOG] MON 1 playing=false pos=0.000 stream_playing=false peak_db=-200.0 mix_rate=48000 latency=0.0880 @ http://localhost:8771/index.js:451
[  207627ms] [LOG] MON 1 playing=false pos=0.000 stream_playing=false peak_db=-200.0 mix_rate=48000 latency=0.0880 @ http://localhost:8771/index.js:451
[  207877ms] [LOG] MON 1 playing=false pos=0.000 stream_playing=false peak_db=-200.0 mix_rate=48000 latency=0.0880 @ http://localhost:8771/index.js:451
[  208127ms] [LOG] MON 1 playing=false pos=0.000 stream_playing=false peak_db=-200.0 mix_rate=48000 latency=0.0880 @ http://localhost:8771/index.js:451
[  208376ms] [LOG] MON 1 playing=false pos=0.000 stream_playing=false peak_db=-200.0 mix_rate=48000 latency=0.0880 @ http://localhost:8771/index.js:451
[  208627ms] [LOG] MON 1 playing=false pos=0.000 stream_playing=false peak_db=-200.0 mix_rate=48000 latency=0.0880 @ http://localhost:8771/index.js:451
[  208876ms] [LOG] MON 1 playing=false pos=0.000 stream_playing=false peak_db=-200.0 mix_rate=48000 latency=0.0880 @ http://localhost:8771/index.js:451
[  209127ms] [LOG] MON 1 playing=false pos=0.000 stream_playing=false peak_db=-200.0 mix_rate=48000 latency=0.0880 @ http://localhost:8771/index.js:451
[  209376ms] [LOG] MON 1 playing=false pos=0.000 stream_playing=false peak_db=-200.0 mix_rate=48000 latency=0.0880 @ http://localhost:8771/index.js:451
[  209626ms] [LOG] MON 1 playing=false pos=0.000 stream_playing=false peak_db=-200.0 mix_rate=48000 latency=0.0880 @ http://localhost:8771/index.js:451
[  209877ms] [LOG] MON 1 playing=false pos=0.000 stream_playing=false peak_db=-200.0 mix_rate=48000 latency=0.0880 @ http://localhost:8771/index.js:451
[  210130ms] [LOG] MON 1 playing=false pos=0.000 stream_playing=false peak_db=-200.0 mix_rate=48000 latency=0.0880 @ http://localhost:8771/index.js:451
[  210378ms] [LOG] MON 1 playing=false pos=0.000 stream_playing=false peak_db=-200.0 mix_rate=48000 latency=0.0880 @ http://localhost:8771/index.js:451
[  210627ms] [LOG] MON 1 playing=false pos=0.000 stream_playing=false peak_db=-200.0 mix_rate=48000 latency=0.0880 @ http://localhost:8771/index.js:451
[  210877ms] [LOG] MON 1 playing=false pos=0.000 stream_playing=false peak_db=-200.0 mix_rate=48000 latency=0.0880 @ http://localhost:8771/index.js:451
[  211127ms] [LOG] MON 1 playing=false pos=0.000 stream_playing=false peak_db=-200.0 mix_rate=48000 latency=0.0880 @ http://localhost:8771/index.js:451
[  211377ms] [LOG] MON 1 playing=false pos=0.000 stream_playing=false peak_db=-200.0 mix_rate=48000 latency=0.0880 @ http://localhost:8771/index.js:451
[  211628ms] [LOG] MON 1 playing=false pos=0.000 stream_playing=false peak_db=-200.0 mix_rate=48000 latency=0.0880 @ http://localhost:8771/index.js:451
[  211877ms] [LOG] MON 1 playing=false pos=0.000 stream_playing=false peak_db=-200.0 mix_rate=48000 latency=0.0880 @ http://localhost:8771/index.js:451
[  212128ms] [LOG] MON 1 playing=false pos=0.000 stream_playing=false peak_db=-200.0 mix_rate=48000 latency=0.0880 @ http://localhost:8771/index.js:451
[  212378ms] [LOG] MON 1 playing=false pos=0.000 stream_playing=false peak_db=-200.0 mix_rate=48000 latency=0.0880 @ http://localhost:8771/index.js:451
[  212627ms] [LOG] MON 1 playing=false pos=0.000 stream_playing=false peak_db=-200.0 mix_rate=48000 latency=0.0880 @ http://localhost:8771/index.js:451
[  212878ms] [LOG] MON 1 playing=false pos=0.000 stream_playing=false peak_db=-200.0 mix_rate=48000 latency=0.0880 @ http://localhost:8771/index.js:451
[  213126ms] [LOG] MON 1 playing=false pos=0.000 stream_playing=false peak_db=-200.0 mix_rate=48000 latency=0.0880 @ http://localhost:8771/index.js:451
[  213377ms] [LOG] MON 1 playing=false pos=0.000 stream_playing=false peak_db=-200.0 mix_rate=48000 latency=0.0880 @ http://localhost:8771/index.js:451
[  213627ms] [LOG] MON 1 playing=false pos=0.000 stream_playing=false peak_db=-200.0 mix_rate=48000 latency=0.0880 @ http://localhost:8771/index.js:451
[  213877ms] [LOG] MON 1 playing=false pos=0.000 stream_playing=false peak_db=-200.0 mix_rate=48000 latency=0.0880 @ http://localhost:8771/index.js:451
[  214126ms] [LOG] MON 1 playing=false pos=0.000 stream_playing=false peak_db=-200.0 mix_rate=48000 latency=0.0880 @ http://localhost:8771/index.js:451
[  214377ms] [LOG] MON 1 playing=false pos=0.000 stream_playing=false peak_db=-200.0 mix_rate=48000 latency=0.0880 @ http://localhost:8771/index.js:451
[  214626ms] [LOG] MON 1 playing=false pos=0.000 stream_playing=false peak_db=-200.0 mix_rate=48000 latency=0.0880 @ http://localhost:8771/index.js:451
[  214877ms] [LOG] MON 1 playing=false pos=0.000 stream_playing=false peak_db=-200.0 mix_rate=48000 latency=0.0880 @ http://localhost:8771/index.js:451
[  215128ms] [LOG] MON 1 playing=false pos=0.000 stream_playing=false peak_db=-200.0 mix_rate=48000 latency=0.0880 @ http://localhost:8771/index.js:451
[  215377ms] [LOG] MON 1 playing=false pos=0.000 stream_playing=false peak_db=-200.0 mix_rate=48000 latency=0.0880 @ http://localhost:8771/index.js:451
[  215628ms] [LOG] MON 1 playing=false pos=0.000 stream_playing=false peak_db=-200.0 mix_rate=48000 latency=0.0880 @ http://localhost:8771/index.js:451
[  215876ms] [LOG] MON 1 playing=false pos=0.000 stream_playing=false peak_db=-200.0 mix_rate=48000 latency=0.0880 @ http://localhost:8771/index.js:451
[  216126ms] [LOG] MON 1 playing=false pos=0.000 stream_playing=false peak_db=-200.0 mix_rate=48000 latency=0.0880 @ http://localhost:8771/index.js:451
[  216376ms] [LOG] MON 1 playing=false pos=0.000 stream_playing=false peak_db=-200.0 mix_rate=48000 latency=0.0880 @ http://localhost:8771/index.js:451
[  216627ms] [LOG] MON 1 playing=false pos=0.000 stream_playing=false peak_db=-200.0 mix_rate=48000 latency=0.0880 @ http://localhost:8771/index.js:451
[  216877ms] [LOG] MON 1 playing=false pos=0.000 stream_playing=false peak_db=-200.0 mix_rate=48000 latency=0.0880 @ http://localhost:8771/index.js:451
[  217127ms] [LOG] MON 1 playing=false pos=0.000 stream_playing=false peak_db=-200.0 mix_rate=48000 latency=0.0880 @ http://localhost:8771/index.js:451
[  217378ms] [LOG] MON 1 playing=false pos=0.000 stream_playing=false peak_db=-200.0 mix_rate=48000 latency=0.0880 @ http://localhost:8771/index.js:451
[  217626ms] [LOG] MON 1 playing=false pos=0.000 stream_playing=false peak_db=-200.0 mix_rate=48000 latency=0.0880 @ http://localhost:8771/index.js:451
[  217876ms] [LOG] MON 1 playing=false pos=0.000 stream_playing=false peak_db=-200.0 mix_rate=48000 latency=0.0880 @ http://localhost:8771/index.js:451
[  218127ms] [LOG] MON 1 playing=false pos=0.000 stream_playing=false peak_db=-200.0 mix_rate=48000 latency=0.0880 @ http://localhost:8771/index.js:451
[  218376ms] [LOG] MON 1 playing=false pos=0.000 stream_playing=false peak_db=-200.0 mix_rate=48000 latency=0.0880 @ http://localhost:8771/index.js:451
[  218627ms] [LOG] MON 1 playing=false pos=0.000 stream_playing=false peak_db=-200.0 mix_rate=48000 latency=0.0880 @ http://localhost:8771/index.js:451
[  218878ms] [LOG] MON 1 playing=false pos=0.000 stream_playing=false peak_db=-200.0 mix_rate=48000 latency=0.0880 @ http://localhost:8771/index.js:451
[  219128ms] [LOG] MON 1 playing=false pos=0.000 stream_playing=false peak_db=-200.0 mix_rate=48000 latency=0.0880 @ http://localhost:8771/index.js:451
[  219378ms] [LOG] MON 1 playing=false pos=0.000 stream_playing=false peak_db=-200.0 mix_rate=48000 latency=0.0880 @ http://localhost:8771/index.js:451
[  219627ms] [LOG] MON 1 playing=false pos=0.000 stream_playing=false peak_db=-200.0 mix_rate=48000 latency=0.0880 @ http://localhost:8771/index.js:451
[  219877ms] [LOG] MON 1 playing=false pos=0.000 stream_playing=false peak_db=-200.0 mix_rate=48000 latency=0.0880 @ http://localhost:8771/index.js:451
[  220127ms] [LOG] MON 1 playing=false pos=0.000 stream_playing=false peak_db=-200.0 mix_rate=48000 latency=0.0880 @ http://localhost:8771/index.js:451
[  220377ms] [LOG] MON 1 playing=false pos=0.000 stream_playing=false peak_db=-200.0 mix_rate=48000 latency=0.0880 @ http://localhost:8771/index.js:451
[  220627ms] [LOG] MON 1 playing=false pos=0.000 stream_playing=false peak_db=-200.0 mix_rate=48000 latency=0.0880 @ http://localhost:8771/index.js:451
[  220876ms] [LOG] MON 1 playing=false pos=0.000 stream_playing=false peak_db=-200.0 mix_rate=48000 latency=0.0880 @ http://localhost:8771/index.js:451
[  221126ms] [LOG] MON 1 playing=false pos=0.000 stream_playing=false peak_db=-200.0 mix_rate=48000 latency=0.0880 @ http://localhost:8771/index.js:451
[  221377ms] [LOG] MON 1 playing=false pos=0.000 stream_playing=false peak_db=-200.0 mix_rate=48000 latency=0.0880 @ http://localhost:8771/index.js:451
[  221627ms] [LOG] MON 1 playing=false pos=0.000 stream_playing=false peak_db=-200.0 mix_rate=48000 latency=0.0880 @ http://localhost:8771/index.js:451
[  221876ms] [LOG] MON 1 playing=false pos=0.000 stream_playing=false peak_db=-200.0 mix_rate=48000 latency=0.0880 @ http://localhost:8771/index.js:451
[  222125ms] [LOG] MON 1 playing=false pos=0.000 stream_playing=false peak_db=-200.0 mix_rate=48000 latency=0.0880 @ http://localhost:8771/index.js:451
[  222376ms] [LOG] MON 1 playing=false pos=0.000 stream_playing=false peak_db=-200.0 mix_rate=48000 latency=0.0880 @ http://localhost:8771/index.js:451
[  222627ms] [LOG] MON 1 playing=false pos=0.000 stream_playing=false peak_db=-200.0 mix_rate=48000 latency=0.0880 @ http://localhost:8771/index.js:451
[  222877ms] [LOG] MON 1 playing=false pos=0.000 stream_playing=false peak_db=-200.0 mix_rate=48000 latency=0.0880 @ http://localhost:8771/index.js:451
[  223126ms] [LOG] MON 1 playing=false pos=0.000 stream_playing=false peak_db=-200.0 mix_rate=48000 latency=0.0880 @ http://localhost:8771/index.js:451
[  223376ms] [LOG] MON 1 playing=false pos=0.000 stream_playing=false peak_db=-200.0 mix_rate=48000 latency=0.0880 @ http://localhost:8771/index.js:451
[  223627ms] [LOG] MON 1 playing=false pos=0.000 stream_playing=false peak_db=-200.0 mix_rate=48000 latency=0.0880 @ http://localhost:8771/index.js:451
[  223877ms] [LOG] MON 1 playing=false pos=0.000 stream_playing=false peak_db=-200.0 mix_rate=48000 latency=0.0880 @ http://localhost:8771/index.js:451
[  224125ms] [LOG] MON 1 playing=false pos=0.000 stream_playing=false peak_db=-200.0 mix_rate=48000 latency=0.0880 @ http://localhost:8771/index.js:451
[  224376ms] [LOG] MON 1 playing=false pos=0.000 stream_playing=false peak_db=-200.0 mix_rate=48000 latency=0.0880 @ http://localhost:8771/index.js:451
[  224626ms] [LOG] MON 1 playing=false pos=0.000 stream_playing=false peak_db=-200.0 mix_rate=48000 latency=0.0880 @ http://localhost:8771/index.js:451
[  224876ms] [LOG] MON 1 playing=false pos=0.000 stream_playing=false peak_db=-200.0 mix_rate=48000 latency=0.0880 @ http://localhost:8771/index.js:451
[  225125ms] [LOG] MON 1 playing=false pos=0.000 stream_playing=false peak_db=-200.0 mix_rate=48000 latency=0.0880 @ http://localhost:8771/index.js:451
[  225376ms] [LOG] MON 1 playing=false pos=0.000 stream_playing=false peak_db=-200.0 mix_rate=48000 latency=0.0880 @ http://localhost:8771/index.js:451
[  225626ms] [LOG] MON 1 playing=false pos=0.000 stream_playing=false peak_db=-200.0 mix_rate=48000 latency=0.0880 @ http://localhost:8771/index.js:451
[  225877ms] [LOG] MON 1 playing=false pos=0.000 stream_playing=false peak_db=-200.0 mix_rate=48000 latency=0.0880 @ http://localhost:8771/index.js:451
[  226126ms] [LOG] MON 1 playing=false pos=0.000 stream_playing=false peak_db=-200.0 mix_rate=48000 latency=0.0880 @ http://localhost:8771/index.js:451
[  226376ms] [LOG] MON 1 playing=false pos=0.000 stream_playing=false peak_db=-200.0 mix_rate=48000 latency=0.0880 @ http://localhost:8771/index.js:451
[  226626ms] [LOG] MON 1 playing=false pos=0.000 stream_playing=false peak_db=-200.0 mix_rate=48000 latency=0.0880 @ http://localhost:8771/index.js:451
[  226877ms] [LOG] MON 1 playing=false pos=0.000 stream_playing=false peak_db=-200.0 mix_rate=48000 latency=0.0880 @ http://localhost:8771/index.js:451
[  227126ms] [LOG] MON 1 playing=false pos=0.000 stream_playing=false peak_db=-200.0 mix_rate=48000 latency=0.0880 @ http://localhost:8771/index.js:451
[  227376ms] [LOG] MON 1 playing=false pos=0.000 stream_playing=false peak_db=-200.0 mix_rate=48000 latency=0.0880 @ http://localhost:8771/index.js:451
[  227625ms] [LOG] MON 1 playing=false pos=0.000 stream_playing=false peak_db=-200.0 mix_rate=48000 latency=0.0880 @ http://localhost:8771/index.js:451
[  227877ms] [LOG] MON 1 playing=false pos=0.000 stream_playing=false peak_db=-200.0 mix_rate=48000 latency=0.0880 @ http://localhost:8771/index.js:451
[  228126ms] [LOG] MON 1 playing=false pos=0.000 stream_playing=false peak_db=-200.0 mix_rate=48000 latency=0.0880 @ http://localhost:8771/index.js:451
[  228376ms] [LOG] MON 1 playing=false pos=0.000 stream_playing=false peak_db=-200.0 mix_rate=48000 latency=0.0880 @ http://localhost:8771/index.js:451
[  228626ms] [LOG] MON 1 playing=false pos=0.000 stream_playing=false peak_db=-200.0 mix_rate=48000 latency=0.0880 @ http://localhost:8771/index.js:451
[  228876ms] [LOG] MON 1 playing=false pos=0.000 stream_playing=false peak_db=-200.0 mix_rate=48000 latency=0.0880 @ http://localhost:8771/index.js:451
[  229126ms] [LOG] MON 1 playing=false pos=0.000 stream_playing=false peak_db=-200.0 mix_rate=48000 latency=0.0880 @ http://localhost:8771/index.js:451
[  229377ms] [LOG] MON 1 playing=false pos=0.000 stream_playing=false peak_db=-200.0 mix_rate=48000 latency=0.0880 @ http://localhost:8771/index.js:451
[  229627ms] [LOG] MON 1 playing=false pos=0.000 stream_playing=false peak_db=-200.0 mix_rate=48000 latency=0.0880 @ http://localhost:8771/index.js:451
[  229876ms] [LOG] MON 1 playing=false pos=0.000 stream_playing=false peak_db=-200.0 mix_rate=48000 latency=0.0880 @ http://localhost:8771/index.js:451
[  230126ms] [LOG] MON 1 playing=false pos=0.000 stream_playing=false peak_db=-200.0 mix_rate=48000 latency=0.0880 @ http://localhost:8771/index.js:451
[  230376ms] [LOG] MON 1 playing=false pos=0.000 stream_playing=false peak_db=-200.0 mix_rate=48000 latency=0.0880 @ http://localhost:8771/index.js:451
[  230627ms] [LOG] MON 1 playing=false pos=0.000 stream_playing=false peak_db=-200.0 mix_rate=48000 latency=0.0880 @ http://localhost:8771/index.js:451
[  230876ms] [LOG] MON 1 playing=false pos=0.000 stream_playing=false peak_db=-200.0 mix_rate=48000 latency=0.0880 @ http://localhost:8771/index.js:451
[  231126ms] [LOG] MON 1 playing=false pos=0.000 stream_playing=false peak_db=-200.0 mix_rate=48000 latency=0.0880 @ http://localhost:8771/index.js:451
[  231377ms] [LOG] MON 1 playing=false pos=0.000 stream_playing=false peak_db=-200.0 mix_rate=48000 latency=0.0880 @ http://localhost:8771/index.js:451
[  231628ms] [LOG] MON 1 playing=false pos=0.000 stream_playing=false peak_db=-200.0 mix_rate=48000 latency=0.0880 @ http://localhost:8771/index.js:451
[  231878ms] [LOG] MON 1 playing=false pos=0.000 stream_playing=false peak_db=-200.0 mix_rate=48000 latency=0.0880 @ http://localhost:8771/index.js:451
[  232125ms] [LOG] MON 1 playing=false pos=0.000 stream_playing=false peak_db=-200.0 mix_rate=48000 latency=0.0880 @ http://localhost:8771/index.js:451
[  232376ms] [LOG] MON 1 playing=false pos=0.000 stream_playing=false peak_db=-200.0 mix_rate=48000 latency=0.0880 @ http://localhost:8771/index.js:451
[  232628ms] [LOG] MON 1 playing=false pos=0.000 stream_playing=false peak_db=-200.0 mix_rate=48000 latency=0.0880 @ http://localhost:8771/index.js:451
[  232876ms] [LOG] MON 1 playing=false pos=0.000 stream_playing=false peak_db=-200.0 mix_rate=48000 latency=0.0880 @ http://localhost:8771/index.js:451
[  233126ms] [LOG] MON 1 playing=false pos=0.000 stream_playing=false peak_db=-200.0 mix_rate=48000 latency=0.0880 @ http://localhost:8771/index.js:451
[  233376ms] [LOG] MON 1 playing=false pos=0.000 stream_playing=false peak_db=-200.0 mix_rate=48000 latency=0.0880 @ http://localhost:8771/index.js:451
[  233626ms] [LOG] MON 1 playing=false pos=0.000 stream_playing=false peak_db=-200.0 mix_rate=48000 latency=0.0880 @ http://localhost:8771/index.js:451
[  233876ms] [LOG] MON 1 playing=false pos=0.000 stream_playing=false peak_db=-200.0 mix_rate=48000 latency=0.0880 @ http://localhost:8771/index.js:451
[  234127ms] [LOG] MON 1 playing=false pos=0.000 stream_playing=false peak_db=-200.0 mix_rate=48000 latency=0.0880 @ http://localhost:8771/index.js:451
[  234376ms] [LOG] MON 1 playing=false pos=0.000 stream_playing=false peak_db=-200.0 mix_rate=48000 latency=0.0880 @ http://localhost:8771/index.js:451
[  234625ms] [LOG] MON 1 playing=false pos=0.000 stream_playing=false peak_db=-200.0 mix_rate=48000 latency=0.0880 @ http://localhost:8771/index.js:451
[  234876ms] [LOG] MON 1 playing=false pos=0.000 stream_playing=false peak_db=-200.0 mix_rate=48000 latency=0.0880 @ http://localhost:8771/index.js:451
[  235127ms] [LOG] MON 1 playing=false pos=0.000 stream_playing=false peak_db=-200.0 mix_rate=48000 latency=0.0880 @ http://localhost:8771/index.js:451
[  235377ms] [LOG] MON 1 playing=false pos=0.000 stream_playing=false peak_db=-200.0 mix_rate=48000 latency=0.0880 @ http://localhost:8771/index.js:451
[  235626ms] [LOG] MON 1 playing=false pos=0.000 stream_playing=false peak_db=-200.0 mix_rate=48000 latency=0.0880 @ http://localhost:8771/index.js:451
[  235876ms] [LOG] MON 1 playing=false pos=0.000 stream_playing=false peak_db=-200.0 mix_rate=48000 latency=0.0880 @ http://localhost:8771/index.js:451
[  236127ms] [LOG] MON 1 playing=false pos=0.000 stream_playing=false peak_db=-200.0 mix_rate=48000 latency=0.0880 @ http://localhost:8771/index.js:451
[  236381ms] [LOG] MON 1 playing=false pos=0.000 stream_playing=false peak_db=-200.0 mix_rate=48000 latency=0.0880 @ http://localhost:8771/index.js:451
[  236627ms] [LOG] MON 1 playing=false pos=0.000 stream_playing=false peak_db=-200.0 mix_rate=48000 latency=0.0880 @ http://localhost:8771/index.js:451
[  236876ms] [LOG] MON 1 playing=false pos=0.000 stream_playing=false peak_db=-200.0 mix_rate=48000 latency=0.0880 @ http://localhost:8771/index.js:451
[  237126ms] [LOG] MON 1 playing=false pos=0.000 stream_playing=false peak_db=-200.0 mix_rate=48000 latency=0.0880 @ http://localhost:8771/index.js:451
[  237375ms] [LOG] MON 1 playing=false pos=0.000 stream_playing=false peak_db=-200.0 mix_rate=48000 latency=0.0880 @ http://localhost:8771/index.js:451
[  237626ms] [LOG] MON 1 playing=false pos=0.000 stream_playing=false peak_db=-200.0 mix_rate=48000 latency=0.0880 @ http://localhost:8771/index.js:451
[  237876ms] [LOG] MON 1 playing=false pos=0.000 stream_playing=false peak_db=-200.0 mix_rate=48000 latency=0.0880 @ http://localhost:8771/index.js:451
[  238127ms] [LOG] MON 1 playing=false pos=0.000 stream_playing=false peak_db=-200.0 mix_rate=48000 latency=0.0880 @ http://localhost:8771/index.js:451
[  238376ms] [LOG] MON 1 playing=false pos=0.000 stream_playing=false peak_db=-200.0 mix_rate=48000 latency=0.0880 @ http://localhost:8771/index.js:451
[  238627ms] [LOG] MON 1 playing=false pos=0.000 stream_playing=false peak_db=-200.0 mix_rate=48000 latency=0.0880 @ http://localhost:8771/index.js:451
[  238878ms] [LOG] MON 1 playing=false pos=0.000 stream_playing=false peak_db=-200.0 mix_rate=48000 latency=0.0880 @ http://localhost:8771/index.js:451
[  239128ms] [LOG] MON 1 playing=false pos=0.000 stream_playing=false peak_db=-200.0 mix_rate=48000 latency=0.0880 @ http://localhost:8771/index.js:451
[  239376ms] [LOG] MON 1 playing=false pos=0.000 stream_playing=false peak_db=-200.0 mix_rate=48000 latency=0.0880 @ http://localhost:8771/index.js:451
[  239627ms] [LOG] MON 1 playing=false pos=0.000 stream_playing=false peak_db=-200.0 mix_rate=48000 latency=0.0880 @ http://localhost:8771/index.js:451
[  239876ms] [LOG] MON 1 playing=false pos=0.000 stream_playing=false peak_db=-200.0 mix_rate=48000 latency=0.0880 @ http://localhost:8771/index.js:451
[  240127ms] [LOG] MON 1 playing=false pos=0.000 stream_playing=false peak_db=-200.0 mix_rate=48000 latency=0.0880 @ http://localhost:8771/index.js:451
[  240376ms] [LOG] MON 1 playing=false pos=0.000 stream_playing=false peak_db=-200.0 mix_rate=48000 latency=0.0880 @ http://localhost:8771/index.js:451
[  240626ms] [LOG] MON 1 playing=false pos=0.000 stream_playing=false peak_db=-200.0 mix_rate=48000 latency=0.0880 @ http://localhost:8771/index.js:451
[  240877ms] [LOG] MON 1 playing=false pos=0.000 stream_playing=false peak_db=-200.0 mix_rate=48000 latency=0.0880 @ http://localhost:8771/index.js:451
[  241126ms] [LOG] MON 1 playing=false pos=0.000 stream_playing=false peak_db=-200.0 mix_rate=48000 latency=0.0880 @ http://localhost:8771/index.js:451
[  241376ms] [LOG] MON 1 playing=false pos=0.000 stream_playing=false peak_db=-200.0 mix_rate=48000 latency=0.0880 @ http://localhost:8771/index.js:451
[  241626ms] [LOG] MON 1 playing=false pos=0.000 stream_playing=false peak_db=-200.0 mix_rate=48000 latency=0.0880 @ http://localhost:8771/index.js:451
[  241877ms] [LOG] MON 1 playing=false pos=0.000 stream_playing=false peak_db=-200.0 mix_rate=48000 latency=0.0880 @ http://localhost:8771/index.js:451
[  242126ms] [LOG] MON 1 playing=false pos=0.000 stream_playing=false peak_db=-200.0 mix_rate=48000 latency=0.0880 @ http://localhost:8771/index.js:451
[  242378ms] [LOG] MON 1 playing=false pos=0.000 stream_playing=false peak_db=-200.0 mix_rate=48000 latency=0.0880 @ http://localhost:8771/index.js:451
[  242628ms] [LOG] MON 1 playing=false pos=0.000 stream_playing=false peak_db=-200.0 mix_rate=48000 latency=0.0880 @ http://localhost:8771/index.js:451
[  242876ms] [LOG] MON 1 playing=false pos=0.000 stream_playing=false peak_db=-200.0 mix_rate=48000 latency=0.0880 @ http://localhost:8771/index.js:451
[  243126ms] [LOG] MON 1 playing=false pos=0.000 stream_playing=false peak_db=-200.0 mix_rate=48000 latency=0.0880 @ http://localhost:8771/index.js:451
[  243376ms] [LOG] MON 1 playing=false pos=0.000 stream_playing=false peak_db=-200.0 mix_rate=48000 latency=0.0880 @ http://localhost:8771/index.js:451
[  243628ms] [LOG] MON 1 playing=false pos=0.000 stream_playing=false peak_db=-200.0 mix_rate=48000 latency=0.0880 @ http://localhost:8771/index.js:451
[  243875ms] [LOG] MON 1 playing=false pos=0.000 stream_playing=false peak_db=-200.0 mix_rate=48000 latency=0.0880 @ http://localhost:8771/index.js:451
[  244126ms] [LOG] MON 1 playing=false pos=0.000 stream_playing=false peak_db=-200.0 mix_rate=48000 latency=0.0880 @ http://localhost:8771/index.js:451
[  244377ms] [LOG] MON 1 playing=false pos=0.000 stream_playing=false peak_db=-200.0 mix_rate=48000 latency=0.0880 @ http://localhost:8771/index.js:451
[  244627ms] [LOG] MON 1 playing=false pos=0.000 stream_playing=false peak_db=-200.0 mix_rate=48000 latency=0.0880 @ http://localhost:8771/index.js:451
[  244877ms] [LOG] MON 1 playing=false pos=0.000 stream_playing=false peak_db=-200.0 mix_rate=48000 latency=0.0880 @ http://localhost:8771/index.js:451
[  245127ms] [LOG] MON 1 playing=false pos=0.000 stream_playing=false peak_db=-200.0 mix_rate=48000 latency=0.0880 @ http://localhost:8771/index.js:451
[  245376ms] [LOG] MON 1 playing=false pos=0.000 stream_playing=false peak_db=-200.0 mix_rate=48000 latency=0.0880 @ http://localhost:8771/index.js:451
[  245626ms] [LOG] MON 1 playing=false pos=0.000 stream_playing=false peak_db=-200.0 mix_rate=48000 latency=0.0880 @ http://localhost:8771/index.js:451
[  245877ms] [LOG] MON 1 playing=false pos=0.000 stream_playing=false peak_db=-200.0 mix_rate=48000 latency=0.0880 @ http://localhost:8771/index.js:451
[  246126ms] [LOG] MON 1 playing=false pos=0.000 stream_playing=false peak_db=-200.0 mix_rate=48000 latency=0.0880 @ http://localhost:8771/index.js:451
[  246377ms] [LOG] MON 1 playing=false pos=0.000 stream_playing=false peak_db=-200.0 mix_rate=48000 latency=0.0880 @ http://localhost:8771/index.js:451
[  246627ms] [LOG] MON 1 playing=false pos=0.000 stream_playing=false peak_db=-200.0 mix_rate=48000 latency=0.0880 @ http://localhost:8771/index.js:451
[  246877ms] [LOG] MON 1 playing=false pos=0.000 stream_playing=false peak_db=-200.0 mix_rate=48000 latency=0.0880 @ http://localhost:8771/index.js:451
[  247127ms] [LOG] MON 1 playing=false pos=0.000 stream_playing=false peak_db=-200.0 mix_rate=48000 latency=0.0880 @ http://localhost:8771/index.js:451
[  247377ms] [LOG] MON 1 playing=false pos=0.000 stream_playing=false peak_db=-200.0 mix_rate=48000 latency=0.0880 @ http://localhost:8771/index.js:451
[  247626ms] [LOG] MON 1 playing=false pos=0.000 stream_playing=false peak_db=-200.0 mix_rate=48000 latency=0.0880 @ http://localhost:8771/index.js:451
[  247877ms] [LOG] MON 1 playing=false pos=0.000 stream_playing=false peak_db=-200.0 mix_rate=48000 latency=0.0880 @ http://localhost:8771/index.js:451
[  248127ms] [LOG] MON 1 playing=false pos=0.000 stream_playing=false peak_db=-200.0 mix_rate=48000 latency=0.0880 @ http://localhost:8771/index.js:451
[  248377ms] [LOG] MON 1 playing=false pos=0.000 stream_playing=false peak_db=-200.0 mix_rate=48000 latency=0.0880 @ http://localhost:8771/index.js:451
[  248627ms] [LOG] MON 1 playing=false pos=0.000 stream_playing=false peak_db=-200.0 mix_rate=48000 latency=0.0880 @ http://localhost:8771/index.js:451
[  248877ms] [LOG] MON 1 playing=false pos=0.000 stream_playing=false peak_db=-200.0 mix_rate=48000 latency=0.0880 @ http://localhost:8771/index.js:451
[  249127ms] [LOG] MON 1 playing=false pos=0.000 stream_playing=false peak_db=-200.0 mix_rate=48000 latency=0.0880 @ http://localhost:8771/index.js:451
[  249377ms] [LOG] MON 1 playing=false pos=0.000 stream_playing=false peak_db=-200.0 mix_rate=48000 latency=0.0880 @ http://localhost:8771/index.js:451
[  249627ms] [LOG] MON 1 playing=false pos=0.000 stream_playing=false peak_db=-200.0 mix_rate=48000 latency=0.0880 @ http://localhost:8771/index.js:451
[  249878ms] [LOG] MON 1 playing=false pos=0.000 stream_playing=false peak_db=-200.0 mix_rate=48000 latency=0.0880 @ http://localhost:8771/index.js:451
[  250128ms] [LOG] MON 1 playing=false pos=0.000 stream_playing=false peak_db=-200.0 mix_rate=48000 latency=0.0880 @ http://localhost:8771/index.js:451
[  250376ms] [LOG] MON 1 playing=false pos=0.000 stream_playing=false peak_db=-200.0 mix_rate=48000 latency=0.0880 @ http://localhost:8771/index.js:451
[  250626ms] [LOG] MON 1 playing=false pos=0.000 stream_playing=false peak_db=-200.0 mix_rate=48000 latency=0.0880 @ http://localhost:8771/index.js:451
[  250878ms] [LOG] MON 1 playing=false pos=0.000 stream_playing=false peak_db=-200.0 mix_rate=48000 latency=0.0880 @ http://localhost:8771/index.js:451
[  251128ms] [LOG] MON 1 playing=false pos=0.000 stream_playing=false peak_db=-200.0 mix_rate=48000 latency=0.0880 @ http://localhost:8771/index.js:451
[  251376ms] [LOG] MON 1 playing=false pos=0.000 stream_playing=false peak_db=-200.0 mix_rate=48000 latency=0.0880 @ http://localhost:8771/index.js:451
[  251627ms] [LOG] MON 1 playing=false pos=0.000 stream_playing=false peak_db=-200.0 mix_rate=48000 latency=0.0880 @ http://localhost:8771/index.js:451
[  251879ms] [LOG] MON 1 playing=false pos=0.000 stream_playing=false peak_db=-200.0 mix_rate=48000 latency=0.0880 @ http://localhost:8771/index.js:451
[  252127ms] [LOG] MON 1 playing=false pos=0.000 stream_playing=false peak_db=-200.0 mix_rate=48000 latency=0.0880 @ http://localhost:8771/index.js:451
[  252376ms] [LOG] MON 1 playing=false pos=0.000 stream_playing=false peak_db=-200.0 mix_rate=48000 latency=0.0880 @ http://localhost:8771/index.js:451
[  252626ms] [LOG] MON 1 playing=false pos=0.000 stream_playing=false peak_db=-200.0 mix_rate=48000 latency=0.0880 @ http://localhost:8771/index.js:451
[  252877ms] [LOG] MON 1 playing=false pos=0.000 stream_playing=false peak_db=-200.0 mix_rate=48000 latency=0.0880 @ http://localhost:8771/index.js:451
[  253129ms] [LOG] MON 1 playing=false pos=0.000 stream_playing=false peak_db=-200.0 mix_rate=48000 latency=0.0880 @ http://localhost:8771/index.js:451
[  253377ms] [LOG] MON 1 playing=false pos=0.000 stream_playing=false peak_db=-200.0 mix_rate=48000 latency=0.0880 @ http://localhost:8771/index.js:451
[  253628ms] [LOG] MON 1 playing=false pos=0.000 stream_playing=false peak_db=-200.0 mix_rate=48000 latency=0.0880 @ http://localhost:8771/index.js:451
[  253877ms] [LOG] MON 1 playing=false pos=0.000 stream_playing=false peak_db=-200.0 mix_rate=48000 latency=0.0880 @ http://localhost:8771/index.js:451
[  254129ms] [LOG] MON 1 playing=false pos=0.000 stream_playing=false peak_db=-200.0 mix_rate=48000 latency=0.0880 @ http://localhost:8771/index.js:451
[  254378ms] [LOG] MON 1 playing=false pos=0.000 stream_playing=false peak_db=-200.0 mix_rate=48000 latency=0.0880 @ http://localhost:8771/index.js:451
[  254627ms] [LOG] MON 1 playing=false pos=0.000 stream_playing=false peak_db=-200.0 mix_rate=48000 latency=0.0880 @ http://localhost:8771/index.js:451
[  254877ms] [LOG] MON 1 playing=false pos=0.000 stream_playing=false peak_db=-200.0 mix_rate=48000 latency=0.0880 @ http://localhost:8771/index.js:451
[  255129ms] [LOG] MON 1 playing=false pos=0.000 stream_playing=false peak_db=-200.0 mix_rate=48000 latency=0.0880 @ http://localhost:8771/index.js:451
[  255380ms] [LOG] MON 1 playing=false pos=0.000 stream_playing=false peak_db=-200.0 mix_rate=48000 latency=0.0880 @ http://localhost:8771/index.js:451
[  255632ms] [LOG] MON 1 playing=false pos=0.000 stream_playing=false peak_db=-200.0 mix_rate=48000 latency=0.0880 @ http://localhost:8771/index.js:451
[  255877ms] [LOG] MON 1 playing=false pos=0.000 stream_playing=false peak_db=-200.0 mix_rate=48000 latency=0.0880 @ http://localhost:8771/index.js:451
[  256127ms] [LOG] MON 1 playing=false pos=0.000 stream_playing=false peak_db=-200.0 mix_rate=48000 latency=0.0880 @ http://localhost:8771/index.js:451
[  256376ms] [LOG] MON 1 playing=false pos=0.000 stream_playing=false peak_db=-200.0 mix_rate=48000 latency=0.0880 @ http://localhost:8771/index.js:451
[  256626ms] [LOG] MON 1 playing=false pos=0.000 stream_playing=false peak_db=-200.0 mix_rate=48000 latency=0.0880 @ http://localhost:8771/index.js:451
[  256877ms] [LOG] MON 1 playing=false pos=0.000 stream_playing=false peak_db=-200.0 mix_rate=48000 latency=0.0880 @ http://localhost:8771/index.js:451
[  257128ms] [LOG] MON 1 playing=false pos=0.000 stream_playing=false peak_db=-200.0 mix_rate=48000 latency=0.0880 @ http://localhost:8771/index.js:451
[  257378ms] [LOG] MON 1 playing=false pos=0.000 stream_playing=false peak_db=-200.0 mix_rate=48000 latency=0.0880 @ http://localhost:8771/index.js:451
[  257629ms] [LOG] MON 1 playing=false pos=0.000 stream_playing=false peak_db=-200.0 mix_rate=48000 latency=0.0880 @ http://localhost:8771/index.js:451
[  257877ms] [LOG] MON 1 playing=false pos=0.000 stream_playing=false peak_db=-200.0 mix_rate=48000 latency=0.0880 @ http://localhost:8771/index.js:451
[  258127ms] [LOG] MON 1 playing=false pos=0.000 stream_playing=false peak_db=-200.0 mix_rate=48000 latency=0.0880 @ http://localhost:8771/index.js:451
[  258377ms] [LOG] MON 1 playing=false pos=0.000 stream_playing=false peak_db=-200.0 mix_rate=48000 latency=0.0880 @ http://localhost:8771/index.js:451
[  258627ms] [LOG] MON 1 playing=false pos=0.000 stream_playing=false peak_db=-200.0 mix_rate=48000 latency=0.0880 @ http://localhost:8771/index.js:451
[  258876ms] [LOG] MON 1 playing=false pos=0.000 stream_playing=false peak_db=-200.0 mix_rate=48000 latency=0.0880 @ http://localhost:8771/index.js:451
[  259129ms] [LOG] MON 1 playing=false pos=0.000 stream_playing=false peak_db=-200.0 mix_rate=48000 latency=0.0880 @ http://localhost:8771/index.js:451
[  259379ms] [LOG] MON 1 playing=false pos=0.000 stream_playing=false peak_db=-200.0 mix_rate=48000 latency=0.0880 @ http://localhost:8771/index.js:451
[  259627ms] [LOG] MON 1 playing=false pos=0.000 stream_playing=false peak_db=-200.0 mix_rate=48000 latency=0.0880 @ http://localhost:8771/index.js:451
[  259877ms] [LOG] MON 1 playing=false pos=0.000 stream_playing=false peak_db=-200.0 mix_rate=48000 latency=0.0880 @ http://localhost:8771/index.js:451
[  260131ms] [LOG] MON 1 playing=false pos=0.000 stream_playing=false peak_db=-200.0 mix_rate=48000 latency=0.0880 @ http://localhost:8771/index.js:451
[  260378ms] [LOG] MON 1 playing=false pos=0.000 stream_playing=false peak_db=-200.0 mix_rate=48000 latency=0.0880 @ http://localhost:8771/index.js:451
[  260628ms] [LOG] MON 1 playing=false pos=0.000 stream_playing=false peak_db=-200.0 mix_rate=48000 latency=0.0880 @ http://localhost:8771/index.js:451
[  260879ms] [LOG] MON 1 playing=false pos=0.000 stream_playing=false peak_db=-200.0 mix_rate=48000 latency=0.0880 @ http://localhost:8771/index.js:451
[  261127ms] [LOG] MON 1 playing=false pos=0.000 stream_playing=false peak_db=-200.0 mix_rate=48000 latency=0.0880 @ http://localhost:8771/index.js:451
[  261380ms] [LOG] MON 1 playing=false pos=0.000 stream_playing=false peak_db=-200.0 mix_rate=48000 latency=0.0880 @ http://localhost:8771/index.js:451
[  261627ms] [LOG] MON 1 playing=false pos=0.000 stream_playing=false peak_db=-200.0 mix_rate=48000 latency=0.0880 @ http://localhost:8771/index.js:451
[  261877ms] [LOG] MON 1 playing=false pos=0.000 stream_playing=false peak_db=-200.0 mix_rate=48000 latency=0.0880 @ http://localhost:8771/index.js:451
[  262130ms] [LOG] MON 1 playing=false pos=0.000 stream_playing=false peak_db=-200.0 mix_rate=48000 latency=0.0880 @ http://localhost:8771/index.js:451
[  262377ms] [LOG] MON 1 playing=false pos=0.000 stream_playing=false peak_db=-200.0 mix_rate=48000 latency=0.0880 @ http://localhost:8771/index.js:451
[  262627ms] [LOG] MON 1 playing=false pos=0.000 stream_playing=false peak_db=-200.0 mix_rate=48000 latency=0.0880 @ http://localhost:8771/index.js:451
[  262877ms] [LOG] MON 1 playing=false pos=0.000 stream_playing=false peak_db=-200.0 mix_rate=48000 latency=0.0880 @ http://localhost:8771/index.js:451
[  263129ms] [LOG] MON 1 playing=false pos=0.000 stream_playing=false peak_db=-200.0 mix_rate=48000 latency=0.0880 @ http://localhost:8771/index.js:451
[  263377ms] [LOG] MON 1 playing=false pos=0.000 stream_playing=false peak_db=-200.0 mix_rate=48000 latency=0.0880 @ http://localhost:8771/index.js:451
[  263629ms] [LOG] MON 1 playing=false pos=0.000 stream_playing=false peak_db=-200.0 mix_rate=48000 latency=0.0880 @ http://localhost:8771/index.js:451
[  263877ms] [LOG] MON 1 playing=false pos=0.000 stream_playing=false peak_db=-200.0 mix_rate=48000 latency=0.0880 @ http://localhost:8771/index.js:451
[  264128ms] [LOG] MON 1 playing=false pos=0.000 stream_playing=false peak_db=-200.0 mix_rate=48000 latency=0.0880 @ http://localhost:8771/index.js:451
[  264377ms] [LOG] MON 1 playing=false pos=0.000 stream_playing=false peak_db=-200.0 mix_rate=48000 latency=0.0880 @ http://localhost:8771/index.js:451
[  264627ms] [LOG] MON 1 playing=false pos=0.000 stream_playing=false peak_db=-200.0 mix_rate=48000 latency=0.0880 @ http://localhost:8771/index.js:451
[  264877ms] [LOG] MON 1 playing=false pos=0.000 stream_playing=false peak_db=-200.0 mix_rate=48000 latency=0.0880 @ http://localhost:8771/index.js:451
[  265129ms] [LOG] MON 1 playing=false pos=0.000 stream_playing=false peak_db=-200.0 mix_rate=48000 latency=0.0880 @ http://localhost:8771/index.js:451
[  265377ms] [LOG] MON 1 playing=false pos=0.000 stream_playing=false peak_db=-200.0 mix_rate=48000 latency=0.0880 @ http://localhost:8771/index.js:451
[  265627ms] [LOG] MON 1 playing=false pos=0.000 stream_playing=false peak_db=-200.0 mix_rate=48000 latency=0.0880 @ http://localhost:8771/index.js:451
[  265877ms] [LOG] MON 1 playing=false pos=0.000 stream_playing=false peak_db=-200.0 mix_rate=48000 latency=0.0880 @ http://localhost:8771/index.js:451
[  266127ms] [LOG] MON 1 playing=false pos=0.000 stream_playing=false peak_db=-200.0 mix_rate=48000 latency=0.0880 @ http://localhost:8771/index.js:451
[  266361ms] [LOG] MON 1 playing=false pos=0.000 stream_playing=false peak_db=-200.0 mix_rate=48000 latency=0.0880 @ http://localhost:8771/index.js:451
[  266612ms] [LOG] MON 1 playing=false pos=0.000 stream_playing=false peak_db=-200.0 mix_rate=48000 latency=0.0880 @ http://localhost:8771/index.js:451
[  266861ms] [LOG] MON 1 playing=false pos=0.000 stream_playing=false peak_db=-200.0 mix_rate=48000 latency=0.0880 @ http://localhost:8771/index.js:451
[  267111ms] [LOG] MON 1 playing=false pos=0.000 stream_playing=false peak_db=-200.0 mix_rate=48000 latency=0.0880 @ http://localhost:8771/index.js:451
[  267367ms] [LOG] MON 1 playing=false pos=0.000 stream_playing=false peak_db=-200.0 mix_rate=48000 latency=0.0880 @ http://localhost:8771/index.js:451
[  267612ms] [LOG] MON 1 playing=false pos=0.000 stream_playing=false peak_db=-200.0 mix_rate=48000 latency=0.0880 @ http://localhost:8771/index.js:451
[  267862ms] [LOG] MON 1 playing=false pos=0.000 stream_playing=false peak_db=-200.0 mix_rate=48000 latency=0.0880 @ http://localhost:8771/index.js:451
[  268112ms] [LOG] MON 1 playing=false pos=0.000 stream_playing=false peak_db=-200.0 mix_rate=48000 latency=0.0880 @ http://localhost:8771/index.js:451
[  268363ms] [LOG] MON 1 playing=false pos=0.000 stream_playing=false peak_db=-200.0 mix_rate=48000 latency=0.0880 @ http://localhost:8771/index.js:451
[  268610ms] [LOG] MON 1 playing=false pos=0.000 stream_playing=false peak_db=-200.0 mix_rate=48000 latency=0.0880 @ http://localhost:8771/index.js:451
[  268861ms] [LOG] MON 1 playing=false pos=0.000 stream_playing=false peak_db=-200.0 mix_rate=48000 latency=0.0880 @ http://localhost:8771/index.js:451
[  269109ms] [LOG] MON 1 playing=false pos=0.000 stream_playing=false peak_db=-200.0 mix_rate=48000 latency=0.0880 @ http://localhost:8771/index.js:451
[  269363ms] [LOG] MON 1 playing=false pos=0.000 stream_playing=false peak_db=-200.0 mix_rate=48000 latency=0.0880 @ http://localhost:8771/index.js:451
[  269610ms] [LOG] MON 1 playing=false pos=0.000 stream_playing=false peak_db=-200.0 mix_rate=48000 latency=0.0880 @ http://localhost:8771/index.js:451
[  269878ms] [LOG] MON 1 playing=false pos=0.000 stream_playing=false peak_db=-200.0 mix_rate=48000 latency=0.0880 @ http://localhost:8771/index.js:451
[  270127ms] [LOG] MON 1 playing=false pos=0.000 stream_playing=false peak_db=-200.0 mix_rate=48000 latency=0.0880 @ http://localhost:8771/index.js:451
[  270378ms] [LOG] MON 1 playing=false pos=0.000 stream_playing=false peak_db=-200.0 mix_rate=48000 latency=0.0880 @ http://localhost:8771/index.js:451
[  270628ms] [LOG] MON 1 playing=false pos=0.000 stream_playing=false peak_db=-200.0 mix_rate=48000 latency=0.0880 @ http://localhost:8771/index.js:451
[  270880ms] [LOG] MON 1 playing=false pos=0.000 stream_playing=false peak_db=-200.0 mix_rate=48000 latency=0.0880 @ http://localhost:8771/index.js:451
[  271126ms] [LOG] MON 1 playing=false pos=0.000 stream_playing=false peak_db=-200.0 mix_rate=48000 latency=0.0880 @ http://localhost:8771/index.js:451
[  271377ms] [LOG] MON 1 playing=false pos=0.000 stream_playing=false peak_db=-200.0 mix_rate=48000 latency=0.0880 @ http://localhost:8771/index.js:451
[  271626ms] [LOG] MON 1 playing=false pos=0.000 stream_playing=false peak_db=-200.0 mix_rate=48000 latency=0.0880 @ http://localhost:8771/index.js:451
[  271876ms] [LOG] MON 1 playing=false pos=0.000 stream_playing=false peak_db=-200.0 mix_rate=48000 latency=0.0880 @ http://localhost:8771/index.js:451
[  272127ms] [LOG] MON 1 playing=false pos=0.000 stream_playing=false peak_db=-200.0 mix_rate=48000 latency=0.0880 @ http://localhost:8771/index.js:451
[  272377ms] [LOG] MON 1 playing=false pos=0.000 stream_playing=false peak_db=-200.0 mix_rate=48000 latency=0.0880 @ http://localhost:8771/index.js:451
[  272629ms] [LOG] MON 1 playing=false pos=0.000 stream_playing=false peak_db=-200.0 mix_rate=48000 latency=0.0880 @ http://localhost:8771/index.js:451
[  272886ms] [LOG] MON 1 playing=false pos=0.000 stream_playing=false peak_db=-200.0 mix_rate=48000 latency=0.0880 @ http://localhost:8771/index.js:451
[  273129ms] [LOG] MON 1 playing=false pos=0.000 stream_playing=false peak_db=-200.0 mix_rate=48000 latency=0.0880 @ http://localhost:8771/index.js:451
[  273377ms] [LOG] MON 1 playing=false pos=0.000 stream_playing=false peak_db=-200.0 mix_rate=48000 latency=0.0880 @ http://localhost:8771/index.js:451
[  273627ms] [LOG] MON 1 playing=false pos=0.000 stream_playing=false peak_db=-200.0 mix_rate=48000 latency=0.0880 @ http://localhost:8771/index.js:451
[  273877ms] [LOG] MON 1 playing=false pos=0.000 stream_playing=false peak_db=-200.0 mix_rate=48000 latency=0.0880 @ http://localhost:8771/index.js:451
[  274126ms] [LOG] MON 1 playing=false pos=0.000 stream_playing=false peak_db=-200.0 mix_rate=48000 latency=0.0880 @ http://localhost:8771/index.js:451
[  274379ms] [LOG] MON 1 playing=false pos=0.000 stream_playing=false peak_db=-200.0 mix_rate=48000 latency=0.0880 @ http://localhost:8771/index.js:451
[  274632ms] [LOG] MON 1 playing=false pos=0.000 stream_playing=false peak_db=-200.0 mix_rate=48000 latency=0.0880 @ http://localhost:8771/index.js:451
[  274877ms] [LOG] MON 1 playing=false pos=0.000 stream_playing=false peak_db=-200.0 mix_rate=48000 latency=0.0880 @ http://localhost:8771/index.js:451
[  275127ms] [LOG] MON 1 playing=false pos=0.000 stream_playing=false peak_db=-200.0 mix_rate=48000 latency=0.0880 @ http://localhost:8771/index.js:451
[  275377ms] [LOG] MON 1 playing=false pos=0.000 stream_playing=false peak_db=-200.0 mix_rate=48000 latency=0.0880 @ http://localhost:8771/index.js:451
[  275627ms] [LOG] MON 1 playing=false pos=0.000 stream_playing=false peak_db=-200.0 mix_rate=48000 latency=0.0880 @ http://localhost:8771/index.js:451
[  275877ms] [LOG] MON 1 playing=false pos=0.000 stream_playing=false peak_db=-200.0 mix_rate=48000 latency=0.0880 @ http://localhost:8771/index.js:451
[  276129ms] [LOG] MON 1 playing=false pos=0.000 stream_playing=false peak_db=-200.0 mix_rate=48000 latency=0.0880 @ http://localhost:8771/index.js:451
[  276378ms] [LOG] MON 1 playing=false pos=0.000 stream_playing=false peak_db=-200.0 mix_rate=48000 latency=0.0880 @ http://localhost:8771/index.js:451
[  276627ms] [LOG] MON 1 playing=false pos=0.000 stream_playing=false peak_db=-200.0 mix_rate=48000 latency=0.0880 @ http://localhost:8771/index.js:451
[  276878ms] [LOG] MON 1 playing=false pos=0.000 stream_playing=false peak_db=-200.0 mix_rate=48000 latency=0.0880 @ http://localhost:8771/index.js:451
[  277127ms] [LOG] MON 1 playing=false pos=0.000 stream_playing=false peak_db=-200.0 mix_rate=48000 latency=0.0880 @ http://localhost:8771/index.js:451
[  277378ms] [LOG] MON 1 playing=false pos=0.000 stream_playing=false peak_db=-200.0 mix_rate=48000 latency=0.0880 @ http://localhost:8771/index.js:451
[  277626ms] [LOG] MON 1 playing=false pos=0.000 stream_playing=false peak_db=-200.0 mix_rate=48000 latency=0.0880 @ http://localhost:8771/index.js:451
[  277878ms] [LOG] MON 1 playing=false pos=0.000 stream_playing=false peak_db=-200.0 mix_rate=48000 latency=0.0880 @ http://localhost:8771/index.js:451
[  278131ms] [LOG] MON 1 playing=false pos=0.000 stream_playing=false peak_db=-200.0 mix_rate=48000 latency=0.0880 @ http://localhost:8771/index.js:451
[  278379ms] [LOG] MON 1 playing=false pos=0.000 stream_playing=false peak_db=-200.0 mix_rate=48000 latency=0.0880 @ http://localhost:8771/index.js:451
[  278630ms] [LOG] MON 1 playing=false pos=0.000 stream_playing=false peak_db=-200.0 mix_rate=48000 latency=0.0880 @ http://localhost:8771/index.js:451
[  278877ms] [LOG] MON 1 playing=false pos=0.000 stream_playing=false peak_db=-200.0 mix_rate=48000 latency=0.0880 @ http://localhost:8771/index.js:451
[  279129ms] [LOG] MON 1 playing=false pos=0.000 stream_playing=false peak_db=-200.0 mix_rate=48000 latency=0.0880 @ http://localhost:8771/index.js:451
[  279378ms] [LOG] MON 1 playing=false pos=0.000 stream_playing=false peak_db=-200.0 mix_rate=48000 latency=0.0880 @ http://localhost:8771/index.js:451
[  279631ms] [LOG] MON 1 playing=false pos=0.000 stream_playing=false peak_db=-200.0 mix_rate=48000 latency=0.0880 @ http://localhost:8771/index.js:451
[  279877ms] [LOG] MON 1 playing=false pos=0.000 stream_playing=false peak_db=-200.0 mix_rate=48000 latency=0.0880 @ http://localhost:8771/index.js:451
[  280127ms] [LOG] MON 1 playing=false pos=0.000 stream_playing=false peak_db=-200.0 mix_rate=48000 latency=0.0880 @ http://localhost:8771/index.js:451
[  280377ms] [LOG] MON 1 playing=false pos=0.000 stream_playing=false peak_db=-200.0 mix_rate=48000 latency=0.0880 @ http://localhost:8771/index.js:451
[  280628ms] [LOG] MON 1 playing=false pos=0.000 stream_playing=false peak_db=-200.0 mix_rate=48000 latency=0.0880 @ http://localhost:8771/index.js:451
[  280876ms] [LOG] MON 1 playing=false pos=0.000 stream_playing=false peak_db=-200.0 mix_rate=48000 latency=0.0880 @ http://localhost:8771/index.js:451
[  281127ms] [LOG] MON 1 playing=false pos=0.000 stream_playing=false peak_db=-200.0 mix_rate=48000 latency=0.0880 @ http://localhost:8771/index.js:451
[  281376ms] [LOG] MON 1 playing=false pos=0.000 stream_playing=false peak_db=-200.0 mix_rate=48000 latency=0.0880 @ http://localhost:8771/index.js:451
[  281627ms] [LOG] MON 1 playing=false pos=0.000 stream_playing=false peak_db=-200.0 mix_rate=48000 latency=0.0880 @ http://localhost:8771/index.js:451
[  281878ms] [LOG] MON 1 playing=false pos=0.000 stream_playing=false peak_db=-200.0 mix_rate=48000 latency=0.0880 @ http://localhost:8771/index.js:451
[  282128ms] [LOG] MON 1 playing=false pos=0.000 stream_playing=false peak_db=-200.0 mix_rate=48000 latency=0.0880 @ http://localhost:8771/index.js:451
[  282377ms] [LOG] MON 1 playing=false pos=0.000 stream_playing=false peak_db=-200.0 mix_rate=48000 latency=0.0880 @ http://localhost:8771/index.js:451
[  282628ms] [LOG] MON 1 playing=false pos=0.000 stream_playing=false peak_db=-200.0 mix_rate=48000 latency=0.0880 @ http://localhost:8771/index.js:451
[  282880ms] [LOG] MON 1 playing=false pos=0.000 stream_playing=false peak_db=-200.0 mix_rate=48000 latency=0.0880 @ http://localhost:8771/index.js:451
[  283126ms] [LOG] MON 1 playing=false pos=0.000 stream_playing=false peak_db=-200.0 mix_rate=48000 latency=0.0880 @ http://localhost:8771/index.js:451
[  283378ms] [LOG] MON 1 playing=false pos=0.000 stream_playing=false peak_db=-200.0 mix_rate=48000 latency=0.0880 @ http://localhost:8771/index.js:451
[  283628ms] [LOG] MON 1 playing=false pos=0.000 stream_playing=false peak_db=-200.0 mix_rate=48000 latency=0.0880 @ http://localhost:8771/index.js:451
[  283878ms] [LOG] MON 1 playing=false pos=0.000 stream_playing=false peak_db=-200.0 mix_rate=48000 latency=0.0880 @ http://localhost:8771/index.js:451
[  284127ms] [LOG] MON 1 playing=false pos=0.000 stream_playing=false peak_db=-200.0 mix_rate=48000 latency=0.0880 @ http://localhost:8771/index.js:451
[  284378ms] [LOG] MON 1 playing=false pos=0.000 stream_playing=false peak_db=-200.0 mix_rate=48000 latency=0.0880 @ http://localhost:8771/index.js:451
[  284626ms] [LOG] MON 1 playing=false pos=0.000 stream_playing=false peak_db=-200.0 mix_rate=48000 latency=0.0880 @ http://localhost:8771/index.js:451
[  284876ms] [LOG] MON 1 playing=false pos=0.000 stream_playing=false peak_db=-200.0 mix_rate=48000 latency=0.0880 @ http://localhost:8771/index.js:451
[  285127ms] [LOG] MON 1 playing=false pos=0.000 stream_playing=false peak_db=-200.0 mix_rate=48000 latency=0.0880 @ http://localhost:8771/index.js:451
[  285378ms] [LOG] MON 1 playing=false pos=0.000 stream_playing=false peak_db=-200.0 mix_rate=48000 latency=0.0880 @ http://localhost:8771/index.js:451
[  285627ms] [LOG] MON 1 playing=false pos=0.000 stream_playing=false peak_db=-200.0 mix_rate=48000 latency=0.0880 @ http://localhost:8771/index.js:451
[  285878ms] [LOG] MON 1 playing=false pos=0.000 stream_playing=false peak_db=-200.0 mix_rate=48000 latency=0.0880 @ http://localhost:8771/index.js:451
[  286129ms] [LOG] MON 1 playing=false pos=0.000 stream_playing=false peak_db=-200.0 mix_rate=48000 latency=0.0880 @ http://localhost:8771/index.js:451
[  286378ms] [LOG] MON 1 playing=false pos=0.000 stream_playing=false peak_db=-200.0 mix_rate=48000 latency=0.0880 @ http://localhost:8771/index.js:451
[  286628ms] [LOG] MON 1 playing=false pos=0.000 stream_playing=false peak_db=-200.0 mix_rate=48000 latency=0.0880 @ http://localhost:8771/index.js:451
[  286876ms] [LOG] MON 1 playing=false pos=0.000 stream_playing=false peak_db=-200.0 mix_rate=48000 latency=0.0880 @ http://localhost:8771/index.js:451
[  287127ms] [LOG] MON 1 playing=false pos=0.000 stream_playing=false peak_db=-200.0 mix_rate=48000 latency=0.0880 @ http://localhost:8771/index.js:451
[  287377ms] [LOG] MON 1 playing=false pos=0.000 stream_playing=false peak_db=-200.0 mix_rate=48000 latency=0.0880 @ http://localhost:8771/index.js:451
[  287627ms] [LOG] MON 1 playing=false pos=0.000 stream_playing=false peak_db=-200.0 mix_rate=48000 latency=0.0880 @ http://localhost:8771/index.js:451
[  287879ms] [LOG] MON 1 playing=false pos=0.000 stream_playing=false peak_db=-200.0 mix_rate=48000 latency=0.0880 @ http://localhost:8771/index.js:451
[  288128ms] [LOG] MON 1 playing=false pos=0.000 stream_playing=false peak_db=-200.0 mix_rate=48000 latency=0.0880 @ http://localhost:8771/index.js:451
[  288377ms] [LOG] MON 1 playing=false pos=0.000 stream_playing=false peak_db=-200.0 mix_rate=48000 latency=0.0880 @ http://localhost:8771/index.js:451
[  288627ms] [LOG] MON 1 playing=false pos=0.000 stream_playing=false peak_db=-200.0 mix_rate=48000 latency=0.0880 @ http://localhost:8771/index.js:451
[  288877ms] [LOG] MON 1 playing=false pos=0.000 stream_playing=false peak_db=-200.0 mix_rate=48000 latency=0.0880 @ http://localhost:8771/index.js:451
[  289127ms] [LOG] MON 1 playing=false pos=0.000 stream_playing=false peak_db=-200.0 mix_rate=48000 latency=0.0880 @ http://localhost:8771/index.js:451
[  289377ms] [LOG] MON 1 playing=false pos=0.000 stream_playing=false peak_db=-200.0 mix_rate=48000 latency=0.0880 @ http://localhost:8771/index.js:451
[  289626ms] [LOG] MON 1 playing=false pos=0.000 stream_playing=false peak_db=-200.0 mix_rate=48000 latency=0.0880 @ http://localhost:8771/index.js:451
[  289877ms] [LOG] MON 1 playing=false pos=0.000 stream_playing=false peak_db=-200.0 mix_rate=48000 latency=0.0880 @ http://localhost:8771/index.js:451
[  290127ms] [LOG] MON 1 playing=false pos=0.000 stream_playing=false peak_db=-200.0 mix_rate=48000 latency=0.0880 @ http://localhost:8771/index.js:451
[  290377ms] [LOG] MON 1 playing=false pos=0.000 stream_playing=false peak_db=-200.0 mix_rate=48000 latency=0.0880 @ http://localhost:8771/index.js:451
[  290627ms] [LOG] MON 1 playing=false pos=0.000 stream_playing=false peak_db=-200.0 mix_rate=48000 latency=0.0880 @ http://localhost:8771/index.js:451
[  290878ms] [LOG] MON 1 playing=false pos=0.000 stream_playing=false peak_db=-200.0 mix_rate=48000 latency=0.0880 @ http://localhost:8771/index.js:451
[  291128ms] [LOG] MON 1 playing=false pos=0.000 stream_playing=false peak_db=-200.0 mix_rate=48000 latency=0.0880 @ http://localhost:8771/index.js:451
[  291376ms] [LOG] MON 1 playing=false pos=0.000 stream_playing=false peak_db=-200.0 mix_rate=48000 latency=0.0880 @ http://localhost:8771/index.js:451
[  291627ms] [LOG] MON 1 playing=false pos=0.000 stream_playing=false peak_db=-200.0 mix_rate=48000 latency=0.0880 @ http://localhost:8771/index.js:451
[  291877ms] [LOG] MON 1 playing=false pos=0.000 stream_playing=false peak_db=-200.0 mix_rate=48000 latency=0.0880 @ http://localhost:8771/index.js:451
[  292126ms] [LOG] MON 1 playing=false pos=0.000 stream_playing=false peak_db=-200.0 mix_rate=48000 latency=0.0880 @ http://localhost:8771/index.js:451
[  292378ms] [LOG] MON 1 playing=false pos=0.000 stream_playing=false peak_db=-200.0 mix_rate=48000 latency=0.0880 @ http://localhost:8771/index.js:451
[  292628ms] [LOG] MON 1 playing=false pos=0.000 stream_playing=false peak_db=-200.0 mix_rate=48000 latency=0.0880 @ http://localhost:8771/index.js:451
[  292877ms] [LOG] MON 1 playing=false pos=0.000 stream_playing=false peak_db=-200.0 mix_rate=48000 latency=0.0880 @ http://localhost:8771/index.js:451
[  293127ms] [LOG] MON 1 playing=false pos=0.000 stream_playing=false peak_db=-200.0 mix_rate=48000 latency=0.0880 @ http://localhost:8771/index.js:451
[  293376ms] [LOG] MON 1 playing=false pos=0.000 stream_playing=false peak_db=-200.0 mix_rate=48000 latency=0.0880 @ http://localhost:8771/index.js:451
[  293627ms] [LOG] MON 1 playing=false pos=0.000 stream_playing=false peak_db=-200.0 mix_rate=48000 latency=0.0880 @ http://localhost:8771/index.js:451
[  293877ms] [LOG] MON 1 playing=false pos=0.000 stream_playing=false peak_db=-200.0 mix_rate=48000 latency=0.0880 @ http://localhost:8771/index.js:451
[  294127ms] [LOG] MON 1 playing=false pos=0.000 stream_playing=false peak_db=-200.0 mix_rate=48000 latency=0.0880 @ http://localhost:8771/index.js:451
[  294376ms] [LOG] MON 1 playing=false pos=0.000 stream_playing=false peak_db=-200.0 mix_rate=48000 latency=0.0880 @ http://localhost:8771/index.js:451
[  294628ms] [LOG] MON 1 playing=false pos=0.000 stream_playing=false peak_db=-200.0 mix_rate=48000 latency=0.0880 @ http://localhost:8771/index.js:451
[  294876ms] [LOG] MON 1 playing=false pos=0.000 stream_playing=false peak_db=-200.0 mix_rate=48000 latency=0.0880 @ http://localhost:8771/index.js:451
[  295127ms] [LOG] MON 1 playing=false pos=0.000 stream_playing=false peak_db=-200.0 mix_rate=48000 latency=0.0880 @ http://localhost:8771/index.js:451
[  295377ms] [LOG] MON 1 playing=false pos=0.000 stream_playing=false peak_db=-200.0 mix_rate=48000 latency=0.0880 @ http://localhost:8771/index.js:451
[  295627ms] [LOG] MON 1 playing=false pos=0.000 stream_playing=false peak_db=-200.0 mix_rate=48000 latency=0.0880 @ http://localhost:8771/index.js:451
[  295879ms] [LOG] MON 1 playing=false pos=0.000 stream_playing=false peak_db=-200.0 mix_rate=48000 latency=0.0880 @ http://localhost:8771/index.js:451
[  296127ms] [LOG] MON 1 playing=false pos=0.000 stream_playing=false peak_db=-200.0 mix_rate=48000 latency=0.0880 @ http://localhost:8771/index.js:451
[  296378ms] [LOG] MON 1 playing=false pos=0.000 stream_playing=false peak_db=-200.0 mix_rate=48000 latency=0.0880 @ http://localhost:8771/index.js:451
[  296629ms] [LOG] MON 1 playing=false pos=0.000 stream_playing=false peak_db=-200.0 mix_rate=48000 latency=0.0880 @ http://localhost:8771/index.js:451
[  296878ms] [LOG] MON 1 playing=false pos=0.000 stream_playing=false peak_db=-200.0 mix_rate=48000 latency=0.0880 @ http://localhost:8771/index.js:451
[  297128ms] [LOG] MON 1 playing=false pos=0.000 stream_playing=false peak_db=-200.0 mix_rate=48000 latency=0.0880 @ http://localhost:8771/index.js:451
[  297377ms] [LOG] MON 1 playing=false pos=0.000 stream_playing=false peak_db=-200.0 mix_rate=48000 latency=0.0880 @ http://localhost:8771/index.js:451
[  297627ms] [LOG] MON 1 playing=false pos=0.000 stream_playing=false peak_db=-200.0 mix_rate=48000 latency=0.0880 @ http://localhost:8771/index.js:451
[  297876ms] [LOG] MON 1 playing=false pos=0.000 stream_playing=false peak_db=-200.0 mix_rate=48000 latency=0.0880 @ http://localhost:8771/index.js:451
[  298127ms] [LOG] MON 1 playing=false pos=0.000 stream_playing=false peak_db=-200.0 mix_rate=48000 latency=0.0880 @ http://localhost:8771/index.js:451
[  298377ms] [LOG] MON 1 playing=false pos=0.000 stream_playing=false peak_db=-200.0 mix_rate=48000 latency=0.0880 @ http://localhost:8771/index.js:451
[  298627ms] [LOG] MON 1 playing=false pos=0.000 stream_playing=false peak_db=-200.0 mix_rate=48000 latency=0.0880 @ http://localhost:8771/index.js:451
[  298877ms] [LOG] MON 1 playing=false pos=0.000 stream_playing=false peak_db=-200.0 mix_rate=48000 latency=0.0880 @ http://localhost:8771/index.js:451
[  299129ms] [LOG] MON 1 playing=false pos=0.000 stream_playing=false peak_db=-200.0 mix_rate=48000 latency=0.0880 @ http://localhost:8771/index.js:451
[  299377ms] [LOG] MON 1 playing=false pos=0.000 stream_playing=false peak_db=-200.0 mix_rate=48000 latency=0.0880 @ http://localhost:8771/index.js:451
[  299632ms] [LOG] MON 1 playing=false pos=0.000 stream_playing=false peak_db=-200.0 mix_rate=48000 latency=0.0880 @ http://localhost:8771/index.js:451
[  299877ms] [LOG] MON 1 playing=false pos=0.000 stream_playing=false peak_db=-200.0 mix_rate=48000 latency=0.0880 @ http://localhost:8771/index.js:451
[  300128ms] [LOG] MON 1 playing=false pos=0.000 stream_playing=false peak_db=-200.0 mix_rate=48000 latency=0.0880 @ http://localhost:8771/index.js:451
[  300376ms] [LOG] MON 1 playing=false pos=0.000 stream_playing=false peak_db=-200.0 mix_rate=48000 latency=0.0880 @ http://localhost:8771/index.js:451
[  300628ms] [LOG] MON 1 playing=false pos=0.000 stream_playing=false peak_db=-200.0 mix_rate=48000 latency=0.0880 @ http://localhost:8771/index.js:451
[  300876ms] [LOG] MON 1 playing=false pos=0.000 stream_playing=false peak_db=-200.0 mix_rate=48000 latency=0.0880 @ http://localhost:8771/index.js:451
[  301127ms] [LOG] MON 1 playing=false pos=0.000 stream_playing=false peak_db=-200.0 mix_rate=48000 latency=0.0880 @ http://localhost:8771/index.js:451
[  301376ms] [LOG] MON 1 playing=false pos=0.000 stream_playing=false peak_db=-200.0 mix_rate=48000 latency=0.0880 @ http://localhost:8771/index.js:451
[  301627ms] [LOG] MON 1 playing=false pos=0.000 stream_playing=false peak_db=-200.0 mix_rate=48000 latency=0.0880 @ http://localhost:8771/index.js:451
[  301878ms] [LOG] MON 1 playing=false pos=0.000 stream_playing=false peak_db=-200.0 mix_rate=48000 latency=0.0880 @ http://localhost:8771/index.js:451
[  302126ms] [LOG] MON 1 playing=false pos=0.000 stream_playing=false peak_db=-200.0 mix_rate=48000 latency=0.0880 @ http://localhost:8771/index.js:451
[  302378ms] [LOG] MON 1 playing=false pos=0.000 stream_playing=false peak_db=-200.0 mix_rate=48000 latency=0.0880 @ http://localhost:8771/index.js:451
[  302627ms] [LOG] MON 1 playing=false pos=0.000 stream_playing=false peak_db=-200.0 mix_rate=48000 latency=0.0880 @ http://localhost:8771/index.js:451
[  302878ms] [LOG] MON 1 playing=false pos=0.000 stream_playing=false peak_db=-200.0 mix_rate=48000 latency=0.0880 @ http://localhost:8771/index.js:451
[  303126ms] [LOG] MON 1 playing=false pos=0.000 stream_playing=false peak_db=-200.0 mix_rate=48000 latency=0.0880 @ http://localhost:8771/index.js:451
[  303377ms] [LOG] MON 1 playing=false pos=0.000 stream_playing=false peak_db=-200.0 mix_rate=48000 latency=0.0880 @ http://localhost:8771/index.js:451
[  303627ms] [LOG] MON 1 playing=false pos=0.000 stream_playing=false peak_db=-200.0 mix_rate=48000 latency=0.0880 @ http://localhost:8771/index.js:451
[  303876ms] [LOG] MON 1 playing=false pos=0.000 stream_playing=false peak_db=-200.0 mix_rate=48000 latency=0.0880 @ http://localhost:8771/index.js:451
[  304128ms] [LOG] MON 1 playing=false pos=0.000 stream_playing=false peak_db=-200.0 mix_rate=48000 latency=0.0880 @ http://localhost:8771/index.js:451
[  304377ms] [LOG] MON 1 playing=false pos=0.000 stream_playing=false peak_db=-200.0 mix_rate=48000 latency=0.0880 @ http://localhost:8771/index.js:451
[  304627ms] [LOG] MON 1 playing=false pos=0.000 stream_playing=false peak_db=-200.0 mix_rate=48000 latency=0.0880 @ http://localhost:8771/index.js:451
[  304878ms] [LOG] MON 1 playing=false pos=0.000 stream_playing=false peak_db=-200.0 mix_rate=48000 latency=0.0880 @ http://localhost:8771/index.js:451
[  305128ms] [LOG] MON 1 playing=false pos=0.000 stream_playing=false peak_db=-200.0 mix_rate=48000 latency=0.0880 @ http://localhost:8771/index.js:451
[  305377ms] [LOG] MON 1 playing=false pos=0.000 stream_playing=false peak_db=-200.0 mix_rate=48000 latency=0.0880 @ http://localhost:8771/index.js:451
[  305627ms] [LOG] MON 1 playing=false pos=0.000 stream_playing=false peak_db=-200.0 mix_rate=48000 latency=0.0880 @ http://localhost:8771/index.js:451
[  305878ms] [LOG] MON 1 playing=false pos=0.000 stream_playing=false peak_db=-200.0 mix_rate=48000 latency=0.0880 @ http://localhost:8771/index.js:451
[  306127ms] [LOG] MON 1 playing=false pos=0.000 stream_playing=false peak_db=-200.0 mix_rate=48000 latency=0.0880 @ http://localhost:8771/index.js:451
[  306379ms] [LOG] MON 1 playing=false pos=0.000 stream_playing=false peak_db=-200.0 mix_rate=48000 latency=0.0880 @ http://localhost:8771/index.js:451
[  306628ms] [LOG] MON 1 playing=false pos=0.000 stream_playing=false peak_db=-200.0 mix_rate=48000 latency=0.0880 @ http://localhost:8771/index.js:451
[  306880ms] [LOG] MON 1 playing=false pos=0.000 stream_playing=false peak_db=-200.0 mix_rate=48000 latency=0.0880 @ http://localhost:8771/index.js:451
[  307127ms] [LOG] MON 1 playing=false pos=0.000 stream_playing=false peak_db=-200.0 mix_rate=48000 latency=0.0880 @ http://localhost:8771/index.js:451
[  307377ms] [LOG] MON 1 playing=false pos=0.000 stream_playing=false peak_db=-200.0 mix_rate=48000 latency=0.0880 @ http://localhost:8771/index.js:451
[  307628ms] [LOG] MON 1 playing=false pos=0.000 stream_playing=false peak_db=-200.0 mix_rate=48000 latency=0.0880 @ http://localhost:8771/index.js:451
[  307878ms] [LOG] MON 1 playing=false pos=0.000 stream_playing=false peak_db=-200.0 mix_rate=48000 latency=0.0880 @ http://localhost:8771/index.js:451
[  308128ms] [LOG] MON 1 playing=false pos=0.000 stream_playing=false peak_db=-200.0 mix_rate=48000 latency=0.0880 @ http://localhost:8771/index.js:451
[  308377ms] [LOG] MON 1 playing=false pos=0.000 stream_playing=false peak_db=-200.0 mix_rate=48000 latency=0.0880 @ http://localhost:8771/index.js:451
[  308627ms] [LOG] MON 1 playing=false pos=0.000 stream_playing=false peak_db=-200.0 mix_rate=48000 latency=0.0880 @ http://localhost:8771/index.js:451
[  308878ms] [LOG] MON 1 playing=false pos=0.000 stream_playing=false peak_db=-200.0 mix_rate=48000 latency=0.0880 @ http://localhost:8771/index.js:451
[  309126ms] [LOG] MON 1 playing=false pos=0.000 stream_playing=false peak_db=-200.0 mix_rate=48000 latency=0.0880 @ http://localhost:8771/index.js:451
[  309379ms] [LOG] MON 1 playing=false pos=0.000 stream_playing=false peak_db=-200.0 mix_rate=48000 latency=0.0880 @ http://localhost:8771/index.js:451
[  309626ms] [LOG] MON 1 playing=false pos=0.000 stream_playing=false peak_db=-200.0 mix_rate=48000 latency=0.0880 @ http://localhost:8771/index.js:451
[  309880ms] [LOG] MON 1 playing=false pos=0.000 stream_playing=false peak_db=-200.0 mix_rate=48000 latency=0.0880 @ http://localhost:8771/index.js:451
[  310128ms] [LOG] MON 1 playing=false pos=0.000 stream_playing=false peak_db=-200.0 mix_rate=48000 latency=0.0880 @ http://localhost:8771/index.js:451
[  310377ms] [LOG] MON 1 playing=false pos=0.000 stream_playing=false peak_db=-200.0 mix_rate=48000 latency=0.0880 @ http://localhost:8771/index.js:451
[  310627ms] [LOG] MON 1 playing=false pos=0.000 stream_playing=false peak_db=-200.0 mix_rate=48000 latency=0.0880 @ http://localhost:8771/index.js:451
[  310879ms] [LOG] MON 1 playing=false pos=0.000 stream_playing=false peak_db=-200.0 mix_rate=48000 latency=0.0880 @ http://localhost:8771/index.js:451
[  311127ms] [LOG] MON 1 playing=false pos=0.000 stream_playing=false peak_db=-200.0 mix_rate=48000 latency=0.0880 @ http://localhost:8771/index.js:451
[  311378ms] [LOG] MON 1 playing=false pos=0.000 stream_playing=false peak_db=-200.0 mix_rate=48000 latency=0.0880 @ http://localhost:8771/index.js:451
[  311611ms] [LOG] MON 1 playing=false pos=0.000 stream_playing=false peak_db=-200.0 mix_rate=48000 latency=0.0880 @ http://localhost:8771/index.js:451
[  311860ms] [LOG] MON 1 playing=false pos=0.000 stream_playing=false peak_db=-200.0 mix_rate=48000 latency=0.0880 @ http://localhost:8771/index.js:451
[  312111ms] [LOG] MON 1 playing=false pos=0.000 stream_playing=false peak_db=-200.0 mix_rate=48000 latency=0.0880 @ http://localhost:8771/index.js:451
[  312362ms] [LOG] MON 1 playing=false pos=0.000 stream_playing=false peak_db=-200.0 mix_rate=48000 latency=0.0880 @ http://localhost:8771/index.js:451
[  312611ms] [LOG] MON 1 playing=false pos=0.000 stream_playing=false peak_db=-200.0 mix_rate=48000 latency=0.0880 @ http://localhost:8771/index.js:451
[  312860ms] [LOG] MON 1 playing=false pos=0.000 stream_playing=false peak_db=-200.0 mix_rate=48000 latency=0.0880 @ http://localhost:8771/index.js:451
[  313110ms] [LOG] MON 1 playing=false pos=0.000 stream_playing=false peak_db=-200.0 mix_rate=48000 latency=0.0880 @ http://localhost:8771/index.js:451
[  313361ms] [LOG] MON 1 playing=false pos=0.000 stream_playing=false peak_db=-200.0 mix_rate=48000 latency=0.0880 @ http://localhost:8771/index.js:451
[  313609ms] [LOG] MON 1 playing=false pos=0.000 stream_playing=false peak_db=-200.0 mix_rate=48000 latency=0.0880 @ http://localhost:8771/index.js:451
[  313860ms] [LOG] MON 1 playing=false pos=0.000 stream_playing=false peak_db=-200.0 mix_rate=48000 latency=0.0880 @ http://localhost:8771/index.js:451
[  314110ms] [LOG] MON 1 playing=false pos=0.000 stream_playing=false peak_db=-200.0 mix_rate=48000 latency=0.0880 @ http://localhost:8771/index.js:451
[  314360ms] [LOG] MON 1 playing=false pos=0.000 stream_playing=false peak_db=-200.0 mix_rate=48000 latency=0.0880 @ http://localhost:8771/index.js:451
[  314611ms] [LOG] MON 1 playing=false pos=0.000 stream_playing=false peak_db=-200.0 mix_rate=48000 latency=0.0880 @ http://localhost:8771/index.js:451
[  314862ms] [LOG] MON 1 playing=false pos=0.000 stream_playing=false peak_db=-200.0 mix_rate=48000 latency=0.0880 @ http://localhost:8771/index.js:451
[  315110ms] [LOG] MON 1 playing=false pos=0.000 stream_playing=false peak_db=-200.0 mix_rate=48000 latency=0.0880 @ http://localhost:8771/index.js:451
[  315361ms] [LOG] MON 1 playing=false pos=0.000 stream_playing=false peak_db=-200.0 mix_rate=48000 latency=0.0880 @ http://localhost:8771/index.js:451
[  315609ms] [LOG] MON 1 playing=false pos=0.000 stream_playing=false peak_db=-200.0 mix_rate=48000 latency=0.0880 @ http://localhost:8771/index.js:451
[  315859ms] [LOG] MON 1 playing=false pos=0.000 stream_playing=false peak_db=-200.0 mix_rate=48000 latency=0.0880 @ http://localhost:8771/index.js:451
[  316110ms] [LOG] MON 1 playing=false pos=0.000 stream_playing=false peak_db=-200.0 mix_rate=48000 latency=0.0880 @ http://localhost:8771/index.js:451
[  316360ms] [LOG] MON 1 playing=false pos=0.000 stream_playing=false peak_db=-200.0 mix_rate=48000 latency=0.0880 @ http://localhost:8771/index.js:451
[  316609ms] [LOG] MON 1 playing=false pos=0.000 stream_playing=false peak_db=-200.0 mix_rate=48000 latency=0.0880 @ http://localhost:8771/index.js:451
[  316861ms] [LOG] MON 1 playing=false pos=0.000 stream_playing=false peak_db=-200.0 mix_rate=48000 latency=0.0880 @ http://localhost:8771/index.js:451
[  317111ms] [LOG] MON 1 playing=false pos=0.000 stream_playing=false peak_db=-200.0 mix_rate=48000 latency=0.0880 @ http://localhost:8771/index.js:451
[  317362ms] [LOG] MON 1 playing=false pos=0.000 stream_playing=false peak_db=-200.0 mix_rate=48000 latency=0.0880 @ http://localhost:8771/index.js:451
[  317611ms] [LOG] MON 1 playing=false pos=0.000 stream_playing=false peak_db=-200.0 mix_rate=48000 latency=0.0880 @ http://localhost:8771/index.js:451
[  317862ms] [LOG] MON 1 playing=false pos=0.000 stream_playing=false peak_db=-200.0 mix_rate=48000 latency=0.0880 @ http://localhost:8771/index.js:451
[  318110ms] [LOG] MON 1 playing=false pos=0.000 stream_playing=false peak_db=-200.0 mix_rate=48000 latency=0.0880 @ http://localhost:8771/index.js:451
[  318359ms] [LOG] MON 1 playing=false pos=0.000 stream_playing=false peak_db=-200.0 mix_rate=48000 latency=0.0880 @ http://localhost:8771/index.js:451
[  318611ms] [LOG] MON 1 playing=false pos=0.000 stream_playing=false peak_db=-200.0 mix_rate=48000 latency=0.0880 @ http://localhost:8771/index.js:451
[  318859ms] [LOG] MON 1 playing=false pos=0.000 stream_playing=false peak_db=-200.0 mix_rate=48000 latency=0.0880 @ http://localhost:8771/index.js:451
[  319110ms] [LOG] MON 1 playing=false pos=0.000 stream_playing=false peak_db=-200.0 mix_rate=48000 latency=0.0880 @ http://localhost:8771/index.js:451
[  319360ms] [LOG] MON 1 playing=false pos=0.000 stream_playing=false peak_db=-200.0 mix_rate=48000 latency=0.0880 @ http://localhost:8771/index.js:451
[  319612ms] [LOG] MON 1 playing=false pos=0.000 stream_playing=false peak_db=-200.0 mix_rate=48000 latency=0.0880 @ http://localhost:8771/index.js:451
[  319860ms] [LOG] MON 1 playing=false pos=0.000 stream_playing=false peak_db=-200.0 mix_rate=48000 latency=0.0880 @ http://localhost:8771/index.js:451
[  320112ms] [LOG] MON 1 playing=false pos=0.000 stream_playing=false peak_db=-200.0 mix_rate=48000 latency=0.0880 @ http://localhost:8771/index.js:451
[  320360ms] [LOG] MON 1 playing=false pos=0.000 stream_playing=false peak_db=-200.0 mix_rate=48000 latency=0.0880 @ http://localhost:8771/index.js:451
[  320612ms] [LOG] MON 1 playing=false pos=0.000 stream_playing=false peak_db=-200.0 mix_rate=48000 latency=0.0880 @ http://localhost:8771/index.js:451
[  320860ms] [LOG] MON 1 playing=false pos=0.000 stream_playing=false peak_db=-200.0 mix_rate=48000 latency=0.0880 @ http://localhost:8771/index.js:451
[  321114ms] [LOG] MON 1 playing=false pos=0.000 stream_playing=false peak_db=-200.0 mix_rate=48000 latency=0.0880 @ http://localhost:8771/index.js:451
[  321361ms] [LOG] MON 1 playing=false pos=0.000 stream_playing=false peak_db=-200.0 mix_rate=48000 latency=0.0880 @ http://localhost:8771/index.js:451
[  321609ms] [LOG] MON 1 playing=false pos=0.000 stream_playing=false peak_db=-200.0 mix_rate=48000 latency=0.0880 @ http://localhost:8771/index.js:451
[  321861ms] [LOG] MON 1 playing=false pos=0.000 stream_playing=false peak_db=-200.0 mix_rate=48000 latency=0.0880 @ http://localhost:8771/index.js:451
[  322110ms] [LOG] MON 1 playing=false pos=0.000 stream_playing=false peak_db=-200.0 mix_rate=48000 latency=0.0880 @ http://localhost:8771/index.js:451
[  322362ms] [LOG] MON 1 playing=false pos=0.000 stream_playing=false peak_db=-200.0 mix_rate=48000 latency=0.0880 @ http://localhost:8771/index.js:451
[  322610ms] [LOG] MON 1 playing=false pos=0.000 stream_playing=false peak_db=-200.0 mix_rate=48000 latency=0.0880 @ http://localhost:8771/index.js:451
[  322862ms] [LOG] MON 1 playing=false pos=0.000 stream_playing=false peak_db=-200.0 mix_rate=48000 latency=0.0880 @ http://localhost:8771/index.js:451
[  323110ms] [LOG] MON 1 playing=false pos=0.000 stream_playing=false peak_db=-200.0 mix_rate=48000 latency=0.0880 @ http://localhost:8771/index.js:451
[  323372ms] [LOG] MON 1 playing=false pos=0.000 stream_playing=false peak_db=-200.0 mix_rate=48000 latency=0.0880 @ http://localhost:8771/index.js:451
[  323610ms] [LOG] MON 1 playing=false pos=0.000 stream_playing=false peak_db=-200.0 mix_rate=48000 latency=0.0880 @ http://localhost:8771/index.js:451
[  323861ms] [LOG] MON 1 playing=false pos=0.000 stream_playing=false peak_db=-200.0 mix_rate=48000 latency=0.0880 @ http://localhost:8771/index.js:451
[  324110ms] [LOG] MON 1 playing=false pos=0.000 stream_playing=false peak_db=-200.0 mix_rate=48000 latency=0.0880 @ http://localhost:8771/index.js:451
[  324361ms] [LOG] MON 1 playing=false pos=0.000 stream_playing=false peak_db=-200.0 mix_rate=48000 latency=0.0880 @ http://localhost:8771/index.js:451
[  324611ms] [LOG] MON 1 playing=false pos=0.000 stream_playing=false peak_db=-200.0 mix_rate=48000 latency=0.0880 @ http://localhost:8771/index.js:451
[  324859ms] [LOG] MON 1 playing=false pos=0.000 stream_playing=false peak_db=-200.0 mix_rate=48000 latency=0.0880 @ http://localhost:8771/index.js:451
[  325113ms] [LOG] MON 1 playing=false pos=0.000 stream_playing=false peak_db=-200.0 mix_rate=48000 latency=0.0880 @ http://localhost:8771/index.js:451
[  325364ms] [LOG] MON 1 playing=false pos=0.000 stream_playing=false peak_db=-200.0 mix_rate=48000 latency=0.0880 @ http://localhost:8771/index.js:451
[  325611ms] [LOG] MON 1 playing=false pos=0.000 stream_playing=false peak_db=-200.0 mix_rate=48000 latency=0.0880 @ http://localhost:8771/index.js:451
[  325863ms] [LOG] MON 1 playing=false pos=0.000 stream_playing=false peak_db=-200.0 mix_rate=48000 latency=0.0880 @ http://localhost:8771/index.js:451
[  326109ms] [LOG] MON 1 playing=false pos=0.000 stream_playing=false peak_db=-200.0 mix_rate=48000 latency=0.0880 @ http://localhost:8771/index.js:451
[  326364ms] [LOG] MON 1 playing=false pos=0.000 stream_playing=false peak_db=-200.0 mix_rate=48000 latency=0.0880 @ http://localhost:8771/index.js:451
[  326611ms] [LOG] MON 1 playing=false pos=0.000 stream_playing=false peak_db=-200.0 mix_rate=48000 latency=0.0880 @ http://localhost:8771/index.js:451
[  326859ms] [LOG] MON 1 playing=false pos=0.000 stream_playing=false peak_db=-200.0 mix_rate=48000 latency=0.0880 @ http://localhost:8771/index.js:451
[  327110ms] [LOG] MON 1 playing=false pos=0.000 stream_playing=false peak_db=-200.0 mix_rate=48000 latency=0.0880 @ http://localhost:8771/index.js:451
[  327361ms] [LOG] MON 1 playing=false pos=0.000 stream_playing=false peak_db=-200.0 mix_rate=48000 latency=0.0880 @ http://localhost:8771/index.js:451
[  327610ms] [LOG] MON 1 playing=false pos=0.000 stream_playing=false peak_db=-200.0 mix_rate=48000 latency=0.0880 @ http://localhost:8771/index.js:451
[  327860ms] [LOG] MON 1 playing=false pos=0.000 stream_playing=false peak_db=-200.0 mix_rate=48000 latency=0.0880 @ http://localhost:8771/index.js:451
[  328110ms] [LOG] MON 1 playing=false pos=0.000 stream_playing=false peak_db=-200.0 mix_rate=48000 latency=0.0880 @ http://localhost:8771/index.js:451
[  328362ms] [LOG] MON 1 playing=false pos=0.000 stream_playing=false peak_db=-200.0 mix_rate=48000 latency=0.0880 @ http://localhost:8771/index.js:451
[  328611ms] [LOG] MON 1 playing=false pos=0.000 stream_playing=false peak_db=-200.0 mix_rate=48000 latency=0.0880 @ http://localhost:8771/index.js:451
[  328861ms] [LOG] MON 1 playing=false pos=0.000 stream_playing=false peak_db=-200.0 mix_rate=48000 latency=0.0880 @ http://localhost:8771/index.js:451
[  329111ms] [LOG] MON 1 playing=false pos=0.000 stream_playing=false peak_db=-200.0 mix_rate=48000 latency=0.0880 @ http://localhost:8771/index.js:451
[  329362ms] [LOG] MON 1 playing=false pos=0.000 stream_playing=false peak_db=-200.0 mix_rate=48000 latency=0.0880 @ http://localhost:8771/index.js:451
[  329614ms] [LOG] MON 1 playing=false pos=0.000 stream_playing=false peak_db=-200.0 mix_rate=48000 latency=0.0880 @ http://localhost:8771/index.js:451
[  329860ms] [LOG] MON 1 playing=false pos=0.000 stream_playing=false peak_db=-200.0 mix_rate=48000 latency=0.0880 @ http://localhost:8771/index.js:451
[  330110ms] [LOG] MON 1 playing=false pos=0.000 stream_playing=false peak_db=-200.0 mix_rate=48000 latency=0.0880 @ http://localhost:8771/index.js:451
[  330361ms] [LOG] MON 1 playing=false pos=0.000 stream_playing=false peak_db=-200.0 mix_rate=48000 latency=0.0880 @ http://localhost:8771/index.js:451
[  330626ms] [LOG] MON 1 playing=false pos=0.000 stream_playing=false peak_db=-200.0 mix_rate=48000 latency=0.0880 @ http://localhost:8771/index.js:451
[  330877ms] [LOG] MON 1 playing=false pos=0.000 stream_playing=false peak_db=-200.0 mix_rate=48000 latency=0.0880 @ http://localhost:8771/index.js:451
[  331131ms] [LOG] MON 1 playing=false pos=0.000 stream_playing=false peak_db=-200.0 mix_rate=48000 latency=0.0880 @ http://localhost:8771/index.js:451
[  331376ms] [LOG] MON 1 playing=false pos=0.000 stream_playing=false peak_db=-200.0 mix_rate=48000 latency=0.0880 @ http://localhost:8771/index.js:451
[  331627ms] [LOG] MON 1 playing=false pos=0.000 stream_playing=false peak_db=-200.0 mix_rate=48000 latency=0.0880 @ http://localhost:8771/index.js:451
[  331880ms] [LOG] MON 1 playing=false pos=0.000 stream_playing=false peak_db=-200.0 mix_rate=48000 latency=0.0880 @ http://localhost:8771/index.js:451
[  332128ms] [LOG] MON 1 playing=false pos=0.000 stream_playing=false peak_db=-200.0 mix_rate=48000 latency=0.0880 @ http://localhost:8771/index.js:451
[  332376ms] [LOG] MON 1 playing=false pos=0.000 stream_playing=false peak_db=-200.0 mix_rate=48000 latency=0.0880 @ http://localhost:8771/index.js:451
[  332630ms] [LOG] MON 1 playing=false pos=0.000 stream_playing=false peak_db=-200.0 mix_rate=48000 latency=0.0880 @ http://localhost:8771/index.js:451
[  332877ms] [LOG] MON 1 playing=false pos=0.000 stream_playing=false peak_db=-200.0 mix_rate=48000 latency=0.0880 @ http://localhost:8771/index.js:451
[  333126ms] [LOG] MON 1 playing=false pos=0.000 stream_playing=false peak_db=-200.0 mix_rate=48000 latency=0.0880 @ http://localhost:8771/index.js:451
[  333376ms] [LOG] MON 1 playing=false pos=0.000 stream_playing=false peak_db=-200.0 mix_rate=48000 latency=0.0880 @ http://localhost:8771/index.js:451
[  333626ms] [LOG] MON 1 playing=false pos=0.000 stream_playing=false peak_db=-200.0 mix_rate=48000 latency=0.0880 @ http://localhost:8771/index.js:451
[  333877ms] [LOG] MON 1 playing=false pos=0.000 stream_playing=false peak_db=-200.0 mix_rate=48000 latency=0.0880 @ http://localhost:8771/index.js:451
[  334126ms] [LOG] MON 1 playing=false pos=0.000 stream_playing=false peak_db=-200.0 mix_rate=48000 latency=0.0880 @ http://localhost:8771/index.js:451
[  334377ms] [LOG] MON 1 playing=false pos=0.000 stream_playing=false peak_db=-200.0 mix_rate=48000 latency=0.0880 @ http://localhost:8771/index.js:451
[  334627ms] [LOG] MON 1 playing=false pos=0.000 stream_playing=false peak_db=-200.0 mix_rate=48000 latency=0.0880 @ http://localhost:8771/index.js:451
[  334877ms] [LOG] MON 1 playing=false pos=0.000 stream_playing=false peak_db=-200.0 mix_rate=48000 latency=0.0880 @ http://localhost:8771/index.js:451
[  335127ms] [LOG] MON 1 playing=false pos=0.000 stream_playing=false peak_db=-200.0 mix_rate=48000 latency=0.0880 @ http://localhost:8771/index.js:451
[  335377ms] [LOG] MON 1 playing=false pos=0.000 stream_playing=false peak_db=-200.0 mix_rate=48000 latency=0.0880 @ http://localhost:8771/index.js:451
[  335628ms] [LOG] MON 1 playing=false pos=0.000 stream_playing=false peak_db=-200.0 mix_rate=48000 latency=0.0880 @ http://localhost:8771/index.js:451
[  335876ms] [LOG] MON 1 playing=false pos=0.000 stream_playing=false peak_db=-200.0 mix_rate=48000 latency=0.0880 @ http://localhost:8771/index.js:451
[  336126ms] [LOG] MON 1 playing=false pos=0.000 stream_playing=false peak_db=-200.0 mix_rate=48000 latency=0.0880 @ http://localhost:8771/index.js:451
[  336376ms] [LOG] MON 1 playing=false pos=0.000 stream_playing=false peak_db=-200.0 mix_rate=48000 latency=0.0880 @ http://localhost:8771/index.js:451
[  336627ms] [LOG] MON 1 playing=false pos=0.000 stream_playing=false peak_db=-200.0 mix_rate=48000 latency=0.0880 @ http://localhost:8771/index.js:451
[  336876ms] [LOG] MON 1 playing=false pos=0.000 stream_playing=false peak_db=-200.0 mix_rate=48000 latency=0.0880 @ http://localhost:8771/index.js:451
[  337128ms] [LOG] MON 1 playing=false pos=0.000 stream_playing=false peak_db=-200.0 mix_rate=48000 latency=0.0880 @ http://localhost:8771/index.js:451
[  337377ms] [LOG] MON 1 playing=false pos=0.000 stream_playing=false peak_db=-200.0 mix_rate=48000 latency=0.0880 @ http://localhost:8771/index.js:451
[  337647ms] [LOG] MON 1 playing=false pos=0.000 stream_playing=false peak_db=-200.0 mix_rate=48000 latency=0.0880 @ http://localhost:8771/index.js:451
[  337893ms] [LOG] MON 1 playing=false pos=0.000 stream_playing=false peak_db=-200.0 mix_rate=48000 latency=0.0880 @ http://localhost:8771/index.js:451
[  338143ms] [LOG] MON 1 playing=false pos=0.000 stream_playing=false peak_db=-200.0 mix_rate=48000 latency=0.0880 @ http://localhost:8771/index.js:451
[  338393ms] [LOG] MON 1 playing=false pos=0.000 stream_playing=false peak_db=-200.0 mix_rate=48000 latency=0.0880 @ http://localhost:8771/index.js:451
[  338643ms] [LOG] MON 1 playing=false pos=0.000 stream_playing=false peak_db=-200.0 mix_rate=48000 latency=0.0880 @ http://localhost:8771/index.js:451
[  338895ms] [LOG] MON 1 playing=false pos=0.000 stream_playing=false peak_db=-200.0 mix_rate=48000 latency=0.0880 @ http://localhost:8771/index.js:451
[  339143ms] [LOG] MON 1 playing=false pos=0.000 stream_playing=false peak_db=-200.0 mix_rate=48000 latency=0.0880 @ http://localhost:8771/index.js:451
[  339393ms] [LOG] MON 1 playing=false pos=0.000 stream_playing=false peak_db=-200.0 mix_rate=48000 latency=0.0880 @ http://localhost:8771/index.js:451
[  339643ms] [LOG] MON 1 playing=false pos=0.000 stream_playing=false peak_db=-200.0 mix_rate=48000 latency=0.0880 @ http://localhost:8771/index.js:451
[  339893ms] [LOG] MON 1 playing=false pos=0.000 stream_playing=false peak_db=-200.0 mix_rate=48000 latency=0.0880 @ http://localhost:8771/index.js:451
[  340144ms] [LOG] MON 1 playing=false pos=0.000 stream_playing=false peak_db=-200.0 mix_rate=48000 latency=0.0880 @ http://localhost:8771/index.js:451
[  340394ms] [LOG] MON 1 playing=false pos=0.000 stream_playing=false peak_db=-200.0 mix_rate=48000 latency=0.0880 @ http://localhost:8771/index.js:451
[  340645ms] [LOG] MON 1 playing=false pos=0.000 stream_playing=false peak_db=-200.0 mix_rate=48000 latency=0.0880 @ http://localhost:8771/index.js:451
[  340895ms] [LOG] MON 1 playing=false pos=0.000 stream_playing=false peak_db=-200.0 mix_rate=48000 latency=0.0880 @ http://localhost:8771/index.js:451
[  341145ms] [LOG] MON 1 playing=false pos=0.000 stream_playing=false peak_db=-200.0 mix_rate=48000 latency=0.0880 @ http://localhost:8771/index.js:451
[  341395ms] [LOG] MON 1 playing=false pos=0.000 stream_playing=false peak_db=-200.0 mix_rate=48000 latency=0.0880 @ http://localhost:8771/index.js:451
[  341627ms] [LOG] MON 1 playing=false pos=0.000 stream_playing=false peak_db=-200.0 mix_rate=48000 latency=0.0880 @ http://localhost:8771/index.js:451
[  341877ms] [LOG] MON 1 playing=false pos=0.000 stream_playing=false peak_db=-200.0 mix_rate=48000 latency=0.0880 @ http://localhost:8771/index.js:451
[  342128ms] [LOG] MON 1 playing=false pos=0.000 stream_playing=false peak_db=-200.0 mix_rate=48000 latency=0.0880 @ http://localhost:8771/index.js:451
[  342376ms] [LOG] MON 1 playing=false pos=0.000 stream_playing=false peak_db=-200.0 mix_rate=48000 latency=0.0880 @ http://localhost:8771/index.js:451
[  342627ms] [LOG] MON 1 playing=false pos=0.000 stream_playing=false peak_db=-200.0 mix_rate=48000 latency=0.0880 @ http://localhost:8771/index.js:451
[  342878ms] [LOG] MON 1 playing=false pos=0.000 stream_playing=false peak_db=-200.0 mix_rate=48000 latency=0.0880 @ http://localhost:8771/index.js:451
[  343126ms] [LOG] MON 1 playing=false pos=0.000 stream_playing=false peak_db=-200.0 mix_rate=48000 latency=0.0880 @ http://localhost:8771/index.js:451
[  343376ms] [LOG] MON 1 playing=false pos=0.000 stream_playing=false peak_db=-200.0 mix_rate=48000 latency=0.0880 @ http://localhost:8771/index.js:451
[  343626ms] [LOG] MON 1 playing=false pos=0.000 stream_playing=false peak_db=-200.0 mix_rate=48000 latency=0.0880 @ http://localhost:8771/index.js:451
[  343887ms] [LOG] MON 1 playing=false pos=0.000 stream_playing=false peak_db=-200.0 mix_rate=48000 latency=0.0880 @ http://localhost:8771/index.js:451
[  344126ms] [LOG] MON 1 playing=false pos=0.000 stream_playing=false peak_db=-200.0 mix_rate=48000 latency=0.0880 @ http://localhost:8771/index.js:451
[  344376ms] [LOG] MON 1 playing=false pos=0.000 stream_playing=false peak_db=-200.0 mix_rate=48000 latency=0.0880 @ http://localhost:8771/index.js:451
[  344627ms] [LOG] MON 1 playing=false pos=0.000 stream_playing=false peak_db=-200.0 mix_rate=48000 latency=0.0880 @ http://localhost:8771/index.js:451
[  344878ms] [LOG] MON 1 playing=false pos=0.000 stream_playing=false peak_db=-200.0 mix_rate=48000 latency=0.0880 @ http://localhost:8771/index.js:451
[  345126ms] [LOG] MON 1 playing=false pos=0.000 stream_playing=false peak_db=-200.0 mix_rate=48000 latency=0.0880 @ http://localhost:8771/index.js:451
[  345377ms] [LOG] MON 1 playing=false pos=0.000 stream_playing=false peak_db=-200.0 mix_rate=48000 latency=0.0880 @ http://localhost:8771/index.js:451
[  345633ms] [LOG] MON 1 playing=false pos=0.000 stream_playing=false peak_db=-200.0 mix_rate=48000 latency=0.0880 @ http://localhost:8771/index.js:451
[  345877ms] [LOG] MON 1 playing=false pos=0.000 stream_playing=false peak_db=-200.0 mix_rate=48000 latency=0.0880 @ http://localhost:8771/index.js:451
[  346127ms] [LOG] MON 1 playing=false pos=0.000 stream_playing=false peak_db=-200.0 mix_rate=48000 latency=0.0880 @ http://localhost:8771/index.js:451
[  346377ms] [LOG] MON 1 playing=false pos=0.000 stream_playing=false peak_db=-200.0 mix_rate=48000 latency=0.0880 @ http://localhost:8771/index.js:451
[  346626ms] [LOG] MON 1 playing=false pos=0.000 stream_playing=false peak_db=-200.0 mix_rate=48000 latency=0.0880 @ http://localhost:8771/index.js:451
[  346877ms] [LOG] MON 1 playing=false pos=0.000 stream_playing=false peak_db=-200.0 mix_rate=48000 latency=0.0880 @ http://localhost:8771/index.js:451
[  347127ms] [LOG] MON 1 playing=false pos=0.000 stream_playing=false peak_db=-200.0 mix_rate=48000 latency=0.0880 @ http://localhost:8771/index.js:451
[  347378ms] [LOG] MON 1 playing=false pos=0.000 stream_playing=false peak_db=-200.0 mix_rate=48000 latency=0.0880 @ http://localhost:8771/index.js:451
[  347629ms] [LOG] MON 1 playing=false pos=0.000 stream_playing=false peak_db=-200.0 mix_rate=48000 latency=0.0880 @ http://localhost:8771/index.js:451
[  347877ms] [LOG] MON 1 playing=false pos=0.000 stream_playing=false peak_db=-200.0 mix_rate=48000 latency=0.0880 @ http://localhost:8771/index.js:451
[  348127ms] [LOG] MON 1 playing=false pos=0.000 stream_playing=false peak_db=-200.0 mix_rate=48000 latency=0.0880 @ http://localhost:8771/index.js:451
[  348394ms] [LOG] MON 1 playing=false pos=0.000 stream_playing=false peak_db=-200.0 mix_rate=48000 latency=0.0880 @ http://localhost:8771/index.js:451
[  348643ms] [LOG] MON 1 playing=false pos=0.000 stream_playing=false peak_db=-200.0 mix_rate=48000 latency=0.0880 @ http://localhost:8771/index.js:451
[  348893ms] [LOG] MON 1 playing=false pos=0.000 stream_playing=false peak_db=-200.0 mix_rate=48000 latency=0.0880 @ http://localhost:8771/index.js:451
[  349144ms] [LOG] MON 1 playing=false pos=0.000 stream_playing=false peak_db=-200.0 mix_rate=48000 latency=0.0880 @ http://localhost:8771/index.js:451
[  349396ms] [LOG] MON 1 playing=false pos=0.000 stream_playing=false peak_db=-200.0 mix_rate=48000 latency=0.0880 @ http://localhost:8771/index.js:451
[  349642ms] [LOG] MON 1 playing=false pos=0.000 stream_playing=false peak_db=-200.0 mix_rate=48000 latency=0.0880 @ http://localhost:8771/index.js:451
[  349895ms] [LOG] MON 1 playing=false pos=0.000 stream_playing=false peak_db=-200.0 mix_rate=48000 latency=0.0880 @ http://localhost:8771/index.js:451
[  350146ms] [LOG] MON 1 playing=false pos=0.000 stream_playing=false peak_db=-200.0 mix_rate=48000 latency=0.0880 @ http://localhost:8771/index.js:451
[  350395ms] [LOG] MON 1 playing=false pos=0.000 stream_playing=false peak_db=-200.0 mix_rate=48000 latency=0.0880 @ http://localhost:8771/index.js:451
[  350645ms] [LOG] MON 1 playing=false pos=0.000 stream_playing=false peak_db=-200.0 mix_rate=48000 latency=0.0880 @ http://localhost:8771/index.js:451
[  350894ms] [LOG] MON 1 playing=false pos=0.000 stream_playing=false peak_db=-200.0 mix_rate=48000 latency=0.0880 @ http://localhost:8771/index.js:451
[  351145ms] [LOG] MON 1 playing=false pos=0.000 stream_playing=false peak_db=-200.0 mix_rate=48000 latency=0.0880 @ http://localhost:8771/index.js:451
[  351393ms] [LOG] MON 1 playing=false pos=0.000 stream_playing=false peak_db=-200.0 mix_rate=48000 latency=0.0880 @ http://localhost:8771/index.js:451
[  351644ms] [LOG] MON 1 playing=false pos=0.000 stream_playing=false peak_db=-200.0 mix_rate=48000 latency=0.0880 @ http://localhost:8771/index.js:451
[  351895ms] [LOG] MON 1 playing=false pos=0.000 stream_playing=false peak_db=-200.0 mix_rate=48000 latency=0.0880 @ http://localhost:8771/index.js:451
[  352144ms] [LOG] MON 1 playing=false pos=0.000 stream_playing=false peak_db=-200.0 mix_rate=48000 latency=0.0880 @ http://localhost:8771/index.js:451
[  352394ms] [LOG] MON 1 playing=false pos=0.000 stream_playing=false peak_db=-200.0 mix_rate=48000 latency=0.0880 @ http://localhost:8771/index.js:451
[  352644ms] [LOG] MON 1 playing=false pos=0.000 stream_playing=false peak_db=-200.0 mix_rate=48000 latency=0.0880 @ http://localhost:8771/index.js:451
[  352893ms] [LOG] MON 1 playing=false pos=0.000 stream_playing=false peak_db=-200.0 mix_rate=48000 latency=0.0880 @ http://localhost:8771/index.js:451
[  353143ms] [LOG] MON 1 playing=false pos=0.000 stream_playing=false peak_db=-200.0 mix_rate=48000 latency=0.0880 @ http://localhost:8771/index.js:451
[  353392ms] [LOG] MON 1 playing=false pos=0.000 stream_playing=false peak_db=-200.0 mix_rate=48000 latency=0.0880 @ http://localhost:8771/index.js:451
[  353643ms] [LOG] MON 1 playing=false pos=0.000 stream_playing=false peak_db=-200.0 mix_rate=48000 latency=0.0880 @ http://localhost:8771/index.js:451
[  353892ms] [LOG] MON 1 playing=false pos=0.000 stream_playing=false peak_db=-200.0 mix_rate=48000 latency=0.0880 @ http://localhost:8771/index.js:451
[  354145ms] [LOG] MON 1 playing=false pos=0.000 stream_playing=false peak_db=-200.0 mix_rate=48000 latency=0.0880 @ http://localhost:8771/index.js:451
[  354397ms] [LOG] MON 1 playing=false pos=0.000 stream_playing=false peak_db=-200.0 mix_rate=48000 latency=0.0880 @ http://localhost:8771/index.js:451
[  354644ms] [LOG] MON 1 playing=false pos=0.000 stream_playing=false peak_db=-200.0 mix_rate=48000 latency=0.0880 @ http://localhost:8771/index.js:451
[  354893ms] [LOG] MON 1 playing=false pos=0.000 stream_playing=false peak_db=-200.0 mix_rate=48000 latency=0.0880 @ http://localhost:8771/index.js:451
[  355143ms] [LOG] MON 1 playing=false pos=0.000 stream_playing=false peak_db=-200.0 mix_rate=48000 latency=0.0880 @ http://localhost:8771/index.js:451
[  355394ms] [LOG] MON 1 playing=false pos=0.000 stream_playing=false peak_db=-200.0 mix_rate=48000 latency=0.0880 @ http://localhost:8771/index.js:451
[  355643ms] [LOG] MON 1 playing=false pos=0.000 stream_playing=false peak_db=-200.0 mix_rate=48000 latency=0.0880 @ http://localhost:8771/index.js:451
[  355893ms] [LOG] MON 1 playing=false pos=0.000 stream_playing=false peak_db=-200.0 mix_rate=48000 latency=0.0880 @ http://localhost:8771/index.js:451
[  356144ms] [LOG] MON 1 playing=false pos=0.000 stream_playing=false peak_db=-200.0 mix_rate=48000 latency=0.0880 @ http://localhost:8771/index.js:451
[  356396ms] [LOG] MON 1 playing=false pos=0.000 stream_playing=false peak_db=-200.0 mix_rate=48000 latency=0.0880 @ http://localhost:8771/index.js:451
[  356645ms] [LOG] MON 1 playing=false pos=0.000 stream_playing=false peak_db=-200.0 mix_rate=48000 latency=0.0880 @ http://localhost:8771/index.js:451
[  356894ms] [LOG] MON 1 playing=false pos=0.000 stream_playing=false peak_db=-200.0 mix_rate=48000 latency=0.0880 @ http://localhost:8771/index.js:451
[  357127ms] [LOG] MON 1 playing=false pos=0.000 stream_playing=false peak_db=-200.0 mix_rate=48000 latency=0.0880 @ http://localhost:8771/index.js:451
[  357376ms] [LOG] MON 1 playing=false pos=0.000 stream_playing=false peak_db=-200.0 mix_rate=48000 latency=0.0880 @ http://localhost:8771/index.js:451
[  357627ms] [LOG] MON 1 playing=false pos=0.000 stream_playing=false peak_db=-200.0 mix_rate=48000 latency=0.0880 @ http://localhost:8771/index.js:451
[  357878ms] [LOG] MON 1 playing=false pos=0.000 stream_playing=false peak_db=-200.0 mix_rate=48000 latency=0.0880 @ http://localhost:8771/index.js:451
[  358131ms] [LOG] MON 1 playing=false pos=0.000 stream_playing=false peak_db=-200.0 mix_rate=48000 latency=0.0880 @ http://localhost:8771/index.js:451
[  358381ms] [LOG] MON 1 playing=false pos=0.000 stream_playing=false peak_db=-200.0 mix_rate=48000 latency=0.0880 @ http://localhost:8771/index.js:451
[  358627ms] [LOG] MON 1 playing=false pos=0.000 stream_playing=false peak_db=-200.0 mix_rate=48000 latency=0.0880 @ http://localhost:8771/index.js:451
[  358876ms] [LOG] MON 1 playing=false pos=0.000 stream_playing=false peak_db=-200.0 mix_rate=48000 latency=0.0880 @ http://localhost:8771/index.js:451
[  359128ms] [LOG] MON 1 playing=false pos=0.000 stream_playing=false peak_db=-200.0 mix_rate=48000 latency=0.0880 @ http://localhost:8771/index.js:451
[  359376ms] [LOG] MON 1 playing=false pos=0.000 stream_playing=false peak_db=-200.0 mix_rate=48000 latency=0.0880 @ http://localhost:8771/index.js:451
[  359626ms] [LOG] MON 1 playing=false pos=0.000 stream_playing=false peak_db=-200.0 mix_rate=48000 latency=0.0880 @ http://localhost:8771/index.js:451
[  359876ms] [LOG] MON 1 playing=false pos=0.000 stream_playing=false peak_db=-200.0 mix_rate=48000 latency=0.0880 @ http://localhost:8771/index.js:451
[  360128ms] [LOG] MON 1 playing=false pos=0.000 stream_playing=false peak_db=-200.0 mix_rate=48000 latency=0.0880 @ http://localhost:8771/index.js:451
[  360377ms] [LOG] MON 1 playing=false pos=0.000 stream_playing=false peak_db=-200.0 mix_rate=48000 latency=0.0880 @ http://localhost:8771/index.js:451
[  360626ms] [LOG] MON 1 playing=false pos=0.000 stream_playing=false peak_db=-200.0 mix_rate=48000 latency=0.0880 @ http://localhost:8771/index.js:451
[  360879ms] [LOG] MON 1 playing=false pos=0.000 stream_playing=false peak_db=-200.0 mix_rate=48000 latency=0.0880 @ http://localhost:8771/index.js:451
[  361127ms] [LOG] MON 1 playing=false pos=0.000 stream_playing=false peak_db=-200.0 mix_rate=48000 latency=0.0880 @ http://localhost:8771/index.js:451
[  361376ms] [LOG] MON 1 playing=false pos=0.000 stream_playing=false peak_db=-200.0 mix_rate=48000 latency=0.0880 @ http://localhost:8771/index.js:451
[  361626ms] [LOG] MON 1 playing=false pos=0.000 stream_playing=false peak_db=-200.0 mix_rate=48000 latency=0.0880 @ http://localhost:8771/index.js:451
[  361878ms] [LOG] MON 1 playing=false pos=0.000 stream_playing=false peak_db=-200.0 mix_rate=48000 latency=0.0880 @ http://localhost:8771/index.js:451
[  362127ms] [LOG] MON 1 playing=false pos=0.000 stream_playing=false peak_db=-200.0 mix_rate=48000 latency=0.0880 @ http://localhost:8771/index.js:451
[  362377ms] [LOG] MON 1 playing=false pos=0.000 stream_playing=false peak_db=-200.0 mix_rate=48000 latency=0.0880 @ http://localhost:8771/index.js:451
[  362628ms] [LOG] MON 1 playing=false pos=0.000 stream_playing=false peak_db=-200.0 mix_rate=48000 latency=0.0880 @ http://localhost:8771/index.js:451
[  362877ms] [LOG] MON 1 playing=false pos=0.000 stream_playing=false peak_db=-200.0 mix_rate=48000 latency=0.0880 @ http://localhost:8771/index.js:451
[  363130ms] [LOG] MON 1 playing=false pos=0.000 stream_playing=false peak_db=-200.0 mix_rate=48000 latency=0.0880 @ http://localhost:8771/index.js:451
[  363376ms] [LOG] MON 1 playing=false pos=0.000 stream_playing=false peak_db=-200.0 mix_rate=48000 latency=0.0880 @ http://localhost:8771/index.js:451
[  363627ms] [LOG] MON 1 playing=false pos=0.000 stream_playing=false peak_db=-200.0 mix_rate=48000 latency=0.0880 @ http://localhost:8771/index.js:451
[  363877ms] [LOG] MON 1 playing=false pos=0.000 stream_playing=false peak_db=-200.0 mix_rate=48000 latency=0.0880 @ http://localhost:8771/index.js:451
[  364127ms] [LOG] MON 1 playing=false pos=0.000 stream_playing=false peak_db=-200.0 mix_rate=48000 latency=0.0880 @ http://localhost:8771/index.js:451
[  364377ms] [LOG] MON 1 playing=false pos=0.000 stream_playing=false peak_db=-200.0 mix_rate=48000 latency=0.0880 @ http://localhost:8771/index.js:451
[  364628ms] [LOG] MON 1 playing=false pos=0.000 stream_playing=false peak_db=-200.0 mix_rate=48000 latency=0.0880 @ http://localhost:8771/index.js:451
[  364877ms] [LOG] MON 1 playing=false pos=0.000 stream_playing=false peak_db=-200.0 mix_rate=48000 latency=0.0880 @ http://localhost:8771/index.js:451
[  365126ms] [LOG] MON 1 playing=false pos=0.000 stream_playing=false peak_db=-200.0 mix_rate=48000 latency=0.0880 @ http://localhost:8771/index.js:451
[  365376ms] [LOG] MON 1 playing=false pos=0.000 stream_playing=false peak_db=-200.0 mix_rate=48000 latency=0.0880 @ http://localhost:8771/index.js:451
[  365626ms] [LOG] MON 1 playing=false pos=0.000 stream_playing=false peak_db=-200.0 mix_rate=48000 latency=0.0880 @ http://localhost:8771/index.js:451
[  365876ms] [LOG] MON 1 playing=false pos=0.000 stream_playing=false peak_db=-200.0 mix_rate=48000 latency=0.0880 @ http://localhost:8771/index.js:451
[  366127ms] [LOG] MON 1 playing=false pos=0.000 stream_playing=false peak_db=-200.0 mix_rate=48000 latency=0.0880 @ http://localhost:8771/index.js:451
[  366379ms] [LOG] MON 1 playing=false pos=0.000 stream_playing=false peak_db=-200.0 mix_rate=48000 latency=0.0880 @ http://localhost:8771/index.js:451
[  366627ms] [LOG] MON 1 playing=false pos=0.000 stream_playing=false peak_db=-200.0 mix_rate=48000 latency=0.0880 @ http://localhost:8771/index.js:451
[  366878ms] [LOG] MON 1 playing=false pos=0.000 stream_playing=false peak_db=-200.0 mix_rate=48000 latency=0.0880 @ http://localhost:8771/index.js:451
[  367129ms] [LOG] MON 1 playing=false pos=0.000 stream_playing=false peak_db=-200.0 mix_rate=48000 latency=0.0880 @ http://localhost:8771/index.js:451
[  367377ms] [LOG] MON 1 playing=false pos=0.000 stream_playing=false peak_db=-200.0 mix_rate=48000 latency=0.0880 @ http://localhost:8771/index.js:451
[  367627ms] [LOG] MON 1 playing=false pos=0.000 stream_playing=false peak_db=-200.0 mix_rate=48000 latency=0.0880 @ http://localhost:8771/index.js:451
[  367876ms] [LOG] MON 1 playing=false pos=0.000 stream_playing=false peak_db=-200.0 mix_rate=48000 latency=0.0880 @ http://localhost:8771/index.js:451
[  368127ms] [LOG] MON 1 playing=false pos=0.000 stream_playing=false peak_db=-200.0 mix_rate=48000 latency=0.0880 @ http://localhost:8771/index.js:451
[  368383ms] [LOG] MON 1 playing=false pos=0.000 stream_playing=false peak_db=-200.0 mix_rate=48000 latency=0.0880 @ http://localhost:8771/index.js:451
[  368627ms] [LOG] MON 1 playing=false pos=0.000 stream_playing=false peak_db=-200.0 mix_rate=48000 latency=0.0880 @ http://localhost:8771/index.js:451
[  368877ms] [LOG] MON 1 playing=false pos=0.000 stream_playing=false peak_db=-200.0 mix_rate=48000 latency=0.0880 @ http://localhost:8771/index.js:451
[  369126ms] [LOG] MON 1 playing=false pos=0.000 stream_playing=false peak_db=-200.0 mix_rate=48000 latency=0.0880 @ http://localhost:8771/index.js:451
[  369377ms] [LOG] MON 1 playing=false pos=0.000 stream_playing=false peak_db=-200.0 mix_rate=48000 latency=0.0880 @ http://localhost:8771/index.js:451
[  369626ms] [LOG] MON 1 playing=false pos=0.000 stream_playing=false peak_db=-200.0 mix_rate=48000 latency=0.0880 @ http://localhost:8771/index.js:451
[  369877ms] [LOG] MON 1 playing=false pos=0.000 stream_playing=false peak_db=-200.0 mix_rate=48000 latency=0.0880 @ http://localhost:8771/index.js:451
[  370126ms] [LOG] MON 1 playing=false pos=0.000 stream_playing=false peak_db=-200.0 mix_rate=48000 latency=0.0880 @ http://localhost:8771/index.js:451
[  370376ms] [LOG] MON 1 playing=false pos=0.000 stream_playing=false peak_db=-200.0 mix_rate=48000 latency=0.0880 @ http://localhost:8771/index.js:451
[  370627ms] [LOG] MON 1 playing=false pos=0.000 stream_playing=false peak_db=-200.0 mix_rate=48000 latency=0.0880 @ http://localhost:8771/index.js:451
[  370879ms] [LOG] MON 1 playing=false pos=0.000 stream_playing=false peak_db=-200.0 mix_rate=48000 latency=0.0880 @ http://localhost:8771/index.js:451
[  371126ms] [LOG] MON 1 playing=false pos=0.000 stream_playing=false peak_db=-200.0 mix_rate=48000 latency=0.0880 @ http://localhost:8771/index.js:451
[  371378ms] [LOG] MON 1 playing=false pos=0.000 stream_playing=false peak_db=-200.0 mix_rate=48000 latency=0.0880 @ http://localhost:8771/index.js:451
[  371629ms] [LOG] MON 1 playing=false pos=0.000 stream_playing=false peak_db=-200.0 mix_rate=48000 latency=0.0880 @ http://localhost:8771/index.js:451
[  371877ms] [LOG] MON 1 playing=false pos=0.000 stream_playing=false peak_db=-200.0 mix_rate=48000 latency=0.0880 @ http://localhost:8771/index.js:451
[  372128ms] [LOG] MON 1 playing=false pos=0.000 stream_playing=false peak_db=-200.0 mix_rate=48000 latency=0.0880 @ http://localhost:8771/index.js:451
[  372377ms] [LOG] MON 1 playing=false pos=0.000 stream_playing=false peak_db=-200.0 mix_rate=48000 latency=0.0880 @ http://localhost:8771/index.js:451
[  372627ms] [LOG] MON 1 playing=false pos=0.000 stream_playing=false peak_db=-200.0 mix_rate=48000 latency=0.0880 @ http://localhost:8771/index.js:451
[  372878ms] [LOG] MON 1 playing=false pos=0.000 stream_playing=false peak_db=-200.0 mix_rate=48000 latency=0.0880 @ http://localhost:8771/index.js:451
[  373128ms] [LOG] MON 1 playing=false pos=0.000 stream_playing=false peak_db=-200.0 mix_rate=48000 latency=0.0880 @ http://localhost:8771/index.js:451
[  373378ms] [LOG] MON 1 playing=false pos=0.000 stream_playing=false peak_db=-200.0 mix_rate=48000 latency=0.0880 @ http://localhost:8771/index.js:451
[  373626ms] [LOG] MON 1 playing=false pos=0.000 stream_playing=false peak_db=-200.0 mix_rate=48000 latency=0.0880 @ http://localhost:8771/index.js:451
[  373877ms] [LOG] MON 1 playing=false pos=0.000 stream_playing=false peak_db=-200.0 mix_rate=48000 latency=0.0880 @ http://localhost:8771/index.js:451
[  374126ms] [LOG] MON 1 playing=false pos=0.000 stream_playing=false peak_db=-200.0 mix_rate=48000 latency=0.0880 @ http://localhost:8771/index.js:451
[  374377ms] [LOG] MON 1 playing=false pos=0.000 stream_playing=false peak_db=-200.0 mix_rate=48000 latency=0.0880 @ http://localhost:8771/index.js:451
[  374627ms] [LOG] MON 1 playing=false pos=0.000 stream_playing=false peak_db=-200.0 mix_rate=48000 latency=0.0880 @ http://localhost:8771/index.js:451
[  374878ms] [LOG] MON 1 playing=false pos=0.000 stream_playing=false peak_db=-200.0 mix_rate=48000 latency=0.0880 @ http://localhost:8771/index.js:451
[  375126ms] [LOG] MON 1 playing=false pos=0.000 stream_playing=false peak_db=-200.0 mix_rate=48000 latency=0.0880 @ http://localhost:8771/index.js:451
[  375377ms] [LOG] MON 1 playing=false pos=0.000 stream_playing=false peak_db=-200.0 mix_rate=48000 latency=0.0880 @ http://localhost:8771/index.js:451
[  375627ms] [LOG] MON 1 playing=false pos=0.000 stream_playing=false peak_db=-200.0 mix_rate=48000 latency=0.0880 @ http://localhost:8771/index.js:451
[  375877ms] [LOG] MON 1 playing=false pos=0.000 stream_playing=false peak_db=-200.0 mix_rate=48000 latency=0.0880 @ http://localhost:8771/index.js:451
[  376129ms] [LOG] MON 1 playing=false pos=0.000 stream_playing=false peak_db=-200.0 mix_rate=48000 latency=0.0880 @ http://localhost:8771/index.js:451
[  376377ms] [LOG] MON 1 playing=false pos=0.000 stream_playing=false peak_db=-200.0 mix_rate=48000 latency=0.0880 @ http://localhost:8771/index.js:451
[  376629ms] [LOG] MON 1 playing=false pos=0.000 stream_playing=false peak_db=-200.0 mix_rate=48000 latency=0.0880 @ http://localhost:8771/index.js:451
[  376878ms] [LOG] MON 1 playing=false pos=0.000 stream_playing=false peak_db=-200.0 mix_rate=48000 latency=0.0880 @ http://localhost:8771/index.js:451
[  377144ms] [LOG] MON 1 playing=false pos=0.000 stream_playing=false peak_db=-200.0 mix_rate=48000 latency=0.0880 @ http://localhost:8771/index.js:451
[  377395ms] [LOG] MON 1 playing=false pos=0.000 stream_playing=false peak_db=-200.0 mix_rate=48000 latency=0.0880 @ http://localhost:8771/index.js:451
[  377645ms] [LOG] MON 1 playing=false pos=0.000 stream_playing=false peak_db=-200.0 mix_rate=48000 latency=0.0880 @ http://localhost:8771/index.js:451
[  377895ms] [LOG] MON 1 playing=false pos=0.000 stream_playing=false peak_db=-200.0 mix_rate=48000 latency=0.0880 @ http://localhost:8771/index.js:451
[  378144ms] [LOG] MON 1 playing=false pos=0.000 stream_playing=false peak_db=-200.0 mix_rate=48000 latency=0.0880 @ http://localhost:8771/index.js:451
[  378394ms] [LOG] MON 1 playing=false pos=0.000 stream_playing=false peak_db=-200.0 mix_rate=48000 latency=0.0880 @ http://localhost:8771/index.js:451
[  378644ms] [LOG] MON 1 playing=false pos=0.000 stream_playing=false peak_db=-200.0 mix_rate=48000 latency=0.0880 @ http://localhost:8771/index.js:451
[  378894ms] [LOG] MON 1 playing=false pos=0.000 stream_playing=false peak_db=-200.0 mix_rate=48000 latency=0.0880 @ http://localhost:8771/index.js:451
[  379143ms] [LOG] MON 1 playing=false pos=0.000 stream_playing=false peak_db=-200.0 mix_rate=48000 latency=0.0880 @ http://localhost:8771/index.js:451
[  379394ms] [LOG] MON 1 playing=false pos=0.000 stream_playing=false peak_db=-200.0 mix_rate=48000 latency=0.0880 @ http://localhost:8771/index.js:451
[  379643ms] [LOG] MON 1 playing=false pos=0.000 stream_playing=false peak_db=-200.0 mix_rate=48000 latency=0.0880 @ http://localhost:8771/index.js:451
[  379876ms] [LOG] MON 1 playing=false pos=0.000 stream_playing=false peak_db=-200.0 mix_rate=48000 latency=0.0880 @ http://localhost:8771/index.js:451
[  380128ms] [LOG] MON 1 playing=false pos=0.000 stream_playing=false peak_db=-200.0 mix_rate=48000 latency=0.0880 @ http://localhost:8771/index.js:451
[  380377ms] [LOG] MON 1 playing=false pos=0.000 stream_playing=false peak_db=-200.0 mix_rate=48000 latency=0.0880 @ http://localhost:8771/index.js:451
[  380633ms] [LOG] MON 1 playing=false pos=0.000 stream_playing=false peak_db=-200.0 mix_rate=48000 latency=0.0880 @ http://localhost:8771/index.js:451
[  380878ms] [LOG] MON 1 playing=false pos=0.000 stream_playing=false peak_db=-200.0 mix_rate=48000 latency=0.0880 @ http://localhost:8771/index.js:451
[  381126ms] [LOG] MON 1 playing=false pos=0.000 stream_playing=false peak_db=-200.0 mix_rate=48000 latency=0.0880 @ http://localhost:8771/index.js:451
[  381377ms] [LOG] MON 1 playing=false pos=0.000 stream_playing=false peak_db=-200.0 mix_rate=48000 latency=0.0880 @ http://localhost:8771/index.js:451
[  381627ms] [LOG] MON 1 playing=false pos=0.000 stream_playing=false peak_db=-200.0 mix_rate=48000 latency=0.0880 @ http://localhost:8771/index.js:451
[  381876ms] [LOG] MON 1 playing=false pos=0.000 stream_playing=false peak_db=-200.0 mix_rate=48000 latency=0.0880 @ http://localhost:8771/index.js:451
[  382127ms] [LOG] MON 1 playing=false pos=0.000 stream_playing=false peak_db=-200.0 mix_rate=48000 latency=0.0880 @ http://localhost:8771/index.js:451
[  382377ms] [LOG] MON 1 playing=false pos=0.000 stream_playing=false peak_db=-200.0 mix_rate=48000 latency=0.0880 @ http://localhost:8771/index.js:451
[  382628ms] [LOG] MON 1 playing=false pos=0.000 stream_playing=false peak_db=-200.0 mix_rate=48000 latency=0.0880 @ http://localhost:8771/index.js:451
[  382878ms] [LOG] MON 1 playing=false pos=0.000 stream_playing=false peak_db=-200.0 mix_rate=48000 latency=0.0880 @ http://localhost:8771/index.js:451
[  383131ms] [LOG] MON 1 playing=false pos=0.000 stream_playing=false peak_db=-200.0 mix_rate=48000 latency=0.0880 @ http://localhost:8771/index.js:451
[  383378ms] [LOG] MON 1 playing=false pos=0.000 stream_playing=false peak_db=-200.0 mix_rate=48000 latency=0.0880 @ http://localhost:8771/index.js:451
[  383626ms] [LOG] MON 1 playing=false pos=0.000 stream_playing=false peak_db=-200.0 mix_rate=48000 latency=0.0880 @ http://localhost:8771/index.js:451
[  383876ms] [LOG] MON 1 playing=false pos=0.000 stream_playing=false peak_db=-200.0 mix_rate=48000 latency=0.0880 @ http://localhost:8771/index.js:451
[  384126ms] [LOG] MON 1 playing=false pos=0.000 stream_playing=false peak_db=-200.0 mix_rate=48000 latency=0.0880 @ http://localhost:8771/index.js:451
[  384376ms] [LOG] MON 1 playing=false pos=0.000 stream_playing=false peak_db=-200.0 mix_rate=48000 latency=0.0880 @ http://localhost:8771/index.js:451
[  384627ms] [LOG] MON 1 playing=false pos=0.000 stream_playing=false peak_db=-200.0 mix_rate=48000 latency=0.0880 @ http://localhost:8771/index.js:451
[  384876ms] [LOG] MON 1 playing=false pos=0.000 stream_playing=false peak_db=-200.0 mix_rate=48000 latency=0.0880 @ http://localhost:8771/index.js:451
[  385127ms] [LOG] MON 1 playing=false pos=0.000 stream_playing=false peak_db=-200.0 mix_rate=48000 latency=0.0880 @ http://localhost:8771/index.js:451
[  385377ms] [LOG] MON 1 playing=false pos=0.000 stream_playing=false peak_db=-200.0 mix_rate=48000 latency=0.0880 @ http://localhost:8771/index.js:451
[  385627ms] [LOG] MON 1 playing=false pos=0.000 stream_playing=false peak_db=-200.0 mix_rate=48000 latency=0.0880 @ http://localhost:8771/index.js:451
[  385876ms] [LOG] MON 1 playing=false pos=0.000 stream_playing=false peak_db=-200.0 mix_rate=48000 latency=0.0880 @ http://localhost:8771/index.js:451
[  386127ms] [LOG] MON 1 playing=false pos=0.000 stream_playing=false peak_db=-200.0 mix_rate=48000 latency=0.0880 @ http://localhost:8771/index.js:451
[  386377ms] [LOG] MON 1 playing=false pos=0.000 stream_playing=false peak_db=-200.0 mix_rate=48000 latency=0.0880 @ http://localhost:8771/index.js:451
[  386628ms] [LOG] MON 1 playing=false pos=0.000 stream_playing=false peak_db=-200.0 mix_rate=48000 latency=0.0880 @ http://localhost:8771/index.js:451
[  386877ms] [LOG] MON 1 playing=false pos=0.000 stream_playing=false peak_db=-200.0 mix_rate=48000 latency=0.0880 @ http://localhost:8771/index.js:451
[  387129ms] [LOG] MON 1 playing=false pos=0.000 stream_playing=false peak_db=-200.0 mix_rate=48000 latency=0.0880 @ http://localhost:8771/index.js:451
[  387377ms] [LOG] MON 1 playing=false pos=0.000 stream_playing=false peak_db=-200.0 mix_rate=48000 latency=0.0880 @ http://localhost:8771/index.js:451
[  387627ms] [LOG] MON 1 playing=false pos=0.000 stream_playing=false peak_db=-200.0 mix_rate=48000 latency=0.0880 @ http://localhost:8771/index.js:451
[  387877ms] [LOG] MON 1 playing=false pos=0.000 stream_playing=false peak_db=-200.0 mix_rate=48000 latency=0.0880 @ http://localhost:8771/index.js:451
[  388127ms] [LOG] MON 1 playing=false pos=0.000 stream_playing=false peak_db=-200.0 mix_rate=48000 latency=0.0880 @ http://localhost:8771/index.js:451
[  388378ms] [LOG] MON 1 playing=false pos=0.000 stream_playing=false peak_db=-200.0 mix_rate=48000 latency=0.0880 @ http://localhost:8771/index.js:451
[  388629ms] [LOG] MON 1 playing=false pos=0.000 stream_playing=false peak_db=-200.0 mix_rate=48000 latency=0.0880 @ http://localhost:8771/index.js:451
[  388877ms] [LOG] MON 1 playing=false pos=0.000 stream_playing=false peak_db=-200.0 mix_rate=48000 latency=0.0880 @ http://localhost:8771/index.js:451
[  389127ms] [LOG] MON 1 playing=false pos=0.000 stream_playing=false peak_db=-200.0 mix_rate=48000 latency=0.0880 @ http://localhost:8771/index.js:451
[  389382ms] [LOG] MON 1 playing=false pos=0.000 stream_playing=false peak_db=-200.0 mix_rate=48000 latency=0.0880 @ http://localhost:8771/index.js:451
[  389629ms] [LOG] MON 1 playing=false pos=0.000 stream_playing=false peak_db=-200.0 mix_rate=48000 latency=0.0880 @ http://localhost:8771/index.js:451
[  389877ms] [LOG] MON 1 playing=false pos=0.000 stream_playing=false peak_db=-200.0 mix_rate=48000 latency=0.0880 @ http://localhost:8771/index.js:451
[  390127ms] [LOG] MON 1 playing=false pos=0.000 stream_playing=false peak_db=-200.0 mix_rate=48000 latency=0.0880 @ http://localhost:8771/index.js:451
[  390376ms] [LOG] MON 1 playing=false pos=0.000 stream_playing=false peak_db=-200.0 mix_rate=48000 latency=0.0880 @ http://localhost:8771/index.js:451
[  390627ms] [LOG] MON 1 playing=false pos=0.000 stream_playing=false peak_db=-200.0 mix_rate=48000 latency=0.0880 @ http://localhost:8771/index.js:451
[  390875ms] [LOG] MON 1 playing=false pos=0.000 stream_playing=false peak_db=-200.0 mix_rate=48000 latency=0.0880 @ http://localhost:8771/index.js:451
[  391127ms] [LOG] MON 1 playing=false pos=0.000 stream_playing=false peak_db=-200.0 mix_rate=48000 latency=0.0880 @ http://localhost:8771/index.js:451
[  391376ms] [LOG] MON 1 playing=false pos=0.000 stream_playing=false peak_db=-200.0 mix_rate=48000 latency=0.0880 @ http://localhost:8771/index.js:451
[  391628ms] [LOG] MON 1 playing=false pos=0.000 stream_playing=false peak_db=-200.0 mix_rate=48000 latency=0.0800 @ http://localhost:8771/index.js:451
[  391877ms] [LOG] MON 1 playing=false pos=0.000 stream_playing=false peak_db=-200.0 mix_rate=48000 latency=0.0800 @ http://localhost:8771/index.js:451
[  392127ms] [LOG] MON 1 playing=false pos=0.000 stream_playing=false peak_db=-200.0 mix_rate=48000 latency=0.0800 @ http://localhost:8771/index.js:451
[  392377ms] [LOG] MON 1 playing=false pos=0.000 stream_playing=false peak_db=-200.0 mix_rate=48000 latency=0.0800 @ http://localhost:8771/index.js:451
[  392626ms] [LOG] MON 1 playing=false pos=0.000 stream_playing=false peak_db=-200.0 mix_rate=48000 latency=0.0880 @ http://localhost:8771/index.js:451
[  392879ms] [LOG] MON 1 playing=false pos=0.000 stream_playing=false peak_db=-200.0 mix_rate=48000 latency=0.0880 @ http://localhost:8771/index.js:451
[  393127ms] [LOG] MON 1 playing=false pos=0.000 stream_playing=false peak_db=-200.0 mix_rate=48000 latency=0.0880 @ http://localhost:8771/index.js:451
[  393377ms] [LOG] MON 1 playing=false pos=0.000 stream_playing=false peak_db=-200.0 mix_rate=48000 latency=0.0880 @ http://localhost:8771/index.js:451
[  393627ms] [LOG] MON 1 playing=false pos=0.000 stream_playing=false peak_db=-200.0 mix_rate=48000 latency=0.0880 @ http://localhost:8771/index.js:451
[  393877ms] [LOG] MON 1 playing=false pos=0.000 stream_playing=false peak_db=-200.0 mix_rate=48000 latency=0.0880 @ http://localhost:8771/index.js:451
[  394128ms] [LOG] MON 1 playing=false pos=0.000 stream_playing=false peak_db=-200.0 mix_rate=48000 latency=0.0880 @ http://localhost:8771/index.js:451
[  394377ms] [LOG] MON 1 playing=false pos=0.000 stream_playing=false peak_db=-200.0 mix_rate=48000 latency=0.0880 @ http://localhost:8771/index.js:451
[  394630ms] [LOG] MON 1 playing=false pos=0.000 stream_playing=false peak_db=-200.0 mix_rate=48000 latency=0.0880 @ http://localhost:8771/index.js:451
[  394878ms] [LOG] MON 1 playing=false pos=0.000 stream_playing=false peak_db=-200.0 mix_rate=48000 latency=0.0880 @ http://localhost:8771/index.js:451
[  395126ms] [LOG] MON 1 playing=false pos=0.000 stream_playing=false peak_db=-200.0 mix_rate=48000 latency=0.0880 @ http://localhost:8771/index.js:451
[  395376ms] [LOG] MON 1 playing=false pos=0.000 stream_playing=false peak_db=-200.0 mix_rate=48000 latency=0.0880 @ http://localhost:8771/index.js:451
[  395628ms] [LOG] MON 1 playing=false pos=0.000 stream_playing=false peak_db=-200.0 mix_rate=48000 latency=0.0880 @ http://localhost:8771/index.js:451
[  395878ms] [LOG] MON 1 playing=false pos=0.000 stream_playing=false peak_db=-200.0 mix_rate=48000 latency=0.0880 @ http://localhost:8771/index.js:451
[  396128ms] [LOG] MON 1 playing=false pos=0.000 stream_playing=false peak_db=-200.0 mix_rate=48000 latency=0.0880 @ http://localhost:8771/index.js:451
[  396376ms] [LOG] MON 1 playing=false pos=0.000 stream_playing=false peak_db=-200.0 mix_rate=48000 latency=0.0880 @ http://localhost:8771/index.js:451
[  396627ms] [LOG] MON 1 playing=false pos=0.000 stream_playing=false peak_db=-200.0 mix_rate=48000 latency=0.0880 @ http://localhost:8771/index.js:451
[  396876ms] [LOG] MON 1 playing=false pos=0.000 stream_playing=false peak_db=-200.0 mix_rate=48000 latency=0.0880 @ http://localhost:8771/index.js:451
[  397127ms] [LOG] MON 1 playing=false pos=0.000 stream_playing=false peak_db=-200.0 mix_rate=48000 latency=0.0880 @ http://localhost:8771/index.js:451
[  397377ms] [LOG] MON 1 playing=false pos=0.000 stream_playing=false peak_db=-200.0 mix_rate=48000 latency=0.0880 @ http://localhost:8771/index.js:451
[  397626ms] [LOG] MON 1 playing=false pos=0.000 stream_playing=false peak_db=-200.0 mix_rate=48000 latency=0.0880 @ http://localhost:8771/index.js:451
[  397877ms] [LOG] MON 1 playing=false pos=0.000 stream_playing=false peak_db=-200.0 mix_rate=48000 latency=0.0880 @ http://localhost:8771/index.js:451
[  398127ms] [LOG] MON 1 playing=false pos=0.000 stream_playing=false peak_db=-200.0 mix_rate=48000 latency=0.0880 @ http://localhost:8771/index.js:451
[  398377ms] [LOG] MON 1 playing=false pos=0.000 stream_playing=false peak_db=-200.0 mix_rate=48000 latency=0.0880 @ http://localhost:8771/index.js:451
[  398629ms] [LOG] MON 1 playing=false pos=0.000 stream_playing=false peak_db=-200.0 mix_rate=48000 latency=0.0880 @ http://localhost:8771/index.js:451
[  398878ms] [LOG] MON 1 playing=false pos=0.000 stream_playing=false peak_db=-200.0 mix_rate=48000 latency=0.0880 @ http://localhost:8771/index.js:451
[  399127ms] [LOG] MON 1 playing=false pos=0.000 stream_playing=false peak_db=-200.0 mix_rate=48000 latency=0.0880 @ http://localhost:8771/index.js:451
[  399376ms] [LOG] MON 1 playing=false pos=0.000 stream_playing=false peak_db=-200.0 mix_rate=48000 latency=0.0880 @ http://localhost:8771/index.js:451
[  399628ms] [LOG] MON 1 playing=false pos=0.000 stream_playing=false peak_db=-200.0 mix_rate=48000 latency=0.0880 @ http://localhost:8771/index.js:451
[  399878ms] [LOG] MON 1 playing=false pos=0.000 stream_playing=false peak_db=-200.0 mix_rate=48000 latency=0.0880 @ http://localhost:8771/index.js:451
[  400127ms] [LOG] MON 1 playing=false pos=0.000 stream_playing=false peak_db=-200.0 mix_rate=48000 latency=0.0880 @ http://localhost:8771/index.js:451
[  400379ms] [LOG] MON 1 playing=false pos=0.000 stream_playing=false peak_db=-200.0 mix_rate=48000 latency=0.0880 @ http://localhost:8771/index.js:451
[  400628ms] [LOG] MON 1 playing=false pos=0.000 stream_playing=false peak_db=-200.0 mix_rate=48000 latency=0.0880 @ http://localhost:8771/index.js:451
[  400878ms] [LOG] MON 1 playing=false pos=0.000 stream_playing=false peak_db=-200.0 mix_rate=48000 latency=0.0880 @ http://localhost:8771/index.js:451
[  401127ms] [LOG] MON 1 playing=false pos=0.000 stream_playing=false peak_db=-200.0 mix_rate=48000 latency=0.0880 @ http://localhost:8771/index.js:451
[  401383ms] [LOG] MON 1 playing=false pos=0.000 stream_playing=false peak_db=-200.0 mix_rate=48000 latency=0.0880 @ http://localhost:8771/index.js:451
[  401627ms] [LOG] MON 1 playing=false pos=0.000 stream_playing=false peak_db=-200.0 mix_rate=48000 latency=0.0880 @ http://localhost:8771/index.js:451
[  401877ms] [LOG] MON 1 playing=false pos=0.000 stream_playing=false peak_db=-200.0 mix_rate=48000 latency=0.0880 @ http://localhost:8771/index.js:451
[  402127ms] [LOG] MON 1 playing=false pos=0.000 stream_playing=false peak_db=-200.0 mix_rate=48000 latency=0.0880 @ http://localhost:8771/index.js:451
[  402378ms] [LOG] MON 1 playing=false pos=0.000 stream_playing=false peak_db=-200.0 mix_rate=48000 latency=0.0880 @ http://localhost:8771/index.js:451
[  402626ms] [LOG] MON 1 playing=false pos=0.000 stream_playing=false peak_db=-200.0 mix_rate=48000 latency=0.0880 @ http://localhost:8771/index.js:451
[  402877ms] [LOG] MON 1 playing=false pos=0.000 stream_playing=false peak_db=-200.0 mix_rate=48000 latency=0.0880 @ http://localhost:8771/index.js:451
[  403127ms] [LOG] MON 1 playing=false pos=0.000 stream_playing=false peak_db=-200.0 mix_rate=48000 latency=0.0880 @ http://localhost:8771/index.js:451
[  403377ms] [LOG] MON 1 playing=false pos=0.000 stream_playing=false peak_db=-200.0 mix_rate=48000 latency=0.0880 @ http://localhost:8771/index.js:451
[  403627ms] [LOG] MON 1 playing=false pos=0.000 stream_playing=false peak_db=-200.0 mix_rate=48000 latency=0.0880 @ http://localhost:8771/index.js:451
[  403879ms] [LOG] MON 1 playing=false pos=0.000 stream_playing=false peak_db=-200.0 mix_rate=48000 latency=0.0880 @ http://localhost:8771/index.js:451
[  404128ms] [LOG] MON 1 playing=false pos=0.000 stream_playing=false peak_db=-200.0 mix_rate=48000 latency=0.0880 @ http://localhost:8771/index.js:451
[  404376ms] [LOG] MON 1 playing=false pos=0.000 stream_playing=false peak_db=-200.0 mix_rate=48000 latency=0.0880 @ http://localhost:8771/index.js:451
[  404627ms] [LOG] MON 1 playing=false pos=0.000 stream_playing=false peak_db=-200.0 mix_rate=48000 latency=0.0880 @ http://localhost:8771/index.js:451
[  404878ms] [LOG] MON 1 playing=false pos=0.000 stream_playing=false peak_db=-200.0 mix_rate=48000 latency=0.0880 @ http://localhost:8771/index.js:451
[  405127ms] [LOG] MON 1 playing=false pos=0.000 stream_playing=false peak_db=-200.0 mix_rate=48000 latency=0.0880 @ http://localhost:8771/index.js:451
[  405377ms] [LOG] MON 1 playing=false pos=0.000 stream_playing=false peak_db=-200.0 mix_rate=48000 latency=0.0880 @ http://localhost:8771/index.js:451
[  405628ms] [LOG] MON 1 playing=false pos=0.000 stream_playing=false peak_db=-200.0 mix_rate=48000 latency=0.0880 @ http://localhost:8771/index.js:451
[  405877ms] [LOG] MON 1 playing=false pos=0.000 stream_playing=false peak_db=-200.0 mix_rate=48000 latency=0.0880 @ http://localhost:8771/index.js:451
[  406127ms] [LOG] MON 1 playing=false pos=0.000 stream_playing=false peak_db=-200.0 mix_rate=48000 latency=0.0880 @ http://localhost:8771/index.js:451
[  406377ms] [LOG] MON 1 playing=false pos=0.000 stream_playing=false peak_db=-200.0 mix_rate=48000 latency=0.0880 @ http://localhost:8771/index.js:451
[  406628ms] [LOG] MON 1 playing=false pos=0.000 stream_playing=false peak_db=-200.0 mix_rate=48000 latency=0.0880 @ http://localhost:8771/index.js:451
[  406877ms] [LOG] MON 1 playing=false pos=0.000 stream_playing=false peak_db=-200.0 mix_rate=48000 latency=0.0880 @ http://localhost:8771/index.js:451
[  407126ms] [LOG] MON 1 playing=false pos=0.000 stream_playing=false peak_db=-200.0 mix_rate=48000 latency=0.0880 @ http://localhost:8771/index.js:451
[  407378ms] [LOG] MON 1 playing=false pos=0.000 stream_playing=false peak_db=-200.0 mix_rate=48000 latency=0.0880 @ http://localhost:8771/index.js:451
[  407628ms] [LOG] MON 1 playing=false pos=0.000 stream_playing=false peak_db=-200.0 mix_rate=48000 latency=0.0880 @ http://localhost:8771/index.js:451
[  407877ms] [LOG] MON 1 playing=false pos=0.000 stream_playing=false peak_db=-200.0 mix_rate=48000 latency=0.0880 @ http://localhost:8771/index.js:451
[  408126ms] [LOG] MON 1 playing=false pos=0.000 stream_playing=false peak_db=-200.0 mix_rate=48000 latency=0.0880 @ http://localhost:8771/index.js:451
[  408378ms] [LOG] MON 1 playing=false pos=0.000 stream_playing=false peak_db=-200.0 mix_rate=48000 latency=0.0880 @ http://localhost:8771/index.js:451
[  408628ms] [LOG] MON 1 playing=false pos=0.000 stream_playing=false peak_db=-200.0 mix_rate=48000 latency=0.0880 @ http://localhost:8771/index.js:451
[  408878ms] [LOG] MON 1 playing=false pos=0.000 stream_playing=false peak_db=-200.0 mix_rate=48000 latency=0.0880 @ http://localhost:8771/index.js:451
[  409130ms] [LOG] MON 1 playing=false pos=0.000 stream_playing=false peak_db=-200.0 mix_rate=48000 latency=0.0880 @ http://localhost:8771/index.js:451
[  409377ms] [LOG] MON 1 playing=false pos=0.000 stream_playing=false peak_db=-200.0 mix_rate=48000 latency=0.0880 @ http://localhost:8771/index.js:451
[  409627ms] [LOG] MON 1 playing=false pos=0.000 stream_playing=false peak_db=-200.0 mix_rate=48000 latency=0.0880 @ http://localhost:8771/index.js:451
[  409881ms] [LOG] MON 1 playing=false pos=0.000 stream_playing=false peak_db=-200.0 mix_rate=48000 latency=0.0880 @ http://localhost:8771/index.js:451
[  410127ms] [LOG] MON 1 playing=false pos=0.000 stream_playing=false peak_db=-200.0 mix_rate=48000 latency=0.0880 @ http://localhost:8771/index.js:451
[  410377ms] [LOG] MON 1 playing=false pos=0.000 stream_playing=false peak_db=-200.0 mix_rate=48000 latency=0.0880 @ http://localhost:8771/index.js:451
[  410628ms] [LOG] MON 1 playing=false pos=0.000 stream_playing=false peak_db=-200.0 mix_rate=48000 latency=0.0880 @ http://localhost:8771/index.js:451
[  410879ms] [LOG] MON 1 playing=false pos=0.000 stream_playing=false peak_db=-200.0 mix_rate=48000 latency=0.0880 @ http://localhost:8771/index.js:451
[  411127ms] [LOG] MON 1 playing=false pos=0.000 stream_playing=false peak_db=-200.0 mix_rate=48000 latency=0.0880 @ http://localhost:8771/index.js:451
[  411377ms] [LOG] MON 1 playing=false pos=0.000 stream_playing=false peak_db=-200.0 mix_rate=48000 latency=0.0880 @ http://localhost:8771/index.js:451
[  411627ms] [LOG] MON 1 playing=false pos=0.000 stream_playing=false peak_db=-200.0 mix_rate=48000 latency=0.0880 @ http://localhost:8771/index.js:451
[  411877ms] [LOG] MON 1 playing=false pos=0.000 stream_playing=false peak_db=-200.0 mix_rate=48000 latency=0.0880 @ http://localhost:8771/index.js:451
[  412127ms] [LOG] MON 1 playing=false pos=0.000 stream_playing=false peak_db=-200.0 mix_rate=48000 latency=0.0880 @ http://localhost:8771/index.js:451
[  412378ms] [LOG] MON 1 playing=false pos=0.000 stream_playing=false peak_db=-200.0 mix_rate=48000 latency=0.0880 @ http://localhost:8771/index.js:451
[  412626ms] [LOG] MON 1 playing=false pos=0.000 stream_playing=false peak_db=-200.0 mix_rate=48000 latency=0.0880 @ http://localhost:8771/index.js:451
[  412878ms] [LOG] MON 1 playing=false pos=0.000 stream_playing=false peak_db=-200.0 mix_rate=48000 latency=0.0880 @ http://localhost:8771/index.js:451
[  413129ms] [LOG] MON 1 playing=false pos=0.000 stream_playing=false peak_db=-200.0 mix_rate=48000 latency=0.0880 @ http://localhost:8771/index.js:451
[  413377ms] [LOG] MON 1 playing=false pos=0.000 stream_playing=false peak_db=-200.0 mix_rate=48000 latency=0.0880 @ http://localhost:8771/index.js:451
[  413626ms] [LOG] MON 1 playing=false pos=0.000 stream_playing=false peak_db=-200.0 mix_rate=48000 latency=0.0880 @ http://localhost:8771/index.js:451
[  413876ms] [LOG] MON 1 playing=false pos=0.000 stream_playing=false peak_db=-200.0 mix_rate=48000 latency=0.0880 @ http://localhost:8771/index.js:451
[  414126ms] [LOG] MON 1 playing=false pos=0.000 stream_playing=false peak_db=-200.0 mix_rate=48000 latency=0.0880 @ http://localhost:8771/index.js:451
[  414377ms] [LOG] MON 1 playing=false pos=0.000 stream_playing=false peak_db=-200.0 mix_rate=48000 latency=0.0880 @ http://localhost:8771/index.js:451
[  414628ms] [LOG] MON 1 playing=false pos=0.000 stream_playing=false peak_db=-200.0 mix_rate=48000 latency=0.0880 @ http://localhost:8771/index.js:451
[  414879ms] [LOG] MON 1 playing=false pos=0.000 stream_playing=false peak_db=-200.0 mix_rate=48000 latency=0.0880 @ http://localhost:8771/index.js:451
[  415126ms] [LOG] MON 1 playing=false pos=0.000 stream_playing=false peak_db=-200.0 mix_rate=48000 latency=0.0880 @ http://localhost:8771/index.js:451
[  415380ms] [LOG] MON 1 playing=false pos=0.000 stream_playing=false peak_db=-200.0 mix_rate=48000 latency=0.0880 @ http://localhost:8771/index.js:451
[  415626ms] [LOG] MON 1 playing=false pos=0.000 stream_playing=false peak_db=-200.0 mix_rate=48000 latency=0.0880 @ http://localhost:8771/index.js:451
[  415877ms] [LOG] MON 1 playing=false pos=0.000 stream_playing=false peak_db=-200.0 mix_rate=48000 latency=0.0880 @ http://localhost:8771/index.js:451
[  416127ms] [LOG] MON 1 playing=false pos=0.000 stream_playing=false peak_db=-200.0 mix_rate=48000 latency=0.0880 @ http://localhost:8771/index.js:451
[  416377ms] [LOG] MON 1 playing=false pos=0.000 stream_playing=false peak_db=-200.0 mix_rate=48000 latency=0.0880 @ http://localhost:8771/index.js:451
[  416627ms] [LOG] MON 1 playing=false pos=0.000 stream_playing=false peak_db=-200.0 mix_rate=48000 latency=0.0880 @ http://localhost:8771/index.js:451
[  416877ms] [LOG] MON 1 playing=false pos=0.000 stream_playing=false peak_db=-200.0 mix_rate=48000 latency=0.0880 @ http://localhost:8771/index.js:451
[  417127ms] [LOG] MON 1 playing=false pos=0.000 stream_playing=false peak_db=-200.0 mix_rate=48000 latency=0.0880 @ http://localhost:8771/index.js:451
[  417377ms] [LOG] MON 1 playing=false pos=0.000 stream_playing=false peak_db=-200.0 mix_rate=48000 latency=0.0880 @ http://localhost:8771/index.js:451
[  417625ms] [LOG] MON 1 playing=false pos=0.000 stream_playing=false peak_db=-200.0 mix_rate=48000 latency=0.0880 @ http://localhost:8771/index.js:451
[  417877ms] [LOG] MON 1 playing=false pos=0.000 stream_playing=false peak_db=-200.0 mix_rate=48000 latency=0.0880 @ http://localhost:8771/index.js:451
[  418128ms] [LOG] MON 1 playing=false pos=0.000 stream_playing=false peak_db=-200.0 mix_rate=48000 latency=0.0880 @ http://localhost:8771/index.js:451
[  418378ms] [LOG] MON 1 playing=false pos=0.000 stream_playing=false peak_db=-200.0 mix_rate=48000 latency=0.0880 @ http://localhost:8771/index.js:451
[  418628ms] [LOG] MON 1 playing=false pos=0.000 stream_playing=false peak_db=-200.0 mix_rate=48000 latency=0.0880 @ http://localhost:8771/index.js:451
[  418876ms] [LOG] MON 1 playing=false pos=0.000 stream_playing=false peak_db=-200.0 mix_rate=48000 latency=0.0880 @ http://localhost:8771/index.js:451
[  419128ms] [LOG] MON 1 playing=false pos=0.000 stream_playing=false peak_db=-200.0 mix_rate=48000 latency=0.0880 @ http://localhost:8771/index.js:451
[  419378ms] [LOG] MON 1 playing=false pos=0.000 stream_playing=false peak_db=-200.0 mix_rate=48000 latency=0.0880 @ http://localhost:8771/index.js:451
[  419627ms] [LOG] MON 1 playing=false pos=0.000 stream_playing=false peak_db=-200.0 mix_rate=48000 latency=0.0880 @ http://localhost:8771/index.js:451
[  419878ms] [LOG] MON 1 playing=false pos=0.000 stream_playing=false peak_db=-200.0 mix_rate=48000 latency=0.0880 @ http://localhost:8771/index.js:451
[  420126ms] [LOG] MON 1 playing=false pos=0.000 stream_playing=false peak_db=-200.0 mix_rate=48000 latency=0.0880 @ http://localhost:8771/index.js:451
[  420379ms] [LOG] MON 1 playing=false pos=0.000 stream_playing=false peak_db=-200.0 mix_rate=48000 latency=0.0880 @ http://localhost:8771/index.js:451
[  420627ms] [LOG] MON 1 playing=false pos=0.000 stream_playing=false peak_db=-200.0 mix_rate=48000 latency=0.0880 @ http://localhost:8771/index.js:451
[  420876ms] [LOG] MON 1 playing=false pos=0.000 stream_playing=false peak_db=-200.0 mix_rate=48000 latency=0.0880 @ http://localhost:8771/index.js:451
[  421127ms] [LOG] MON 1 playing=false pos=0.000 stream_playing=false peak_db=-200.0 mix_rate=48000 latency=0.0880 @ http://localhost:8771/index.js:451
[  421376ms] [LOG] MON 1 playing=false pos=0.000 stream_playing=false peak_db=-200.0 mix_rate=48000 latency=0.0880 @ http://localhost:8771/index.js:451
[  421628ms] [LOG] MON 1 playing=false pos=0.000 stream_playing=false peak_db=-200.0 mix_rate=48000 latency=0.0880 @ http://localhost:8771/index.js:451
[  421877ms] [LOG] MON 1 playing=false pos=0.000 stream_playing=false peak_db=-200.0 mix_rate=48000 latency=0.0880 @ http://localhost:8771/index.js:451
[  422128ms] [LOG] MON 1 playing=false pos=0.000 stream_playing=false peak_db=-200.0 mix_rate=48000 latency=0.0880 @ http://localhost:8771/index.js:451
[  422378ms] [LOG] MON 1 playing=false pos=0.000 stream_playing=false peak_db=-200.0 mix_rate=48000 latency=0.0880 @ http://localhost:8771/index.js:451
[  422627ms] [LOG] MON 1 playing=false pos=0.000 stream_playing=false peak_db=-200.0 mix_rate=48000 latency=0.0880 @ http://localhost:8771/index.js:451
[  422878ms] [LOG] MON 1 playing=false pos=0.000 stream_playing=false peak_db=-200.0 mix_rate=48000 latency=0.0880 @ http://localhost:8771/index.js:451
[  423127ms] [LOG] MON 1 playing=false pos=0.000 stream_playing=false peak_db=-200.0 mix_rate=48000 latency=0.0880 @ http://localhost:8771/index.js:451
[  423377ms] [LOG] MON 1 playing=false pos=0.000 stream_playing=false peak_db=-200.0 mix_rate=48000 latency=0.0880 @ http://localhost:8771/index.js:451
[  423627ms] [LOG] MON 1 playing=false pos=0.000 stream_playing=false peak_db=-200.0 mix_rate=48000 latency=0.0880 @ http://localhost:8771/index.js:451
[  423878ms] [LOG] MON 1 playing=false pos=0.000 stream_playing=false peak_db=-200.0 mix_rate=48000 latency=0.0880 @ http://localhost:8771/index.js:451
[  424127ms] [LOG] MON 1 playing=false pos=0.000 stream_playing=false peak_db=-200.0 mix_rate=48000 latency=0.0880 @ http://localhost:8771/index.js:451
[  424379ms] [LOG] MON 1 playing=false pos=0.000 stream_playing=false peak_db=-200.0 mix_rate=48000 latency=0.0880 @ http://localhost:8771/index.js:451
[  424626ms] [LOG] MON 1 playing=false pos=0.000 stream_playing=false peak_db=-200.0 mix_rate=48000 latency=0.0880 @ http://localhost:8771/index.js:451
[  424878ms] [LOG] MON 1 playing=false pos=0.000 stream_playing=false peak_db=-200.0 mix_rate=48000 latency=0.0880 @ http://localhost:8771/index.js:451
[  425127ms] [LOG] MON 1 playing=false pos=0.000 stream_playing=false peak_db=-200.0 mix_rate=48000 latency=0.0880 @ http://localhost:8771/index.js:451
[  425377ms] [LOG] MON 1 playing=false pos=0.000 stream_playing=false peak_db=-200.0 mix_rate=48000 latency=0.0880 @ http://localhost:8771/index.js:451
[  425628ms] [LOG] MON 1 playing=false pos=0.000 stream_playing=false peak_db=-200.0 mix_rate=48000 latency=0.0880 @ http://localhost:8771/index.js:451
[  425878ms] [LOG] MON 1 playing=false pos=0.000 stream_playing=false peak_db=-200.0 mix_rate=48000 latency=0.0880 @ http://localhost:8771/index.js:451
[  426127ms] [LOG] MON 1 playing=false pos=0.000 stream_playing=false peak_db=-200.0 mix_rate=48000 latency=0.0880 @ http://localhost:8771/index.js:451
[  426377ms] [LOG] MON 1 playing=false pos=0.000 stream_playing=false peak_db=-200.0 mix_rate=48000 latency=0.0880 @ http://localhost:8771/index.js:451
[  426627ms] [LOG] MON 1 playing=false pos=0.000 stream_playing=false peak_db=-200.0 mix_rate=48000 latency=0.0880 @ http://localhost:8771/index.js:451
[  426876ms] [LOG] MON 1 playing=false pos=0.000 stream_playing=false peak_db=-200.0 mix_rate=48000 latency=0.0880 @ http://localhost:8771/index.js:451
[  427128ms] [LOG] MON 1 playing=false pos=0.000 stream_playing=false peak_db=-200.0 mix_rate=48000 latency=0.0880 @ http://localhost:8771/index.js:451
[  427377ms] [LOG] MON 1 playing=false pos=0.000 stream_playing=false peak_db=-200.0 mix_rate=48000 latency=0.0880 @ http://localhost:8771/index.js:451
[  427629ms] [LOG] MON 1 playing=false pos=0.000 stream_playing=false peak_db=-200.0 mix_rate=48000 latency=0.0880 @ http://localhost:8771/index.js:451
[  427877ms] [LOG] MON 1 playing=false pos=0.000 stream_playing=false peak_db=-200.0 mix_rate=48000 latency=0.0880 @ http://localhost:8771/index.js:451
[  428127ms] [LOG] MON 1 playing=false pos=0.000 stream_playing=false peak_db=-200.0 mix_rate=48000 latency=0.0880 @ http://localhost:8771/index.js:451
[  428378ms] [LOG] MON 1 playing=false pos=0.000 stream_playing=false peak_db=-200.0 mix_rate=48000 latency=0.0880 @ http://localhost:8771/index.js:451
[  428633ms] [LOG] MON 1 playing=false pos=0.000 stream_playing=false peak_db=-200.0 mix_rate=48000 latency=0.0880 @ http://localhost:8771/index.js:451
[  428879ms] [LOG] MON 1 playing=false pos=0.000 stream_playing=false peak_db=-200.0 mix_rate=48000 latency=0.0880 @ http://localhost:8771/index.js:451
[  429128ms] [LOG] MON 1 playing=false pos=0.000 stream_playing=false peak_db=-200.0 mix_rate=48000 latency=0.0880 @ http://localhost:8771/index.js:451
[  429377ms] [LOG] MON 1 playing=false pos=0.000 stream_playing=false peak_db=-200.0 mix_rate=48000 latency=0.0880 @ http://localhost:8771/index.js:451
[  429627ms] [LOG] MON 1 playing=false pos=0.000 stream_playing=false peak_db=-200.0 mix_rate=48000 latency=0.0880 @ http://localhost:8771/index.js:451
[  429876ms] [LOG] MON 1 playing=false pos=0.000 stream_playing=false peak_db=-200.0 mix_rate=48000 latency=0.0880 @ http://localhost:8771/index.js:451
[  430127ms] [LOG] MON 1 playing=false pos=0.000 stream_playing=false peak_db=-200.0 mix_rate=48000 latency=0.0880 @ http://localhost:8771/index.js:451
[  430377ms] [LOG] MON 1 playing=false pos=0.000 stream_playing=false peak_db=-200.0 mix_rate=48000 latency=0.0880 @ http://localhost:8771/index.js:451
[  430629ms] [LOG] MON 1 playing=false pos=0.000 stream_playing=false peak_db=-200.0 mix_rate=48000 latency=0.0880 @ http://localhost:8771/index.js:451
[  430877ms] [LOG] MON 1 playing=false pos=0.000 stream_playing=false peak_db=-200.0 mix_rate=48000 latency=0.0880 @ http://localhost:8771/index.js:451
[  431130ms] [LOG] MON 1 playing=false pos=0.000 stream_playing=false peak_db=-200.0 mix_rate=48000 latency=0.0880 @ http://localhost:8771/index.js:451
[  431378ms] [LOG] MON 1 playing=false pos=0.000 stream_playing=false peak_db=-200.0 mix_rate=48000 latency=0.0880 @ http://localhost:8771/index.js:451
[  431627ms] [LOG] MON 1 playing=false pos=0.000 stream_playing=false peak_db=-200.0 mix_rate=48000 latency=0.0880 @ http://localhost:8771/index.js:451
[  431876ms] [LOG] MON 1 playing=false pos=0.000 stream_playing=false peak_db=-200.0 mix_rate=48000 latency=0.0880 @ http://localhost:8771/index.js:451
[  432127ms] [LOG] MON 1 playing=false pos=0.000 stream_playing=false peak_db=-200.0 mix_rate=48000 latency=0.0880 @ http://localhost:8771/index.js:451
[  432377ms] [LOG] MON 1 playing=false pos=0.000 stream_playing=false peak_db=-200.0 mix_rate=48000 latency=0.0880 @ http://localhost:8771/index.js:451
[  432630ms] [LOG] MON 1 playing=false pos=0.000 stream_playing=false peak_db=-200.0 mix_rate=48000 latency=0.0880 @ http://localhost:8771/index.js:451
[  432877ms] [LOG] MON 1 playing=false pos=0.000 stream_playing=false peak_db=-200.0 mix_rate=48000 latency=0.0880 @ http://localhost:8771/index.js:451
[  433127ms] [LOG] MON 1 playing=false pos=0.000 stream_playing=false peak_db=-200.0 mix_rate=48000 latency=0.0880 @ http://localhost:8771/index.js:451
[  433378ms] [LOG] MON 1 playing=false pos=0.000 stream_playing=false peak_db=-200.0 mix_rate=48000 latency=0.0880 @ http://localhost:8771/index.js:451
[  433635ms] [LOG] MON 1 playing=false pos=0.000 stream_playing=false peak_db=-200.0 mix_rate=48000 latency=0.0880 @ http://localhost:8771/index.js:451
[  433877ms] [LOG] MON 1 playing=false pos=0.000 stream_playing=false peak_db=-200.0 mix_rate=48000 latency=0.0880 @ http://localhost:8771/index.js:451
[  434127ms] [LOG] MON 1 playing=false pos=0.000 stream_playing=false peak_db=-200.0 mix_rate=48000 latency=0.0880 @ http://localhost:8771/index.js:451
[  434377ms] [LOG] MON 1 playing=false pos=0.000 stream_playing=false peak_db=-200.0 mix_rate=48000 latency=0.0880 @ http://localhost:8771/index.js:451
[  434628ms] [LOG] MON 1 playing=false pos=0.000 stream_playing=false peak_db=-200.0 mix_rate=48000 latency=0.0880 @ http://localhost:8771/index.js:451
[  434878ms] [LOG] MON 1 playing=false pos=0.000 stream_playing=false peak_db=-200.0 mix_rate=48000 latency=0.0880 @ http://localhost:8771/index.js:451
[  435126ms] [LOG] MON 1 playing=false pos=0.000 stream_playing=false peak_db=-200.0 mix_rate=48000 latency=0.0880 @ http://localhost:8771/index.js:451
[  435377ms] [LOG] MON 1 playing=false pos=0.000 stream_playing=false peak_db=-200.0 mix_rate=48000 latency=0.0880 @ http://localhost:8771/index.js:451
[  435627ms] [LOG] MON 1 playing=false pos=0.000 stream_playing=false peak_db=-200.0 mix_rate=48000 latency=0.0880 @ http://localhost:8771/index.js:451
[  435879ms] [LOG] MON 1 playing=false pos=0.000 stream_playing=false peak_db=-200.0 mix_rate=48000 latency=0.0880 @ http://localhost:8771/index.js:451
[  436127ms] [LOG] MON 1 playing=false pos=0.000 stream_playing=false peak_db=-200.0 mix_rate=48000 latency=0.0880 @ http://localhost:8771/index.js:451
[  436377ms] [LOG] MON 1 playing=false pos=0.000 stream_playing=false peak_db=-200.0 mix_rate=48000 latency=0.0880 @ http://localhost:8771/index.js:451
[  436627ms] [LOG] MON 1 playing=false pos=0.000 stream_playing=false peak_db=-200.0 mix_rate=48000 latency=0.0880 @ http://localhost:8771/index.js:451
[  436877ms] [LOG] MON 1 playing=false pos=0.000 stream_playing=false peak_db=-200.0 mix_rate=48000 latency=0.0880 @ http://localhost:8771/index.js:451
[  437129ms] [LOG] MON 1 playing=false pos=0.000 stream_playing=false peak_db=-200.0 mix_rate=48000 latency=0.0880 @ http://localhost:8771/index.js:451
[  437377ms] [LOG] MON 1 playing=false pos=0.000 stream_playing=false peak_db=-200.0 mix_rate=48000 latency=0.0880 @ http://localhost:8771/index.js:451
[  437632ms] [LOG] MON 1 playing=false pos=0.000 stream_playing=false peak_db=-200.0 mix_rate=48000 latency=0.0880 @ http://localhost:8771/index.js:451
[  437876ms] [LOG] MON 1 playing=false pos=0.000 stream_playing=false peak_db=-200.0 mix_rate=48000 latency=0.0880 @ http://localhost:8771/index.js:451
[  438127ms] [LOG] MON 1 playing=false pos=0.000 stream_playing=false peak_db=-200.0 mix_rate=48000 latency=0.0880 @ http://localhost:8771/index.js:451
[  438377ms] [LOG] MON 1 playing=false pos=0.000 stream_playing=false peak_db=-200.0 mix_rate=48000 latency=0.0880 @ http://localhost:8771/index.js:451
[  438627ms] [LOG] MON 1 playing=false pos=0.000 stream_playing=false peak_db=-200.0 mix_rate=48000 latency=0.0880 @ http://localhost:8771/index.js:451
[  438877ms] [LOG] MON 1 playing=false pos=0.000 stream_playing=false peak_db=-200.0 mix_rate=48000 latency=0.0880 @ http://localhost:8771/index.js:451
[  439127ms] [LOG] MON 1 playing=false pos=0.000 stream_playing=false peak_db=-200.0 mix_rate=48000 latency=0.0880 @ http://localhost:8771/index.js:451
[  439379ms] [LOG] MON 1 playing=false pos=0.000 stream_playing=false peak_db=-200.0 mix_rate=48000 latency=0.0880 @ http://localhost:8771/index.js:451
[  439627ms] [LOG] MON 1 playing=false pos=0.000 stream_playing=false peak_db=-200.0 mix_rate=48000 latency=0.0880 @ http://localhost:8771/index.js:451
[  439876ms] [LOG] MON 1 playing=false pos=0.000 stream_playing=false peak_db=-200.0 mix_rate=48000 latency=0.0880 @ http://localhost:8771/index.js:451
[  440127ms] [LOG] MON 1 playing=false pos=0.000 stream_playing=false peak_db=-200.0 mix_rate=48000 latency=0.0880 @ http://localhost:8771/index.js:451
[  440377ms] [LOG] MON 1 playing=false pos=0.000 stream_playing=false peak_db=-200.0 mix_rate=48000 latency=0.0880 @ http://localhost:8771/index.js:451
[  440627ms] [LOG] MON 1 playing=false pos=0.000 stream_playing=false peak_db=-200.0 mix_rate=48000 latency=0.0880 @ http://localhost:8771/index.js:451
[  440896ms] [LOG] MON 1 playing=false pos=0.000 stream_playing=false peak_db=-200.0 mix_rate=48000 latency=0.0880 @ http://localhost:8771/index.js:451
[  441143ms] [LOG] MON 1 playing=false pos=0.000 stream_playing=false peak_db=-200.0 mix_rate=48000 latency=0.0880 @ http://localhost:8771/index.js:451
[  441393ms] [LOG] MON 1 playing=false pos=0.000 stream_playing=false peak_db=-200.0 mix_rate=48000 latency=0.0880 @ http://localhost:8771/index.js:451
[  441643ms] [LOG] MON 1 playing=false pos=0.000 stream_playing=false peak_db=-200.0 mix_rate=48000 latency=0.0880 @ http://localhost:8771/index.js:451
[  441894ms] [LOG] MON 1 playing=false pos=0.000 stream_playing=false peak_db=-200.0 mix_rate=48000 latency=0.0880 @ http://localhost:8771/index.js:451
[  442144ms] [LOG] MON 1 playing=false pos=0.000 stream_playing=false peak_db=-200.0 mix_rate=48000 latency=0.0880 @ http://localhost:8771/index.js:451
[  442393ms] [LOG] MON 1 playing=false pos=0.000 stream_playing=false peak_db=-200.0 mix_rate=48000 latency=0.0880 @ http://localhost:8771/index.js:451
[  442643ms] [LOG] MON 1 playing=false pos=0.000 stream_playing=false peak_db=-200.0 mix_rate=48000 latency=0.0880 @ http://localhost:8771/index.js:451
[  442893ms] [LOG] MON 1 playing=false pos=0.000 stream_playing=false peak_db=-200.0 mix_rate=48000 latency=0.0880 @ http://localhost:8771/index.js:451
[  443153ms] [LOG] MON 1 playing=false pos=0.000 stream_playing=false peak_db=-200.0 mix_rate=48000 latency=0.0880 @ http://localhost:8771/index.js:451
[  443377ms] [LOG] MON 1 playing=false pos=0.000 stream_playing=false peak_db=-200.0 mix_rate=48000 latency=0.0880 @ http://localhost:8771/index.js:451
[  443627ms] [LOG] MON 1 playing=false pos=0.000 stream_playing=false peak_db=-200.0 mix_rate=48000 latency=0.0880 @ http://localhost:8771/index.js:451
[  443878ms] [LOG] MON 1 playing=false pos=0.000 stream_playing=false peak_db=-200.0 mix_rate=48000 latency=0.0880 @ http://localhost:8771/index.js:451
[  444131ms] [LOG] MON 1 playing=false pos=0.000 stream_playing=false peak_db=-200.0 mix_rate=48000 latency=0.0880 @ http://localhost:8771/index.js:451
[  444376ms] [LOG] MON 1 playing=false pos=0.000 stream_playing=false peak_db=-200.0 mix_rate=48000 latency=0.0880 @ http://localhost:8771/index.js:451
[  444628ms] [LOG] MON 1 playing=false pos=0.000 stream_playing=false peak_db=-200.0 mix_rate=48000 latency=0.0880 @ http://localhost:8771/index.js:451
[  444878ms] [LOG] MON 1 playing=false pos=0.000 stream_playing=false peak_db=-200.0 mix_rate=48000 latency=0.0880 @ http://localhost:8771/index.js:451
[  445127ms] [LOG] MON 1 playing=false pos=0.000 stream_playing=false peak_db=-200.0 mix_rate=48000 latency=0.0880 @ http://localhost:8771/index.js:451
[  445379ms] [LOG] MON 1 playing=false pos=0.000 stream_playing=false peak_db=-200.0 mix_rate=48000 latency=0.0880 @ http://localhost:8771/index.js:451
[  445628ms] [LOG] MON 1 playing=false pos=0.000 stream_playing=false peak_db=-200.0 mix_rate=48000 latency=0.0880 @ http://localhost:8771/index.js:451
[  445877ms] [LOG] MON 1 playing=false pos=0.000 stream_playing=false peak_db=-200.0 mix_rate=48000 latency=0.0880 @ http://localhost:8771/index.js:451
[  446128ms] [LOG] MON 1 playing=false pos=0.000 stream_playing=false peak_db=-200.0 mix_rate=48000 latency=0.0880 @ http://localhost:8771/index.js:451
[  446376ms] [LOG] MON 1 playing=false pos=0.000 stream_playing=false peak_db=-200.0 mix_rate=48000 latency=0.0880 @ http://localhost:8771/index.js:451
[  446626ms] [LOG] MON 1 playing=false pos=0.000 stream_playing=false peak_db=-200.0 mix_rate=48000 latency=0.0880 @ http://localhost:8771/index.js:451
[  446878ms] [LOG] MON 1 playing=false pos=0.000 stream_playing=false peak_db=-200.0 mix_rate=48000 latency=0.0880 @ http://localhost:8771/index.js:451
[  447128ms] [LOG] MON 1 playing=false pos=0.000 stream_playing=false peak_db=-200.0 mix_rate=48000 latency=0.0880 @ http://localhost:8771/index.js:451
[  447378ms] [LOG] MON 1 playing=false pos=0.000 stream_playing=false peak_db=-200.0 mix_rate=48000 latency=0.0880 @ http://localhost:8771/index.js:451
[  447626ms] [LOG] MON 1 playing=false pos=0.000 stream_playing=false peak_db=-200.0 mix_rate=48000 latency=0.0880 @ http://localhost:8771/index.js:451
[  447879ms] [LOG] MON 1 playing=false pos=0.000 stream_playing=false peak_db=-200.0 mix_rate=48000 latency=0.0880 @ http://localhost:8771/index.js:451
[  448127ms] [LOG] MON 1 playing=false pos=0.000 stream_playing=false peak_db=-200.0 mix_rate=48000 latency=0.0880 @ http://localhost:8771/index.js:451
[  448376ms] [LOG] MON 1 playing=false pos=0.000 stream_playing=false peak_db=-200.0 mix_rate=48000 latency=0.0880 @ http://localhost:8771/index.js:451
[  448626ms] [LOG] MON 1 playing=false pos=0.000 stream_playing=false peak_db=-200.0 mix_rate=48000 latency=0.0880 @ http://localhost:8771/index.js:451
[  448878ms] [LOG] MON 1 playing=false pos=0.000 stream_playing=false peak_db=-200.0 mix_rate=48000 latency=0.0880 @ http://localhost:8771/index.js:451
[  449128ms] [LOG] MON 1 playing=false pos=0.000 stream_playing=false peak_db=-200.0 mix_rate=48000 latency=0.0880 @ http://localhost:8771/index.js:451
[  449378ms] [LOG] MON 1 playing=false pos=0.000 stream_playing=false peak_db=-200.0 mix_rate=48000 latency=0.0880 @ http://localhost:8771/index.js:451
[  449628ms] [LOG] MON 1 playing=false pos=0.000 stream_playing=false peak_db=-200.0 mix_rate=48000 latency=0.0880 @ http://localhost:8771/index.js:451
[  449878ms] [LOG] MON 1 playing=false pos=0.000 stream_playing=false peak_db=-200.0 mix_rate=48000 latency=0.0880 @ http://localhost:8771/index.js:451
[  450128ms] [LOG] MON 1 playing=false pos=0.000 stream_playing=false peak_db=-200.0 mix_rate=48000 latency=0.0880 @ http://localhost:8771/index.js:451
[  450377ms] [LOG] MON 1 playing=false pos=0.000 stream_playing=false peak_db=-200.0 mix_rate=48000 latency=0.0880 @ http://localhost:8771/index.js:451
[  450628ms] [LOG] MON 1 playing=false pos=0.000 stream_playing=false peak_db=-200.0 mix_rate=48000 latency=0.0880 @ http://localhost:8771/index.js:451
[  450878ms] [LOG] MON 1 playing=false pos=0.000 stream_playing=false peak_db=-200.0 mix_rate=48000 latency=0.0880 @ http://localhost:8771/index.js:451
[  451127ms] [LOG] MON 1 playing=false pos=0.000 stream_playing=false peak_db=-200.0 mix_rate=48000 latency=0.0880 @ http://localhost:8771/index.js:451
[  451379ms] [LOG] MON 1 playing=false pos=0.000 stream_playing=false peak_db=-200.0 mix_rate=48000 latency=0.0880 @ http://localhost:8771/index.js:451
[  451629ms] [LOG] MON 1 playing=false pos=0.000 stream_playing=false peak_db=-200.0 mix_rate=48000 latency=0.0880 @ http://localhost:8771/index.js:451
[  451878ms] [LOG] MON 1 playing=false pos=0.000 stream_playing=false peak_db=-200.0 mix_rate=48000 latency=0.0880 @ http://localhost:8771/index.js:451
[  452128ms] [LOG] MON 1 playing=false pos=0.000 stream_playing=false peak_db=-200.0 mix_rate=48000 latency=0.0880 @ http://localhost:8771/index.js:451
[  452378ms] [LOG] MON 1 playing=false pos=0.000 stream_playing=false peak_db=-200.0 mix_rate=48000 latency=0.0880 @ http://localhost:8771/index.js:451
[  452627ms] [LOG] MON 1 playing=false pos=0.000 stream_playing=false peak_db=-200.0 mix_rate=48000 latency=0.0880 @ http://localhost:8771/index.js:451
[  452878ms] [LOG] MON 1 playing=false pos=0.000 stream_playing=false peak_db=-200.0 mix_rate=48000 latency=0.0880 @ http://localhost:8771/index.js:451
[  453128ms] [LOG] MON 1 playing=false pos=0.000 stream_playing=false peak_db=-200.0 mix_rate=48000 latency=0.0880 @ http://localhost:8771/index.js:451
[  453376ms] [LOG] MON 1 playing=false pos=0.000 stream_playing=false peak_db=-200.0 mix_rate=48000 latency=0.0880 @ http://localhost:8771/index.js:451
[  453628ms] [LOG] MON 1 playing=false pos=0.000 stream_playing=false peak_db=-200.0 mix_rate=48000 latency=0.0880 @ http://localhost:8771/index.js:451
[  453877ms] [LOG] MON 1 playing=false pos=0.000 stream_playing=false peak_db=-200.0 mix_rate=48000 latency=0.0880 @ http://localhost:8771/index.js:451
[  454127ms] [LOG] MON 1 playing=false pos=0.000 stream_playing=false peak_db=-200.0 mix_rate=48000 latency=0.0880 @ http://localhost:8771/index.js:451
[  454377ms] [LOG] MON 1 playing=false pos=0.000 stream_playing=false peak_db=-200.0 mix_rate=48000 latency=0.0880 @ http://localhost:8771/index.js:451
[  454650ms] [LOG] MON 1 playing=false pos=0.000 stream_playing=false peak_db=-200.0 mix_rate=48000 latency=0.0880 @ http://localhost:8771/index.js:451
[  454900ms] [LOG] MON 1 playing=false pos=0.000 stream_playing=false peak_db=-200.0 mix_rate=48000 latency=0.0880 @ http://localhost:8771/index.js:451
[  455137ms] [LOG] MON 1 playing=false pos=0.000 stream_playing=false peak_db=-200.0 mix_rate=48000 latency=0.0880 @ http://localhost:8771/index.js:451
[  455378ms] [LOG] MON 1 playing=false pos=0.000 stream_playing=false peak_db=-200.0 mix_rate=48000 latency=0.0880 @ http://localhost:8771/index.js:451
[  455632ms] [LOG] MON 1 playing=false pos=0.000 stream_playing=false peak_db=-200.0 mix_rate=48000 latency=0.0880 @ http://localhost:8771/index.js:451
[  455883ms] [LOG] MON 1 playing=false pos=0.000 stream_playing=false peak_db=-200.0 mix_rate=48000 latency=0.0880 @ http://localhost:8771/index.js:451
[  456145ms] [LOG] MON 1 playing=false pos=0.000 stream_playing=false peak_db=-200.0 mix_rate=48000 latency=0.0880 @ http://localhost:8771/index.js:451
[  456393ms] [LOG] MON 1 playing=false pos=0.000 stream_playing=false peak_db=-200.0 mix_rate=48000 latency=0.0880 @ http://localhost:8771/index.js:451
[  456643ms] [LOG] MON 1 playing=false pos=0.000 stream_playing=false peak_db=-200.0 mix_rate=48000 latency=0.0880 @ http://localhost:8771/index.js:451
[  456895ms] [LOG] MON 1 playing=false pos=0.000 stream_playing=false peak_db=-200.0 mix_rate=48000 latency=0.0880 @ http://localhost:8771/index.js:451
[  457145ms] [LOG] MON 1 playing=false pos=0.000 stream_playing=false peak_db=-200.0 mix_rate=48000 latency=0.0880 @ http://localhost:8771/index.js:451
[  457395ms] [LOG] MON 1 playing=false pos=0.000 stream_playing=false peak_db=-200.0 mix_rate=48000 latency=0.0880 @ http://localhost:8771/index.js:451
[  457645ms] [LOG] MON 1 playing=false pos=0.000 stream_playing=false peak_db=-200.0 mix_rate=48000 latency=0.0880 @ http://localhost:8771/index.js:451
[  457894ms] [LOG] MON 1 playing=false pos=0.000 stream_playing=false peak_db=-200.0 mix_rate=48000 latency=0.0880 @ http://localhost:8771/index.js:451
[  458144ms] [LOG] MON 1 playing=false pos=0.000 stream_playing=false peak_db=-200.0 mix_rate=48000 latency=0.0880 @ http://localhost:8771/index.js:451
[  458394ms] [LOG] MON 1 playing=false pos=0.000 stream_playing=false peak_db=-200.0 mix_rate=48000 latency=0.0880 @ http://localhost:8771/index.js:451
[  458643ms] [LOG] MON 1 playing=false pos=0.000 stream_playing=false peak_db=-200.0 mix_rate=48000 latency=0.0880 @ http://localhost:8771/index.js:451
[  458894ms] [LOG] MON 1 playing=false pos=0.000 stream_playing=false peak_db=-200.0 mix_rate=48000 latency=0.0880 @ http://localhost:8771/index.js:451
[  459145ms] [LOG] MON 1 playing=false pos=0.000 stream_playing=false peak_db=-200.0 mix_rate=48000 latency=0.0880 @ http://localhost:8771/index.js:451
[  459395ms] [LOG] MON 1 playing=false pos=0.000 stream_playing=false peak_db=-200.0 mix_rate=48000 latency=0.0880 @ http://localhost:8771/index.js:451
[  459642ms] [LOG] MON 1 playing=false pos=0.000 stream_playing=false peak_db=-200.0 mix_rate=48000 latency=0.0880 @ http://localhost:8771/index.js:451
[  459894ms] [LOG] MON 1 playing=false pos=0.000 stream_playing=false peak_db=-200.0 mix_rate=48000 latency=0.0880 @ http://localhost:8771/index.js:451
[  460144ms] [LOG] MON 1 playing=false pos=0.000 stream_playing=false peak_db=-200.0 mix_rate=48000 latency=0.0880 @ http://localhost:8771/index.js:451
[  460394ms] [LOG] MON 1 playing=false pos=0.000 stream_playing=false peak_db=-200.0 mix_rate=48000 latency=0.0880 @ http://localhost:8771/index.js:451
[  460645ms] [LOG] MON 1 playing=false pos=0.000 stream_playing=false peak_db=-200.0 mix_rate=48000 latency=0.0880 @ http://localhost:8771/index.js:451
[  460896ms] [LOG] MON 1 playing=false pos=0.000 stream_playing=false peak_db=-200.0 mix_rate=48000 latency=0.0880 @ http://localhost:8771/index.js:451
[  461144ms] [LOG] MON 1 playing=false pos=0.000 stream_playing=false peak_db=-200.0 mix_rate=48000 latency=0.0880 @ http://localhost:8771/index.js:451
[  461394ms] [LOG] MON 1 playing=false pos=0.000 stream_playing=false peak_db=-200.0 mix_rate=48000 latency=0.0880 @ http://localhost:8771/index.js:451
[  461644ms] [LOG] MON 1 playing=false pos=0.000 stream_playing=false peak_db=-200.0 mix_rate=48000 latency=0.0880 @ http://localhost:8771/index.js:451
[  461893ms] [LOG] MON 1 playing=false pos=0.000 stream_playing=false peak_db=-200.0 mix_rate=48000 latency=0.0880 @ http://localhost:8771/index.js:451
[  462144ms] [LOG] MON 1 playing=false pos=0.000 stream_playing=false peak_db=-200.0 mix_rate=48000 latency=0.0880 @ http://localhost:8771/index.js:451
[  462393ms] [LOG] MON 1 playing=false pos=0.000 stream_playing=false peak_db=-200.0 mix_rate=48000 latency=0.0880 @ http://localhost:8771/index.js:451
[  462645ms] [LOG] MON 1 playing=false pos=0.000 stream_playing=false peak_db=-200.0 mix_rate=48000 latency=0.0880 @ http://localhost:8771/index.js:451
[  462893ms] [LOG] MON 1 playing=false pos=0.000 stream_playing=false peak_db=-200.0 mix_rate=48000 latency=0.0880 @ http://localhost:8771/index.js:451
[  463142ms] [LOG] MON 1 playing=false pos=0.000 stream_playing=false peak_db=-200.0 mix_rate=48000 latency=0.0880 @ http://localhost:8771/index.js:451
[  463394ms] [LOG] MON 1 playing=false pos=0.000 stream_playing=false peak_db=-200.0 mix_rate=48000 latency=0.0880 @ http://localhost:8771/index.js:451
[  463626ms] [LOG] MON 1 playing=false pos=0.000 stream_playing=false peak_db=-200.0 mix_rate=48000 latency=0.0880 @ http://localhost:8771/index.js:451
[  463876ms] [LOG] MON 1 playing=false pos=0.000 stream_playing=false peak_db=-200.0 mix_rate=48000 latency=0.0880 @ http://localhost:8771/index.js:451
[  464128ms] [LOG] MON 1 playing=false pos=0.000 stream_playing=false peak_db=-200.0 mix_rate=48000 latency=0.0880 @ http://localhost:8771/index.js:451
[  464378ms] [LOG] MON 1 playing=false pos=0.000 stream_playing=false peak_db=-200.0 mix_rate=48000 latency=0.0880 @ http://localhost:8771/index.js:451
[  464629ms] [LOG] MON 1 playing=false pos=0.000 stream_playing=false peak_db=-200.0 mix_rate=48000 latency=0.0880 @ http://localhost:8771/index.js:451
[  464879ms] [LOG] MON 1 playing=false pos=0.000 stream_playing=false peak_db=-200.0 mix_rate=48000 latency=0.0880 @ http://localhost:8771/index.js:451
[  465130ms] [LOG] MON 1 playing=false pos=0.000 stream_playing=false peak_db=-200.0 mix_rate=48000 latency=0.0880 @ http://localhost:8771/index.js:451
[  465379ms] [LOG] MON 1 playing=false pos=0.000 stream_playing=false peak_db=-200.0 mix_rate=48000 latency=0.0880 @ http://localhost:8771/index.js:451
[  465629ms] [LOG] MON 1 playing=false pos=0.000 stream_playing=false peak_db=-200.0 mix_rate=48000 latency=0.0880 @ http://localhost:8771/index.js:451
[  465878ms] [LOG] MON 1 playing=false pos=0.000 stream_playing=false peak_db=-200.0 mix_rate=48000 latency=0.0880 @ http://localhost:8771/index.js:451
[  466128ms] [LOG] MON 1 playing=false pos=0.000 stream_playing=false peak_db=-200.0 mix_rate=48000 latency=0.0880 @ http://localhost:8771/index.js:451
[  466377ms] [LOG] MON 1 playing=false pos=0.000 stream_playing=false peak_db=-200.0 mix_rate=48000 latency=0.0880 @ http://localhost:8771/index.js:451
[  466627ms] [LOG] MON 1 playing=false pos=0.000 stream_playing=false peak_db=-200.0 mix_rate=48000 latency=0.0880 @ http://localhost:8771/index.js:451
[  466878ms] [LOG] MON 1 playing=false pos=0.000 stream_playing=false peak_db=-200.0 mix_rate=48000 latency=0.0880 @ http://localhost:8771/index.js:451
[  467129ms] [LOG] MON 1 playing=false pos=0.000 stream_playing=false peak_db=-200.0 mix_rate=48000 latency=0.0880 @ http://localhost:8771/index.js:451
[  467378ms] [LOG] MON 1 playing=false pos=0.000 stream_playing=false peak_db=-200.0 mix_rate=48000 latency=0.0880 @ http://localhost:8771/index.js:451
[  467628ms] [LOG] MON 1 playing=false pos=0.000 stream_playing=false peak_db=-200.0 mix_rate=48000 latency=0.0880 @ http://localhost:8771/index.js:451
[  467878ms] [LOG] MON 1 playing=false pos=0.000 stream_playing=false peak_db=-200.0 mix_rate=48000 latency=0.0880 @ http://localhost:8771/index.js:451
[  468129ms] [LOG] MON 1 playing=false pos=0.000 stream_playing=false peak_db=-200.0 mix_rate=48000 latency=0.0880 @ http://localhost:8771/index.js:451
[  468376ms] [LOG] MON 1 playing=false pos=0.000 stream_playing=false peak_db=-200.0 mix_rate=48000 latency=0.0880 @ http://localhost:8771/index.js:451
[  468627ms] [LOG] MON 1 playing=false pos=0.000 stream_playing=false peak_db=-200.0 mix_rate=48000 latency=0.0880 @ http://localhost:8771/index.js:451
[  468879ms] [LOG] MON 1 playing=false pos=0.000 stream_playing=false peak_db=-200.0 mix_rate=48000 latency=0.0880 @ http://localhost:8771/index.js:451
[  469128ms] [LOG] MON 1 playing=false pos=0.000 stream_playing=false peak_db=-200.0 mix_rate=48000 latency=0.0880 @ http://localhost:8771/index.js:451
[  469380ms] [LOG] MON 1 playing=false pos=0.000 stream_playing=false peak_db=-200.0 mix_rate=48000 latency=0.0880 @ http://localhost:8771/index.js:451
[  469628ms] [LOG] MON 1 playing=false pos=0.000 stream_playing=false peak_db=-200.0 mix_rate=48000 latency=0.0880 @ http://localhost:8771/index.js:451
[  469879ms] [LOG] MON 1 playing=false pos=0.000 stream_playing=false peak_db=-200.0 mix_rate=48000 latency=0.0880 @ http://localhost:8771/index.js:451
[  470126ms] [LOG] MON 1 playing=false pos=0.000 stream_playing=false peak_db=-200.0 mix_rate=48000 latency=0.0880 @ http://localhost:8771/index.js:451
[  470377ms] [LOG] MON 1 playing=false pos=0.000 stream_playing=false peak_db=-200.0 mix_rate=48000 latency=0.0880 @ http://localhost:8771/index.js:451
[  470628ms] [LOG] MON 1 playing=false pos=0.000 stream_playing=false peak_db=-200.0 mix_rate=48000 latency=0.0880 @ http://localhost:8771/index.js:451
[  470879ms] [LOG] MON 1 playing=false pos=0.000 stream_playing=false peak_db=-200.0 mix_rate=48000 latency=0.0880 @ http://localhost:8771/index.js:451
[  471128ms] [LOG] MON 1 playing=false pos=0.000 stream_playing=false peak_db=-200.0 mix_rate=48000 latency=0.0880 @ http://localhost:8771/index.js:451
[  471378ms] [LOG] MON 1 playing=false pos=0.000 stream_playing=false peak_db=-200.0 mix_rate=48000 latency=0.0880 @ http://localhost:8771/index.js:451
[  471627ms] [LOG] MON 1 playing=false pos=0.000 stream_playing=false peak_db=-200.0 mix_rate=48000 latency=0.0880 @ http://localhost:8771/index.js:451
[  471879ms] [LOG] MON 1 playing=false pos=0.000 stream_playing=false peak_db=-200.0 mix_rate=48000 latency=0.0880 @ http://localhost:8771/index.js:451
[  472128ms] [LOG] MON 1 playing=false pos=0.000 stream_playing=false peak_db=-200.0 mix_rate=48000 latency=0.0880 @ http://localhost:8771/index.js:451
[  472378ms] [LOG] MON 1 playing=false pos=0.000 stream_playing=false peak_db=-200.0 mix_rate=48000 latency=0.0880 @ http://localhost:8771/index.js:451
[  472626ms] [LOG] MON 1 playing=false pos=0.000 stream_playing=false peak_db=-200.0 mix_rate=48000 latency=0.0880 @ http://localhost:8771/index.js:451
[  472877ms] [LOG] MON 1 playing=false pos=0.000 stream_playing=false peak_db=-200.0 mix_rate=48000 latency=0.0880 @ http://localhost:8771/index.js:451
[  473129ms] [LOG] MON 1 playing=false pos=0.000 stream_playing=false peak_db=-200.0 mix_rate=48000 latency=0.0880 @ http://localhost:8771/index.js:451
[  473378ms] [LOG] MON 1 playing=false pos=0.000 stream_playing=false peak_db=-200.0 mix_rate=48000 latency=0.0880 @ http://localhost:8771/index.js:451
[  473628ms] [LOG] MON 1 playing=false pos=0.000 stream_playing=false peak_db=-200.0 mix_rate=48000 latency=0.0880 @ http://localhost:8771/index.js:451
[  473878ms] [LOG] MON 1 playing=false pos=0.000 stream_playing=false peak_db=-200.0 mix_rate=48000 latency=0.0880 @ http://localhost:8771/index.js:451
[  474128ms] [LOG] MON 1 playing=false pos=0.000 stream_playing=false peak_db=-200.0 mix_rate=48000 latency=0.0880 @ http://localhost:8771/index.js:451
[  474377ms] [LOG] MON 1 playing=false pos=0.000 stream_playing=false peak_db=-200.0 mix_rate=48000 latency=0.0880 @ http://localhost:8771/index.js:451
[  474629ms] [LOG] MON 1 playing=false pos=0.000 stream_playing=false peak_db=-200.0 mix_rate=48000 latency=0.0880 @ http://localhost:8771/index.js:451
[  474880ms] [LOG] MON 1 playing=false pos=0.000 stream_playing=false peak_db=-200.0 mix_rate=48000 latency=0.0880 @ http://localhost:8771/index.js:451
[  475128ms] [LOG] MON 1 playing=false pos=0.000 stream_playing=false peak_db=-200.0 mix_rate=48000 latency=0.0880 @ http://localhost:8771/index.js:451
[  475378ms] [LOG] MON 1 playing=false pos=0.000 stream_playing=false peak_db=-200.0 mix_rate=48000 latency=0.0880 @ http://localhost:8771/index.js:451
[  475628ms] [LOG] MON 1 playing=false pos=0.000 stream_playing=false peak_db=-200.0 mix_rate=48000 latency=0.0880 @ http://localhost:8771/index.js:451
[  475877ms] [LOG] MON 1 playing=false pos=0.000 stream_playing=false peak_db=-200.0 mix_rate=48000 latency=0.0880 @ http://localhost:8771/index.js:451
[  476126ms] [LOG] MON 1 playing=false pos=0.000 stream_playing=false peak_db=-200.0 mix_rate=48000 latency=0.0880 @ http://localhost:8771/index.js:451
[  476377ms] [LOG] MON 1 playing=false pos=0.000 stream_playing=false peak_db=-200.0 mix_rate=48000 latency=0.0880 @ http://localhost:8771/index.js:451
[  476627ms] [LOG] MON 1 playing=false pos=0.000 stream_playing=false peak_db=-200.0 mix_rate=48000 latency=0.0880 @ http://localhost:8771/index.js:451
[  476878ms] [LOG] MON 1 playing=false pos=0.000 stream_playing=false peak_db=-200.0 mix_rate=48000 latency=0.0880 @ http://localhost:8771/index.js:451
[  477126ms] [LOG] MON 1 playing=false pos=0.000 stream_playing=false peak_db=-200.0 mix_rate=48000 latency=0.0880 @ http://localhost:8771/index.js:451
[  477376ms] [LOG] MON 1 playing=false pos=0.000 stream_playing=false peak_db=-200.0 mix_rate=48000 latency=0.0880 @ http://localhost:8771/index.js:451
[  477627ms] [LOG] MON 1 playing=false pos=0.000 stream_playing=false peak_db=-200.0 mix_rate=48000 latency=0.0880 @ http://localhost:8771/index.js:451
[  477878ms] [LOG] MON 1 playing=false pos=0.000 stream_playing=false peak_db=-200.0 mix_rate=48000 latency=0.0880 @ http://localhost:8771/index.js:451
[  478127ms] [LOG] MON 1 playing=false pos=0.000 stream_playing=false peak_db=-200.0 mix_rate=48000 latency=0.0880 @ http://localhost:8771/index.js:451
[  478378ms] [LOG] MON 1 playing=false pos=0.000 stream_playing=false peak_db=-200.0 mix_rate=48000 latency=0.0880 @ http://localhost:8771/index.js:451
[  478627ms] [LOG] MON 1 playing=false pos=0.000 stream_playing=false peak_db=-200.0 mix_rate=48000 latency=0.0880 @ http://localhost:8771/index.js:451
[  478879ms] [LOG] MON 1 playing=false pos=0.000 stream_playing=false peak_db=-200.0 mix_rate=48000 latency=0.0880 @ http://localhost:8771/index.js:451
[  479128ms] [LOG] MON 1 playing=false pos=0.000 stream_playing=false peak_db=-200.0 mix_rate=48000 latency=0.0880 @ http://localhost:8771/index.js:451
[  479376ms] [LOG] MON 1 playing=false pos=0.000 stream_playing=false peak_db=-200.0 mix_rate=48000 latency=0.0880 @ http://localhost:8771/index.js:451
[  479628ms] [LOG] MON 1 playing=false pos=0.000 stream_playing=false peak_db=-200.0 mix_rate=48000 latency=0.0880 @ http://localhost:8771/index.js:451
[  479877ms] [LOG] MON 1 playing=false pos=0.000 stream_playing=false peak_db=-200.0 mix_rate=48000 latency=0.0880 @ http://localhost:8771/index.js:451
[  480127ms] [LOG] MON 1 playing=false pos=0.000 stream_playing=false peak_db=-200.0 mix_rate=48000 latency=0.0880 @ http://localhost:8771/index.js:451
[  480378ms] [LOG] MON 1 playing=false pos=0.000 stream_playing=false peak_db=-200.0 mix_rate=48000 latency=0.0880 @ http://localhost:8771/index.js:451
[  480627ms] [LOG] MON 1 playing=false pos=0.000 stream_playing=false peak_db=-200.0 mix_rate=48000 latency=0.0880 @ http://localhost:8771/index.js:451
[  480877ms] [LOG] MON 1 playing=false pos=0.000 stream_playing=false peak_db=-200.0 mix_rate=48000 latency=0.0880 @ http://localhost:8771/index.js:451
[  481126ms] [LOG] MON 1 playing=false pos=0.000 stream_playing=false peak_db=-200.0 mix_rate=48000 latency=0.0880 @ http://localhost:8771/index.js:451
[  481378ms] [LOG] MON 1 playing=false pos=0.000 stream_playing=false peak_db=-200.0 mix_rate=48000 latency=0.0880 @ http://localhost:8771/index.js:451
[  481626ms] [LOG] MON 1 playing=false pos=0.000 stream_playing=false peak_db=-200.0 mix_rate=48000 latency=0.0880 @ http://localhost:8771/index.js:451
[  481877ms] [LOG] MON 1 playing=false pos=0.000 stream_playing=false peak_db=-200.0 mix_rate=48000 latency=0.0880 @ http://localhost:8771/index.js:451
[  482127ms] [LOG] MON 1 playing=false pos=0.000 stream_playing=false peak_db=-200.0 mix_rate=48000 latency=0.0880 @ http://localhost:8771/index.js:451
[  482377ms] [LOG] MON 1 playing=false pos=0.000 stream_playing=false peak_db=-200.0 mix_rate=48000 latency=0.0880 @ http://localhost:8771/index.js:451
[  482627ms] [LOG] MON 1 playing=false pos=0.000 stream_playing=false peak_db=-200.0 mix_rate=48000 latency=0.0880 @ http://localhost:8771/index.js:451
[  482878ms] [LOG] MON 1 playing=false pos=0.000 stream_playing=false peak_db=-200.0 mix_rate=48000 latency=0.0880 @ http://localhost:8771/index.js:451
[  483129ms] [LOG] MON 1 playing=false pos=0.000 stream_playing=false peak_db=-200.0 mix_rate=48000 latency=0.0880 @ http://localhost:8771/index.js:451
[  483378ms] [LOG] MON 1 playing=false pos=0.000 stream_playing=false peak_db=-200.0 mix_rate=48000 latency=0.0880 @ http://localhost:8771/index.js:451
[  483627ms] [LOG] MON 1 playing=false pos=0.000 stream_playing=false peak_db=-200.0 mix_rate=48000 latency=0.0880 @ http://localhost:8771/index.js:451
[  483878ms] [LOG] MON 1 playing=false pos=0.000 stream_playing=false peak_db=-200.0 mix_rate=48000 latency=0.0880 @ http://localhost:8771/index.js:451
[  484127ms] [LOG] MON 1 playing=false pos=0.000 stream_playing=false peak_db=-200.0 mix_rate=48000 latency=0.0880 @ http://localhost:8771/index.js:451
[  484377ms] [LOG] MON 1 playing=false pos=0.000 stream_playing=false peak_db=-200.0 mix_rate=48000 latency=0.0880 @ http://localhost:8771/index.js:451
[  484629ms] [LOG] MON 1 playing=false pos=0.000 stream_playing=false peak_db=-200.0 mix_rate=48000 latency=0.0880 @ http://localhost:8771/index.js:451
[  484878ms] [LOG] MON 1 playing=false pos=0.000 stream_playing=false peak_db=-200.0 mix_rate=48000 latency=0.0880 @ http://localhost:8771/index.js:451
[  485128ms] [LOG] MON 1 playing=false pos=0.000 stream_playing=false peak_db=-200.0 mix_rate=48000 latency=0.0880 @ http://localhost:8771/index.js:451
[  485379ms] [LOG] MON 1 playing=false pos=0.000 stream_playing=false peak_db=-200.0 mix_rate=48000 latency=0.0880 @ http://localhost:8771/index.js:451
[  485626ms] [LOG] MON 1 playing=false pos=0.000 stream_playing=false peak_db=-200.0 mix_rate=48000 latency=0.0880 @ http://localhost:8771/index.js:451
[  485878ms] [LOG] MON 1 playing=false pos=0.000 stream_playing=false peak_db=-200.0 mix_rate=48000 latency=0.0880 @ http://localhost:8771/index.js:451
[  486128ms] [LOG] MON 1 playing=false pos=0.000 stream_playing=false peak_db=-200.0 mix_rate=48000 latency=0.0880 @ http://localhost:8771/index.js:451
[  486376ms] [LOG] MON 1 playing=false pos=0.000 stream_playing=false peak_db=-200.0 mix_rate=48000 latency=0.0880 @ http://localhost:8771/index.js:451
[  486628ms] [LOG] MON 1 playing=false pos=0.000 stream_playing=false peak_db=-200.0 mix_rate=48000 latency=0.0880 @ http://localhost:8771/index.js:451
[  486878ms] [LOG] MON 1 playing=false pos=0.000 stream_playing=false peak_db=-200.0 mix_rate=48000 latency=0.0880 @ http://localhost:8771/index.js:451
[  487130ms] [LOG] MON 1 playing=false pos=0.000 stream_playing=false peak_db=-200.0 mix_rate=48000 latency=0.0880 @ http://localhost:8771/index.js:451
[  487377ms] [LOG] MON 1 playing=false pos=0.000 stream_playing=false peak_db=-200.0 mix_rate=48000 latency=0.0880 @ http://localhost:8771/index.js:451
[  487626ms] [LOG] MON 1 playing=false pos=0.000 stream_playing=false peak_db=-200.0 mix_rate=48000 latency=0.0880 @ http://localhost:8771/index.js:451
[  487878ms] [LOG] MON 1 playing=false pos=0.000 stream_playing=false peak_db=-200.0 mix_rate=48000 latency=0.0880 @ http://localhost:8771/index.js:451
[  488127ms] [LOG] MON 1 playing=false pos=0.000 stream_playing=false peak_db=-200.0 mix_rate=48000 latency=0.0880 @ http://localhost:8771/index.js:451
[  488376ms] [LOG] MON 1 playing=false pos=0.000 stream_playing=false peak_db=-200.0 mix_rate=48000 latency=0.0880 @ http://localhost:8771/index.js:451
[  488627ms] [LOG] MON 1 playing=false pos=0.000 stream_playing=false peak_db=-200.0 mix_rate=48000 latency=0.0880 @ http://localhost:8771/index.js:451
[  488878ms] [LOG] MON 1 playing=false pos=0.000 stream_playing=false peak_db=-200.0 mix_rate=48000 latency=0.0880 @ http://localhost:8771/index.js:451
[  489130ms] [LOG] MON 1 playing=false pos=0.000 stream_playing=false peak_db=-200.0 mix_rate=48000 latency=0.0880 @ http://localhost:8771/index.js:451
[  489377ms] [LOG] MON 1 playing=false pos=0.000 stream_playing=false peak_db=-200.0 mix_rate=48000 latency=0.0880 @ http://localhost:8771/index.js:451
[  489626ms] [LOG] MON 1 playing=false pos=0.000 stream_playing=false peak_db=-200.0 mix_rate=48000 latency=0.0880 @ http://localhost:8771/index.js:451
[  489876ms] [LOG] MON 1 playing=false pos=0.000 stream_playing=false peak_db=-200.0 mix_rate=48000 latency=0.0880 @ http://localhost:8771/index.js:451
[  490128ms] [LOG] MON 1 playing=false pos=0.000 stream_playing=false peak_db=-200.0 mix_rate=48000 latency=0.0880 @ http://localhost:8771/index.js:451
[  490377ms] [LOG] MON 1 playing=false pos=0.000 stream_playing=false peak_db=-200.0 mix_rate=48000 latency=0.0880 @ http://localhost:8771/index.js:451
[  490628ms] [LOG] MON 1 playing=false pos=0.000 stream_playing=false peak_db=-200.0 mix_rate=48000 latency=0.0880 @ http://localhost:8771/index.js:451
[  490878ms] [LOG] MON 1 playing=false pos=0.000 stream_playing=false peak_db=-200.0 mix_rate=48000 latency=0.0880 @ http://localhost:8771/index.js:451
[  491129ms] [LOG] MON 1 playing=false pos=0.000 stream_playing=false peak_db=-200.0 mix_rate=48000 latency=0.0880 @ http://localhost:8771/index.js:451
[  491378ms] [LOG] MON 1 playing=false pos=0.000 stream_playing=false peak_db=-200.0 mix_rate=48000 latency=0.0880 @ http://localhost:8771/index.js:451
[  491626ms] [LOG] MON 1 playing=false pos=0.000 stream_playing=false peak_db=-200.0 mix_rate=48000 latency=0.0880 @ http://localhost:8771/index.js:451
[  491878ms] [LOG] MON 1 playing=false pos=0.000 stream_playing=false peak_db=-200.0 mix_rate=48000 latency=0.0880 @ http://localhost:8771/index.js:451
[  492128ms] [LOG] MON 1 playing=false pos=0.000 stream_playing=false peak_db=-200.0 mix_rate=48000 latency=0.0880 @ http://localhost:8771/index.js:451
[  492377ms] [LOG] MON 1 playing=false pos=0.000 stream_playing=false peak_db=-200.0 mix_rate=48000 latency=0.0880 @ http://localhost:8771/index.js:451
[  492628ms] [LOG] MON 1 playing=false pos=0.000 stream_playing=false peak_db=-200.0 mix_rate=48000 latency=0.0880 @ http://localhost:8771/index.js:451
[  492878ms] [LOG] MON 1 playing=false pos=0.000 stream_playing=false peak_db=-200.0 mix_rate=48000 latency=0.0880 @ http://localhost:8771/index.js:451
[  493129ms] [LOG] MON 1 playing=false pos=0.000 stream_playing=false peak_db=-200.0 mix_rate=48000 latency=0.0880 @ http://localhost:8771/index.js:451
[  493377ms] [LOG] MON 1 playing=false pos=0.000 stream_playing=false peak_db=-200.0 mix_rate=48000 latency=0.0880 @ http://localhost:8771/index.js:451
[  493628ms] [LOG] MON 1 playing=false pos=0.000 stream_playing=false peak_db=-200.0 mix_rate=48000 latency=0.0880 @ http://localhost:8771/index.js:451
[  493876ms] [LOG] MON 1 playing=false pos=0.000 stream_playing=false peak_db=-200.0 mix_rate=48000 latency=0.0880 @ http://localhost:8771/index.js:451
[  494128ms] [LOG] MON 1 playing=false pos=0.000 stream_playing=false peak_db=-200.0 mix_rate=48000 latency=0.0880 @ http://localhost:8771/index.js:451
[  494376ms] [LOG] MON 1 playing=false pos=0.000 stream_playing=false peak_db=-200.0 mix_rate=48000 latency=0.0880 @ http://localhost:8771/index.js:451
[  494627ms] [LOG] MON 1 playing=false pos=0.000 stream_playing=false peak_db=-200.0 mix_rate=48000 latency=0.0880 @ http://localhost:8771/index.js:451
[  494877ms] [LOG] MON 1 playing=false pos=0.000 stream_playing=false peak_db=-200.0 mix_rate=48000 latency=0.0880 @ http://localhost:8771/index.js:451
[  495128ms] [LOG] MON 1 playing=false pos=0.000 stream_playing=false peak_db=-200.0 mix_rate=48000 latency=0.0880 @ http://localhost:8771/index.js:451
[  495376ms] [LOG] MON 1 playing=false pos=0.000 stream_playing=false peak_db=-200.0 mix_rate=48000 latency=0.0880 @ http://localhost:8771/index.js:451
[  495628ms] [LOG] MON 1 playing=false pos=0.000 stream_playing=false peak_db=-200.0 mix_rate=48000 latency=0.0880 @ http://localhost:8771/index.js:451
[  495877ms] [LOG] MON 1 playing=false pos=0.000 stream_playing=false peak_db=-200.0 mix_rate=48000 latency=0.0880 @ http://localhost:8771/index.js:451
[  496128ms] [LOG] MON 1 playing=false pos=0.000 stream_playing=false peak_db=-200.0 mix_rate=48000 latency=0.0880 @ http://localhost:8771/index.js:451
[  496378ms] [LOG] MON 1 playing=false pos=0.000 stream_playing=false peak_db=-200.0 mix_rate=48000 latency=0.0880 @ http://localhost:8771/index.js:451
[  496626ms] [LOG] MON 1 playing=false pos=0.000 stream_playing=false peak_db=-200.0 mix_rate=48000 latency=0.0880 @ http://localhost:8771/index.js:451
[  496877ms] [LOG] MON 1 playing=false pos=0.000 stream_playing=false peak_db=-200.0 mix_rate=48000 latency=0.0880 @ http://localhost:8771/index.js:451
[  497129ms] [LOG] MON 1 playing=false pos=0.000 stream_playing=false peak_db=-200.0 mix_rate=48000 latency=0.0880 @ http://localhost:8771/index.js:451
[  497378ms] [LOG] MON 1 playing=false pos=0.000 stream_playing=false peak_db=-200.0 mix_rate=48000 latency=0.0880 @ http://localhost:8771/index.js:451
[  497630ms] [LOG] MON 1 playing=false pos=0.000 stream_playing=false peak_db=-200.0 mix_rate=48000 latency=0.0880 @ http://localhost:8771/index.js:451
[  497878ms] [LOG] MON 1 playing=false pos=0.000 stream_playing=false peak_db=-200.0 mix_rate=48000 latency=0.0880 @ http://localhost:8771/index.js:451
[  498128ms] [LOG] MON 1 playing=false pos=0.000 stream_playing=false peak_db=-200.0 mix_rate=48000 latency=0.0880 @ http://localhost:8771/index.js:451
[  498378ms] [LOG] MON 1 playing=false pos=0.000 stream_playing=false peak_db=-200.0 mix_rate=48000 latency=0.0880 @ http://localhost:8771/index.js:451
[  498628ms] [LOG] MON 1 playing=false pos=0.000 stream_playing=false peak_db=-200.0 mix_rate=48000 latency=0.0880 @ http://localhost:8771/index.js:451
[  498876ms] [LOG] MON 1 playing=false pos=0.000 stream_playing=false peak_db=-200.0 mix_rate=48000 latency=0.0880 @ http://localhost:8771/index.js:451
[  499127ms] [LOG] MON 1 playing=false pos=0.000 stream_playing=false peak_db=-200.0 mix_rate=48000 latency=0.0880 @ http://localhost:8771/index.js:451
[  499377ms] [LOG] MON 1 playing=false pos=0.000 stream_playing=false peak_db=-200.0 mix_rate=48000 latency=0.0880 @ http://localhost:8771/index.js:451
[  499628ms] [LOG] MON 1 playing=false pos=0.000 stream_playing=false peak_db=-200.0 mix_rate=48000 latency=0.0880 @ http://localhost:8771/index.js:451
[  499877ms] [LOG] MON 1 playing=false pos=0.000 stream_playing=false peak_db=-200.0 mix_rate=48000 latency=0.0880 @ http://localhost:8771/index.js:451
[  500131ms] [LOG] MON 1 playing=false pos=0.000 stream_playing=false peak_db=-200.0 mix_rate=48000 latency=0.0880 @ http://localhost:8771/index.js:451
[  500378ms] [LOG] MON 1 playing=false pos=0.000 stream_playing=false peak_db=-200.0 mix_rate=48000 latency=0.0880 @ http://localhost:8771/index.js:451
[  500626ms] [LOG] MON 1 playing=false pos=0.000 stream_playing=false peak_db=-200.0 mix_rate=48000 latency=0.0880 @ http://localhost:8771/index.js:451
[  500878ms] [LOG] MON 1 playing=false pos=0.000 stream_playing=false peak_db=-200.0 mix_rate=48000 latency=0.0880 @ http://localhost:8771/index.js:451
[  501128ms] [LOG] MON 1 playing=false pos=0.000 stream_playing=false peak_db=-200.0 mix_rate=48000 latency=0.0880 @ http://localhost:8771/index.js:451
[  501377ms] [LOG] MON 1 playing=false pos=0.000 stream_playing=false peak_db=-200.0 mix_rate=48000 latency=0.0880 @ http://localhost:8771/index.js:451
[  501628ms] [LOG] MON 1 playing=false pos=0.000 stream_playing=false peak_db=-200.0 mix_rate=48000 latency=0.0880 @ http://localhost:8771/index.js:451
[  501877ms] [LOG] MON 1 playing=false pos=0.000 stream_playing=false peak_db=-200.0 mix_rate=48000 latency=0.0880 @ http://localhost:8771/index.js:451
[  502129ms] [LOG] MON 1 playing=false pos=0.000 stream_playing=false peak_db=-200.0 mix_rate=48000 latency=0.0880 @ http://localhost:8771/index.js:451
[  502378ms] [LOG] MON 1 playing=false pos=0.000 stream_playing=false peak_db=-200.0 mix_rate=48000 latency=0.0880 @ http://localhost:8771/index.js:451
[  502627ms] [LOG] MON 1 playing=false pos=0.000 stream_playing=false peak_db=-200.0 mix_rate=48000 latency=0.0880 @ http://localhost:8771/index.js:451
[  502877ms] [LOG] MON 1 playing=false pos=0.000 stream_playing=false peak_db=-200.0 mix_rate=48000 latency=0.0880 @ http://localhost:8771/index.js:451
[  503127ms] [LOG] MON 1 playing=false pos=0.000 stream_playing=false peak_db=-200.0 mix_rate=48000 latency=0.0880 @ http://localhost:8771/index.js:451
[  503377ms] [LOG] MON 1 playing=false pos=0.000 stream_playing=false peak_db=-200.0 mix_rate=48000 latency=0.0880 @ http://localhost:8771/index.js:451
[  503628ms] [LOG] MON 1 playing=false pos=0.000 stream_playing=false peak_db=-200.0 mix_rate=48000 latency=0.0880 @ http://localhost:8771/index.js:451
[  503876ms] [LOG] MON 1 playing=false pos=0.000 stream_playing=false peak_db=-200.0 mix_rate=48000 latency=0.0880 @ http://localhost:8771/index.js:451
[  504128ms] [LOG] MON 1 playing=false pos=0.000 stream_playing=false peak_db=-200.0 mix_rate=48000 latency=0.0880 @ http://localhost:8771/index.js:451
[  504378ms] [LOG] MON 1 playing=false pos=0.000 stream_playing=false peak_db=-200.0 mix_rate=48000 latency=0.0880 @ http://localhost:8771/index.js:451
[  504629ms] [LOG] MON 1 playing=false pos=0.000 stream_playing=false peak_db=-200.0 mix_rate=48000 latency=0.0880 @ http://localhost:8771/index.js:451
[  504878ms] [LOG] MON 1 playing=false pos=0.000 stream_playing=false peak_db=-200.0 mix_rate=48000 latency=0.0880 @ http://localhost:8771/index.js:451
[  505127ms] [LOG] MON 1 playing=false pos=0.000 stream_playing=false peak_db=-200.0 mix_rate=48000 latency=0.0880 @ http://localhost:8771/index.js:451
[  505378ms] [LOG] MON 1 playing=false pos=0.000 stream_playing=false peak_db=-200.0 mix_rate=48000 latency=0.0880 @ http://localhost:8771/index.js:451
[  505626ms] [LOG] MON 1 playing=false pos=0.000 stream_playing=false peak_db=-200.0 mix_rate=48000 latency=0.0880 @ http://localhost:8771/index.js:451
[  505878ms] [LOG] MON 1 playing=false pos=0.000 stream_playing=false peak_db=-200.0 mix_rate=48000 latency=0.0880 @ http://localhost:8771/index.js:451
[  506126ms] [LOG] MON 1 playing=false pos=0.000 stream_playing=false peak_db=-200.0 mix_rate=48000 latency=0.0880 @ http://localhost:8771/index.js:451
[  506378ms] [LOG] MON 1 playing=false pos=0.000 stream_playing=false peak_db=-200.0 mix_rate=48000 latency=0.0880 @ http://localhost:8771/index.js:451
[  506626ms] [LOG] MON 1 playing=false pos=0.000 stream_playing=false peak_db=-200.0 mix_rate=48000 latency=0.0880 @ http://localhost:8771/index.js:451
[  506878ms] [LOG] MON 1 playing=false pos=0.000 stream_playing=false peak_db=-200.0 mix_rate=48000 latency=0.0880 @ http://localhost:8771/index.js:451
[  507127ms] [LOG] MON 1 playing=false pos=0.000 stream_playing=false peak_db=-200.0 mix_rate=48000 latency=0.0880 @ http://localhost:8771/index.js:451
[  507378ms] [LOG] MON 1 playing=false pos=0.000 stream_playing=false peak_db=-200.0 mix_rate=48000 latency=0.0880 @ http://localhost:8771/index.js:451
[  507628ms] [LOG] MON 1 playing=false pos=0.000 stream_playing=false peak_db=-200.0 mix_rate=48000 latency=0.0880 @ http://localhost:8771/index.js:451
[  507878ms] [LOG] MON 1 playing=false pos=0.000 stream_playing=false peak_db=-200.0 mix_rate=48000 latency=0.0880 @ http://localhost:8771/index.js:451
[  508127ms] [LOG] MON 1 playing=false pos=0.000 stream_playing=false peak_db=-200.0 mix_rate=48000 latency=0.0880 @ http://localhost:8771/index.js:451
[  508378ms] [LOG] MON 1 playing=false pos=0.000 stream_playing=false peak_db=-200.0 mix_rate=48000 latency=0.0880 @ http://localhost:8771/index.js:451
[  508628ms] [LOG] MON 1 playing=false pos=0.000 stream_playing=false peak_db=-200.0 mix_rate=48000 latency=0.0880 @ http://localhost:8771/index.js:451
[  508878ms] [LOG] MON 1 playing=false pos=0.000 stream_playing=false peak_db=-200.0 mix_rate=48000 latency=0.0880 @ http://localhost:8771/index.js:451
[  509128ms] [LOG] MON 1 playing=false pos=0.000 stream_playing=false peak_db=-200.0 mix_rate=48000 latency=0.0880 @ http://localhost:8771/index.js:451
[  509378ms] [LOG] MON 1 playing=false pos=0.000 stream_playing=false peak_db=-200.0 mix_rate=48000 latency=0.0880 @ http://localhost:8771/index.js:451
[  509628ms] [LOG] MON 1 playing=false pos=0.000 stream_playing=false peak_db=-200.0 mix_rate=48000 latency=0.0880 @ http://localhost:8771/index.js:451
[  509879ms] [LOG] MON 1 playing=false pos=0.000 stream_playing=false peak_db=-200.0 mix_rate=48000 latency=0.0880 @ http://localhost:8771/index.js:451
[  510127ms] [LOG] MON 1 playing=false pos=0.000 stream_playing=false peak_db=-200.0 mix_rate=48000 latency=0.0880 @ http://localhost:8771/index.js:451
[  510378ms] [LOG] MON 1 playing=false pos=0.000 stream_playing=false peak_db=-200.0 mix_rate=48000 latency=0.0880 @ http://localhost:8771/index.js:451
[  510628ms] [LOG] MON 1 playing=false pos=0.000 stream_playing=false peak_db=-200.0 mix_rate=48000 latency=0.0880 @ http://localhost:8771/index.js:451
[  510878ms] [LOG] MON 1 playing=false pos=0.000 stream_playing=false peak_db=-200.0 mix_rate=48000 latency=0.0880 @ http://localhost:8771/index.js:451
[  511127ms] [LOG] MON 1 playing=false pos=0.000 stream_playing=false peak_db=-200.0 mix_rate=48000 latency=0.0880 @ http://localhost:8771/index.js:451
[  511379ms] [LOG] MON 1 playing=false pos=0.000 stream_playing=false peak_db=-200.0 mix_rate=48000 latency=0.0880 @ http://localhost:8771/index.js:451
[  511628ms] [LOG] MON 1 playing=false pos=0.000 stream_playing=false peak_db=-200.0 mix_rate=48000 latency=0.0880 @ http://localhost:8771/index.js:451
[  511878ms] [LOG] MON 1 playing=false pos=0.000 stream_playing=false peak_db=-200.0 mix_rate=48000 latency=0.0880 @ http://localhost:8771/index.js:451
[  512129ms] [LOG] MON 1 playing=false pos=0.000 stream_playing=false peak_db=-200.0 mix_rate=48000 latency=0.0880 @ http://localhost:8771/index.js:451
[  512378ms] [LOG] MON 1 playing=false pos=0.000 stream_playing=false peak_db=-200.0 mix_rate=48000 latency=0.0880 @ http://localhost:8771/index.js:451
[  512628ms] [LOG] MON 1 playing=false pos=0.000 stream_playing=false peak_db=-200.0 mix_rate=48000 latency=0.0880 @ http://localhost:8771/index.js:451
[  512878ms] [LOG] MON 1 playing=false pos=0.000 stream_playing=false peak_db=-200.0 mix_rate=48000 latency=0.0880 @ http://localhost:8771/index.js:451
[  513128ms] [LOG] MON 1 playing=false pos=0.000 stream_playing=false peak_db=-200.0 mix_rate=48000 latency=0.0880 @ http://localhost:8771/index.js:451
[  513376ms] [LOG] MON 1 playing=false pos=0.000 stream_playing=false peak_db=-200.0 mix_rate=48000 latency=0.0880 @ http://localhost:8771/index.js:451
[  513630ms] [LOG] MON 1 playing=false pos=0.000 stream_playing=false peak_db=-200.0 mix_rate=48000 latency=0.0880 @ http://localhost:8771/index.js:451
[  513878ms] [LOG] MON 1 playing=false pos=0.000 stream_playing=false peak_db=-200.0 mix_rate=48000 latency=0.0880 @ http://localhost:8771/index.js:451
[  514128ms] [LOG] MON 1 playing=false pos=0.000 stream_playing=false peak_db=-200.0 mix_rate=48000 latency=0.0880 @ http://localhost:8771/index.js:451
[  514379ms] [LOG] MON 1 playing=false pos=0.000 stream_playing=false peak_db=-200.0 mix_rate=48000 latency=0.0880 @ http://localhost:8771/index.js:451
[  514629ms] [LOG] MON 1 playing=false pos=0.000 stream_playing=false peak_db=-200.0 mix_rate=48000 latency=0.0880 @ http://localhost:8771/index.js:451
[  514878ms] [LOG] MON 1 playing=false pos=0.000 stream_playing=false peak_db=-200.0 mix_rate=48000 latency=0.0880 @ http://localhost:8771/index.js:451
[  515130ms] [LOG] MON 1 playing=false pos=0.000 stream_playing=false peak_db=-200.0 mix_rate=48000 latency=0.0880 @ http://localhost:8771/index.js:451
[  515378ms] [LOG] MON 1 playing=false pos=0.000 stream_playing=false peak_db=-200.0 mix_rate=48000 latency=0.0880 @ http://localhost:8771/index.js:451
[  515633ms] [LOG] MON 1 playing=false pos=0.000 stream_playing=false peak_db=-200.0 mix_rate=48000 latency=0.0880 @ http://localhost:8771/index.js:451
[  515877ms] [LOG] MON 1 playing=false pos=0.000 stream_playing=false peak_db=-200.0 mix_rate=48000 latency=0.0880 @ http://localhost:8771/index.js:451
[  516128ms] [LOG] MON 1 playing=false pos=0.000 stream_playing=false peak_db=-200.0 mix_rate=48000 latency=0.0880 @ http://localhost:8771/index.js:451
[  516379ms] [LOG] MON 1 playing=false pos=0.000 stream_playing=false peak_db=-200.0 mix_rate=48000 latency=0.0880 @ http://localhost:8771/index.js:451
[  516628ms] [LOG] MON 1 playing=false pos=0.000 stream_playing=false peak_db=-200.0 mix_rate=48000 latency=0.0880 @ http://localhost:8771/index.js:451
[  516876ms] [LOG] MON 1 playing=false pos=0.000 stream_playing=false peak_db=-200.0 mix_rate=48000 latency=0.0880 @ http://localhost:8771/index.js:451
[  517128ms] [LOG] MON 1 playing=false pos=0.000 stream_playing=false peak_db=-200.0 mix_rate=48000 latency=0.0880 @ http://localhost:8771/index.js:451
[  517378ms] [LOG] MON 1 playing=false pos=0.000 stream_playing=false peak_db=-200.0 mix_rate=48000 latency=0.0880 @ http://localhost:8771/index.js:451
[  517629ms] [LOG] MON 1 playing=false pos=0.000 stream_playing=false peak_db=-200.0 mix_rate=48000 latency=0.0880 @ http://localhost:8771/index.js:451
[  517879ms] [LOG] MON 1 playing=false pos=0.000 stream_playing=false peak_db=-200.0 mix_rate=48000 latency=0.0880 @ http://localhost:8771/index.js:451
[  518129ms] [LOG] MON 1 playing=false pos=0.000 stream_playing=false peak_db=-200.0 mix_rate=48000 latency=0.0880 @ http://localhost:8771/index.js:451
[  518378ms] [LOG] MON 1 playing=false pos=0.000 stream_playing=false peak_db=-200.0 mix_rate=48000 latency=0.0880 @ http://localhost:8771/index.js:451
[  518627ms] [LOG] MON 1 playing=false pos=0.000 stream_playing=false peak_db=-200.0 mix_rate=48000 latency=0.0800 @ http://localhost:8771/index.js:451
[  518878ms] [LOG] MON 1 playing=false pos=0.000 stream_playing=false peak_db=-200.0 mix_rate=48000 latency=0.0800 @ http://localhost:8771/index.js:451
[  519128ms] [LOG] MON 1 playing=false pos=0.000 stream_playing=false peak_db=-200.0 mix_rate=48000 latency=0.0800 @ http://localhost:8771/index.js:451
[  519378ms] [LOG] MON 1 playing=false pos=0.000 stream_playing=false peak_db=-200.0 mix_rate=48000 latency=0.0800 @ http://localhost:8771/index.js:451
[  519630ms] [LOG] MON 1 playing=false pos=0.000 stream_playing=false peak_db=-200.0 mix_rate=48000 latency=0.0880 @ http://localhost:8771/index.js:451
[  519878ms] [LOG] MON 1 playing=false pos=0.000 stream_playing=false peak_db=-200.0 mix_rate=48000 latency=0.0880 @ http://localhost:8771/index.js:451
[  520127ms] [LOG] MON 1 playing=false pos=0.000 stream_playing=false peak_db=-200.0 mix_rate=48000 latency=0.0880 @ http://localhost:8771/index.js:451
[  520379ms] [LOG] MON 1 playing=false pos=0.000 stream_playing=false peak_db=-200.0 mix_rate=48000 latency=0.0880 @ http://localhost:8771/index.js:451
[  520631ms] [LOG] MON 1 playing=false pos=0.000 stream_playing=false peak_db=-200.0 mix_rate=48000 latency=0.0880 @ http://localhost:8771/index.js:451
[  520879ms] [LOG] MON 1 playing=false pos=0.000 stream_playing=false peak_db=-200.0 mix_rate=48000 latency=0.0880 @ http://localhost:8771/index.js:451
[  521129ms] [LOG] MON 1 playing=false pos=0.000 stream_playing=false peak_db=-200.0 mix_rate=48000 latency=0.0880 @ http://localhost:8771/index.js:451
[  521379ms] [LOG] MON 1 playing=false pos=0.000 stream_playing=false peak_db=-200.0 mix_rate=48000 latency=0.0880 @ http://localhost:8771/index.js:451
[  521628ms] [LOG] MON 1 playing=false pos=0.000 stream_playing=false peak_db=-200.0 mix_rate=48000 latency=0.0880 @ http://localhost:8771/index.js:451
[  521880ms] [LOG] MON 1 playing=false pos=0.000 stream_playing=false peak_db=-200.0 mix_rate=48000 latency=0.0880 @ http://localhost:8771/index.js:451
[  522129ms] [LOG] MON 1 playing=false pos=0.000 stream_playing=false peak_db=-200.0 mix_rate=48000 latency=0.0880 @ http://localhost:8771/index.js:451
[  522378ms] [LOG] MON 1 playing=false pos=0.000 stream_playing=false peak_db=-200.0 mix_rate=48000 latency=0.0880 @ http://localhost:8771/index.js:451
[  522632ms] [LOG] MON 1 playing=false pos=0.000 stream_playing=false peak_db=-200.0 mix_rate=48000 latency=0.0880 @ http://localhost:8771/index.js:451
[  522878ms] [LOG] MON 1 playing=false pos=0.000 stream_playing=false peak_db=-200.0 mix_rate=48000 latency=0.0880 @ http://localhost:8771/index.js:451
[  523128ms] [LOG] MON 1 playing=false pos=0.000 stream_playing=false peak_db=-200.0 mix_rate=48000 latency=0.0880 @ http://localhost:8771/index.js:451
[  523377ms] [LOG] MON 1 playing=false pos=0.000 stream_playing=false peak_db=-200.0 mix_rate=48000 latency=0.0880 @ http://localhost:8771/index.js:451
[  523628ms] [LOG] MON 1 playing=false pos=0.000 stream_playing=false peak_db=-200.0 mix_rate=48000 latency=0.0880 @ http://localhost:8771/index.js:451
[  523879ms] [LOG] MON 1 playing=false pos=0.000 stream_playing=false peak_db=-200.0 mix_rate=48000 latency=0.0880 @ http://localhost:8771/index.js:451
[  524129ms] [LOG] MON 1 playing=false pos=0.000 stream_playing=false peak_db=-200.0 mix_rate=48000 latency=0.0880 @ http://localhost:8771/index.js:451
[  524380ms] [LOG] MON 1 playing=false pos=0.000 stream_playing=false peak_db=-200.0 mix_rate=48000 latency=0.0880 @ http://localhost:8771/index.js:451
[  524630ms] [LOG] MON 1 playing=false pos=0.000 stream_playing=false peak_db=-200.0 mix_rate=48000 latency=0.0880 @ http://localhost:8771/index.js:451
[  524879ms] [LOG] MON 1 playing=false pos=0.000 stream_playing=false peak_db=-200.0 mix_rate=48000 latency=0.0880 @ http://localhost:8771/index.js:451
[  525131ms] [LOG] MON 1 playing=false pos=0.000 stream_playing=false peak_db=-200.0 mix_rate=48000 latency=0.0880 @ http://localhost:8771/index.js:451
[  525376ms] [LOG] MON 1 playing=false pos=0.000 stream_playing=false peak_db=-200.0 mix_rate=48000 latency=0.0880 @ http://localhost:8771/index.js:451
[  525628ms] [LOG] MON 1 playing=false pos=0.000 stream_playing=false peak_db=-200.0 mix_rate=48000 latency=0.0880 @ http://localhost:8771/index.js:451
[  525878ms] [LOG] MON 1 playing=false pos=0.000 stream_playing=false peak_db=-200.0 mix_rate=48000 latency=0.0880 @ http://localhost:8771/index.js:451
[  526127ms] [LOG] MON 1 playing=false pos=0.000 stream_playing=false peak_db=-200.0 mix_rate=48000 latency=0.0880 @ http://localhost:8771/index.js:451
[  526379ms] [LOG] MON 1 playing=false pos=0.000 stream_playing=false peak_db=-200.0 mix_rate=48000 latency=0.0880 @ http://localhost:8771/index.js:451
[  526628ms] [LOG] MON 1 playing=false pos=0.000 stream_playing=false peak_db=-200.0 mix_rate=48000 latency=0.0880 @ http://localhost:8771/index.js:451
[  526879ms] [LOG] MON 1 playing=false pos=0.000 stream_playing=false peak_db=-200.0 mix_rate=48000 latency=0.0880 @ http://localhost:8771/index.js:451
[  527128ms] [LOG] MON 1 playing=false pos=0.000 stream_playing=false peak_db=-200.0 mix_rate=48000 latency=0.0880 @ http://localhost:8771/index.js:451
[  527378ms] [LOG] MON 1 playing=false pos=0.000 stream_playing=false peak_db=-200.0 mix_rate=48000 latency=0.0880 @ http://localhost:8771/index.js:451
[  527628ms] [LOG] MON 1 playing=false pos=0.000 stream_playing=false peak_db=-200.0 mix_rate=48000 latency=0.0880 @ http://localhost:8771/index.js:451
[  527881ms] [LOG] MON 1 playing=false pos=0.000 stream_playing=false peak_db=-200.0 mix_rate=48000 latency=0.0880 @ http://localhost:8771/index.js:451
[  528127ms] [LOG] MON 1 playing=false pos=0.000 stream_playing=false peak_db=-200.0 mix_rate=48000 latency=0.0880 @ http://localhost:8771/index.js:451
[  528379ms] [LOG] MON 1 playing=false pos=0.000 stream_playing=false peak_db=-200.0 mix_rate=48000 latency=0.0880 @ http://localhost:8771/index.js:451
[  528628ms] [LOG] MON 1 playing=false pos=0.000 stream_playing=false peak_db=-200.0 mix_rate=48000 latency=0.0880 @ http://localhost:8771/index.js:451
[  528879ms] [LOG] MON 1 playing=false pos=0.000 stream_playing=false peak_db=-200.0 mix_rate=48000 latency=0.0880 @ http://localhost:8771/index.js:451
[  529127ms] [LOG] MON 1 playing=false pos=0.000 stream_playing=false peak_db=-200.0 mix_rate=48000 latency=0.0880 @ http://localhost:8771/index.js:451
[  529380ms] [LOG] MON 1 playing=false pos=0.000 stream_playing=false peak_db=-200.0 mix_rate=48000 latency=0.0880 @ http://localhost:8771/index.js:451
[  529628ms] [LOG] MON 1 playing=false pos=0.000 stream_playing=false peak_db=-200.0 mix_rate=48000 latency=0.0880 @ http://localhost:8771/index.js:451
[  529881ms] [LOG] MON 1 playing=false pos=0.000 stream_playing=false peak_db=-200.0 mix_rate=48000 latency=0.0880 @ http://localhost:8771/index.js:451
[  530128ms] [LOG] MON 1 playing=false pos=0.000 stream_playing=false peak_db=-200.0 mix_rate=48000 latency=0.0880 @ http://localhost:8771/index.js:451
[  530377ms] [LOG] MON 1 playing=false pos=0.000 stream_playing=false peak_db=-200.0 mix_rate=48000 latency=0.0880 @ http://localhost:8771/index.js:451
[  530628ms] [LOG] MON 1 playing=false pos=0.000 stream_playing=false peak_db=-200.0 mix_rate=48000 latency=0.0880 @ http://localhost:8771/index.js:451
[  530877ms] [LOG] MON 1 playing=false pos=0.000 stream_playing=false peak_db=-200.0 mix_rate=48000 latency=0.0880 @ http://localhost:8771/index.js:451
[  531129ms] [LOG] MON 1 playing=false pos=0.000 stream_playing=false peak_db=-200.0 mix_rate=48000 latency=0.0880 @ http://localhost:8771/index.js:451
[  531379ms] [LOG] MON 1 playing=false pos=0.000 stream_playing=false peak_db=-200.0 mix_rate=48000 latency=0.0880 @ http://localhost:8771/index.js:451
[  531628ms] [LOG] MON 1 playing=false pos=0.000 stream_playing=false peak_db=-200.0 mix_rate=48000 latency=0.0880 @ http://localhost:8771/index.js:451
[  531878ms] [LOG] MON 1 playing=false pos=0.000 stream_playing=false peak_db=-200.0 mix_rate=48000 latency=0.0880 @ http://localhost:8771/index.js:451
[  532128ms] [LOG] MON 1 playing=false pos=0.000 stream_playing=false peak_db=-200.0 mix_rate=48000 latency=0.0880 @ http://localhost:8771/index.js:451
[  532378ms] [LOG] MON 1 playing=false pos=0.000 stream_playing=false peak_db=-200.0 mix_rate=48000 latency=0.0880 @ http://localhost:8771/index.js:451
[  532629ms] [LOG] MON 1 playing=false pos=0.000 stream_playing=false peak_db=-200.0 mix_rate=48000 latency=0.0880 @ http://localhost:8771/index.js:451
[  532878ms] [LOG] MON 1 playing=false pos=0.000 stream_playing=false peak_db=-200.0 mix_rate=48000 latency=0.0880 @ http://localhost:8771/index.js:451
[  533128ms] [LOG] MON 1 playing=false pos=0.000 stream_playing=false peak_db=-200.0 mix_rate=48000 latency=0.0880 @ http://localhost:8771/index.js:451
[  533379ms] [LOG] MON 1 playing=false pos=0.000 stream_playing=false peak_db=-200.0 mix_rate=48000 latency=0.0880 @ http://localhost:8771/index.js:451
[  533628ms] [LOG] MON 1 playing=false pos=0.000 stream_playing=false peak_db=-200.0 mix_rate=48000 latency=0.0880 @ http://localhost:8771/index.js:451
[  533881ms] [LOG] MON 1 playing=false pos=0.000 stream_playing=false peak_db=-200.0 mix_rate=48000 latency=0.0880 @ http://localhost:8771/index.js:451
[  534127ms] [LOG] MON 1 playing=false pos=0.000 stream_playing=false peak_db=-200.0 mix_rate=48000 latency=0.0880 @ http://localhost:8771/index.js:451
[  534379ms] [LOG] MON 1 playing=false pos=0.000 stream_playing=false peak_db=-200.0 mix_rate=48000 latency=0.0880 @ http://localhost:8771/index.js:451
[  534629ms] [LOG] MON 1 playing=false pos=0.000 stream_playing=false peak_db=-200.0 mix_rate=48000 latency=0.0880 @ http://localhost:8771/index.js:451
[  534877ms] [LOG] MON 1 playing=false pos=0.000 stream_playing=false peak_db=-200.0 mix_rate=48000 latency=0.0880 @ http://localhost:8771/index.js:451
[  535128ms] [LOG] MON 1 playing=false pos=0.000 stream_playing=false peak_db=-200.0 mix_rate=48000 latency=0.0880 @ http://localhost:8771/index.js:451
[  535379ms] [LOG] MON 1 playing=false pos=0.000 stream_playing=false peak_db=-200.0 mix_rate=48000 latency=0.0880 @ http://localhost:8771/index.js:451
[  535630ms] [LOG] MON 1 playing=false pos=0.000 stream_playing=false peak_db=-200.0 mix_rate=48000 latency=0.0880 @ http://localhost:8771/index.js:451
[  535878ms] [LOG] MON 1 playing=false pos=0.000 stream_playing=false peak_db=-200.0 mix_rate=48000 latency=0.0880 @ http://localhost:8771/index.js:451
[  536128ms] [LOG] MON 1 playing=false pos=0.000 stream_playing=false peak_db=-200.0 mix_rate=48000 latency=0.0880 @ http://localhost:8771/index.js:451
[  536381ms] [LOG] MON 1 playing=false pos=0.000 stream_playing=false peak_db=-200.0 mix_rate=48000 latency=0.0880 @ http://localhost:8771/index.js:451
[  536629ms] [LOG] MON 1 playing=false pos=0.000 stream_playing=false peak_db=-200.0 mix_rate=48000 latency=0.0880 @ http://localhost:8771/index.js:451
[  536880ms] [LOG] MON 1 playing=false pos=0.000 stream_playing=false peak_db=-200.0 mix_rate=48000 latency=0.0880 @ http://localhost:8771/index.js:451
[  537131ms] [LOG] MON 1 playing=false pos=0.000 stream_playing=false peak_db=-200.0 mix_rate=48000 latency=0.0880 @ http://localhost:8771/index.js:451
[  537378ms] [LOG] MON 1 playing=false pos=0.000 stream_playing=false peak_db=-200.0 mix_rate=48000 latency=0.0880 @ http://localhost:8771/index.js:451
[  537629ms] [LOG] MON 1 playing=false pos=0.000 stream_playing=false peak_db=-200.0 mix_rate=48000 latency=0.0880 @ http://localhost:8771/index.js:451
[  537883ms] [LOG] MON 1 playing=false pos=0.000 stream_playing=false peak_db=-200.0 mix_rate=48000 latency=0.0880 @ http://localhost:8771/index.js:451
[  538128ms] [LOG] MON 1 playing=false pos=0.000 stream_playing=false peak_db=-200.0 mix_rate=48000 latency=0.0880 @ http://localhost:8771/index.js:451
[  538378ms] [LOG] MON 1 playing=false pos=0.000 stream_playing=false peak_db=-200.0 mix_rate=48000 latency=0.0880 @ http://localhost:8771/index.js:451
[  538626ms] [LOG] MON 1 playing=false pos=0.000 stream_playing=false peak_db=-200.0 mix_rate=48000 latency=0.0880 @ http://localhost:8771/index.js:451
[  538878ms] [LOG] MON 1 playing=false pos=0.000 stream_playing=false peak_db=-200.0 mix_rate=48000 latency=0.0880 @ http://localhost:8771/index.js:451
[  539129ms] [LOG] MON 1 playing=false pos=0.000 stream_playing=false peak_db=-200.0 mix_rate=48000 latency=0.0880 @ http://localhost:8771/index.js:451
[  539378ms] [LOG] MON 1 playing=false pos=0.000 stream_playing=false peak_db=-200.0 mix_rate=48000 latency=0.0880 @ http://localhost:8771/index.js:451
[  539628ms] [LOG] MON 1 playing=false pos=0.000 stream_playing=false peak_db=-200.0 mix_rate=48000 latency=0.0880 @ http://localhost:8771/index.js:451
[  539878ms] [LOG] MON 1 playing=false pos=0.000 stream_playing=false peak_db=-200.0 mix_rate=48000 latency=0.0880 @ http://localhost:8771/index.js:451
[  540128ms] [LOG] MON 1 playing=false pos=0.000 stream_playing=false peak_db=-200.0 mix_rate=48000 latency=0.0880 @ http://localhost:8771/index.js:451
[  540378ms] [LOG] MON 1 playing=false pos=0.000 stream_playing=false peak_db=-200.0 mix_rate=48000 latency=0.0880 @ http://localhost:8771/index.js:451
[  540628ms] [LOG] MON 1 playing=false pos=0.000 stream_playing=false peak_db=-200.0 mix_rate=48000 latency=0.0880 @ http://localhost:8771/index.js:451
[  540878ms] [LOG] MON 1 playing=false pos=0.000 stream_playing=false peak_db=-200.0 mix_rate=48000 latency=0.0880 @ http://localhost:8771/index.js:451
[  541128ms] [LOG] MON 1 playing=false pos=0.000 stream_playing=false peak_db=-200.0 mix_rate=48000 latency=0.0880 @ http://localhost:8771/index.js:451
[  541379ms] [LOG] MON 1 playing=false pos=0.000 stream_playing=false peak_db=-200.0 mix_rate=48000 latency=0.0880 @ http://localhost:8771/index.js:451
[  541628ms] [LOG] MON 1 playing=false pos=0.000 stream_playing=false peak_db=-200.0 mix_rate=48000 latency=0.0880 @ http://localhost:8771/index.js:451
[  541878ms] [LOG] MON 1 playing=false pos=0.000 stream_playing=false peak_db=-200.0 mix_rate=48000 latency=0.0880 @ http://localhost:8771/index.js:451
[  542127ms] [LOG] MON 1 playing=false pos=0.000 stream_playing=false peak_db=-200.0 mix_rate=48000 latency=0.0880 @ http://localhost:8771/index.js:451
[  542378ms] [LOG] MON 1 playing=false pos=0.000 stream_playing=false peak_db=-200.0 mix_rate=48000 latency=0.0880 @ http://localhost:8771/index.js:451
[  542629ms] [LOG] MON 1 playing=false pos=0.000 stream_playing=false peak_db=-200.0 mix_rate=48000 latency=0.0880 @ http://localhost:8771/index.js:451
[  542876ms] [LOG] MON 1 playing=false pos=0.000 stream_playing=false peak_db=-200.0 mix_rate=48000 latency=0.0880 @ http://localhost:8771/index.js:451
[  543129ms] [LOG] MON 1 playing=false pos=0.000 stream_playing=false peak_db=-200.0 mix_rate=48000 latency=0.0880 @ http://localhost:8771/index.js:451
[  543378ms] [LOG] MON 1 playing=false pos=0.000 stream_playing=false peak_db=-200.0 mix_rate=48000 latency=0.0880 @ http://localhost:8771/index.js:451
[  543628ms] [LOG] MON 1 playing=false pos=0.000 stream_playing=false peak_db=-200.0 mix_rate=48000 latency=0.0880 @ http://localhost:8771/index.js:451
[  543878ms] [LOG] MON 1 playing=false pos=0.000 stream_playing=false peak_db=-200.0 mix_rate=48000 latency=0.0880 @ http://localhost:8771/index.js:451
[  544129ms] [LOG] MON 1 playing=false pos=0.000 stream_playing=false peak_db=-200.0 mix_rate=48000 latency=0.0880 @ http://localhost:8771/index.js:451
[  544378ms] [LOG] MON 1 playing=false pos=0.000 stream_playing=false peak_db=-200.0 mix_rate=48000 latency=0.0880 @ http://localhost:8771/index.js:451
[  544628ms] [LOG] MON 1 playing=false pos=0.000 stream_playing=false peak_db=-200.0 mix_rate=48000 latency=0.0880 @ http://localhost:8771/index.js:451
[  544879ms] [LOG] MON 1 playing=false pos=0.000 stream_playing=false peak_db=-200.0 mix_rate=48000 latency=0.0880 @ http://localhost:8771/index.js:451
[  545127ms] [LOG] MON 1 playing=false pos=0.000 stream_playing=false peak_db=-200.0 mix_rate=48000 latency=0.0880 @ http://localhost:8771/index.js:451
[  545378ms] [LOG] MON 1 playing=false pos=0.000 stream_playing=false peak_db=-200.0 mix_rate=48000 latency=0.0880 @ http://localhost:8771/index.js:451
[  545628ms] [LOG] MON 1 playing=false pos=0.000 stream_playing=false peak_db=-200.0 mix_rate=48000 latency=0.0880 @ http://localhost:8771/index.js:451
[  545880ms] [LOG] MON 1 playing=false pos=0.000 stream_playing=false peak_db=-200.0 mix_rate=48000 latency=0.0880 @ http://localhost:8771/index.js:451
[  546128ms] [LOG] MON 1 playing=false pos=0.000 stream_playing=false peak_db=-200.0 mix_rate=48000 latency=0.0880 @ http://localhost:8771/index.js:451
[  546379ms] [LOG] MON 1 playing=false pos=0.000 stream_playing=false peak_db=-200.0 mix_rate=48000 latency=0.0880 @ http://localhost:8771/index.js:451
[  546629ms] [LOG] MON 1 playing=false pos=0.000 stream_playing=false peak_db=-200.0 mix_rate=48000 latency=0.0880 @ http://localhost:8771/index.js:451
[  546878ms] [LOG] MON 1 playing=false pos=0.000 stream_playing=false peak_db=-200.0 mix_rate=48000 latency=0.0880 @ http://localhost:8771/index.js:451
[  547133ms] [LOG] MON 1 playing=false pos=0.000 stream_playing=false peak_db=-200.0 mix_rate=48000 latency=0.0880 @ http://localhost:8771/index.js:451
[  547378ms] [LOG] MON 1 playing=false pos=0.000 stream_playing=false peak_db=-200.0 mix_rate=48000 latency=0.0880 @ http://localhost:8771/index.js:451
[  547626ms] [LOG] MON 1 playing=false pos=0.000 stream_playing=false peak_db=-200.0 mix_rate=48000 latency=0.0880 @ http://localhost:8771/index.js:451
[  547880ms] [LOG] MON 1 playing=false pos=0.000 stream_playing=false peak_db=-200.0 mix_rate=48000 latency=0.0880 @ http://localhost:8771/index.js:451
[  548127ms] [LOG] MON 1 playing=false pos=0.000 stream_playing=false peak_db=-200.0 mix_rate=48000 latency=0.0880 @ http://localhost:8771/index.js:451
[  548378ms] [LOG] MON 1 playing=false pos=0.000 stream_playing=false peak_db=-200.0 mix_rate=48000 latency=0.0880 @ http://localhost:8771/index.js:451
[  548629ms] [LOG] MON 1 playing=false pos=0.000 stream_playing=false peak_db=-200.0 mix_rate=48000 latency=0.0880 @ http://localhost:8771/index.js:451
[  548878ms] [LOG] MON 1 playing=false pos=0.000 stream_playing=false peak_db=-200.0 mix_rate=48000 latency=0.0880 @ http://localhost:8771/index.js:451
[  549128ms] [LOG] MON 1 playing=false pos=0.000 stream_playing=false peak_db=-200.0 mix_rate=48000 latency=0.0880 @ http://localhost:8771/index.js:451
[  549378ms] [LOG] MON 1 playing=false pos=0.000 stream_playing=false peak_db=-200.0 mix_rate=48000 latency=0.0880 @ http://localhost:8771/index.js:451
[  549628ms] [LOG] MON 1 playing=false pos=0.000 stream_playing=false peak_db=-200.0 mix_rate=48000 latency=0.0880 @ http://localhost:8771/index.js:451
[  549876ms] [LOG] MON 1 playing=false pos=0.000 stream_playing=false peak_db=-200.0 mix_rate=48000 latency=0.0880 @ http://localhost:8771/index.js:451
[  550128ms] [LOG] MON 1 playing=false pos=0.000 stream_playing=false peak_db=-200.0 mix_rate=48000 latency=0.0880 @ http://localhost:8771/index.js:451
[  550378ms] [LOG] MON 1 playing=false pos=0.000 stream_playing=false peak_db=-200.0 mix_rate=48000 latency=0.0880 @ http://localhost:8771/index.js:451
[  550629ms] [LOG] MON 1 playing=false pos=0.000 stream_playing=false peak_db=-200.0 mix_rate=48000 latency=0.0880 @ http://localhost:8771/index.js:451
[  550878ms] [LOG] MON 1 playing=false pos=0.000 stream_playing=false peak_db=-200.0 mix_rate=48000 latency=0.0880 @ http://localhost:8771/index.js:451
[  551128ms] [LOG] MON 1 playing=false pos=0.000 stream_playing=false peak_db=-200.0 mix_rate=48000 latency=0.0880 @ http://localhost:8771/index.js:451
[  551379ms] [LOG] MON 1 playing=false pos=0.000 stream_playing=false peak_db=-200.0 mix_rate=48000 latency=0.0880 @ http://localhost:8771/index.js:451
[  551628ms] [LOG] MON 1 playing=false pos=0.000 stream_playing=false peak_db=-200.0 mix_rate=48000 latency=0.0880 @ http://localhost:8771/index.js:451
[  551879ms] [LOG] MON 1 playing=false pos=0.000 stream_playing=false peak_db=-200.0 mix_rate=48000 latency=0.0880 @ http://localhost:8771/index.js:451
[  552127ms] [LOG] MON 1 playing=false pos=0.000 stream_playing=false peak_db=-200.0 mix_rate=48000 latency=0.0880 @ http://localhost:8771/index.js:451
[  552379ms] [LOG] MON 1 playing=false pos=0.000 stream_playing=false peak_db=-200.0 mix_rate=48000 latency=0.0880 @ http://localhost:8771/index.js:451
[  552628ms] [LOG] MON 1 playing=false pos=0.000 stream_playing=false peak_db=-200.0 mix_rate=48000 latency=0.0880 @ http://localhost:8771/index.js:451
[  552876ms] [LOG] MON 1 playing=false pos=0.000 stream_playing=false peak_db=-200.0 mix_rate=48000 latency=0.0880 @ http://localhost:8771/index.js:451
[  553132ms] [LOG] MON 1 playing=false pos=0.000 stream_playing=false peak_db=-200.0 mix_rate=48000 latency=0.0880 @ http://localhost:8771/index.js:451
[  553377ms] [LOG] MON 1 playing=false pos=0.000 stream_playing=false peak_db=-200.0 mix_rate=48000 latency=0.0880 @ http://localhost:8771/index.js:451
[  553629ms] [LOG] MON 1 playing=false pos=0.000 stream_playing=false peak_db=-200.0 mix_rate=48000 latency=0.0880 @ http://localhost:8771/index.js:451
[  553877ms] [LOG] MON 1 playing=false pos=0.000 stream_playing=false peak_db=-200.0 mix_rate=48000 latency=0.0880 @ http://localhost:8771/index.js:451
[  554128ms] [LOG] MON 1 playing=false pos=0.000 stream_playing=false peak_db=-200.0 mix_rate=48000 latency=0.0880 @ http://localhost:8771/index.js:451
[  554379ms] [LOG] MON 1 playing=false pos=0.000 stream_playing=false peak_db=-200.0 mix_rate=48000 latency=0.0880 @ http://localhost:8771/index.js:451
[  554628ms] [LOG] MON 1 playing=false pos=0.000 stream_playing=false peak_db=-200.0 mix_rate=48000 latency=0.0880 @ http://localhost:8771/index.js:451
[  554878ms] [LOG] MON 1 playing=false pos=0.000 stream_playing=false peak_db=-200.0 mix_rate=48000 latency=0.0880 @ http://localhost:8771/index.js:451
[  555128ms] [LOG] MON 1 playing=false pos=0.000 stream_playing=false peak_db=-200.0 mix_rate=48000 latency=0.0880 @ http://localhost:8771/index.js:451
[  555379ms] [LOG] MON 1 playing=false pos=0.000 stream_playing=false peak_db=-200.0 mix_rate=48000 latency=0.0880 @ http://localhost:8771/index.js:451
[  555629ms] [LOG] MON 1 playing=false pos=0.000 stream_playing=false peak_db=-200.0 mix_rate=48000 latency=0.0880 @ http://localhost:8771/index.js:451
[  555883ms] [LOG] MON 1 playing=false pos=0.000 stream_playing=false peak_db=-200.0 mix_rate=48000 latency=0.0880 @ http://localhost:8771/index.js:451
[  556128ms] [LOG] MON 1 playing=false pos=0.000 stream_playing=false peak_db=-200.0 mix_rate=48000 latency=0.0880 @ http://localhost:8771/index.js:451
[  556378ms] [LOG] MON 1 playing=false pos=0.000 stream_playing=false peak_db=-200.0 mix_rate=48000 latency=0.0880 @ http://localhost:8771/index.js:451
[  556627ms] [LOG] MON 1 playing=false pos=0.000 stream_playing=false peak_db=-200.0 mix_rate=48000 latency=0.0880 @ http://localhost:8771/index.js:451
[  556879ms] [LOG] MON 1 playing=false pos=0.000 stream_playing=false peak_db=-200.0 mix_rate=48000 latency=0.0880 @ http://localhost:8771/index.js:451
[  557126ms] [LOG] MON 1 playing=false pos=0.000 stream_playing=false peak_db=-200.0 mix_rate=48000 latency=0.0880 @ http://localhost:8771/index.js:451
[  557378ms] [LOG] MON 1 playing=false pos=0.000 stream_playing=false peak_db=-200.0 mix_rate=48000 latency=0.0880 @ http://localhost:8771/index.js:451
[  557629ms] [LOG] MON 1 playing=false pos=0.000 stream_playing=false peak_db=-200.0 mix_rate=48000 latency=0.0880 @ http://localhost:8771/index.js:451
[  557878ms] [LOG] MON 1 playing=false pos=0.000 stream_playing=false peak_db=-200.0 mix_rate=48000 latency=0.0880 @ http://localhost:8771/index.js:451
[  558128ms] [LOG] MON 1 playing=false pos=0.000 stream_playing=false peak_db=-200.0 mix_rate=48000 latency=0.0880 @ http://localhost:8771/index.js:451
[  558378ms] [LOG] MON 1 playing=false pos=0.000 stream_playing=false peak_db=-200.0 mix_rate=48000 latency=0.0880 @ http://localhost:8771/index.js:451
[  558628ms] [LOG] MON 1 playing=false pos=0.000 stream_playing=false peak_db=-200.0 mix_rate=48000 latency=0.0880 @ http://localhost:8771/index.js:451
[  558878ms] [LOG] MON 1 playing=false pos=0.000 stream_playing=false peak_db=-200.0 mix_rate=48000 latency=0.0880 @ http://localhost:8771/index.js:451
[  559127ms] [LOG] MON 1 playing=false pos=0.000 stream_playing=false peak_db=-200.0 mix_rate=48000 latency=0.0880 @ http://localhost:8771/index.js:451
[  559378ms] [LOG] MON 1 playing=false pos=0.000 stream_playing=false peak_db=-200.0 mix_rate=48000 latency=0.0880 @ http://localhost:8771/index.js:451
[  559628ms] [LOG] MON 1 playing=false pos=0.000 stream_playing=false peak_db=-200.0 mix_rate=48000 latency=0.0880 @ http://localhost:8771/index.js:451
[  559881ms] [LOG] MON 1 playing=false pos=0.000 stream_playing=false peak_db=-200.0 mix_rate=48000 latency=0.0880 @ http://localhost:8771/index.js:451
[  560127ms] [LOG] MON 1 playing=false pos=0.000 stream_playing=false peak_db=-200.0 mix_rate=48000 latency=0.0880 @ http://localhost:8771/index.js:451
[  560384ms] [LOG] MON 1 playing=false pos=0.000 stream_playing=false peak_db=-200.0 mix_rate=48000 latency=0.0880 @ http://localhost:8771/index.js:451
[  560629ms] [LOG] MON 1 playing=false pos=0.000 stream_playing=false peak_db=-200.0 mix_rate=48000 latency=0.0880 @ http://localhost:8771/index.js:451
[  560880ms] [LOG] MON 1 playing=false pos=0.000 stream_playing=false peak_db=-200.0 mix_rate=48000 latency=0.0880 @ http://localhost:8771/index.js:451
[  561128ms] [LOG] MON 1 playing=false pos=0.000 stream_playing=false peak_db=-200.0 mix_rate=48000 latency=0.0880 @ http://localhost:8771/index.js:451
[  561378ms] [LOG] MON 1 playing=false pos=0.000 stream_playing=false peak_db=-200.0 mix_rate=48000 latency=0.0880 @ http://localhost:8771/index.js:451
[  561627ms] [LOG] MON 1 playing=false pos=0.000 stream_playing=false peak_db=-200.0 mix_rate=48000 latency=0.0880 @ http://localhost:8771/index.js:451
[  561877ms] [LOG] MON 1 playing=false pos=0.000 stream_playing=false peak_db=-200.0 mix_rate=48000 latency=0.0880 @ http://localhost:8771/index.js:451
[  562128ms] [LOG] MON 1 playing=false pos=0.000 stream_playing=false peak_db=-200.0 mix_rate=48000 latency=0.0880 @ http://localhost:8771/index.js:451
[  562378ms] [LOG] MON 1 playing=false pos=0.000 stream_playing=false peak_db=-200.0 mix_rate=48000 latency=0.0880 @ http://localhost:8771/index.js:451
[  562628ms] [LOG] MON 1 playing=false pos=0.000 stream_playing=false peak_db=-200.0 mix_rate=48000 latency=0.0880 @ http://localhost:8771/index.js:451
[  562879ms] [LOG] MON 1 playing=false pos=0.000 stream_playing=false peak_db=-200.0 mix_rate=48000 latency=0.0880 @ http://localhost:8771/index.js:451
[  563128ms] [LOG] MON 1 playing=false pos=0.000 stream_playing=false peak_db=-200.0 mix_rate=48000 latency=0.0880 @ http://localhost:8771/index.js:451
[  563380ms] [LOG] MON 1 playing=false pos=0.000 stream_playing=false peak_db=-200.0 mix_rate=48000 latency=0.0880 @ http://localhost:8771/index.js:451
[  563628ms] [LOG] MON 1 playing=false pos=0.000 stream_playing=false peak_db=-200.0 mix_rate=48000 latency=0.0880 @ http://localhost:8771/index.js:451
[  563877ms] [LOG] MON 1 playing=false pos=0.000 stream_playing=false peak_db=-200.0 mix_rate=48000 latency=0.0880 @ http://localhost:8771/index.js:451
[  564128ms] [LOG] MON 1 playing=false pos=0.000 stream_playing=false peak_db=-200.0 mix_rate=48000 latency=0.0880 @ http://localhost:8771/index.js:451
[  564378ms] [LOG] MON 1 playing=false pos=0.000 stream_playing=false peak_db=-200.0 mix_rate=48000 latency=0.0880 @ http://localhost:8771/index.js:451
[  564629ms] [LOG] MON 1 playing=false pos=0.000 stream_playing=false peak_db=-200.0 mix_rate=48000 latency=0.0880 @ http://localhost:8771/index.js:451
[  564879ms] [LOG] MON 1 playing=false pos=0.000 stream_playing=false peak_db=-200.0 mix_rate=48000 latency=0.0880 @ http://localhost:8771/index.js:451
[  565128ms] [LOG] MON 1 playing=false pos=0.000 stream_playing=false peak_db=-200.0 mix_rate=48000 latency=0.0880 @ http://localhost:8771/index.js:451
[  565379ms] [LOG] MON 1 playing=false pos=0.000 stream_playing=false peak_db=-200.0 mix_rate=48000 latency=0.0880 @ http://localhost:8771/index.js:451
[  565627ms] [LOG] MON 1 playing=false pos=0.000 stream_playing=false peak_db=-200.0 mix_rate=48000 latency=0.0880 @ http://localhost:8771/index.js:451
[  565878ms] [LOG] MON 1 playing=false pos=0.000 stream_playing=false peak_db=-200.0 mix_rate=48000 latency=0.0880 @ http://localhost:8771/index.js:451
[  566128ms] [LOG] MON 1 playing=false pos=0.000 stream_playing=false peak_db=-200.0 mix_rate=48000 latency=0.0880 @ http://localhost:8771/index.js:451
[  566379ms] [LOG] MON 1 playing=false pos=0.000 stream_playing=false peak_db=-200.0 mix_rate=48000 latency=0.0880 @ http://localhost:8771/index.js:451
[  566629ms] [LOG] MON 1 playing=false pos=0.000 stream_playing=false peak_db=-200.0 mix_rate=48000 latency=0.0880 @ http://localhost:8771/index.js:451
[  566878ms] [LOG] MON 1 playing=false pos=0.000 stream_playing=false peak_db=-200.0 mix_rate=48000 latency=0.0880 @ http://localhost:8771/index.js:451
[  567126ms] [LOG] MON 1 playing=false pos=0.000 stream_playing=false peak_db=-200.0 mix_rate=48000 latency=0.0880 @ http://localhost:8771/index.js:451
[  567379ms] [LOG] MON 1 playing=false pos=0.000 stream_playing=false peak_db=-200.0 mix_rate=48000 latency=0.0880 @ http://localhost:8771/index.js:451
[  567627ms] [LOG] MON 1 playing=false pos=0.000 stream_playing=false peak_db=-200.0 mix_rate=48000 latency=0.0880 @ http://localhost:8771/index.js:451
[  567878ms] [LOG] MON 1 playing=false pos=0.000 stream_playing=false peak_db=-200.0 mix_rate=48000 latency=0.0880 @ http://localhost:8771/index.js:451
[  568128ms] [LOG] MON 1 playing=false pos=0.000 stream_playing=false peak_db=-200.0 mix_rate=48000 latency=0.0880 @ http://localhost:8771/index.js:451
[  568378ms] [LOG] MON 1 playing=false pos=0.000 stream_playing=false peak_db=-200.0 mix_rate=48000 latency=0.0880 @ http://localhost:8771/index.js:451
[  568628ms] [LOG] MON 1 playing=false pos=0.000 stream_playing=false peak_db=-200.0 mix_rate=48000 latency=0.0880 @ http://localhost:8771/index.js:451
[  568878ms] [LOG] MON 1 playing=false pos=0.000 stream_playing=false peak_db=-200.0 mix_rate=48000 latency=0.0880 @ http://localhost:8771/index.js:451
[  569128ms] [LOG] MON 1 playing=false pos=0.000 stream_playing=false peak_db=-200.0 mix_rate=48000 latency=0.0880 @ http://localhost:8771/index.js:451
[  569379ms] [LOG] MON 1 playing=false pos=0.000 stream_playing=false peak_db=-200.0 mix_rate=48000 latency=0.0880 @ http://localhost:8771/index.js:451
[  569627ms] [LOG] MON 1 playing=false pos=0.000 stream_playing=false peak_db=-200.0 mix_rate=48000 latency=0.0880 @ http://localhost:8771/index.js:451
[  569877ms] [LOG] MON 1 playing=false pos=0.000 stream_playing=false peak_db=-200.0 mix_rate=48000 latency=0.0880 @ http://localhost:8771/index.js:451
[  570126ms] [LOG] MON 1 playing=false pos=0.000 stream_playing=false peak_db=-200.0 mix_rate=48000 latency=0.0880 @ http://localhost:8771/index.js:451
[  570379ms] [LOG] MON 1 playing=false pos=0.000 stream_playing=false peak_db=-200.0 mix_rate=48000 latency=0.0880 @ http://localhost:8771/index.js:451
[  570627ms] [LOG] MON 1 playing=false pos=0.000 stream_playing=false peak_db=-200.0 mix_rate=48000 latency=0.0880 @ http://localhost:8771/index.js:451
[  570877ms] [LOG] MON 1 playing=false pos=0.000 stream_playing=false peak_db=-200.0 mix_rate=48000 latency=0.0880 @ http://localhost:8771/index.js:451
[  571128ms] [LOG] MON 1 playing=false pos=0.000 stream_playing=false peak_db=-200.0 mix_rate=48000 latency=0.0880 @ http://localhost:8771/index.js:451
[  571379ms] [LOG] MON 1 playing=false pos=0.000 stream_playing=false peak_db=-200.0 mix_rate=48000 latency=0.0880 @ http://localhost:8771/index.js:451
[  571626ms] [LOG] MON 1 playing=false pos=0.000 stream_playing=false peak_db=-200.0 mix_rate=48000 latency=0.0880 @ http://localhost:8771/index.js:451
[  571879ms] [LOG] MON 1 playing=false pos=0.000 stream_playing=false peak_db=-200.0 mix_rate=48000 latency=0.0880 @ http://localhost:8771/index.js:451
[  572128ms] [LOG] MON 1 playing=false pos=0.000 stream_playing=false peak_db=-200.0 mix_rate=48000 latency=0.0880 @ http://localhost:8771/index.js:451
[  572380ms] [LOG] MON 1 playing=false pos=0.000 stream_playing=false peak_db=-200.0 mix_rate=48000 latency=0.0880 @ http://localhost:8771/index.js:451
[  572628ms] [LOG] MON 1 playing=false pos=0.000 stream_playing=false peak_db=-200.0 mix_rate=48000 latency=0.0880 @ http://localhost:8771/index.js:451
[  572878ms] [LOG] MON 1 playing=false pos=0.000 stream_playing=false peak_db=-200.0 mix_rate=48000 latency=0.0880 @ http://localhost:8771/index.js:451
[  573127ms] [LOG] MON 1 playing=false pos=0.000 stream_playing=false peak_db=-200.0 mix_rate=48000 latency=0.0880 @ http://localhost:8771/index.js:451
[  573376ms] [LOG] MON 1 playing=false pos=0.000 stream_playing=false peak_db=-200.0 mix_rate=48000 latency=0.0880 @ http://localhost:8771/index.js:451
[  573631ms] [LOG] MON 1 playing=false pos=0.000 stream_playing=false peak_db=-200.0 mix_rate=48000 latency=0.0880 @ http://localhost:8771/index.js:451
[  573879ms] [LOG] MON 1 playing=false pos=0.000 stream_playing=false peak_db=-200.0 mix_rate=48000 latency=0.0880 @ http://localhost:8771/index.js:451
[  574126ms] [LOG] MON 1 playing=false pos=0.000 stream_playing=false peak_db=-200.0 mix_rate=48000 latency=0.0880 @ http://localhost:8771/index.js:451
[  574378ms] [LOG] MON 1 playing=false pos=0.000 stream_playing=false peak_db=-200.0 mix_rate=48000 latency=0.0880 @ http://localhost:8771/index.js:451
[  574629ms] [LOG] MON 1 playing=false pos=0.000 stream_playing=false peak_db=-200.0 mix_rate=48000 latency=0.0880 @ http://localhost:8771/index.js:451
[  574878ms] [LOG] MON 1 playing=false pos=0.000 stream_playing=false peak_db=-200.0 mix_rate=48000 latency=0.0880 @ http://localhost:8771/index.js:451
[  575126ms] [LOG] MON 1 playing=false pos=0.000 stream_playing=false peak_db=-200.0 mix_rate=48000 latency=0.0880 @ http://localhost:8771/index.js:451
[  575378ms] [LOG] MON 1 playing=false pos=0.000 stream_playing=false peak_db=-200.0 mix_rate=48000 latency=0.0880 @ http://localhost:8771/index.js:451
[  575629ms] [LOG] MON 1 playing=false pos=0.000 stream_playing=false peak_db=-200.0 mix_rate=48000 latency=0.0880 @ http://localhost:8771/index.js:451
[  575876ms] [LOG] MON 1 playing=false pos=0.000 stream_playing=false peak_db=-200.0 mix_rate=48000 latency=0.0880 @ http://localhost:8771/index.js:451
[  576129ms] [LOG] MON 1 playing=false pos=0.000 stream_playing=false peak_db=-200.0 mix_rate=48000 latency=0.0880 @ http://localhost:8771/index.js:451
[  576378ms] [LOG] MON 1 playing=false pos=0.000 stream_playing=false peak_db=-200.0 mix_rate=48000 latency=0.0880 @ http://localhost:8771/index.js:451
[  576628ms] [LOG] MON 1 playing=false pos=0.000 stream_playing=false peak_db=-200.0 mix_rate=48000 latency=0.0880 @ http://localhost:8771/index.js:451
[  576880ms] [LOG] MON 1 playing=false pos=0.000 stream_playing=false peak_db=-200.0 mix_rate=48000 latency=0.0880 @ http://localhost:8771/index.js:451
[  577129ms] [LOG] MON 1 playing=false pos=0.000 stream_playing=false peak_db=-200.0 mix_rate=48000 latency=0.0880 @ http://localhost:8771/index.js:451
[  577379ms] [LOG] MON 1 playing=false pos=0.000 stream_playing=false peak_db=-200.0 mix_rate=48000 latency=0.0880 @ http://localhost:8771/index.js:451
[  577627ms] [LOG] MON 1 playing=false pos=0.000 stream_playing=false peak_db=-200.0 mix_rate=48000 latency=0.0880 @ http://localhost:8771/index.js:451
[  577878ms] [LOG] MON 1 playing=false pos=0.000 stream_playing=false peak_db=-200.0 mix_rate=48000 latency=0.0880 @ http://localhost:8771/index.js:451
[  578127ms] [LOG] MON 1 playing=false pos=0.000 stream_playing=false peak_db=-200.0 mix_rate=48000 latency=0.0880 @ http://localhost:8771/index.js:451
[  578378ms] [LOG] MON 1 playing=false pos=0.000 stream_playing=false peak_db=-200.0 mix_rate=48000 latency=0.0880 @ http://localhost:8771/index.js:451
[  578628ms] [LOG] MON 1 playing=false pos=0.000 stream_playing=false peak_db=-200.0 mix_rate=48000 latency=0.0880 @ http://localhost:8771/index.js:451
[  578879ms] [LOG] MON 1 playing=false pos=0.000 stream_playing=false peak_db=-200.0 mix_rate=48000 latency=0.0880 @ http://localhost:8771/index.js:451
[  579127ms] [LOG] MON 1 playing=false pos=0.000 stream_playing=false peak_db=-200.0 mix_rate=48000 latency=0.0880 @ http://localhost:8771/index.js:451
[  579379ms] [LOG] MON 1 playing=false pos=0.000 stream_playing=false peak_db=-200.0 mix_rate=48000 latency=0.0880 @ http://localhost:8771/index.js:451
[  579629ms] [LOG] MON 1 playing=false pos=0.000 stream_playing=false peak_db=-200.0 mix_rate=48000 latency=0.0880 @ http://localhost:8771/index.js:451
[  579878ms] [LOG] MON 1 playing=false pos=0.000 stream_playing=false peak_db=-200.0 mix_rate=48000 latency=0.0880 @ http://localhost:8771/index.js:451
[  580129ms] [LOG] MON 1 playing=false pos=0.000 stream_playing=false peak_db=-200.0 mix_rate=48000 latency=0.0880 @ http://localhost:8771/index.js:451
[  580379ms] [LOG] MON 1 playing=false pos=0.000 stream_playing=false peak_db=-200.0 mix_rate=48000 latency=0.0880 @ http://localhost:8771/index.js:451
[  580629ms] [LOG] MON 1 playing=false pos=0.000 stream_playing=false peak_db=-200.0 mix_rate=48000 latency=0.0880 @ http://localhost:8771/index.js:451
[  580877ms] [LOG] MON 1 playing=false pos=0.000 stream_playing=false peak_db=-200.0 mix_rate=48000 latency=0.0880 @ http://localhost:8771/index.js:451
[  581128ms] [LOG] MON 1 playing=false pos=0.000 stream_playing=false peak_db=-200.0 mix_rate=48000 latency=0.0880 @ http://localhost:8771/index.js:451
[  581377ms] [LOG] MON 1 playing=false pos=0.000 stream_playing=false peak_db=-200.0 mix_rate=48000 latency=0.0880 @ http://localhost:8771/index.js:451
[  581627ms] [LOG] MON 1 playing=false pos=0.000 stream_playing=false peak_db=-200.0 mix_rate=48000 latency=0.0880 @ http://localhost:8771/index.js:451
[  581878ms] [LOG] MON 1 playing=false pos=0.000 stream_playing=false peak_db=-200.0 mix_rate=48000 latency=0.0880 @ http://localhost:8771/index.js:451
[  582129ms] [LOG] MON 1 playing=false pos=0.000 stream_playing=false peak_db=-200.0 mix_rate=48000 latency=0.0880 @ http://localhost:8771/index.js:451
[  582377ms] [LOG] MON 1 playing=false pos=0.000 stream_playing=false peak_db=-200.0 mix_rate=48000 latency=0.0880 @ http://localhost:8771/index.js:451
[  582629ms] [LOG] MON 1 playing=false pos=0.000 stream_playing=false peak_db=-200.0 mix_rate=48000 latency=0.0880 @ http://localhost:8771/index.js:451
[  582877ms] [LOG] MON 1 playing=false pos=0.000 stream_playing=false peak_db=-200.0 mix_rate=48000 latency=0.0880 @ http://localhost:8771/index.js:451
[  583128ms] [LOG] MON 1 playing=false pos=0.000 stream_playing=false peak_db=-200.0 mix_rate=48000 latency=0.0880 @ http://localhost:8771/index.js:451
[  583378ms] [LOG] MON 1 playing=false pos=0.000 stream_playing=false peak_db=-200.0 mix_rate=48000 latency=0.0880 @ http://localhost:8771/index.js:451
[  583628ms] [LOG] MON 1 playing=false pos=0.000 stream_playing=false peak_db=-200.0 mix_rate=48000 latency=0.0880 @ http://localhost:8771/index.js:451
[  583878ms] [LOG] MON 1 playing=false pos=0.000 stream_playing=false peak_db=-200.0 mix_rate=48000 latency=0.0880 @ http://localhost:8771/index.js:451
[  584128ms] [LOG] MON 1 playing=false pos=0.000 stream_playing=false peak_db=-200.0 mix_rate=48000 latency=0.0880 @ http://localhost:8771/index.js:451
[  584382ms] [LOG] MON 1 playing=false pos=0.000 stream_playing=false peak_db=-200.0 mix_rate=48000 latency=0.0880 @ http://localhost:8771/index.js:451
[  584628ms] [LOG] MON 1 playing=false pos=0.000 stream_playing=false peak_db=-200.0 mix_rate=48000 latency=0.0880 @ http://localhost:8771/index.js:451
[  584877ms] [LOG] MON 1 playing=false pos=0.000 stream_playing=false peak_db=-200.0 mix_rate=48000 latency=0.0880 @ http://localhost:8771/index.js:451
[  585127ms] [LOG] MON 1 playing=false pos=0.000 stream_playing=false peak_db=-200.0 mix_rate=48000 latency=0.0880 @ http://localhost:8771/index.js:451
[  585379ms] [LOG] MON 1 playing=false pos=0.000 stream_playing=false peak_db=-200.0 mix_rate=48000 latency=0.0880 @ http://localhost:8771/index.js:451
[  585628ms] [LOG] MON 1 playing=false pos=0.000 stream_playing=false peak_db=-200.0 mix_rate=48000 latency=0.0880 @ http://localhost:8771/index.js:451
[  585878ms] [LOG] MON 1 playing=false pos=0.000 stream_playing=false peak_db=-200.0 mix_rate=48000 latency=0.0880 @ http://localhost:8771/index.js:451
[  586129ms] [LOG] MON 1 playing=false pos=0.000 stream_playing=false peak_db=-200.0 mix_rate=48000 latency=0.0880 @ http://localhost:8771/index.js:451
[  586377ms] [LOG] MON 1 playing=false pos=0.000 stream_playing=false peak_db=-200.0 mix_rate=48000 latency=0.0880 @ http://localhost:8771/index.js:451
[  586629ms] [LOG] MON 1 playing=false pos=0.000 stream_playing=false peak_db=-200.0 mix_rate=48000 latency=0.0880 @ http://localhost:8771/index.js:451
[  586878ms] [LOG] MON 1 playing=false pos=0.000 stream_playing=false peak_db=-200.0 mix_rate=48000 latency=0.0880 @ http://localhost:8771/index.js:451
[  587128ms] [LOG] MON 1 playing=false pos=0.000 stream_playing=false peak_db=-200.0 mix_rate=48000 latency=0.0880 @ http://localhost:8771/index.js:451
[  587377ms] [LOG] MON 1 playing=false pos=0.000 stream_playing=false peak_db=-200.0 mix_rate=48000 latency=0.0880 @ http://localhost:8771/index.js:451
[  587628ms] [LOG] MON 1 playing=false pos=0.000 stream_playing=false peak_db=-200.0 mix_rate=48000 latency=0.0880 @ http://localhost:8771/index.js:451
[  587879ms] [LOG] MON 1 playing=false pos=0.000 stream_playing=false peak_db=-200.0 mix_rate=48000 latency=0.0880 @ http://localhost:8771/index.js:451
[  588128ms] [LOG] MON 1 playing=false pos=0.000 stream_playing=false peak_db=-200.0 mix_rate=48000 latency=0.0880 @ http://localhost:8771/index.js:451
[  588378ms] [LOG] MON 1 playing=false pos=0.000 stream_playing=false peak_db=-200.0 mix_rate=48000 latency=0.0880 @ http://localhost:8771/index.js:451
[  588628ms] [LOG] MON 1 playing=false pos=0.000 stream_playing=false peak_db=-200.0 mix_rate=48000 latency=0.0880 @ http://localhost:8771/index.js:451
[  588876ms] [LOG] MON 1 playing=false pos=0.000 stream_playing=false peak_db=-200.0 mix_rate=48000 latency=0.0880 @ http://localhost:8771/index.js:451
[  589130ms] [LOG] MON 1 playing=false pos=0.000 stream_playing=false peak_db=-200.0 mix_rate=48000 latency=0.0880 @ http://localhost:8771/index.js:451
[  589378ms] [LOG] MON 1 playing=false pos=0.000 stream_playing=false peak_db=-200.0 mix_rate=48000 latency=0.0880 @ http://localhost:8771/index.js:451
[  589628ms] [LOG] MON 1 playing=false pos=0.000 stream_playing=false peak_db=-200.0 mix_rate=48000 latency=0.0880 @ http://localhost:8771/index.js:451
[  589878ms] [LOG] MON 1 playing=false pos=0.000 stream_playing=false peak_db=-200.0 mix_rate=48000 latency=0.0880 @ http://localhost:8771/index.js:451
[  590128ms] [LOG] MON 1 playing=false pos=0.000 stream_playing=false peak_db=-200.0 mix_rate=48000 latency=0.0880 @ http://localhost:8771/index.js:451
[  590377ms] [LOG] MON 1 playing=false pos=0.000 stream_playing=false peak_db=-200.0 mix_rate=48000 latency=0.0880 @ http://localhost:8771/index.js:451
[  590630ms] [LOG] MON 1 playing=false pos=0.000 stream_playing=false peak_db=-200.0 mix_rate=48000 latency=0.0880 @ http://localhost:8771/index.js:451
[  590880ms] [LOG] MON 1 playing=false pos=0.000 stream_playing=false peak_db=-200.0 mix_rate=48000 latency=0.0880 @ http://localhost:8771/index.js:451
[  591130ms] [LOG] MON 1 playing=false pos=0.000 stream_playing=false peak_db=-200.0 mix_rate=48000 latency=0.0880 @ http://localhost:8771/index.js:451
[  591378ms] [LOG] MON 1 playing=false pos=0.000 stream_playing=false peak_db=-200.0 mix_rate=48000 latency=0.0880 @ http://localhost:8771/index.js:451
[  591628ms] [LOG] MON 1 playing=false pos=0.000 stream_playing=false peak_db=-200.0 mix_rate=48000 latency=0.0880 @ http://localhost:8771/index.js:451
[  591877ms] [LOG] MON 1 playing=false pos=0.000 stream_playing=false peak_db=-200.0 mix_rate=48000 latency=0.0880 @ http://localhost:8771/index.js:451
[  592129ms] [LOG] MON 1 playing=false pos=0.000 stream_playing=false peak_db=-200.0 mix_rate=48000 latency=0.0880 @ http://localhost:8771/index.js:451
[  592381ms] [LOG] MON 1 playing=false pos=0.000 stream_playing=false peak_db=-200.0 mix_rate=48000 latency=0.0880 @ http://localhost:8771/index.js:451
[  592627ms] [LOG] MON 1 playing=false pos=0.000 stream_playing=false peak_db=-200.0 mix_rate=48000 latency=0.0880 @ http://localhost:8771/index.js:451
[  592877ms] [LOG] MON 1 playing=false pos=0.000 stream_playing=false peak_db=-200.0 mix_rate=48000 latency=0.0880 @ http://localhost:8771/index.js:451
[  593127ms] [LOG] MON 1 playing=false pos=0.000 stream_playing=false peak_db=-200.0 mix_rate=48000 latency=0.0880 @ http://localhost:8771/index.js:451
[  593378ms] [LOG] MON 1 playing=false pos=0.000 stream_playing=false peak_db=-200.0 mix_rate=48000 latency=0.0880 @ http://localhost:8771/index.js:451
[  593628ms] [LOG] MON 1 playing=false pos=0.000 stream_playing=false peak_db=-200.0 mix_rate=48000 latency=0.0880 @ http://localhost:8771/index.js:451
[  593877ms] [LOG] MON 1 playing=false pos=0.000 stream_playing=false peak_db=-200.0 mix_rate=48000 latency=0.0880 @ http://localhost:8771/index.js:451
[  594127ms] [LOG] MON 1 playing=false pos=0.000 stream_playing=false peak_db=-200.0 mix_rate=48000 latency=0.0880 @ http://localhost:8771/index.js:451
[  594378ms] [LOG] MON 1 playing=false pos=0.000 stream_playing=false peak_db=-200.0 mix_rate=48000 latency=0.0880 @ http://localhost:8771/index.js:451
[  594629ms] [LOG] MON 1 playing=false pos=0.000 stream_playing=false peak_db=-200.0 mix_rate=48000 latency=0.0880 @ http://localhost:8771/index.js:451
[  594878ms] [LOG] MON 1 playing=false pos=0.000 stream_playing=false peak_db=-200.0 mix_rate=48000 latency=0.0880 @ http://localhost:8771/index.js:451
[  595129ms] [LOG] MON 1 playing=false pos=0.000 stream_playing=false peak_db=-200.0 mix_rate=48000 latency=0.0880 @ http://localhost:8771/index.js:451
[  595377ms] [LOG] MON 1 playing=false pos=0.000 stream_playing=false peak_db=-200.0 mix_rate=48000 latency=0.0880 @ http://localhost:8771/index.js:451
[  595630ms] [LOG] MON 1 playing=false pos=0.000 stream_playing=false peak_db=-200.0 mix_rate=48000 latency=0.0880 @ http://localhost:8771/index.js:451
[  595878ms] [LOG] MON 1 playing=false pos=0.000 stream_playing=false peak_db=-200.0 mix_rate=48000 latency=0.0880 @ http://localhost:8771/index.js:451
[  596127ms] [LOG] MON 1 playing=false pos=0.000 stream_playing=false peak_db=-200.0 mix_rate=48000 latency=0.0880 @ http://localhost:8771/index.js:451
[  596377ms] [LOG] MON 1 playing=false pos=0.000 stream_playing=false peak_db=-200.0 mix_rate=48000 latency=0.0880 @ http://localhost:8771/index.js:451
[  596629ms] [LOG] MON 1 playing=false pos=0.000 stream_playing=false peak_db=-200.0 mix_rate=48000 latency=0.0880 @ http://localhost:8771/index.js:451
[  596879ms] [LOG] MON 1 playing=false pos=0.000 stream_playing=false peak_db=-200.0 mix_rate=48000 latency=0.0880 @ http://localhost:8771/index.js:451
[  597128ms] [LOG] MON 1 playing=false pos=0.000 stream_playing=false peak_db=-200.0 mix_rate=48000 latency=0.0880 @ http://localhost:8771/index.js:451
[  597379ms] [LOG] MON 1 playing=false pos=0.000 stream_playing=false peak_db=-200.0 mix_rate=48000 latency=0.0880 @ http://localhost:8771/index.js:451
[  597629ms] [LOG] MON 1 playing=false pos=0.000 stream_playing=false peak_db=-200.0 mix_rate=48000 latency=0.0880 @ http://localhost:8771/index.js:451
[  597876ms] [LOG] MON 1 playing=false pos=0.000 stream_playing=false peak_db=-200.0 mix_rate=48000 latency=0.0880 @ http://localhost:8771/index.js:451
[  598137ms] [LOG] MON 1 playing=false pos=0.000 stream_playing=false peak_db=-200.0 mix_rate=48000 latency=0.0880 @ http://localhost:8771/index.js:451
[  598378ms] [LOG] MON 1 playing=false pos=0.000 stream_playing=false peak_db=-200.0 mix_rate=48000 latency=0.0880 @ http://localhost:8771/index.js:451
[  598627ms] [LOG] MON 1 playing=false pos=0.000 stream_playing=false peak_db=-200.0 mix_rate=48000 latency=0.0800 @ http://localhost:8771/index.js:451
[  598878ms] [LOG] MON 1 playing=false pos=0.000 stream_playing=false peak_db=-200.0 mix_rate=48000 latency=0.0800 @ http://localhost:8771/index.js:451
[  599127ms] [LOG] MON 1 playing=false pos=0.000 stream_playing=false peak_db=-200.0 mix_rate=48000 latency=0.0800 @ http://localhost:8771/index.js:451
[  599378ms] [LOG] MON 1 playing=false pos=0.000 stream_playing=false peak_db=-200.0 mix_rate=48000 latency=0.0800 @ http://localhost:8771/index.js:451
[  599627ms] [LOG] MON 1 playing=false pos=0.000 stream_playing=false peak_db=-200.0 mix_rate=48000 latency=0.0880 @ http://localhost:8771/index.js:451
[  599878ms] [LOG] MON 1 playing=false pos=0.000 stream_playing=false peak_db=-200.0 mix_rate=48000 latency=0.0880 @ http://localhost:8771/index.js:451
[  600129ms] [LOG] MON 1 playing=false pos=0.000 stream_playing=false peak_db=-200.0 mix_rate=48000 latency=0.0880 @ http://localhost:8771/index.js:451
[  600379ms] [LOG] MON 1 playing=false pos=0.000 stream_playing=false peak_db=-200.0 mix_rate=48000 latency=0.0880 @ http://localhost:8771/index.js:451
[  600629ms] [LOG] MON 1 playing=false pos=0.000 stream_playing=false peak_db=-200.0 mix_rate=48000 latency=0.0880 @ http://localhost:8771/index.js:451
[  600877ms] [LOG] MON 1 playing=false pos=0.000 stream_playing=false peak_db=-200.0 mix_rate=48000 latency=0.0880 @ http://localhost:8771/index.js:451
[  601128ms] [LOG] MON 1 playing=false pos=0.000 stream_playing=false peak_db=-200.0 mix_rate=48000 latency=0.0880 @ http://localhost:8771/index.js:451
[  601378ms] [LOG] MON 1 playing=false pos=0.000 stream_playing=false peak_db=-200.0 mix_rate=48000 latency=0.0880 @ http://localhost:8771/index.js:451
[  601628ms] [LOG] MON 1 playing=false pos=0.000 stream_playing=false peak_db=-200.0 mix_rate=48000 latency=0.0880 @ http://localhost:8771/index.js:451
[  601879ms] [LOG] MON 1 playing=false pos=0.000 stream_playing=false peak_db=-200.0 mix_rate=48000 latency=0.0880 @ http://localhost:8771/index.js:451
[  602128ms] [LOG] MON 1 playing=false pos=0.000 stream_playing=false peak_db=-200.0 mix_rate=48000 latency=0.0880 @ http://localhost:8771/index.js:451
[  602379ms] [LOG] MON 1 playing=false pos=0.000 stream_playing=false peak_db=-200.0 mix_rate=48000 latency=0.0880 @ http://localhost:8771/index.js:451
[  602629ms] [LOG] MON 1 playing=false pos=0.000 stream_playing=false peak_db=-200.0 mix_rate=48000 latency=0.0880 @ http://localhost:8771/index.js:451
[  602880ms] [LOG] MON 1 playing=false pos=0.000 stream_playing=false peak_db=-200.0 mix_rate=48000 latency=0.0880 @ http://localhost:8771/index.js:451
[  603127ms] [LOG] MON 1 playing=false pos=0.000 stream_playing=false peak_db=-200.0 mix_rate=48000 latency=0.0880 @ http://localhost:8771/index.js:451
[  603377ms] [LOG] MON 1 playing=false pos=0.000 stream_playing=false peak_db=-200.0 mix_rate=48000 latency=0.0880 @ http://localhost:8771/index.js:451
[  603628ms] [LOG] MON 1 playing=false pos=0.000 stream_playing=false peak_db=-200.0 mix_rate=48000 latency=0.0880 @ http://localhost:8771/index.js:451
[  603878ms] [LOG] MON 1 playing=false pos=0.000 stream_playing=false peak_db=-200.0 mix_rate=48000 latency=0.0880 @ http://localhost:8771/index.js:451
[  604128ms] [LOG] MON 1 playing=false pos=0.000 stream_playing=false peak_db=-200.0 mix_rate=48000 latency=0.0880 @ http://localhost:8771/index.js:451
[  604378ms] [LOG] MON 1 playing=false pos=0.000 stream_playing=false peak_db=-200.0 mix_rate=48000 latency=0.0880 @ http://localhost:8771/index.js:451
[  604628ms] [LOG] MON 1 playing=false pos=0.000 stream_playing=false peak_db=-200.0 mix_rate=48000 latency=0.0880 @ http://localhost:8771/index.js:451
[  604877ms] [LOG] MON 1 playing=false pos=0.000 stream_playing=false peak_db=-200.0 mix_rate=48000 latency=0.0880 @ http://localhost:8771/index.js:451
[  605128ms] [LOG] MON 1 playing=false pos=0.000 stream_playing=false peak_db=-200.0 mix_rate=48000 latency=0.0880 @ http://localhost:8771/index.js:451
[  605379ms] [LOG] MON 1 playing=false pos=0.000 stream_playing=false peak_db=-200.0 mix_rate=48000 latency=0.0880 @ http://localhost:8771/index.js:451
[  605629ms] [LOG] MON 1 playing=false pos=0.000 stream_playing=false peak_db=-200.0 mix_rate=48000 latency=0.0880 @ http://localhost:8771/index.js:451
[  605879ms] [LOG] MON 1 playing=false pos=0.000 stream_playing=false peak_db=-200.0 mix_rate=48000 latency=0.0880 @ http://localhost:8771/index.js:451
[  606127ms] [LOG] MON 1 playing=false pos=0.000 stream_playing=false peak_db=-200.0 mix_rate=48000 latency=0.0880 @ http://localhost:8771/index.js:451
[  606379ms] [LOG] MON 1 playing=false pos=0.000 stream_playing=false peak_db=-200.0 mix_rate=48000 latency=0.0880 @ http://localhost:8771/index.js:451
[  606630ms] [LOG] MON 1 playing=false pos=0.000 stream_playing=false peak_db=-200.0 mix_rate=48000 latency=0.0880 @ http://localhost:8771/index.js:451
[  606878ms] [LOG] MON 1 playing=false pos=0.000 stream_playing=false peak_db=-200.0 mix_rate=48000 latency=0.0880 @ http://localhost:8771/index.js:451
[  607130ms] [LOG] MON 1 playing=false pos=0.000 stream_playing=false peak_db=-200.0 mix_rate=48000 latency=0.0880 @ http://localhost:8771/index.js:451
[  607376ms] [LOG] MON 1 playing=false pos=0.000 stream_playing=false peak_db=-200.0 mix_rate=48000 latency=0.0880 @ http://localhost:8771/index.js:451
[  607626ms] [LOG] MON 1 playing=false pos=0.000 stream_playing=false peak_db=-200.0 mix_rate=48000 latency=0.0880 @ http://localhost:8771/index.js:451
[  607878ms] [LOG] MON 1 playing=false pos=0.000 stream_playing=false peak_db=-200.0 mix_rate=48000 latency=0.0880 @ http://localhost:8771/index.js:451
[  608129ms] [LOG] MON 1 playing=false pos=0.000 stream_playing=false peak_db=-200.0 mix_rate=48000 latency=0.0880 @ http://localhost:8771/index.js:451
[  608379ms] [LOG] MON 1 playing=false pos=0.000 stream_playing=false peak_db=-200.0 mix_rate=48000 latency=0.0880 @ http://localhost:8771/index.js:451
[  608628ms] [LOG] MON 1 playing=false pos=0.000 stream_playing=false peak_db=-200.0 mix_rate=48000 latency=0.0880 @ http://localhost:8771/index.js:451
[  608878ms] [LOG] MON 1 playing=false pos=0.000 stream_playing=false peak_db=-200.0 mix_rate=48000 latency=0.0880 @ http://localhost:8771/index.js:451
[  609129ms] [LOG] MON 1 playing=false pos=0.000 stream_playing=false peak_db=-200.0 mix_rate=48000 latency=0.0880 @ http://localhost:8771/index.js:451
[  609378ms] [LOG] MON 1 playing=false pos=0.000 stream_playing=false peak_db=-200.0 mix_rate=48000 latency=0.0880 @ http://localhost:8771/index.js:451
[  609628ms] [LOG] MON 1 playing=false pos=0.000 stream_playing=false peak_db=-200.0 mix_rate=48000 latency=0.0880 @ http://localhost:8771/index.js:451
[  609878ms] [LOG] MON 1 playing=false pos=0.000 stream_playing=false peak_db=-200.0 mix_rate=48000 latency=0.0880 @ http://localhost:8771/index.js:451
[  610130ms] [LOG] MON 1 playing=false pos=0.000 stream_playing=false peak_db=-200.0 mix_rate=48000 latency=0.0880 @ http://localhost:8771/index.js:451
[  610380ms] [LOG] MON 1 playing=false pos=0.000 stream_playing=false peak_db=-200.0 mix_rate=48000 latency=0.0880 @ http://localhost:8771/index.js:451
[  610629ms] [LOG] MON 1 playing=false pos=0.000 stream_playing=false peak_db=-200.0 mix_rate=48000 latency=0.0880 @ http://localhost:8771/index.js:451
[  610878ms] [LOG] MON 1 playing=false pos=0.000 stream_playing=false peak_db=-200.0 mix_rate=48000 latency=0.0880 @ http://localhost:8771/index.js:451
[  611127ms] [LOG] MON 1 playing=false pos=0.000 stream_playing=false peak_db=-200.0 mix_rate=48000 latency=0.0880 @ http://localhost:8771/index.js:451
[  611377ms] [LOG] MON 1 playing=false pos=0.000 stream_playing=false peak_db=-200.0 mix_rate=48000 latency=0.0880 @ http://localhost:8771/index.js:451
[  611629ms] [LOG] MON 1 playing=false pos=0.000 stream_playing=false peak_db=-200.0 mix_rate=48000 latency=0.0880 @ http://localhost:8771/index.js:451
[  611877ms] [LOG] MON 1 playing=false pos=0.000 stream_playing=false peak_db=-200.0 mix_rate=48000 latency=0.0880 @ http://localhost:8771/index.js:451
[  612129ms] [LOG] MON 1 playing=false pos=0.000 stream_playing=false peak_db=-200.0 mix_rate=48000 latency=0.0880 @ http://localhost:8771/index.js:451
[  612379ms] [LOG] MON 1 playing=false pos=0.000 stream_playing=false peak_db=-200.0 mix_rate=48000 latency=0.0880 @ http://localhost:8771/index.js:451
[  612629ms] [LOG] MON 1 playing=false pos=0.000 stream_playing=false peak_db=-200.0 mix_rate=48000 latency=0.0880 @ http://localhost:8771/index.js:451
[  612879ms] [LOG] MON 1 playing=false pos=0.000 stream_playing=false peak_db=-200.0 mix_rate=48000 latency=0.0880 @ http://localhost:8771/index.js:451
[  613128ms] [LOG] MON 1 playing=false pos=0.000 stream_playing=false peak_db=-200.0 mix_rate=48000 latency=0.0880 @ http://localhost:8771/index.js:451
[  613381ms] [LOG] MON 1 playing=false pos=0.000 stream_playing=false peak_db=-200.0 mix_rate=48000 latency=0.0880 @ http://localhost:8771/index.js:451
[  613629ms] [LOG] MON 1 playing=false pos=0.000 stream_playing=false peak_db=-200.0 mix_rate=48000 latency=0.0880 @ http://localhost:8771/index.js:451
[  613880ms] [LOG] MON 1 playing=false pos=0.000 stream_playing=false peak_db=-200.0 mix_rate=48000 latency=0.0880 @ http://localhost:8771/index.js:451
[  614126ms] [LOG] MON 1 playing=false pos=0.000 stream_playing=false peak_db=-200.0 mix_rate=48000 latency=0.0880 @ http://localhost:8771/index.js:451
[  614379ms] [LOG] MON 1 playing=false pos=0.000 stream_playing=false peak_db=-200.0 mix_rate=48000 latency=0.0880 @ http://localhost:8771/index.js:451
[  614629ms] [LOG] MON 1 playing=false pos=0.000 stream_playing=false peak_db=-200.0 mix_rate=48000 latency=0.0880 @ http://localhost:8771/index.js:451
[  614878ms] [LOG] MON 1 playing=false pos=0.000 stream_playing=false peak_db=-200.0 mix_rate=48000 latency=0.0880 @ http://localhost:8771/index.js:451
[  615128ms] [LOG] MON 1 playing=false pos=0.000 stream_playing=false peak_db=-200.0 mix_rate=48000 latency=0.0880 @ http://localhost:8771/index.js:451
[  615382ms] [LOG] MON 1 playing=false pos=0.000 stream_playing=false peak_db=-200.0 mix_rate=48000 latency=0.0880 @ http://localhost:8771/index.js:451
[  615629ms] [LOG] MON 1 playing=false pos=0.000 stream_playing=false peak_db=-200.0 mix_rate=48000 latency=0.0880 @ http://localhost:8771/index.js:451
[  615880ms] [LOG] MON 1 playing=false pos=0.000 stream_playing=false peak_db=-200.0 mix_rate=48000 latency=0.0880 @ http://localhost:8771/index.js:451
[  616129ms] [LOG] MON 1 playing=false pos=0.000 stream_playing=false peak_db=-200.0 mix_rate=48000 latency=0.0880 @ http://localhost:8771/index.js:451
[  616377ms] [LOG] MON 1 playing=false pos=0.000 stream_playing=false peak_db=-200.0 mix_rate=48000 latency=0.0880 @ http://localhost:8771/index.js:451
[  616628ms] [LOG] MON 1 playing=false pos=0.000 stream_playing=false peak_db=-200.0 mix_rate=48000 latency=0.0880 @ http://localhost:8771/index.js:451
[  616881ms] [LOG] MON 1 playing=false pos=0.000 stream_playing=false peak_db=-200.0 mix_rate=48000 latency=0.0880 @ http://localhost:8771/index.js:451
[  617129ms] [LOG] MON 1 playing=false pos=0.000 stream_playing=false peak_db=-200.0 mix_rate=48000 latency=0.0880 @ http://localhost:8771/index.js:451
[  617378ms] [LOG] MON 1 playing=false pos=0.000 stream_playing=false peak_db=-200.0 mix_rate=48000 latency=0.0880 @ http://localhost:8771/index.js:451
[  617628ms] [LOG] MON 1 playing=false pos=0.000 stream_playing=false peak_db=-200.0 mix_rate=48000 latency=0.0880 @ http://localhost:8771/index.js:451
[  617880ms] [LOG] MON 1 playing=false pos=0.000 stream_playing=false peak_db=-200.0 mix_rate=48000 latency=0.0880 @ http://localhost:8771/index.js:451
[  618129ms] [LOG] MON 1 playing=false pos=0.000 stream_playing=false peak_db=-200.0 mix_rate=48000 latency=0.0880 @ http://localhost:8771/index.js:451
[  618376ms] [LOG] MON 1 playing=false pos=0.000 stream_playing=false peak_db=-200.0 mix_rate=48000 latency=0.0880 @ http://localhost:8771/index.js:451
[  618630ms] [LOG] MON 1 playing=false pos=0.000 stream_playing=false peak_db=-200.0 mix_rate=48000 latency=0.0880 @ http://localhost:8771/index.js:451
[  618879ms] [LOG] MON 1 playing=false pos=0.000 stream_playing=false peak_db=-200.0 mix_rate=48000 latency=0.0880 @ http://localhost:8771/index.js:451
[  619130ms] [LOG] MON 1 playing=false pos=0.000 stream_playing=false peak_db=-200.0 mix_rate=48000 latency=0.0880 @ http://localhost:8771/index.js:451
[  619379ms] [LOG] MON 1 playing=false pos=0.000 stream_playing=false peak_db=-200.0 mix_rate=48000 latency=0.0880 @ http://localhost:8771/index.js:451
[  619629ms] [LOG] MON 1 playing=false pos=0.000 stream_playing=false peak_db=-200.0 mix_rate=48000 latency=0.0880 @ http://localhost:8771/index.js:451
[  619878ms] [LOG] MON 1 playing=false pos=0.000 stream_playing=false peak_db=-200.0 mix_rate=48000 latency=0.0880 @ http://localhost:8771/index.js:451
[  620128ms] [LOG] MON 1 playing=false pos=0.000 stream_playing=false peak_db=-200.0 mix_rate=48000 latency=0.0880 @ http://localhost:8771/index.js:451
[  620378ms] [LOG] MON 1 playing=false pos=0.000 stream_playing=false peak_db=-200.0 mix_rate=48000 latency=0.0880 @ http://localhost:8771/index.js:451
[  620627ms] [LOG] MON 1 playing=false pos=0.000 stream_playing=false peak_db=-200.0 mix_rate=48000 latency=0.0880 @ http://localhost:8771/index.js:451
[  620879ms] [LOG] MON 1 playing=false pos=0.000 stream_playing=false peak_db=-200.0 mix_rate=48000 latency=0.0880 @ http://localhost:8771/index.js:451
[  621128ms] [LOG] MON 1 playing=false pos=0.000 stream_playing=false peak_db=-200.0 mix_rate=48000 latency=0.0880 @ http://localhost:8771/index.js:451
[  621378ms] [LOG] MON 1 playing=false pos=0.000 stream_playing=false peak_db=-200.0 mix_rate=48000 latency=0.0880 @ http://localhost:8771/index.js:451
[  621628ms] [LOG] MON 1 playing=false pos=0.000 stream_playing=false peak_db=-200.0 mix_rate=48000 latency=0.0880 @ http://localhost:8771/index.js:451
[  621878ms] [LOG] MON 1 playing=false pos=0.000 stream_playing=false peak_db=-200.0 mix_rate=48000 latency=0.0880 @ http://localhost:8771/index.js:451
[  622128ms] [LOG] MON 1 playing=false pos=0.000 stream_playing=false peak_db=-200.0 mix_rate=48000 latency=0.0880 @ http://localhost:8771/index.js:451
[  622379ms] [LOG] MON 1 playing=false pos=0.000 stream_playing=false peak_db=-200.0 mix_rate=48000 latency=0.0880 @ http://localhost:8771/index.js:451
[  622628ms] [LOG] MON 1 playing=false pos=0.000 stream_playing=false peak_db=-200.0 mix_rate=48000 latency=0.0880 @ http://localhost:8771/index.js:451
[  622876ms] [LOG] MON 1 playing=false pos=0.000 stream_playing=false peak_db=-200.0 mix_rate=48000 latency=0.0880 @ http://localhost:8771/index.js:451
[  623127ms] [LOG] MON 1 playing=false pos=0.000 stream_playing=false peak_db=-200.0 mix_rate=48000 latency=0.0880 @ http://localhost:8771/index.js:451
[  623379ms] [LOG] MON 1 playing=false pos=0.000 stream_playing=false peak_db=-200.0 mix_rate=48000 latency=0.0880 @ http://localhost:8771/index.js:451
[  623627ms] [LOG] MON 1 playing=false pos=0.000 stream_playing=false peak_db=-200.0 mix_rate=48000 latency=0.0880 @ http://localhost:8771/index.js:451
[  623876ms] [LOG] MON 1 playing=false pos=0.000 stream_playing=false peak_db=-200.0 mix_rate=48000 latency=0.0880 @ http://localhost:8771/index.js:451
[  624128ms] [LOG] MON 1 playing=false pos=0.000 stream_playing=false peak_db=-200.0 mix_rate=48000 latency=0.0880 @ http://localhost:8771/index.js:451
[  624378ms] [LOG] MON 1 playing=false pos=0.000 stream_playing=false peak_db=-200.0 mix_rate=48000 latency=0.0880 @ http://localhost:8771/index.js:451
[  624628ms] [LOG] MON 1 playing=false pos=0.000 stream_playing=false peak_db=-200.0 mix_rate=48000 latency=0.0880 @ http://localhost:8771/index.js:451
[  624878ms] [LOG] MON 1 playing=false pos=0.000 stream_playing=false peak_db=-200.0 mix_rate=48000 latency=0.0880 @ http://localhost:8771/index.js:451
[  625128ms] [LOG] MON 1 playing=false pos=0.000 stream_playing=false peak_db=-200.0 mix_rate=48000 latency=0.0880 @ http://localhost:8771/index.js:451
[  625380ms] [LOG] MON 1 playing=false pos=0.000 stream_playing=false peak_db=-200.0 mix_rate=48000 latency=0.0880 @ http://localhost:8771/index.js:451
[  625628ms] [LOG] MON 1 playing=false pos=0.000 stream_playing=false peak_db=-200.0 mix_rate=48000 latency=0.0880 @ http://localhost:8771/index.js:451
[  625877ms] [LOG] MON 1 playing=false pos=0.000 stream_playing=false peak_db=-200.0 mix_rate=48000 latency=0.0880 @ http://localhost:8771/index.js:451
[  626129ms] [LOG] MON 1 playing=false pos=0.000 stream_playing=false peak_db=-200.0 mix_rate=48000 latency=0.0880 @ http://localhost:8771/index.js:451
[  626377ms] [LOG] MON 1 playing=false pos=0.000 stream_playing=false peak_db=-200.0 mix_rate=48000 latency=0.0880 @ http://localhost:8771/index.js:451
[  626626ms] [LOG] MON 1 playing=false pos=0.000 stream_playing=false peak_db=-200.0 mix_rate=48000 latency=0.0880 @ http://localhost:8771/index.js:451
[  626878ms] [LOG] MON 1 playing=false pos=0.000 stream_playing=false peak_db=-200.0 mix_rate=48000 latency=0.0880 @ http://localhost:8771/index.js:451
[  627128ms] [LOG] MON 1 playing=false pos=0.000 stream_playing=false peak_db=-200.0 mix_rate=48000 latency=0.0880 @ http://localhost:8771/index.js:451
[  627378ms] [LOG] MON 1 playing=false pos=0.000 stream_playing=false peak_db=-200.0 mix_rate=48000 latency=0.0880 @ http://localhost:8771/index.js:451
[  627629ms] [LOG] MON 1 playing=false pos=0.000 stream_playing=false peak_db=-200.0 mix_rate=48000 latency=0.0880 @ http://localhost:8771/index.js:451
[  627876ms] [LOG] MON 1 playing=false pos=0.000 stream_playing=false peak_db=-200.0 mix_rate=48000 latency=0.0880 @ http://localhost:8771/index.js:451
[  628129ms] [LOG] MON 1 playing=false pos=0.000 stream_playing=false peak_db=-200.0 mix_rate=48000 latency=0.0880 @ http://localhost:8771/index.js:451
[  628377ms] [LOG] MON 1 playing=false pos=0.000 stream_playing=false peak_db=-200.0 mix_rate=48000 latency=0.0880 @ http://localhost:8771/index.js:451
[  628629ms] [LOG] MON 1 playing=false pos=0.000 stream_playing=false peak_db=-200.0 mix_rate=48000 latency=0.0880 @ http://localhost:8771/index.js:451
[  628878ms] [LOG] MON 1 playing=false pos=0.000 stream_playing=false peak_db=-200.0 mix_rate=48000 latency=0.0880 @ http://localhost:8771/index.js:451
[  629128ms] [LOG] MON 1 playing=false pos=0.000 stream_playing=false peak_db=-200.0 mix_rate=48000 latency=0.0880 @ http://localhost:8771/index.js:451
[  629379ms] [LOG] MON 1 playing=false pos=0.000 stream_playing=false peak_db=-200.0 mix_rate=48000 latency=0.0880 @ http://localhost:8771/index.js:451
[  629630ms] [LOG] MON 1 playing=false pos=0.000 stream_playing=false peak_db=-200.0 mix_rate=48000 latency=0.0880 @ http://localhost:8771/index.js:451
[  629879ms] [LOG] MON 1 playing=false pos=0.000 stream_playing=false peak_db=-200.0 mix_rate=48000 latency=0.0880 @ http://localhost:8771/index.js:451
[  630128ms] [LOG] MON 1 playing=false pos=0.000 stream_playing=false peak_db=-200.0 mix_rate=48000 latency=0.0880 @ http://localhost:8771/index.js:451
[  630378ms] [LOG] MON 1 playing=false pos=0.000 stream_playing=false peak_db=-200.0 mix_rate=48000 latency=0.0880 @ http://localhost:8771/index.js:451
[  630628ms] [LOG] MON 1 playing=false pos=0.000 stream_playing=false peak_db=-200.0 mix_rate=48000 latency=0.0880 @ http://localhost:8771/index.js:451
[  630878ms] [LOG] MON 1 playing=false pos=0.000 stream_playing=false peak_db=-200.0 mix_rate=48000 latency=0.0880 @ http://localhost:8771/index.js:451
[  631128ms] [LOG] MON 1 playing=false pos=0.000 stream_playing=false peak_db=-200.0 mix_rate=48000 latency=0.0880 @ http://localhost:8771/index.js:451
[  631380ms] [LOG] MON 1 playing=false pos=0.000 stream_playing=false peak_db=-200.0 mix_rate=48000 latency=0.0880 @ http://localhost:8771/index.js:451
[  631630ms] [LOG] MON 1 playing=false pos=0.000 stream_playing=false peak_db=-200.0 mix_rate=48000 latency=0.0880 @ http://localhost:8771/index.js:451
[  631878ms] [LOG] MON 1 playing=false pos=0.000 stream_playing=false peak_db=-200.0 mix_rate=48000 latency=0.0880 @ http://localhost:8771/index.js:451
[  632129ms] [LOG] MON 1 playing=false pos=0.000 stream_playing=false peak_db=-200.0 mix_rate=48000 latency=0.0880 @ http://localhost:8771/index.js:451
[  632378ms] [LOG] MON 1 playing=false pos=0.000 stream_playing=false peak_db=-200.0 mix_rate=48000 latency=0.0880 @ http://localhost:8771/index.js:451
[  632629ms] [LOG] MON 1 playing=false pos=0.000 stream_playing=false peak_db=-200.0 mix_rate=48000 latency=0.0880 @ http://localhost:8771/index.js:451
[  632878ms] [LOG] MON 1 playing=false pos=0.000 stream_playing=false peak_db=-200.0 mix_rate=48000 latency=0.0880 @ http://localhost:8771/index.js:451
[  633128ms] [LOG] MON 1 playing=false pos=0.000 stream_playing=false peak_db=-200.0 mix_rate=48000 latency=0.0880 @ http://localhost:8771/index.js:451
[  633378ms] [LOG] MON 1 playing=false pos=0.000 stream_playing=false peak_db=-200.0 mix_rate=48000 latency=0.0880 @ http://localhost:8771/index.js:451
[  633630ms] [LOG] MON 1 playing=false pos=0.000 stream_playing=false peak_db=-200.0 mix_rate=48000 latency=0.0880 @ http://localhost:8771/index.js:451
[  633878ms] [LOG] MON 1 playing=false pos=0.000 stream_playing=false peak_db=-200.0 mix_rate=48000 latency=0.0880 @ http://localhost:8771/index.js:451
[  634128ms] [LOG] MON 1 playing=false pos=0.000 stream_playing=false peak_db=-200.0 mix_rate=48000 latency=0.0880 @ http://localhost:8771/index.js:451
[  634378ms] [LOG] MON 1 playing=false pos=0.000 stream_playing=false peak_db=-200.0 mix_rate=48000 latency=0.0880 @ http://localhost:8771/index.js:451
[  634628ms] [LOG] MON 1 playing=false pos=0.000 stream_playing=false peak_db=-200.0 mix_rate=48000 latency=0.0880 @ http://localhost:8771/index.js:451
[  634876ms] [LOG] MON 1 playing=false pos=0.000 stream_playing=false peak_db=-200.0 mix_rate=48000 latency=0.0880 @ http://localhost:8771/index.js:451
[  635128ms] [LOG] MON 1 playing=false pos=0.000 stream_playing=false peak_db=-200.0 mix_rate=48000 latency=0.0880 @ http://localhost:8771/index.js:451
[  635380ms] [LOG] MON 1 playing=false pos=0.000 stream_playing=false peak_db=-200.0 mix_rate=48000 latency=0.0880 @ http://localhost:8771/index.js:451
[  635629ms] [LOG] MON 1 playing=false pos=0.000 stream_playing=false peak_db=-200.0 mix_rate=48000 latency=0.0880 @ http://localhost:8771/index.js:451
[  635878ms] [LOG] MON 1 playing=false pos=0.000 stream_playing=false peak_db=-200.0 mix_rate=48000 latency=0.0880 @ http://localhost:8771/index.js:451
[  636127ms] [LOG] MON 1 playing=false pos=0.000 stream_playing=false peak_db=-200.0 mix_rate=48000 latency=0.0880 @ http://localhost:8771/index.js:451
[  636377ms] [LOG] MON 1 playing=false pos=0.000 stream_playing=false peak_db=-200.0 mix_rate=48000 latency=0.0880 @ http://localhost:8771/index.js:451
[  636628ms] [LOG] MON 1 playing=false pos=0.000 stream_playing=false peak_db=-200.0 mix_rate=48000 latency=0.0880 @ http://localhost:8771/index.js:451
[  636880ms] [LOG] MON 1 playing=false pos=0.000 stream_playing=false peak_db=-200.0 mix_rate=48000 latency=0.0880 @ http://localhost:8771/index.js:451
[  637129ms] [LOG] MON 1 playing=false pos=0.000 stream_playing=false peak_db=-200.0 mix_rate=48000 latency=0.0880 @ http://localhost:8771/index.js:451
[  637378ms] [LOG] MON 1 playing=false pos=0.000 stream_playing=false peak_db=-200.0 mix_rate=48000 latency=0.0880 @ http://localhost:8771/index.js:451
[  637628ms] [LOG] MON 1 playing=false pos=0.000 stream_playing=false peak_db=-200.0 mix_rate=48000 latency=0.0880 @ http://localhost:8771/index.js:451
[  637876ms] [LOG] MON 1 playing=false pos=0.000 stream_playing=false peak_db=-200.0 mix_rate=48000 latency=0.0880 @ http://localhost:8771/index.js:451
[  638127ms] [LOG] MON 1 playing=false pos=0.000 stream_playing=false peak_db=-200.0 mix_rate=48000 latency=0.0880 @ http://localhost:8771/index.js:451
[  638378ms] [LOG] MON 1 playing=false pos=0.000 stream_playing=false peak_db=-200.0 mix_rate=48000 latency=0.0880 @ http://localhost:8771/index.js:451
[  638629ms] [LOG] MON 1 playing=false pos=0.000 stream_playing=false peak_db=-200.0 mix_rate=48000 latency=0.0880 @ http://localhost:8771/index.js:451
[  638878ms] [LOG] MON 1 playing=false pos=0.000 stream_playing=false peak_db=-200.0 mix_rate=48000 latency=0.0880 @ http://localhost:8771/index.js:451
[  639128ms] [LOG] MON 1 playing=false pos=0.000 stream_playing=false peak_db=-200.0 mix_rate=48000 latency=0.0880 @ http://localhost:8771/index.js:451
[  639378ms] [LOG] MON 1 playing=false pos=0.000 stream_playing=false peak_db=-200.0 mix_rate=48000 latency=0.0880 @ http://localhost:8771/index.js:451
[  639627ms] [LOG] MON 1 playing=false pos=0.000 stream_playing=false peak_db=-200.0 mix_rate=48000 latency=0.0880 @ http://localhost:8771/index.js:451
[  639878ms] [LOG] MON 1 playing=false pos=0.000 stream_playing=false peak_db=-200.0 mix_rate=48000 latency=0.0880 @ http://localhost:8771/index.js:451
[  640128ms] [LOG] MON 1 playing=false pos=0.000 stream_playing=false peak_db=-200.0 mix_rate=48000 latency=0.0880 @ http://localhost:8771/index.js:451
[  640378ms] [LOG] MON 1 playing=false pos=0.000 stream_playing=false peak_db=-200.0 mix_rate=48000 latency=0.0880 @ http://localhost:8771/index.js:451
[  640628ms] [LOG] MON 1 playing=false pos=0.000 stream_playing=false peak_db=-200.0 mix_rate=48000 latency=0.0880 @ http://localhost:8771/index.js:451
[  640878ms] [LOG] MON 1 playing=false pos=0.000 stream_playing=false peak_db=-200.0 mix_rate=48000 latency=0.0880 @ http://localhost:8771/index.js:451
[  641128ms] [LOG] MON 1 playing=false pos=0.000 stream_playing=false peak_db=-200.0 mix_rate=48000 latency=0.0880 @ http://localhost:8771/index.js:451
[  641378ms] [LOG] MON 1 playing=false pos=0.000 stream_playing=false peak_db=-200.0 mix_rate=48000 latency=0.0880 @ http://localhost:8771/index.js:451
[  641628ms] [LOG] MON 1 playing=false pos=0.000 stream_playing=false peak_db=-200.0 mix_rate=48000 latency=0.0880 @ http://localhost:8771/index.js:451
[  641880ms] [LOG] MON 1 playing=false pos=0.000 stream_playing=false peak_db=-200.0 mix_rate=48000 latency=0.0880 @ http://localhost:8771/index.js:451
[  642126ms] [LOG] MON 1 playing=false pos=0.000 stream_playing=false peak_db=-200.0 mix_rate=48000 latency=0.0880 @ http://localhost:8771/index.js:451
[  642378ms] [LOG] MON 1 playing=false pos=0.000 stream_playing=false peak_db=-200.0 mix_rate=48000 latency=0.0880 @ http://localhost:8771/index.js:451
[  642629ms] [LOG] MON 1 playing=false pos=0.000 stream_playing=false peak_db=-200.0 mix_rate=48000 latency=0.0880 @ http://localhost:8771/index.js:451
[  642878ms] [LOG] MON 1 playing=false pos=0.000 stream_playing=false peak_db=-200.0 mix_rate=48000 latency=0.0880 @ http://localhost:8771/index.js:451
[  643126ms] [LOG] MON 1 playing=false pos=0.000 stream_playing=false peak_db=-200.0 mix_rate=48000 latency=0.0880 @ http://localhost:8771/index.js:451
[  643378ms] [LOG] MON 1 playing=false pos=0.000 stream_playing=false peak_db=-200.0 mix_rate=48000 latency=0.0880 @ http://localhost:8771/index.js:451
[  643628ms] [LOG] MON 1 playing=false pos=0.000 stream_playing=false peak_db=-200.0 mix_rate=48000 latency=0.0880 @ http://localhost:8771/index.js:451
[  643878ms] [LOG] MON 1 playing=false pos=0.000 stream_playing=false peak_db=-200.0 mix_rate=48000 latency=0.0880 @ http://localhost:8771/index.js:451
[  644127ms] [LOG] MON 1 playing=false pos=0.000 stream_playing=false peak_db=-200.0 mix_rate=48000 latency=0.0880 @ http://localhost:8771/index.js:451
[  644379ms] [LOG] MON 1 playing=false pos=0.000 stream_playing=false peak_db=-200.0 mix_rate=48000 latency=0.0880 @ http://localhost:8771/index.js:451
[  644630ms] [LOG] MON 1 playing=false pos=0.000 stream_playing=false peak_db=-200.0 mix_rate=48000 latency=0.0880 @ http://localhost:8771/index.js:451
[  644877ms] [LOG] MON 1 playing=false pos=0.000 stream_playing=false peak_db=-200.0 mix_rate=48000 latency=0.0880 @ http://localhost:8771/index.js:451
[  645129ms] [LOG] MON 1 playing=false pos=0.000 stream_playing=false peak_db=-200.0 mix_rate=48000 latency=0.0880 @ http://localhost:8771/index.js:451
[  645378ms] [LOG] MON 1 playing=false pos=0.000 stream_playing=false peak_db=-200.0 mix_rate=48000 latency=0.0880 @ http://localhost:8771/index.js:451
[  645631ms] [LOG] MON 1 playing=false pos=0.000 stream_playing=false peak_db=-200.0 mix_rate=48000 latency=0.0880 @ http://localhost:8771/index.js:451
[  645878ms] [LOG] MON 1 playing=false pos=0.000 stream_playing=false peak_db=-200.0 mix_rate=48000 latency=0.0880 @ http://localhost:8771/index.js:451
[  646128ms] [LOG] MON 1 playing=false pos=0.000 stream_playing=false peak_db=-200.0 mix_rate=48000 latency=0.0880 @ http://localhost:8771/index.js:451
[  646378ms] [LOG] MON 1 playing=false pos=0.000 stream_playing=false peak_db=-200.0 mix_rate=48000 latency=0.0880 @ http://localhost:8771/index.js:451
[  646628ms] [LOG] MON 1 playing=false pos=0.000 stream_playing=false peak_db=-200.0 mix_rate=48000 latency=0.0880 @ http://localhost:8771/index.js:451
[  646879ms] [LOG] MON 1 playing=false pos=0.000 stream_playing=false peak_db=-200.0 mix_rate=48000 latency=0.0880 @ http://localhost:8771/index.js:451
[  647128ms] [LOG] MON 1 playing=false pos=0.000 stream_playing=false peak_db=-200.0 mix_rate=48000 latency=0.0880 @ http://localhost:8771/index.js:451
[  647382ms] [LOG] MON 1 playing=false pos=0.000 stream_playing=false peak_db=-200.0 mix_rate=48000 latency=0.0880 @ http://localhost:8771/index.js:451
[  647630ms] [LOG] MON 1 playing=false pos=0.000 stream_playing=false peak_db=-200.0 mix_rate=48000 latency=0.0880 @ http://localhost:8771/index.js:451
[  647878ms] [LOG] MON 1 playing=false pos=0.000 stream_playing=false peak_db=-200.0 mix_rate=48000 latency=0.0880 @ http://localhost:8771/index.js:451
[  648129ms] [LOG] MON 1 playing=false pos=0.000 stream_playing=false peak_db=-200.0 mix_rate=48000 latency=0.0880 @ http://localhost:8771/index.js:451
[  648379ms] [LOG] MON 1 playing=false pos=0.000 stream_playing=false peak_db=-200.0 mix_rate=48000 latency=0.0880 @ http://localhost:8771/index.js:451
[  648629ms] [LOG] MON 1 playing=false pos=0.000 stream_playing=false peak_db=-200.0 mix_rate=48000 latency=0.0880 @ http://localhost:8771/index.js:451
[  648878ms] [LOG] MON 1 playing=false pos=0.000 stream_playing=false peak_db=-200.0 mix_rate=48000 latency=0.0880 @ http://localhost:8771/index.js:451
[  649127ms] [LOG] MON 1 playing=false pos=0.000 stream_playing=false peak_db=-200.0 mix_rate=48000 latency=0.0880 @ http://localhost:8771/index.js:451
[  649378ms] [LOG] MON 1 playing=false pos=0.000 stream_playing=false peak_db=-200.0 mix_rate=48000 latency=0.0880 @ http://localhost:8771/index.js:451
[  649628ms] [LOG] MON 1 playing=false pos=0.000 stream_playing=false peak_db=-200.0 mix_rate=48000 latency=0.0880 @ http://localhost:8771/index.js:451
[  649878ms] [LOG] MON 1 playing=false pos=0.000 stream_playing=false peak_db=-200.0 mix_rate=48000 latency=0.0880 @ http://localhost:8771/index.js:451
[  650129ms] [LOG] MON 1 playing=false pos=0.000 stream_playing=false peak_db=-200.0 mix_rate=48000 latency=0.0880 @ http://localhost:8771/index.js:451
[  650378ms] [LOG] MON 1 playing=false pos=0.000 stream_playing=false peak_db=-200.0 mix_rate=48000 latency=0.0880 @ http://localhost:8771/index.js:451
[  650641ms] [LOG] MON 1 playing=false pos=0.000 stream_playing=false peak_db=-200.0 mix_rate=48000 latency=0.0880 @ http://localhost:8771/index.js:451
[  650878ms] [LOG] MON 1 playing=false pos=0.000 stream_playing=false peak_db=-200.0 mix_rate=48000 latency=0.0880 @ http://localhost:8771/index.js:451
[  651127ms] [LOG] MON 1 playing=false pos=0.000 stream_playing=false peak_db=-200.0 mix_rate=48000 latency=0.0880 @ http://localhost:8771/index.js:451
[  651378ms] [LOG] MON 1 playing=false pos=0.000 stream_playing=false peak_db=-200.0 mix_rate=48000 latency=0.0880 @ http://localhost:8771/index.js:451
[  651629ms] [LOG] MON 1 playing=false pos=0.000 stream_playing=false peak_db=-200.0 mix_rate=48000 latency=0.0880 @ http://localhost:8771/index.js:451
[  651878ms] [LOG] MON 1 playing=false pos=0.000 stream_playing=false peak_db=-200.0 mix_rate=48000 latency=0.0880 @ http://localhost:8771/index.js:451
[  652128ms] [LOG] MON 1 playing=false pos=0.000 stream_playing=false peak_db=-200.0 mix_rate=48000 latency=0.0880 @ http://localhost:8771/index.js:451
[  652379ms] [LOG] MON 1 playing=false pos=0.000 stream_playing=false peak_db=-200.0 mix_rate=48000 latency=0.0880 @ http://localhost:8771/index.js:451
[  652628ms] [LOG] MON 1 playing=false pos=0.000 stream_playing=false peak_db=-200.0 mix_rate=48000 latency=0.0880 @ http://localhost:8771/index.js:451
[  652877ms] [LOG] MON 1 playing=false pos=0.000 stream_playing=false peak_db=-200.0 mix_rate=48000 latency=0.0880 @ http://localhost:8771/index.js:451
[  653129ms] [LOG] MON 1 playing=false pos=0.000 stream_playing=false peak_db=-200.0 mix_rate=48000 latency=0.0880 @ http://localhost:8771/index.js:451
[  653379ms] [LOG] MON 1 playing=false pos=0.000 stream_playing=false peak_db=-200.0 mix_rate=48000 latency=0.0880 @ http://localhost:8771/index.js:451
[  653628ms] [LOG] MON 1 playing=false pos=0.000 stream_playing=false peak_db=-200.0 mix_rate=48000 latency=0.0880 @ http://localhost:8771/index.js:451
[  653877ms] [LOG] MON 1 playing=false pos=0.000 stream_playing=false peak_db=-200.0 mix_rate=48000 latency=0.0880 @ http://localhost:8771/index.js:451
[  654128ms] [LOG] MON 1 playing=false pos=0.000 stream_playing=false peak_db=-200.0 mix_rate=48000 latency=0.0880 @ http://localhost:8771/index.js:451
[  654377ms] [LOG] MON 1 playing=false pos=0.000 stream_playing=false peak_db=-200.0 mix_rate=48000 latency=0.0880 @ http://localhost:8771/index.js:451
[  654629ms] [LOG] MON 1 playing=false pos=0.000 stream_playing=false peak_db=-200.0 mix_rate=48000 latency=0.0880 @ http://localhost:8771/index.js:451
[  654877ms] [LOG] MON 1 playing=false pos=0.000 stream_playing=false peak_db=-200.0 mix_rate=48000 latency=0.0880 @ http://localhost:8771/index.js:451
[  655128ms] [LOG] MON 1 playing=false pos=0.000 stream_playing=false peak_db=-200.0 mix_rate=48000 latency=0.0880 @ http://localhost:8771/index.js:451
[  655377ms] [LOG] MON 1 playing=false pos=0.000 stream_playing=false peak_db=-200.0 mix_rate=48000 latency=0.0880 @ http://localhost:8771/index.js:451
[  655629ms] [LOG] MON 1 playing=false pos=0.000 stream_playing=false peak_db=-200.0 mix_rate=48000 latency=0.0880 @ http://localhost:8771/index.js:451
[  655879ms] [LOG] MON 1 playing=false pos=0.000 stream_playing=false peak_db=-200.0 mix_rate=48000 latency=0.0880 @ http://localhost:8771/index.js:451
[  656129ms] [LOG] MON 1 playing=false pos=0.000 stream_playing=false peak_db=-200.0 mix_rate=48000 latency=0.0880 @ http://localhost:8771/index.js:451
[  656379ms] [LOG] MON 1 playing=false pos=0.000 stream_playing=false peak_db=-200.0 mix_rate=48000 latency=0.0880 @ http://localhost:8771/index.js:451
[  656627ms] [LOG] MON 1 playing=false pos=0.000 stream_playing=false peak_db=-200.0 mix_rate=48000 latency=0.0880 @ http://localhost:8771/index.js:451
[  656877ms] [LOG] MON 1 playing=false pos=0.000 stream_playing=false peak_db=-200.0 mix_rate=48000 latency=0.0880 @ http://localhost:8771/index.js:451
[  657130ms] [LOG] MON 1 playing=false pos=0.000 stream_playing=false peak_db=-200.0 mix_rate=48000 latency=0.0880 @ http://localhost:8771/index.js:451
[  657378ms] [LOG] MON 1 playing=false pos=0.000 stream_playing=false peak_db=-200.0 mix_rate=48000 latency=0.0880 @ http://localhost:8771/index.js:451
[  657629ms] [LOG] MON 1 playing=false pos=0.000 stream_playing=false peak_db=-200.0 mix_rate=48000 latency=0.0880 @ http://localhost:8771/index.js:451
[  657878ms] [LOG] MON 1 playing=false pos=0.000 stream_playing=false peak_db=-200.0 mix_rate=48000 latency=0.0880 @ http://localhost:8771/index.js:451
[  658128ms] [LOG] MON 1 playing=false pos=0.000 stream_playing=false peak_db=-200.0 mix_rate=48000 latency=0.0880 @ http://localhost:8771/index.js:451
[  658379ms] [LOG] MON 1 playing=false pos=0.000 stream_playing=false peak_db=-200.0 mix_rate=48000 latency=0.0880 @ http://localhost:8771/index.js:451
[  658628ms] [LOG] MON 1 playing=false pos=0.000 stream_playing=false peak_db=-200.0 mix_rate=48000 latency=0.0880 @ http://localhost:8771/index.js:451
[  658877ms] [LOG] MON 1 playing=false pos=0.000 stream_playing=false peak_db=-200.0 mix_rate=48000 latency=0.0880 @ http://localhost:8771/index.js:451
[  659128ms] [LOG] MON 1 playing=false pos=0.000 stream_playing=false peak_db=-200.0 mix_rate=48000 latency=0.0880 @ http://localhost:8771/index.js:451
[  659379ms] [LOG] MON 1 playing=false pos=0.000 stream_playing=false peak_db=-200.0 mix_rate=48000 latency=0.0880 @ http://localhost:8771/index.js:451
[  659629ms] [LOG] MON 1 playing=false pos=0.000 stream_playing=false peak_db=-200.0 mix_rate=48000 latency=0.0880 @ http://localhost:8771/index.js:451
[  659879ms] [LOG] MON 1 playing=false pos=0.000 stream_playing=false peak_db=-200.0 mix_rate=48000 latency=0.0880 @ http://localhost:8771/index.js:451
[  660130ms] [LOG] MON 1 playing=false pos=0.000 stream_playing=false peak_db=-200.0 mix_rate=48000 latency=0.0880 @ http://localhost:8771/index.js:451
[  660378ms] [LOG] MON 1 playing=false pos=0.000 stream_playing=false peak_db=-200.0 mix_rate=48000 latency=0.0880 @ http://localhost:8771/index.js:451
[  660629ms] [LOG] MON 1 playing=false pos=0.000 stream_playing=false peak_db=-200.0 mix_rate=48000 latency=0.0880 @ http://localhost:8771/index.js:451
[  660878ms] [LOG] MON 1 playing=false pos=0.000 stream_playing=false peak_db=-200.0 mix_rate=48000 latency=0.0880 @ http://localhost:8771/index.js:451
[  661127ms] [LOG] MON 1 playing=false pos=0.000 stream_playing=false peak_db=-200.0 mix_rate=48000 latency=0.0880 @ http://localhost:8771/index.js:451
[  661379ms] [LOG] MON 1 playing=false pos=0.000 stream_playing=false peak_db=-200.0 mix_rate=48000 latency=0.0880 @ http://localhost:8771/index.js:451
[  661627ms] [LOG] MON 1 playing=false pos=0.000 stream_playing=false peak_db=-200.0 mix_rate=48000 latency=0.0880 @ http://localhost:8771/index.js:451
[  661877ms] [LOG] MON 1 playing=false pos=0.000 stream_playing=false peak_db=-200.0 mix_rate=48000 latency=0.0880 @ http://localhost:8771/index.js:451
[  662129ms] [LOG] MON 1 playing=false pos=0.000 stream_playing=false peak_db=-200.0 mix_rate=48000 latency=0.0880 @ http://localhost:8771/index.js:451
[  662379ms] [LOG] MON 1 playing=false pos=0.000 stream_playing=false peak_db=-200.0 mix_rate=48000 latency=0.0880 @ http://localhost:8771/index.js:451
[  662628ms] [LOG] MON 1 playing=false pos=0.000 stream_playing=false peak_db=-200.0 mix_rate=48000 latency=0.0880 @ http://localhost:8771/index.js:451
[  662878ms] [LOG] MON 1 playing=false pos=0.000 stream_playing=false peak_db=-200.0 mix_rate=48000 latency=0.0880 @ http://localhost:8771/index.js:451
[  663128ms] [LOG] MON 1 playing=false pos=0.000 stream_playing=false peak_db=-200.0 mix_rate=48000 latency=0.0880 @ http://localhost:8771/index.js:451
[  663379ms] [LOG] MON 1 playing=false pos=0.000 stream_playing=false peak_db=-200.0 mix_rate=48000 latency=0.0880 @ http://localhost:8771/index.js:451
[  663629ms] [LOG] MON 1 playing=false pos=0.000 stream_playing=false peak_db=-200.0 mix_rate=48000 latency=0.0880 @ http://localhost:8771/index.js:451
[  663878ms] [LOG] MON 1 playing=false pos=0.000 stream_playing=false peak_db=-200.0 mix_rate=48000 latency=0.0880 @ http://localhost:8771/index.js:451
[  664129ms] [LOG] MON 1 playing=false pos=0.000 stream_playing=false peak_db=-200.0 mix_rate=48000 latency=0.0880 @ http://localhost:8771/index.js:451
[  664380ms] [LOG] MON 1 playing=false pos=0.000 stream_playing=false peak_db=-200.0 mix_rate=48000 latency=0.0880 @ http://localhost:8771/index.js:451
[  664630ms] [LOG] MON 1 playing=false pos=0.000 stream_playing=false peak_db=-200.0 mix_rate=48000 latency=0.0880 @ http://localhost:8771/index.js:451
[  664879ms] [LOG] MON 1 playing=false pos=0.000 stream_playing=false peak_db=-200.0 mix_rate=48000 latency=0.0880 @ http://localhost:8771/index.js:451
[  665129ms] [LOG] MON 1 playing=false pos=0.000 stream_playing=false peak_db=-200.0 mix_rate=48000 latency=0.0880 @ http://localhost:8771/index.js:451
[  665377ms] [LOG] MON 1 playing=false pos=0.000 stream_playing=false peak_db=-200.0 mix_rate=48000 latency=0.0880 @ http://localhost:8771/index.js:451
[  665628ms] [LOG] MON 1 playing=false pos=0.000 stream_playing=false peak_db=-200.0 mix_rate=48000 latency=0.0880 @ http://localhost:8771/index.js:451
[  665879ms] [LOG] MON 1 playing=false pos=0.000 stream_playing=false peak_db=-200.0 mix_rate=48000 latency=0.0880 @ http://localhost:8771/index.js:451
[  666129ms] [LOG] MON 1 playing=false pos=0.000 stream_playing=false peak_db=-200.0 mix_rate=48000 latency=0.0880 @ http://localhost:8771/index.js:451
[  666377ms] [LOG] MON 1 playing=false pos=0.000 stream_playing=false peak_db=-200.0 mix_rate=48000 latency=0.0880 @ http://localhost:8771/index.js:451
[  666628ms] [LOG] MON 1 playing=false pos=0.000 stream_playing=false peak_db=-200.0 mix_rate=48000 latency=0.0880 @ http://localhost:8771/index.js:451
[  666878ms] [LOG] MON 1 playing=false pos=0.000 stream_playing=false peak_db=-200.0 mix_rate=48000 latency=0.0880 @ http://localhost:8771/index.js:451
[  667127ms] [LOG] MON 1 playing=false pos=0.000 stream_playing=false peak_db=-200.0 mix_rate=48000 latency=0.0880 @ http://localhost:8771/index.js:451
[  667377ms] [LOG] MON 1 playing=false pos=0.000 stream_playing=false peak_db=-200.0 mix_rate=48000 latency=0.0880 @ http://localhost:8771/index.js:451
[  667626ms] [LOG] MON 1 playing=false pos=0.000 stream_playing=false peak_db=-200.0 mix_rate=48000 latency=0.0880 @ http://localhost:8771/index.js:451
[  667877ms] [LOG] MON 1 playing=false pos=0.000 stream_playing=false peak_db=-200.0 mix_rate=48000 latency=0.0880 @ http://localhost:8771/index.js:451
[  668128ms] [LOG] MON 1 playing=false pos=0.000 stream_playing=false peak_db=-200.0 mix_rate=48000 latency=0.0880 @ http://localhost:8771/index.js:451
[  668378ms] [LOG] MON 1 playing=false pos=0.000 stream_playing=false peak_db=-200.0 mix_rate=48000 latency=0.0880 @ http://localhost:8771/index.js:451
[  668629ms] [LOG] MON 1 playing=false pos=0.000 stream_playing=false peak_db=-200.0 mix_rate=48000 latency=0.0880 @ http://localhost:8771/index.js:451
[  668879ms] [LOG] MON 1 playing=false pos=0.000 stream_playing=false peak_db=-200.0 mix_rate=48000 latency=0.0880 @ http://localhost:8771/index.js:451
[  669129ms] [LOG] MON 1 playing=false pos=0.000 stream_playing=false peak_db=-200.0 mix_rate=48000 latency=0.0880 @ http://localhost:8771/index.js:451
[  669381ms] [LOG] MON 1 playing=false pos=0.000 stream_playing=false peak_db=-200.0 mix_rate=48000 latency=0.0880 @ http://localhost:8771/index.js:451
[  669628ms] [LOG] MON 1 playing=false pos=0.000 stream_playing=false peak_db=-200.0 mix_rate=48000 latency=0.0880 @ http://localhost:8771/index.js:451
[  669878ms] [LOG] MON 1 playing=false pos=0.000 stream_playing=false peak_db=-200.0 mix_rate=48000 latency=0.0880 @ http://localhost:8771/index.js:451
[  670128ms] [LOG] MON 1 playing=false pos=0.000 stream_playing=false peak_db=-200.0 mix_rate=48000 latency=0.0880 @ http://localhost:8771/index.js:451
[  670378ms] [LOG] MON 1 playing=false pos=0.000 stream_playing=false peak_db=-200.0 mix_rate=48000 latency=0.0880 @ http://localhost:8771/index.js:451
[  670628ms] [LOG] MON 1 playing=false pos=0.000 stream_playing=false peak_db=-200.0 mix_rate=48000 latency=0.0880 @ http://localhost:8771/index.js:451
[  670878ms] [LOG] MON 1 playing=false pos=0.000 stream_playing=false peak_db=-200.0 mix_rate=48000 latency=0.0880 @ http://localhost:8771/index.js:451
[  671130ms] [LOG] MON 1 playing=false pos=0.000 stream_playing=false peak_db=-200.0 mix_rate=48000 latency=0.0880 @ http://localhost:8771/index.js:451
[  671379ms] [LOG] MON 1 playing=false pos=0.000 stream_playing=false peak_db=-200.0 mix_rate=48000 latency=0.0880 @ http://localhost:8771/index.js:451
[  671628ms] [LOG] MON 1 playing=false pos=0.000 stream_playing=false peak_db=-200.0 mix_rate=48000 latency=0.0880 @ http://localhost:8771/index.js:451
[  671878ms] [LOG] MON 1 playing=false pos=0.000 stream_playing=false peak_db=-200.0 mix_rate=48000 latency=0.0880 @ http://localhost:8771/index.js:451
[  672127ms] [LOG] MON 1 playing=false pos=0.000 stream_playing=false peak_db=-200.0 mix_rate=48000 latency=0.0880 @ http://localhost:8771/index.js:451
[  672378ms] [LOG] MON 1 playing=false pos=0.000 stream_playing=false peak_db=-200.0 mix_rate=48000 latency=0.0880 @ http://localhost:8771/index.js:451
[  672630ms] [LOG] MON 1 playing=false pos=0.000 stream_playing=false peak_db=-200.0 mix_rate=48000 latency=0.0880 @ http://localhost:8771/index.js:451
[  672879ms] [LOG] MON 1 playing=false pos=0.000 stream_playing=false peak_db=-200.0 mix_rate=48000 latency=0.0880 @ http://localhost:8771/index.js:451
[  673128ms] [LOG] MON 1 playing=false pos=0.000 stream_playing=false peak_db=-200.0 mix_rate=48000 latency=0.0880 @ http://localhost:8771/index.js:451
[  673378ms] [LOG] MON 1 playing=false pos=0.000 stream_playing=false peak_db=-200.0 mix_rate=48000 latency=0.0880 @ http://localhost:8771/index.js:451
[  673629ms] [LOG] MON 1 playing=false pos=0.000 stream_playing=false peak_db=-200.0 mix_rate=48000 latency=0.0880 @ http://localhost:8771/index.js:451
[  673877ms] [LOG] MON 1 playing=false pos=0.000 stream_playing=false peak_db=-200.0 mix_rate=48000 latency=0.0880 @ http://localhost:8771/index.js:451
[  674128ms] [LOG] MON 1 playing=false pos=0.000 stream_playing=false peak_db=-200.0 mix_rate=48000 latency=0.0880 @ http://localhost:8771/index.js:451
[  674378ms] [LOG] MON 1 playing=false pos=0.000 stream_playing=false peak_db=-200.0 mix_rate=48000 latency=0.0880 @ http://localhost:8771/index.js:451
[  674627ms] [LOG] MON 1 playing=false pos=0.000 stream_playing=false peak_db=-200.0 mix_rate=48000 latency=0.0880 @ http://localhost:8771/index.js:451
[  674878ms] [LOG] MON 1 playing=false pos=0.000 stream_playing=false peak_db=-200.0 mix_rate=48000 latency=0.0880 @ http://localhost:8771/index.js:451
[  675128ms] [LOG] MON 1 playing=false pos=0.000 stream_playing=false peak_db=-200.0 mix_rate=48000 latency=0.0880 @ http://localhost:8771/index.js:451
[  675378ms] [LOG] MON 1 playing=false pos=0.000 stream_playing=false peak_db=-200.0 mix_rate=48000 latency=0.0880 @ http://localhost:8771/index.js:451
[  675628ms] [LOG] MON 1 playing=false pos=0.000 stream_playing=false peak_db=-200.0 mix_rate=48000 latency=0.0880 @ http://localhost:8771/index.js:451
[  675877ms] [LOG] MON 1 playing=false pos=0.000 stream_playing=false peak_db=-200.0 mix_rate=48000 latency=0.0880 @ http://localhost:8771/index.js:451
[  676129ms] [LOG] MON 1 playing=false pos=0.000 stream_playing=false peak_db=-200.0 mix_rate=48000 latency=0.0880 @ http://localhost:8771/index.js:451
[  676377ms] [LOG] MON 1 playing=false pos=0.000 stream_playing=false peak_db=-200.0 mix_rate=48000 latency=0.0880 @ http://localhost:8771/index.js:451
[  676628ms] [LOG] MON 1 playing=false pos=0.000 stream_playing=false peak_db=-200.0 mix_rate=48000 latency=0.0880 @ http://localhost:8771/index.js:451
[  676878ms] [LOG] MON 1 playing=false pos=0.000 stream_playing=false peak_db=-200.0 mix_rate=48000 latency=0.0880 @ http://localhost:8771/index.js:451
[  677129ms] [LOG] MON 1 playing=false pos=0.000 stream_playing=false peak_db=-200.0 mix_rate=48000 latency=0.0880 @ http://localhost:8771/index.js:451
[  677380ms] [LOG] MON 1 playing=false pos=0.000 stream_playing=false peak_db=-200.0 mix_rate=48000 latency=0.0880 @ http://localhost:8771/index.js:451
[  677629ms] [LOG] MON 1 playing=false pos=0.000 stream_playing=false peak_db=-200.0 mix_rate=48000 latency=0.0880 @ http://localhost:8771/index.js:451
[  677879ms] [LOG] MON 1 playing=false pos=0.000 stream_playing=false peak_db=-200.0 mix_rate=48000 latency=0.0880 @ http://localhost:8771/index.js:451
[  678128ms] [LOG] MON 1 playing=false pos=0.000 stream_playing=false peak_db=-200.0 mix_rate=48000 latency=0.0880 @ http://localhost:8771/index.js:451
[  678379ms] [LOG] MON 1 playing=false pos=0.000 stream_playing=false peak_db=-200.0 mix_rate=48000 latency=0.0880 @ http://localhost:8771/index.js:451
[  678630ms] [LOG] MON 1 playing=false pos=0.000 stream_playing=false peak_db=-200.0 mix_rate=48000 latency=0.0880 @ http://localhost:8771/index.js:451
[  678878ms] [LOG] MON 1 playing=false pos=0.000 stream_playing=false peak_db=-200.0 mix_rate=48000 latency=0.0880 @ http://localhost:8771/index.js:451
[  679128ms] [LOG] MON 1 playing=false pos=0.000 stream_playing=false peak_db=-200.0 mix_rate=48000 latency=0.0880 @ http://localhost:8771/index.js:451
[  679378ms] [LOG] MON 1 playing=false pos=0.000 stream_playing=false peak_db=-200.0 mix_rate=48000 latency=0.0880 @ http://localhost:8771/index.js:451
[  679631ms] [LOG] MON 1 playing=false pos=0.000 stream_playing=false peak_db=-200.0 mix_rate=48000 latency=0.0880 @ http://localhost:8771/index.js:451
[  679877ms] [LOG] MON 1 playing=false pos=0.000 stream_playing=false peak_db=-200.0 mix_rate=48000 latency=0.0880 @ http://localhost:8771/index.js:451
[  680130ms] [LOG] MON 1 playing=false pos=0.000 stream_playing=false peak_db=-200.0 mix_rate=48000 latency=0.0880 @ http://localhost:8771/index.js:451
[  680380ms] [LOG] MON 1 playing=false pos=0.000 stream_playing=false peak_db=-200.0 mix_rate=48000 latency=0.0880 @ http://localhost:8771/index.js:451
[  680629ms] [LOG] MON 1 playing=false pos=0.000 stream_playing=false peak_db=-200.0 mix_rate=48000 latency=0.0880 @ http://localhost:8771/index.js:451
[  680878ms] [LOG] MON 1 playing=false pos=0.000 stream_playing=false peak_db=-200.0 mix_rate=48000 latency=0.0880 @ http://localhost:8771/index.js:451
[  681129ms] [LOG] MON 1 playing=false pos=0.000 stream_playing=false peak_db=-200.0 mix_rate=48000 latency=0.0880 @ http://localhost:8771/index.js:451
[  681379ms] [LOG] MON 1 playing=false pos=0.000 stream_playing=false peak_db=-200.0 mix_rate=48000 latency=0.0880 @ http://localhost:8771/index.js:451
[  681628ms] [LOG] MON 1 playing=false pos=0.000 stream_playing=false peak_db=-200.0 mix_rate=48000 latency=0.0880 @ http://localhost:8771/index.js:451
[  681879ms] [LOG] MON 1 playing=false pos=0.000 stream_playing=false peak_db=-200.0 mix_rate=48000 latency=0.0880 @ http://localhost:8771/index.js:451
[  682127ms] [LOG] MON 1 playing=false pos=0.000 stream_playing=false peak_db=-200.0 mix_rate=48000 latency=0.0880 @ http://localhost:8771/index.js:451
[  682379ms] [LOG] MON 1 playing=false pos=0.000 stream_playing=false peak_db=-200.0 mix_rate=48000 latency=0.0880 @ http://localhost:8771/index.js:451
[  682629ms] [LOG] MON 1 playing=false pos=0.000 stream_playing=false peak_db=-200.0 mix_rate=48000 latency=0.0880 @ http://localhost:8771/index.js:451
[  682879ms] [LOG] MON 1 playing=false pos=0.000 stream_playing=false peak_db=-200.0 mix_rate=48000 latency=0.0880 @ http://localhost:8771/index.js:451
[  683129ms] [LOG] MON 1 playing=false pos=0.000 stream_playing=false peak_db=-200.0 mix_rate=48000 latency=0.0880 @ http://localhost:8771/index.js:451
[  683378ms] [LOG] MON 1 playing=false pos=0.000 stream_playing=false peak_db=-200.0 mix_rate=48000 latency=0.0880 @ http://localhost:8771/index.js:451
[  683630ms] [LOG] MON 1 playing=false pos=0.000 stream_playing=false peak_db=-200.0 mix_rate=48000 latency=0.0880 @ http://localhost:8771/index.js:451
[  683879ms] [LOG] MON 1 playing=false pos=0.000 stream_playing=false peak_db=-200.0 mix_rate=48000 latency=0.0880 @ http://localhost:8771/index.js:451
[  684129ms] [LOG] MON 1 playing=false pos=0.000 stream_playing=false peak_db=-200.0 mix_rate=48000 latency=0.0880 @ http://localhost:8771/index.js:451
[  684378ms] [LOG] MON 1 playing=false pos=0.000 stream_playing=false peak_db=-200.0 mix_rate=48000 latency=0.0880 @ http://localhost:8771/index.js:451
[  684628ms] [LOG] MON 1 playing=false pos=0.000 stream_playing=false peak_db=-200.0 mix_rate=48000 latency=0.0880 @ http://localhost:8771/index.js:451
[  684879ms] [LOG] MON 1 playing=false pos=0.000 stream_playing=false peak_db=-200.0 mix_rate=48000 latency=0.0880 @ http://localhost:8771/index.js:451
[  685127ms] [LOG] MON 1 playing=false pos=0.000 stream_playing=false peak_db=-200.0 mix_rate=48000 latency=0.0880 @ http://localhost:8771/index.js:451
[  685377ms] [LOG] MON 1 playing=false pos=0.000 stream_playing=false peak_db=-200.0 mix_rate=48000 latency=0.0880 @ http://localhost:8771/index.js:451
[  685628ms] [LOG] MON 1 playing=false pos=0.000 stream_playing=false peak_db=-200.0 mix_rate=48000 latency=0.0880 @ http://localhost:8771/index.js:451
[  685880ms] [LOG] MON 1 playing=false pos=0.000 stream_playing=false peak_db=-200.0 mix_rate=48000 latency=0.0880 @ http://localhost:8771/index.js:451
[  686129ms] [LOG] MON 1 playing=false pos=0.000 stream_playing=false peak_db=-200.0 mix_rate=48000 latency=0.0880 @ http://localhost:8771/index.js:451
[  686379ms] [LOG] MON 1 playing=false pos=0.000 stream_playing=false peak_db=-200.0 mix_rate=48000 latency=0.0880 @ http://localhost:8771/index.js:451
[  686629ms] [LOG] MON 1 playing=false pos=0.000 stream_playing=false peak_db=-200.0 mix_rate=48000 latency=0.0880 @ http://localhost:8771/index.js:451
[  686878ms] [LOG] MON 1 playing=false pos=0.000 stream_playing=false peak_db=-200.0 mix_rate=48000 latency=0.0880 @ http://localhost:8771/index.js:451
[  687128ms] [LOG] MON 1 playing=false pos=0.000 stream_playing=false peak_db=-200.0 mix_rate=48000 latency=0.0880 @ http://localhost:8771/index.js:451
[  687379ms] [LOG] MON 1 playing=false pos=0.000 stream_playing=false peak_db=-200.0 mix_rate=48000 latency=0.0880 @ http://localhost:8771/index.js:451
[  687630ms] [LOG] MON 1 playing=false pos=0.000 stream_playing=false peak_db=-200.0 mix_rate=48000 latency=0.0880 @ http://localhost:8771/index.js:451
[  687879ms] [LOG] MON 1 playing=false pos=0.000 stream_playing=false peak_db=-200.0 mix_rate=48000 latency=0.0880 @ http://localhost:8771/index.js:451
[  688128ms] [LOG] MON 1 playing=false pos=0.000 stream_playing=false peak_db=-200.0 mix_rate=48000 latency=0.0880 @ http://localhost:8771/index.js:451
[  688378ms] [LOG] MON 1 playing=false pos=0.000 stream_playing=false peak_db=-200.0 mix_rate=48000 latency=0.0880 @ http://localhost:8771/index.js:451
[  688628ms] [LOG] MON 1 playing=false pos=0.000 stream_playing=false peak_db=-200.0 mix_rate=48000 latency=0.0880 @ http://localhost:8771/index.js:451
[  688880ms] [LOG] MON 1 playing=false pos=0.000 stream_playing=false peak_db=-200.0 mix_rate=48000 latency=0.0880 @ http://localhost:8771/index.js:451
[  689128ms] [LOG] MON 1 playing=false pos=0.000 stream_playing=false peak_db=-200.0 mix_rate=48000 latency=0.0880 @ http://localhost:8771/index.js:451
[  689378ms] [LOG] MON 1 playing=false pos=0.000 stream_playing=false peak_db=-200.0 mix_rate=48000 latency=0.0880 @ http://localhost:8771/index.js:451
[  689627ms] [LOG] MON 1 playing=false pos=0.000 stream_playing=false peak_db=-200.0 mix_rate=48000 latency=0.0880 @ http://localhost:8771/index.js:451
[  689882ms] [LOG] MON 1 playing=false pos=0.000 stream_playing=false peak_db=-200.0 mix_rate=48000 latency=0.0880 @ http://localhost:8771/index.js:451
[  690128ms] [LOG] MON 1 playing=false pos=0.000 stream_playing=false peak_db=-200.0 mix_rate=48000 latency=0.0880 @ http://localhost:8771/index.js:451
[  690378ms] [LOG] MON 1 playing=false pos=0.000 stream_playing=false peak_db=-200.0 mix_rate=48000 latency=0.0880 @ http://localhost:8771/index.js:451
[  690629ms] [LOG] MON 1 playing=false pos=0.000 stream_playing=false peak_db=-200.0 mix_rate=48000 latency=0.0880 @ http://localhost:8771/index.js:451
[  690879ms] [LOG] MON 1 playing=false pos=0.000 stream_playing=false peak_db=-200.0 mix_rate=48000 latency=0.0880 @ http://localhost:8771/index.js:451
[  691129ms] [LOG] MON 1 playing=false pos=0.000 stream_playing=false peak_db=-200.0 mix_rate=48000 latency=0.0880 @ http://localhost:8771/index.js:451
[  691377ms] [LOG] MON 1 playing=false pos=0.000 stream_playing=false peak_db=-200.0 mix_rate=48000 latency=0.0880 @ http://localhost:8771/index.js:451
[  691628ms] [LOG] MON 1 playing=false pos=0.000 stream_playing=false peak_db=-200.0 mix_rate=48000 latency=0.0880 @ http://localhost:8771/index.js:451
[  691878ms] [LOG] MON 1 playing=false pos=0.000 stream_playing=false peak_db=-200.0 mix_rate=48000 latency=0.0880 @ http://localhost:8771/index.js:451
[  692127ms] [LOG] MON 1 playing=false pos=0.000 stream_playing=false peak_db=-200.0 mix_rate=48000 latency=0.0880 @ http://localhost:8771/index.js:451
[  692378ms] [LOG] MON 1 playing=false pos=0.000 stream_playing=false peak_db=-200.0 mix_rate=48000 latency=0.0880 @ http://localhost:8771/index.js:451
[  692628ms] [LOG] MON 1 playing=false pos=0.000 stream_playing=false peak_db=-200.0 mix_rate=48000 latency=0.0880 @ http://localhost:8771/index.js:451
[  692877ms] [LOG] MON 1 playing=false pos=0.000 stream_playing=false peak_db=-200.0 mix_rate=48000 latency=0.0880 @ http://localhost:8771/index.js:451
[  693130ms] [LOG] MON 1 playing=false pos=0.000 stream_playing=false peak_db=-200.0 mix_rate=48000 latency=0.0880 @ http://localhost:8771/index.js:451
[  693380ms] [LOG] MON 1 playing=false pos=0.000 stream_playing=false peak_db=-200.0 mix_rate=48000 latency=0.0880 @ http://localhost:8771/index.js:451
[  693631ms] [LOG] MON 1 playing=false pos=0.000 stream_playing=false peak_db=-200.0 mix_rate=48000 latency=0.0880 @ http://localhost:8771/index.js:451
[  693880ms] [LOG] MON 1 playing=false pos=0.000 stream_playing=false peak_db=-200.0 mix_rate=48000 latency=0.0880 @ http://localhost:8771/index.js:451
[  694128ms] [LOG] MON 1 playing=false pos=0.000 stream_playing=false peak_db=-200.0 mix_rate=48000 latency=0.0880 @ http://localhost:8771/index.js:451
[  694379ms] [LOG] MON 1 playing=false pos=0.000 stream_playing=false peak_db=-200.0 mix_rate=48000 latency=0.0880 @ http://localhost:8771/index.js:451
[  694631ms] [LOG] MON 1 playing=false pos=0.000 stream_playing=false peak_db=-200.0 mix_rate=48000 latency=0.0880 @ http://localhost:8771/index.js:451
[  694880ms] [LOG] MON 1 playing=false pos=0.000 stream_playing=false peak_db=-200.0 mix_rate=48000 latency=0.0880 @ http://localhost:8771/index.js:451
[  695127ms] [LOG] MON 1 playing=false pos=0.000 stream_playing=false peak_db=-200.0 mix_rate=48000 latency=0.0880 @ http://localhost:8771/index.js:451
[  695379ms] [LOG] MON 1 playing=false pos=0.000 stream_playing=false peak_db=-200.0 mix_rate=48000 latency=0.0880 @ http://localhost:8771/index.js:451
[  695629ms] [LOG] MON 1 playing=false pos=0.000 stream_playing=false peak_db=-200.0 mix_rate=48000 latency=0.0880 @ http://localhost:8771/index.js:451
[  695879ms] [LOG] MON 1 playing=false pos=0.000 stream_playing=false peak_db=-200.0 mix_rate=48000 latency=0.0880 @ http://localhost:8771/index.js:451
[  696128ms] [LOG] MON 1 playing=false pos=0.000 stream_playing=false peak_db=-200.0 mix_rate=48000 latency=0.0880 @ http://localhost:8771/index.js:451
[  696378ms] [LOG] MON 1 playing=false pos=0.000 stream_playing=false peak_db=-200.0 mix_rate=48000 latency=0.0880 @ http://localhost:8771/index.js:451
[  696628ms] [LOG] MON 1 playing=false pos=0.000 stream_playing=false peak_db=-200.0 mix_rate=48000 latency=0.0880 @ http://localhost:8771/index.js:451
[  696879ms] [LOG] MON 1 playing=false pos=0.000 stream_playing=false peak_db=-200.0 mix_rate=48000 latency=0.0880 @ http://localhost:8771/index.js:451
[  697129ms] [LOG] MON 1 playing=false pos=0.000 stream_playing=false peak_db=-200.0 mix_rate=48000 latency=0.0880 @ http://localhost:8771/index.js:451
[  697379ms] [LOG] MON 1 playing=false pos=0.000 stream_playing=false peak_db=-200.0 mix_rate=48000 latency=0.0880 @ http://localhost:8771/index.js:451
[  697629ms] [LOG] MON 1 playing=false pos=0.000 stream_playing=false peak_db=-200.0 mix_rate=48000 latency=0.0880 @ http://localhost:8771/index.js:451
[  697881ms] [LOG] MON 1 playing=false pos=0.000 stream_playing=false peak_db=-200.0 mix_rate=48000 latency=0.0880 @ http://localhost:8771/index.js:451
[  698129ms] [LOG] MON 1 playing=false pos=0.000 stream_playing=false peak_db=-200.0 mix_rate=48000 latency=0.0880 @ http://localhost:8771/index.js:451
[  698377ms] [LOG] MON 1 playing=false pos=0.000 stream_playing=false peak_db=-200.0 mix_rate=48000 latency=0.0880 @ http://localhost:8771/index.js:451
[  698629ms] [LOG] MON 1 playing=false pos=0.000 stream_playing=false peak_db=-200.0 mix_rate=48000 latency=0.0880 @ http://localhost:8771/index.js:451
[  698881ms] [LOG] MON 1 playing=false pos=0.000 stream_playing=false peak_db=-200.0 mix_rate=48000 latency=0.0880 @ http://localhost:8771/index.js:451
[  699130ms] [LOG] MON 1 playing=false pos=0.000 stream_playing=false peak_db=-200.0 mix_rate=48000 latency=0.0880 @ http://localhost:8771/index.js:451
[  699380ms] [LOG] MON 1 playing=false pos=0.000 stream_playing=false peak_db=-200.0 mix_rate=48000 latency=0.0880 @ http://localhost:8771/index.js:451
[  699632ms] [LOG] MON 1 playing=false pos=0.000 stream_playing=false peak_db=-200.0 mix_rate=48000 latency=0.0880 @ http://localhost:8771/index.js:451
[  699879ms] [LOG] MON 1 playing=false pos=0.000 stream_playing=false peak_db=-200.0 mix_rate=48000 latency=0.0880 @ http://localhost:8771/index.js:451
[  700137ms] [LOG] MON 1 playing=false pos=0.000 stream_playing=false peak_db=-200.0 mix_rate=48000 latency=0.0880 @ http://localhost:8771/index.js:451
[  700362ms] [LOG] MON 1 playing=false pos=0.000 stream_playing=false peak_db=-200.0 mix_rate=48000 latency=0.0880 @ http://localhost:8771/index.js:451
[  700614ms] [LOG] MON 1 playing=false pos=0.000 stream_playing=false peak_db=-200.0 mix_rate=48000 latency=0.0880 @ http://localhost:8771/index.js:451
[  700865ms] [LOG] MON 1 playing=false pos=0.000 stream_playing=false peak_db=-200.0 mix_rate=48000 latency=0.0880 @ http://localhost:8771/index.js:451
[  701110ms] [LOG] MON 1 playing=false pos=0.000 stream_playing=false peak_db=-200.0 mix_rate=48000 latency=0.0880 @ http://localhost:8771/index.js:451
[  701361ms] [LOG] MON 1 playing=false pos=0.000 stream_playing=false peak_db=-200.0 mix_rate=48000 latency=0.0880 @ http://localhost:8771/index.js:451
[  701614ms] [LOG] MON 1 playing=false pos=0.000 stream_playing=false peak_db=-200.0 mix_rate=48000 latency=0.0880 @ http://localhost:8771/index.js:451
[  701864ms] [LOG] MON 1 playing=false pos=0.000 stream_playing=false peak_db=-200.0 mix_rate=48000 latency=0.0880 @ http://localhost:8771/index.js:451
[  702113ms] [LOG] MON 1 playing=false pos=0.000 stream_playing=false peak_db=-200.0 mix_rate=48000 latency=0.0880 @ http://localhost:8771/index.js:451
[  702363ms] [LOG] MON 1 playing=false pos=0.000 stream_playing=false peak_db=-200.0 mix_rate=48000 latency=0.0880 @ http://localhost:8771/index.js:451
[  702613ms] [LOG] MON 1 playing=false pos=0.000 stream_playing=false peak_db=-200.0 mix_rate=48000 latency=0.0880 @ http://localhost:8771/index.js:451
[  702862ms] [LOG] MON 1 playing=false pos=0.000 stream_playing=false peak_db=-200.0 mix_rate=48000 latency=0.0880 @ http://localhost:8771/index.js:451
[  703115ms] [LOG] MON 1 playing=false pos=0.000 stream_playing=false peak_db=-200.0 mix_rate=48000 latency=0.0880 @ http://localhost:8771/index.js:451
[  703363ms] [LOG] MON 1 playing=false pos=0.000 stream_playing=false peak_db=-200.0 mix_rate=48000 latency=0.0880 @ http://localhost:8771/index.js:451
[  703612ms] [LOG] MON 1 playing=false pos=0.000 stream_playing=false peak_db=-200.0 mix_rate=48000 latency=0.0880 @ http://localhost:8771/index.js:451
[  703862ms] [LOG] MON 1 playing=false pos=0.000 stream_playing=false peak_db=-200.0 mix_rate=48000 latency=0.0880 @ http://localhost:8771/index.js:451
[  704113ms] [LOG] MON 1 playing=false pos=0.000 stream_playing=false peak_db=-200.0 mix_rate=48000 latency=0.0880 @ http://localhost:8771/index.js:451
[  704363ms] [LOG] MON 1 playing=false pos=0.000 stream_playing=false peak_db=-200.0 mix_rate=48000 latency=0.0880 @ http://localhost:8771/index.js:451
[  704610ms] [LOG] MON 1 playing=false pos=0.000 stream_playing=false peak_db=-200.0 mix_rate=48000 latency=0.0880 @ http://localhost:8771/index.js:451
[  704862ms] [LOG] MON 1 playing=false pos=0.000 stream_playing=false peak_db=-200.0 mix_rate=48000 latency=0.0880 @ http://localhost:8771/index.js:451
[  705112ms] [LOG] MON 1 playing=false pos=0.000 stream_playing=false peak_db=-200.0 mix_rate=48000 latency=0.0880 @ http://localhost:8771/index.js:451
[  705365ms] [LOG] MON 1 playing=false pos=0.000 stream_playing=false peak_db=-200.0 mix_rate=48000 latency=0.0880 @ http://localhost:8771/index.js:451
[  705612ms] [LOG] MON 1 playing=false pos=0.000 stream_playing=false peak_db=-200.0 mix_rate=48000 latency=0.0880 @ http://localhost:8771/index.js:451
[  705865ms] [LOG] MON 1 playing=false pos=0.000 stream_playing=false peak_db=-200.0 mix_rate=48000 latency=0.0880 @ http://localhost:8771/index.js:451
[  706111ms] [LOG] MON 1 playing=false pos=0.000 stream_playing=false peak_db=-200.0 mix_rate=48000 latency=0.0880 @ http://localhost:8771/index.js:451
[  706361ms] [LOG] MON 1 playing=false pos=0.000 stream_playing=false peak_db=-200.0 mix_rate=48000 latency=0.0880 @ http://localhost:8771/index.js:451
[  706611ms] [LOG] MON 1 playing=false pos=0.000 stream_playing=false peak_db=-200.0 mix_rate=48000 latency=0.0880 @ http://localhost:8771/index.js:451
[  706862ms] [LOG] MON 1 playing=false pos=0.000 stream_playing=false peak_db=-200.0 mix_rate=48000 latency=0.0880 @ http://localhost:8771/index.js:451
[  707113ms] [LOG] MON 1 playing=false pos=0.000 stream_playing=false peak_db=-200.0 mix_rate=48000 latency=0.0880 @ http://localhost:8771/index.js:451
[  707364ms] [LOG] MON 1 playing=false pos=0.000 stream_playing=false peak_db=-200.0 mix_rate=48000 latency=0.0880 @ http://localhost:8771/index.js:451
[  707612ms] [LOG] MON 1 playing=false pos=0.000 stream_playing=false peak_db=-200.0 mix_rate=48000 latency=0.0880 @ http://localhost:8771/index.js:451
[  707861ms] [LOG] MON 1 playing=false pos=0.000 stream_playing=false peak_db=-200.0 mix_rate=48000 latency=0.0880 @ http://localhost:8771/index.js:451
[  708111ms] [LOG] MON 1 playing=false pos=0.000 stream_playing=false peak_db=-200.0 mix_rate=48000 latency=0.0880 @ http://localhost:8771/index.js:451
[  708362ms] [LOG] MON 1 playing=false pos=0.000 stream_playing=false peak_db=-200.0 mix_rate=48000 latency=0.0880 @ http://localhost:8771/index.js:451
[  708613ms] [LOG] MON 1 playing=false pos=0.000 stream_playing=false peak_db=-200.0 mix_rate=48000 latency=0.0880 @ http://localhost:8771/index.js:451
[  708864ms] [LOG] MON 1 playing=false pos=0.000 stream_playing=false peak_db=-200.0 mix_rate=48000 latency=0.0880 @ http://localhost:8771/index.js:451
[  709119ms] [LOG] MON 1 playing=false pos=0.000 stream_playing=false peak_db=-200.0 mix_rate=48000 latency=0.0880 @ http://localhost:8771/index.js:451
[  709363ms] [LOG] MON 1 playing=false pos=0.000 stream_playing=false peak_db=-200.0 mix_rate=48000 latency=0.0880 @ http://localhost:8771/index.js:451
[  709613ms] [LOG] MON 1 playing=false pos=0.000 stream_playing=false peak_db=-200.0 mix_rate=48000 latency=0.0880 @ http://localhost:8771/index.js:451
[  709863ms] [LOG] MON 1 playing=false pos=0.000 stream_playing=false peak_db=-200.0 mix_rate=48000 latency=0.0880 @ http://localhost:8771/index.js:451
[  710112ms] [LOG] MON 1 playing=false pos=0.000 stream_playing=false peak_db=-200.0 mix_rate=48000 latency=0.0880 @ http://localhost:8771/index.js:451
[  710363ms] [LOG] MON 1 playing=false pos=0.000 stream_playing=false peak_db=-200.0 mix_rate=48000 latency=0.0880 @ http://localhost:8771/index.js:451
[  710612ms] [LOG] MON 1 playing=false pos=0.000 stream_playing=false peak_db=-200.0 mix_rate=48000 latency=0.0880 @ http://localhost:8771/index.js:451
[  710862ms] [LOG] MON 1 playing=false pos=0.000 stream_playing=false peak_db=-200.0 mix_rate=48000 latency=0.0880 @ http://localhost:8771/index.js:451
[  711111ms] [LOG] MON 1 playing=false pos=0.000 stream_playing=false peak_db=-200.0 mix_rate=48000 latency=0.0880 @ http://localhost:8771/index.js:451
[  711362ms] [LOG] MON 1 playing=false pos=0.000 stream_playing=false peak_db=-200.0 mix_rate=48000 latency=0.0880 @ http://localhost:8771/index.js:451
[  711612ms] [LOG] MON 1 playing=false pos=0.000 stream_playing=false peak_db=-200.0 mix_rate=48000 latency=0.0880 @ http://localhost:8771/index.js:451
[  711860ms] [LOG] MON 1 playing=false pos=0.000 stream_playing=false peak_db=-200.0 mix_rate=48000 latency=0.0880 @ http://localhost:8771/index.js:451
[  712115ms] [LOG] MON 1 playing=false pos=0.000 stream_playing=false peak_db=-200.0 mix_rate=48000 latency=0.0880 @ http://localhost:8771/index.js:451
[  712362ms] [LOG] MON 1 playing=false pos=0.000 stream_playing=false peak_db=-200.0 mix_rate=48000 latency=0.0880 @ http://localhost:8771/index.js:451
[  712610ms] [LOG] MON 1 playing=false pos=0.000 stream_playing=false peak_db=-200.0 mix_rate=48000 latency=0.0880 @ http://localhost:8771/index.js:451
[  712862ms] [LOG] MON 1 playing=false pos=0.000 stream_playing=false peak_db=-200.0 mix_rate=48000 latency=0.0880 @ http://localhost:8771/index.js:451
[  713113ms] [LOG] MON 1 playing=false pos=0.000 stream_playing=false peak_db=-200.0 mix_rate=48000 latency=0.0880 @ http://localhost:8771/index.js:451
[  713361ms] [LOG] MON 1 playing=false pos=0.000 stream_playing=false peak_db=-200.0 mix_rate=48000 latency=0.0880 @ http://localhost:8771/index.js:451
[  713611ms] [LOG] MON 1 playing=false pos=0.000 stream_playing=false peak_db=-200.0 mix_rate=48000 latency=0.0880 @ http://localhost:8771/index.js:451
[  713862ms] [LOG] MON 1 playing=false pos=0.000 stream_playing=false peak_db=-200.0 mix_rate=48000 latency=0.0880 @ http://localhost:8771/index.js:451
[  714113ms] [LOG] MON 1 playing=false pos=0.000 stream_playing=false peak_db=-200.0 mix_rate=48000 latency=0.0880 @ http://localhost:8771/index.js:451
[  714364ms] [LOG] MON 1 playing=false pos=0.000 stream_playing=false peak_db=-200.0 mix_rate=48000 latency=0.0880 @ http://localhost:8771/index.js:451
[  714612ms] [LOG] MON 1 playing=false pos=0.000 stream_playing=false peak_db=-200.0 mix_rate=48000 latency=0.0880 @ http://localhost:8771/index.js:451
[  714860ms] [LOG] MON 1 playing=false pos=0.000 stream_playing=false peak_db=-200.0 mix_rate=48000 latency=0.0880 @ http://localhost:8771/index.js:451
[  715111ms] [LOG] MON 1 playing=false pos=0.000 stream_playing=false peak_db=-200.0 mix_rate=48000 latency=0.0880 @ http://localhost:8771/index.js:451
[  715362ms] [LOG] MON 1 playing=false pos=0.000 stream_playing=false peak_db=-200.0 mix_rate=48000 latency=0.0880 @ http://localhost:8771/index.js:451
[  715611ms] [LOG] MON 1 playing=false pos=0.000 stream_playing=false peak_db=-200.0 mix_rate=48000 latency=0.0880 @ http://localhost:8771/index.js:451
[  715862ms] [LOG] MON 1 playing=false pos=0.000 stream_playing=false peak_db=-200.0 mix_rate=48000 latency=0.0880 @ http://localhost:8771/index.js:451
[  716112ms] [LOG] MON 1 playing=false pos=0.000 stream_playing=false peak_db=-200.0 mix_rate=48000 latency=0.0880 @ http://localhost:8771/index.js:451
[  716362ms] [LOG] MON 1 playing=false pos=0.000 stream_playing=false peak_db=-200.0 mix_rate=48000 latency=0.0880 @ http://localhost:8771/index.js:451
[  716612ms] [LOG] MON 1 playing=false pos=0.000 stream_playing=false peak_db=-200.0 mix_rate=48000 latency=0.0880 @ http://localhost:8771/index.js:451
[  716863ms] [LOG] MON 1 playing=false pos=0.000 stream_playing=false peak_db=-200.0 mix_rate=48000 latency=0.0880 @ http://localhost:8771/index.js:451
[  717112ms] [LOG] MON 1 playing=false pos=0.000 stream_playing=false peak_db=-200.0 mix_rate=48000 latency=0.0880 @ http://localhost:8771/index.js:451
[  717362ms] [LOG] MON 1 playing=false pos=0.000 stream_playing=false peak_db=-200.0 mix_rate=48000 latency=0.0880 @ http://localhost:8771/index.js:451
[  717611ms] [LOG] MON 1 playing=false pos=0.000 stream_playing=false peak_db=-200.0 mix_rate=48000 latency=0.0880 @ http://localhost:8771/index.js:451
[  717863ms] [LOG] MON 1 playing=false pos=0.000 stream_playing=false peak_db=-200.0 mix_rate=48000 latency=0.0880 @ http://localhost:8771/index.js:451
[  718113ms] [LOG] MON 1 playing=false pos=0.000 stream_playing=false peak_db=-200.0 mix_rate=48000 latency=0.0880 @ http://localhost:8771/index.js:451
[  718361ms] [LOG] MON 1 playing=false pos=0.000 stream_playing=false peak_db=-200.0 mix_rate=48000 latency=0.0880 @ http://localhost:8771/index.js:451
[  718613ms] [LOG] MON 1 playing=false pos=0.000 stream_playing=false peak_db=-200.0 mix_rate=48000 latency=0.0880 @ http://localhost:8771/index.js:451
[  718861ms] [LOG] MON 1 playing=false pos=0.000 stream_playing=false peak_db=-200.0 mix_rate=48000 latency=0.0880 @ http://localhost:8771/index.js:451
[  719111ms] [LOG] MON 1 playing=false pos=0.000 stream_playing=false peak_db=-200.0 mix_rate=48000 latency=0.0880 @ http://localhost:8771/index.js:451
[  719361ms] [LOG] MON 1 playing=false pos=0.000 stream_playing=false peak_db=-200.0 mix_rate=48000 latency=0.0880 @ http://localhost:8771/index.js:451
[  719611ms] [LOG] MON 1 playing=false pos=0.000 stream_playing=false peak_db=-200.0 mix_rate=48000 latency=0.0880 @ http://localhost:8771/index.js:451
[  719862ms] [LOG] MON 1 playing=false pos=0.000 stream_playing=false peak_db=-200.0 mix_rate=48000 latency=0.0880 @ http://localhost:8771/index.js:451
[  720112ms] [LOG] MON 1 playing=false pos=0.000 stream_playing=false peak_db=-200.0 mix_rate=48000 latency=0.0880 @ http://localhost:8771/index.js:451
[  720361ms] [LOG] MON 1 playing=false pos=0.000 stream_playing=false peak_db=-200.0 mix_rate=48000 latency=0.0880 @ http://localhost:8771/index.js:451
[  720612ms] [LOG] MON 1 playing=false pos=0.000 stream_playing=false peak_db=-200.0 mix_rate=48000 latency=0.0880 @ http://localhost:8771/index.js:451
[  720863ms] [LOG] MON 1 playing=false pos=0.000 stream_playing=false peak_db=-200.0 mix_rate=48000 latency=0.0880 @ http://localhost:8771/index.js:451
[  721110ms] [LOG] MON 1 playing=false pos=0.000 stream_playing=false peak_db=-200.0 mix_rate=48000 latency=0.0880 @ http://localhost:8771/index.js:451
[  721363ms] [LOG] MON 1 playing=false pos=0.000 stream_playing=false peak_db=-200.0 mix_rate=48000 latency=0.0880 @ http://localhost:8771/index.js:451
[  721611ms] [LOG] MON 1 playing=false pos=0.000 stream_playing=false peak_db=-200.0 mix_rate=48000 latency=0.0880 @ http://localhost:8771/index.js:451
[  721861ms] [LOG] MON 1 playing=false pos=0.000 stream_playing=false peak_db=-200.0 mix_rate=48000 latency=0.0880 @ http://localhost:8771/index.js:451
[  722112ms] [LOG] MON 1 playing=false pos=0.000 stream_playing=false peak_db=-200.0 mix_rate=48000 latency=0.0880 @ http://localhost:8771/index.js:451
[  722361ms] [LOG] MON 1 playing=false pos=0.000 stream_playing=false peak_db=-200.0 mix_rate=48000 latency=0.0880 @ http://localhost:8771/index.js:451
[  722611ms] [LOG] MON 1 playing=false pos=0.000 stream_playing=false peak_db=-200.0 mix_rate=48000 latency=0.0880 @ http://localhost:8771/index.js:451
[  722860ms] [LOG] MON 1 playing=false pos=0.000 stream_playing=false peak_db=-200.0 mix_rate=48000 latency=0.0880 @ http://localhost:8771/index.js:451
[  723111ms] [LOG] MON 1 playing=false pos=0.000 stream_playing=false peak_db=-200.0 mix_rate=48000 latency=0.0880 @ http://localhost:8771/index.js:451
[  723362ms] [LOG] MON 1 playing=false pos=0.000 stream_playing=false peak_db=-200.0 mix_rate=48000 latency=0.0880 @ http://localhost:8771/index.js:451
[  723612ms] [LOG] MON 1 playing=false pos=0.000 stream_playing=false peak_db=-200.0 mix_rate=48000 latency=0.0880 @ http://localhost:8771/index.js:451
[  723862ms] [LOG] MON 1 playing=false pos=0.000 stream_playing=false peak_db=-200.0 mix_rate=48000 latency=0.0880 @ http://localhost:8771/index.js:451
[  724112ms] [LOG] MON 1 playing=false pos=0.000 stream_playing=false peak_db=-200.0 mix_rate=48000 latency=0.0880 @ http://localhost:8771/index.js:451
[  724363ms] [LOG] MON 1 playing=false pos=0.000 stream_playing=false peak_db=-200.0 mix_rate=48000 latency=0.0880 @ http://localhost:8771/index.js:451
[  724612ms] [LOG] MON 1 playing=false pos=0.000 stream_playing=false peak_db=-200.0 mix_rate=48000 latency=0.0880 @ http://localhost:8771/index.js:451
[  724861ms] [LOG] MON 1 playing=false pos=0.000 stream_playing=false peak_db=-200.0 mix_rate=48000 latency=0.0880 @ http://localhost:8771/index.js:451
[  725112ms] [LOG] MON 1 playing=false pos=0.000 stream_playing=false peak_db=-200.0 mix_rate=48000 latency=0.0880 @ http://localhost:8771/index.js:451
[  725361ms] [LOG] MON 1 playing=false pos=0.000 stream_playing=false peak_db=-200.0 mix_rate=48000 latency=0.0880 @ http://localhost:8771/index.js:451
[  725612ms] [LOG] MON 1 playing=false pos=0.000 stream_playing=false peak_db=-200.0 mix_rate=48000 latency=0.0880 @ http://localhost:8771/index.js:451
[  725863ms] [LOG] MON 1 playing=false pos=0.000 stream_playing=false peak_db=-200.0 mix_rate=48000 latency=0.0880 @ http://localhost:8771/index.js:451
[  726112ms] [LOG] MON 1 playing=false pos=0.000 stream_playing=false peak_db=-200.0 mix_rate=48000 latency=0.0880 @ http://localhost:8771/index.js:451
[  726361ms] [LOG] MON 1 playing=false pos=0.000 stream_playing=false peak_db=-200.0 mix_rate=48000 latency=0.0880 @ http://localhost:8771/index.js:451
[  726612ms] [LOG] MON 1 playing=false pos=0.000 stream_playing=false peak_db=-200.0 mix_rate=48000 latency=0.0880 @ http://localhost:8771/index.js:451
[  726861ms] [LOG] MON 1 playing=false pos=0.000 stream_playing=false peak_db=-200.0 mix_rate=48000 latency=0.0880 @ http://localhost:8771/index.js:451
[  727113ms] [LOG] MON 1 playing=false pos=0.000 stream_playing=false peak_db=-200.0 mix_rate=48000 latency=0.0880 @ http://localhost:8771/index.js:451
[  727361ms] [LOG] MON 1 playing=false pos=0.000 stream_playing=false peak_db=-200.0 mix_rate=48000 latency=0.0880 @ http://localhost:8771/index.js:451
[  727613ms] [LOG] MON 1 playing=false pos=0.000 stream_playing=false peak_db=-200.0 mix_rate=48000 latency=0.0880 @ http://localhost:8771/index.js:451
[  727861ms] [LOG] MON 1 playing=false pos=0.000 stream_playing=false peak_db=-200.0 mix_rate=48000 latency=0.0880 @ http://localhost:8771/index.js:451
[  728112ms] [LOG] MON 1 playing=false pos=0.000 stream_playing=false peak_db=-200.0 mix_rate=48000 latency=0.0880 @ http://localhost:8771/index.js:451
[  728363ms] [LOG] MON 1 playing=false pos=0.000 stream_playing=false peak_db=-200.0 mix_rate=48000 latency=0.0880 @ http://localhost:8771/index.js:451
[  728611ms] [LOG] MON 1 playing=false pos=0.000 stream_playing=false peak_db=-200.0 mix_rate=48000 latency=0.0880 @ http://localhost:8771/index.js:451
[  728869ms] [LOG] MON 1 playing=false pos=0.000 stream_playing=false peak_db=-200.0 mix_rate=48000 latency=0.0880 @ http://localhost:8771/index.js:451
[  729112ms] [LOG] MON 1 playing=false pos=0.000 stream_playing=false peak_db=-200.0 mix_rate=48000 latency=0.0880 @ http://localhost:8771/index.js:451
[  729362ms] [LOG] MON 1 playing=false pos=0.000 stream_playing=false peak_db=-200.0 mix_rate=48000 latency=0.0880 @ http://localhost:8771/index.js:451
[  729613ms] [LOG] MON 1 playing=false pos=0.000 stream_playing=false peak_db=-200.0 mix_rate=48000 latency=0.0880 @ http://localhost:8771/index.js:451
[  729862ms] [LOG] MON 1 playing=false pos=0.000 stream_playing=false peak_db=-200.0 mix_rate=48000 latency=0.0880 @ http://localhost:8771/index.js:451
[  730111ms] [LOG] MON 1 playing=false pos=0.000 stream_playing=false peak_db=-200.0 mix_rate=48000 latency=0.0880 @ http://localhost:8771/index.js:451
[  730363ms] [LOG] MON 1 playing=false pos=0.000 stream_playing=false peak_db=-200.0 mix_rate=48000 latency=0.0880 @ http://localhost:8771/index.js:451
[  730612ms] [LOG] MON 1 playing=false pos=0.000 stream_playing=false peak_db=-200.0 mix_rate=48000 latency=0.0880 @ http://localhost:8771/index.js:451
[  730862ms] [LOG] MON 1 playing=false pos=0.000 stream_playing=false peak_db=-200.0 mix_rate=48000 latency=0.0880 @ http://localhost:8771/index.js:451
[  731111ms] [LOG] MON 1 playing=false pos=0.000 stream_playing=false peak_db=-200.0 mix_rate=48000 latency=0.0880 @ http://localhost:8771/index.js:451
[  731362ms] [LOG] MON 1 playing=false pos=0.000 stream_playing=false peak_db=-200.0 mix_rate=48000 latency=0.0880 @ http://localhost:8771/index.js:451
[  731614ms] [LOG] MON 1 playing=false pos=0.000 stream_playing=false peak_db=-200.0 mix_rate=48000 latency=0.0880 @ http://localhost:8771/index.js:451
[  731863ms] [LOG] MON 1 playing=false pos=0.000 stream_playing=false peak_db=-200.0 mix_rate=48000 latency=0.0880 @ http://localhost:8771/index.js:451
[  732113ms] [LOG] MON 1 playing=false pos=0.000 stream_playing=false peak_db=-200.0 mix_rate=48000 latency=0.0880 @ http://localhost:8771/index.js:451
[  732361ms] [LOG] MON 1 playing=false pos=0.000 stream_playing=false peak_db=-200.0 mix_rate=48000 latency=0.0880 @ http://localhost:8771/index.js:451
[  732611ms] [LOG] MON 1 playing=false pos=0.000 stream_playing=false peak_db=-200.0 mix_rate=48000 latency=0.0880 @ http://localhost:8771/index.js:451
[  732861ms] [LOG] MON 1 playing=false pos=0.000 stream_playing=false peak_db=-200.0 mix_rate=48000 latency=0.0880 @ http://localhost:8771/index.js:451
[  733112ms] [LOG] MON 1 playing=false pos=0.000 stream_playing=false peak_db=-200.0 mix_rate=48000 latency=0.0880 @ http://localhost:8771/index.js:451
[  733362ms] [LOG] MON 1 playing=false pos=0.000 stream_playing=false peak_db=-200.0 mix_rate=48000 latency=0.0880 @ http://localhost:8771/index.js:451
[  733611ms] [LOG] MON 1 playing=false pos=0.000 stream_playing=false peak_db=-200.0 mix_rate=48000 latency=0.0880 @ http://localhost:8771/index.js:451
[  733863ms] [LOG] MON 1 playing=false pos=0.000 stream_playing=false peak_db=-200.0 mix_rate=48000 latency=0.0880 @ http://localhost:8771/index.js:451
[  734112ms] [LOG] MON 1 playing=false pos=0.000 stream_playing=false peak_db=-200.0 mix_rate=48000 latency=0.0880 @ http://localhost:8771/index.js:451
[  734362ms] [LOG] MON 1 playing=false pos=0.000 stream_playing=false peak_db=-200.0 mix_rate=48000 latency=0.0880 @ http://localhost:8771/index.js:451
[  734613ms] [LOG] MON 1 playing=false pos=0.000 stream_playing=false peak_db=-200.0 mix_rate=48000 latency=0.0880 @ http://localhost:8771/index.js:451
[  734862ms] [LOG] MON 1 playing=false pos=0.000 stream_playing=false peak_db=-200.0 mix_rate=48000 latency=0.0880 @ http://localhost:8771/index.js:451
[  735111ms] [LOG] MON 1 playing=false pos=0.000 stream_playing=false peak_db=-200.0 mix_rate=48000 latency=0.0880 @ http://localhost:8771/index.js:451
[  735362ms] [LOG] MON 1 playing=false pos=0.000 stream_playing=false peak_db=-200.0 mix_rate=48000 latency=0.0880 @ http://localhost:8771/index.js:451
[  735613ms] [LOG] MON 1 playing=false pos=0.000 stream_playing=false peak_db=-200.0 mix_rate=48000 latency=0.0880 @ http://localhost:8771/index.js:451
[  735863ms] [LOG] MON 1 playing=false pos=0.000 stream_playing=false peak_db=-200.0 mix_rate=48000 latency=0.0880 @ http://localhost:8771/index.js:451
[  736112ms] [LOG] MON 1 playing=false pos=0.000 stream_playing=false peak_db=-200.0 mix_rate=48000 latency=0.0880 @ http://localhost:8771/index.js:451
[  736362ms] [LOG] MON 1 playing=false pos=0.000 stream_playing=false peak_db=-200.0 mix_rate=48000 latency=0.0880 @ http://localhost:8771/index.js:451
[  736612ms] [LOG] MON 1 playing=false pos=0.000 stream_playing=false peak_db=-200.0 mix_rate=48000 latency=0.0880 @ http://localhost:8771/index.js:451
[  736862ms] [LOG] MON 1 playing=false pos=0.000 stream_playing=false peak_db=-200.0 mix_rate=48000 latency=0.0880 @ http://localhost:8771/index.js:451
[  737112ms] [LOG] MON 1 playing=false pos=0.000 stream_playing=false peak_db=-200.0 mix_rate=48000 latency=0.0880 @ http://localhost:8771/index.js:451
[  737360ms] [LOG] MON 1 playing=false pos=0.000 stream_playing=false peak_db=-200.0 mix_rate=48000 latency=0.0880 @ http://localhost:8771/index.js:451
[  737610ms] [LOG] MON 1 playing=false pos=0.000 stream_playing=false peak_db=-200.0 mix_rate=48000 latency=0.0880 @ http://localhost:8771/index.js:451
[  737861ms] [LOG] MON 1 playing=false pos=0.000 stream_playing=false peak_db=-200.0 mix_rate=48000 latency=0.0880 @ http://localhost:8771/index.js:451
[  738114ms] [LOG] MON 1 playing=false pos=0.000 stream_playing=false peak_db=-200.0 mix_rate=48000 latency=0.0880 @ http://localhost:8771/index.js:451
[  738362ms] [LOG] MON 1 playing=false pos=0.000 stream_playing=false peak_db=-200.0 mix_rate=48000 latency=0.0880 @ http://localhost:8771/index.js:451
[  738612ms] [LOG] MON 1 playing=false pos=0.000 stream_playing=false peak_db=-200.0 mix_rate=48000 latency=0.0880 @ http://localhost:8771/index.js:451
[  738862ms] [LOG] MON 1 playing=false pos=0.000 stream_playing=false peak_db=-200.0 mix_rate=48000 latency=0.0880 @ http://localhost:8771/index.js:451
[  739112ms] [LOG] MON 1 playing=false pos=0.000 stream_playing=false peak_db=-200.0 mix_rate=48000 latency=0.0880 @ http://localhost:8771/index.js:451
[  739362ms] [LOG] MON 1 playing=false pos=0.000 stream_playing=false peak_db=-200.0 mix_rate=48000 latency=0.0880 @ http://localhost:8771/index.js:451
[  739611ms] [LOG] MON 1 playing=false pos=0.000 stream_playing=false peak_db=-200.0 mix_rate=48000 latency=0.0880 @ http://localhost:8771/index.js:451
[  739862ms] [LOG] MON 1 playing=false pos=0.000 stream_playing=false peak_db=-200.0 mix_rate=48000 latency=0.0880 @ http://localhost:8771/index.js:451
[  740112ms] [LOG] MON 1 playing=false pos=0.000 stream_playing=false peak_db=-200.0 mix_rate=48000 latency=0.0880 @ http://localhost:8771/index.js:451
[  740361ms] [LOG] MON 1 playing=false pos=0.000 stream_playing=false peak_db=-200.0 mix_rate=48000 latency=0.0880 @ http://localhost:8771/index.js:451
[  740613ms] [LOG] MON 1 playing=false pos=0.000 stream_playing=false peak_db=-200.0 mix_rate=48000 latency=0.0880 @ http://localhost:8771/index.js:451
[  740864ms] [LOG] MON 1 playing=false pos=0.000 stream_playing=false peak_db=-200.0 mix_rate=48000 latency=0.0880 @ http://localhost:8771/index.js:451
[  741112ms] [LOG] MON 1 playing=false pos=0.000 stream_playing=false peak_db=-200.0 mix_rate=48000 latency=0.0880 @ http://localhost:8771/index.js:451
[  741362ms] [LOG] MON 1 playing=false pos=0.000 stream_playing=false peak_db=-200.0 mix_rate=48000 latency=0.0880 @ http://localhost:8771/index.js:451
[  741613ms] [LOG] MON 1 playing=false pos=0.000 stream_playing=false peak_db=-200.0 mix_rate=48000 latency=0.0880 @ http://localhost:8771/index.js:451
[  741862ms] [LOG] MON 1 playing=false pos=0.000 stream_playing=false peak_db=-200.0 mix_rate=48000 latency=0.0880 @ http://localhost:8771/index.js:451
[  742111ms] [LOG] MON 1 playing=false pos=0.000 stream_playing=false peak_db=-200.0 mix_rate=48000 latency=0.0880 @ http://localhost:8771/index.js:451
[  742364ms] [LOG] MON 1 playing=false pos=0.000 stream_playing=false peak_db=-200.0 mix_rate=48000 latency=0.0880 @ http://localhost:8771/index.js:451
[  742612ms] [LOG] MON 1 playing=false pos=0.000 stream_playing=false peak_db=-200.0 mix_rate=48000 latency=0.0880 @ http://localhost:8771/index.js:451
[  742862ms] [LOG] MON 1 playing=false pos=0.000 stream_playing=false peak_db=-200.0 mix_rate=48000 latency=0.0880 @ http://localhost:8771/index.js:451
[  743111ms] [LOG] MON 1 playing=false pos=0.000 stream_playing=false peak_db=-200.0 mix_rate=48000 latency=0.0880 @ http://localhost:8771/index.js:451
[  743363ms] [LOG] MON 1 playing=false pos=0.000 stream_playing=false peak_db=-200.0 mix_rate=48000 latency=0.0880 @ http://localhost:8771/index.js:451
[  743611ms] [LOG] MON 1 playing=false pos=0.000 stream_playing=false peak_db=-200.0 mix_rate=48000 latency=0.0880 @ http://localhost:8771/index.js:451
[  743861ms] [LOG] MON 1 playing=false pos=0.000 stream_playing=false peak_db=-200.0 mix_rate=48000 latency=0.0880 @ http://localhost:8771/index.js:451
[  744112ms] [LOG] MON 1 playing=false pos=0.000 stream_playing=false peak_db=-200.0 mix_rate=48000 latency=0.0880 @ http://localhost:8771/index.js:451
[  744362ms] [LOG] MON 1 playing=false pos=0.000 stream_playing=false peak_db=-200.0 mix_rate=48000 latency=0.0880 @ http://localhost:8771/index.js:451
[  744611ms] [LOG] MON 1 playing=false pos=0.000 stream_playing=false peak_db=-200.0 mix_rate=48000 latency=0.0880 @ http://localhost:8771/index.js:451
[  744862ms] [LOG] MON 1 playing=false pos=0.000 stream_playing=false peak_db=-200.0 mix_rate=48000 latency=0.0880 @ http://localhost:8771/index.js:451
[  745111ms] [LOG] MON 1 playing=false pos=0.000 stream_playing=false peak_db=-200.0 mix_rate=48000 latency=0.0880 @ http://localhost:8771/index.js:451
[  745364ms] [LOG] MON 1 playing=false pos=0.000 stream_playing=false peak_db=-200.0 mix_rate=48000 latency=0.0880 @ http://localhost:8771/index.js:451
[  745612ms] [LOG] MON 1 playing=false pos=0.000 stream_playing=false peak_db=-200.0 mix_rate=48000 latency=0.0800 @ http://localhost:8771/index.js:451
[  745861ms] [LOG] MON 1 playing=false pos=0.000 stream_playing=false peak_db=-200.0 mix_rate=48000 latency=0.0800 @ http://localhost:8771/index.js:451
[  746111ms] [LOG] MON 1 playing=false pos=0.000 stream_playing=false peak_db=-200.0 mix_rate=48000 latency=0.0800 @ http://localhost:8771/index.js:451
[  746362ms] [LOG] MON 1 playing=false pos=0.000 stream_playing=false peak_db=-200.0 mix_rate=48000 latency=0.0800 @ http://localhost:8771/index.js:451
[  746611ms] [LOG] MON 1 playing=false pos=0.000 stream_playing=false peak_db=-200.0 mix_rate=48000 latency=0.0880 @ http://localhost:8771/index.js:451
[  746862ms] [LOG] MON 1 playing=false pos=0.000 stream_playing=false peak_db=-200.0 mix_rate=48000 latency=0.0880 @ http://localhost:8771/index.js:451
[  747112ms] [LOG] MON 1 playing=false pos=0.000 stream_playing=false peak_db=-200.0 mix_rate=48000 latency=0.0880 @ http://localhost:8771/index.js:451
[  747361ms] [LOG] MON 1 playing=false pos=0.000 stream_playing=false peak_db=-200.0 mix_rate=48000 latency=0.0880 @ http://localhost:8771/index.js:451
[  747614ms] [LOG] MON 1 playing=false pos=0.000 stream_playing=false peak_db=-200.0 mix_rate=48000 latency=0.0880 @ http://localhost:8771/index.js:451
[  747861ms] [LOG] MON 1 playing=false pos=0.000 stream_playing=false peak_db=-200.0 mix_rate=48000 latency=0.0880 @ http://localhost:8771/index.js:451
[  748112ms] [LOG] MON 1 playing=false pos=0.000 stream_playing=false peak_db=-200.0 mix_rate=48000 latency=0.0880 @ http://localhost:8771/index.js:451
[  748364ms] [LOG] MON 1 playing=false pos=0.000 stream_playing=false peak_db=-200.0 mix_rate=48000 latency=0.0880 @ http://localhost:8771/index.js:451
[  748612ms] [LOG] MON 1 playing=false pos=0.000 stream_playing=false peak_db=-200.0 mix_rate=48000 latency=0.0880 @ http://localhost:8771/index.js:451
[  748862ms] [LOG] MON 1 playing=false pos=0.000 stream_playing=false peak_db=-200.0 mix_rate=48000 latency=0.0880 @ http://localhost:8771/index.js:451
[  749111ms] [LOG] MON 1 playing=false pos=0.000 stream_playing=false peak_db=-200.0 mix_rate=48000 latency=0.0880 @ http://localhost:8771/index.js:451
[  749362ms] [LOG] MON 1 playing=false pos=0.000 stream_playing=false peak_db=-200.0 mix_rate=48000 latency=0.0880 @ http://localhost:8771/index.js:451
[  749613ms] [LOG] MON 1 playing=false pos=0.000 stream_playing=false peak_db=-200.0 mix_rate=48000 latency=0.0880 @ http://localhost:8771/index.js:451
[  749862ms] [LOG] MON 1 playing=false pos=0.000 stream_playing=false peak_db=-200.0 mix_rate=48000 latency=0.0880 @ http://localhost:8771/index.js:451
[  750111ms] [LOG] MON 1 playing=false pos=0.000 stream_playing=false peak_db=-200.0 mix_rate=48000 latency=0.0880 @ http://localhost:8771/index.js:451
[  750362ms] [LOG] MON 1 playing=false pos=0.000 stream_playing=false peak_db=-200.0 mix_rate=48000 latency=0.0880 @ http://localhost:8771/index.js:451
[  750613ms] [LOG] MON 1 playing=false pos=0.000 stream_playing=false peak_db=-200.0 mix_rate=48000 latency=0.0880 @ http://localhost:8771/index.js:451
[  750861ms] [LOG] MON 1 playing=false pos=0.000 stream_playing=false peak_db=-200.0 mix_rate=48000 latency=0.0880 @ http://localhost:8771/index.js:451
[  751113ms] [LOG] MON 1 playing=false pos=0.000 stream_playing=false peak_db=-200.0 mix_rate=48000 latency=0.0880 @ http://localhost:8771/index.js:451
[  751362ms] [LOG] MON 1 playing=false pos=0.000 stream_playing=false peak_db=-200.0 mix_rate=48000 latency=0.0880 @ http://localhost:8771/index.js:451
[  751612ms] [LOG] MON 1 playing=false pos=0.000 stream_playing=false peak_db=-200.0 mix_rate=48000 latency=0.0880 @ http://localhost:8771/index.js:451
[  751864ms] [LOG] MON 1 playing=false pos=0.000 stream_playing=false peak_db=-200.0 mix_rate=48000 latency=0.0880 @ http://localhost:8771/index.js:451
[  752112ms] [LOG] MON 1 playing=false pos=0.000 stream_playing=false peak_db=-200.0 mix_rate=48000 latency=0.0880 @ http://localhost:8771/index.js:451
[  752361ms] [LOG] MON 1 playing=false pos=0.000 stream_playing=false peak_db=-200.0 mix_rate=48000 latency=0.0880 @ http://localhost:8771/index.js:451
[  752612ms] [LOG] MON 1 playing=false pos=0.000 stream_playing=false peak_db=-200.0 mix_rate=48000 latency=0.0880 @ http://localhost:8771/index.js:451
[  752866ms] [LOG] MON 1 playing=false pos=0.000 stream_playing=false peak_db=-200.0 mix_rate=48000 latency=0.0880 @ http://localhost:8771/index.js:451
[  753113ms] [LOG] MON 1 playing=false pos=0.000 stream_playing=false peak_db=-200.0 mix_rate=48000 latency=0.0880 @ http://localhost:8771/index.js:451
[  753362ms] [LOG] MON 1 playing=false pos=0.000 stream_playing=false peak_db=-200.0 mix_rate=48000 latency=0.0880 @ http://localhost:8771/index.js:451
[  753612ms] [LOG] MON 1 playing=false pos=0.000 stream_playing=false peak_db=-200.0 mix_rate=48000 latency=0.0880 @ http://localhost:8771/index.js:451
[  753861ms] [LOG] MON 1 playing=false pos=0.000 stream_playing=false peak_db=-200.0 mix_rate=48000 latency=0.0880 @ http://localhost:8771/index.js:451
[  754113ms] [LOG] MON 1 playing=false pos=0.000 stream_playing=false peak_db=-200.0 mix_rate=48000 latency=0.0880 @ http://localhost:8771/index.js:451
[  754362ms] [LOG] MON 1 playing=false pos=0.000 stream_playing=false peak_db=-200.0 mix_rate=48000 latency=0.0880 @ http://localhost:8771/index.js:451
[  754612ms] [LOG] MON 1 playing=false pos=0.000 stream_playing=false peak_db=-200.0 mix_rate=48000 latency=0.0880 @ http://localhost:8771/index.js:451
[  754862ms] [LOG] MON 1 playing=false pos=0.000 stream_playing=false peak_db=-200.0 mix_rate=48000 latency=0.0880 @ http://localhost:8771/index.js:451
[  755112ms] [LOG] MON 1 playing=false pos=0.000 stream_playing=false peak_db=-200.0 mix_rate=48000 latency=0.0880 @ http://localhost:8771/index.js:451
[  755364ms] [LOG] MON 1 playing=false pos=0.000 stream_playing=false peak_db=-200.0 mix_rate=48000 latency=0.0880 @ http://localhost:8771/index.js:451
[  755613ms] [LOG] MON 1 playing=false pos=0.000 stream_playing=false peak_db=-200.0 mix_rate=48000 latency=0.0880 @ http://localhost:8771/index.js:451
[  755863ms] [LOG] MON 1 playing=false pos=0.000 stream_playing=false peak_db=-200.0 mix_rate=48000 latency=0.0880 @ http://localhost:8771/index.js:451
[  756112ms] [LOG] MON 1 playing=false pos=0.000 stream_playing=false peak_db=-200.0 mix_rate=48000 latency=0.0880 @ http://localhost:8771/index.js:451
[  756362ms] [LOG] MON 1 playing=false pos=0.000 stream_playing=false peak_db=-200.0 mix_rate=48000 latency=0.0880 @ http://localhost:8771/index.js:451
[  756613ms] [LOG] MON 1 playing=false pos=0.000 stream_playing=false peak_db=-200.0 mix_rate=48000 latency=0.0880 @ http://localhost:8771/index.js:451
[  756864ms] [LOG] MON 1 playing=false pos=0.000 stream_playing=false peak_db=-200.0 mix_rate=48000 latency=0.0880 @ http://localhost:8771/index.js:451
[  757111ms] [LOG] MON 1 playing=false pos=0.000 stream_playing=false peak_db=-200.0 mix_rate=48000 latency=0.0880 @ http://localhost:8771/index.js:451
[  757365ms] [LOG] MON 1 playing=false pos=0.000 stream_playing=false peak_db=-200.0 mix_rate=48000 latency=0.0880 @ http://localhost:8771/index.js:451
[  757613ms] [LOG] MON 1 playing=false pos=0.000 stream_playing=false peak_db=-200.0 mix_rate=48000 latency=0.0880 @ http://localhost:8771/index.js:451
[  757862ms] [LOG] MON 1 playing=false pos=0.000 stream_playing=false peak_db=-200.0 mix_rate=48000 latency=0.0880 @ http://localhost:8771/index.js:451
[  758113ms] [LOG] MON 1 playing=false pos=0.000 stream_playing=false peak_db=-200.0 mix_rate=48000 latency=0.0880 @ http://localhost:8771/index.js:451
[  758360ms] [LOG] MON 1 playing=false pos=0.000 stream_playing=false peak_db=-200.0 mix_rate=48000 latency=0.0880 @ http://localhost:8771/index.js:451
[  758611ms] [LOG] MON 1 playing=false pos=0.000 stream_playing=false peak_db=-200.0 mix_rate=48000 latency=0.0880 @ http://localhost:8771/index.js:451
[  758861ms] [LOG] MON 1 playing=false pos=0.000 stream_playing=false peak_db=-200.0 mix_rate=48000 latency=0.0880 @ http://localhost:8771/index.js:451
[  759112ms] [LOG] MON 1 playing=false pos=0.000 stream_playing=false peak_db=-200.0 mix_rate=48000 latency=0.0880 @ http://localhost:8771/index.js:451
[  759361ms] [LOG] MON 1 playing=false pos=0.000 stream_playing=false peak_db=-200.0 mix_rate=48000 latency=0.0880 @ http://localhost:8771/index.js:451
[  759611ms] [LOG] MON 1 playing=false pos=0.000 stream_playing=false peak_db=-200.0 mix_rate=48000 latency=0.0880 @ http://localhost:8771/index.js:451
[  759863ms] [LOG] MON 1 playing=false pos=0.000 stream_playing=false peak_db=-200.0 mix_rate=48000 latency=0.0880 @ http://localhost:8771/index.js:451
[  760112ms] [LOG] MON 1 playing=false pos=0.000 stream_playing=false peak_db=-200.0 mix_rate=48000 latency=0.0880 @ http://localhost:8771/index.js:451
[  760363ms] [LOG] MON 1 playing=false pos=0.000 stream_playing=false peak_db=-200.0 mix_rate=48000 latency=0.0880 @ http://localhost:8771/index.js:451
[  760612ms] [LOG] MON 1 playing=false pos=0.000 stream_playing=false peak_db=-200.0 mix_rate=48000 latency=0.0880 @ http://localhost:8771/index.js:451
[  760862ms] [LOG] MON 1 playing=false pos=0.000 stream_playing=false peak_db=-200.0 mix_rate=48000 latency=0.0880 @ http://localhost:8771/index.js:451
[  761111ms] [LOG] MON 1 playing=false pos=0.000 stream_playing=false peak_db=-200.0 mix_rate=48000 latency=0.0880 @ http://localhost:8771/index.js:451
[  761363ms] [LOG] MON 1 playing=false pos=0.000 stream_playing=false peak_db=-200.0 mix_rate=48000 latency=0.0880 @ http://localhost:8771/index.js:451
[  761611ms] [LOG] MON 1 playing=false pos=0.000 stream_playing=false peak_db=-200.0 mix_rate=48000 latency=0.0880 @ http://localhost:8771/index.js:451
[  761860ms] [LOG] MON 1 playing=false pos=0.000 stream_playing=false peak_db=-200.0 mix_rate=48000 latency=0.0880 @ http://localhost:8771/index.js:451
[  762112ms] [LOG] MON 1 playing=false pos=0.000 stream_playing=false peak_db=-200.0 mix_rate=48000 latency=0.0880 @ http://localhost:8771/index.js:451
[  762362ms] [LOG] MON 1 playing=false pos=0.000 stream_playing=false peak_db=-200.0 mix_rate=48000 latency=0.0880 @ http://localhost:8771/index.js:451
[  762611ms] [LOG] MON 1 playing=false pos=0.000 stream_playing=false peak_db=-200.0 mix_rate=48000 latency=0.0880 @ http://localhost:8771/index.js:451
[  762861ms] [LOG] MON 1 playing=false pos=0.000 stream_playing=false peak_db=-200.0 mix_rate=48000 latency=0.0880 @ http://localhost:8771/index.js:451
[  763111ms] [LOG] MON 1 playing=false pos=0.000 stream_playing=false peak_db=-200.0 mix_rate=48000 latency=0.0880 @ http://localhost:8771/index.js:451
[  763362ms] [LOG] MON 1 playing=false pos=0.000 stream_playing=false peak_db=-200.0 mix_rate=48000 latency=0.0880 @ http://localhost:8771/index.js:451
[  763612ms] [LOG] MON 1 playing=false pos=0.000 stream_playing=false peak_db=-200.0 mix_rate=48000 latency=0.0880 @ http://localhost:8771/index.js:451
[  763862ms] [LOG] MON 1 playing=false pos=0.000 stream_playing=false peak_db=-200.0 mix_rate=48000 latency=0.0880 @ http://localhost:8771/index.js:451
[  764112ms] [LOG] MON 1 playing=false pos=0.000 stream_playing=false peak_db=-200.0 mix_rate=48000 latency=0.0880 @ http://localhost:8771/index.js:451
[  764363ms] [LOG] MON 1 playing=false pos=0.000 stream_playing=false peak_db=-200.0 mix_rate=48000 latency=0.0880 @ http://localhost:8771/index.js:451
[  764611ms] [LOG] MON 1 playing=false pos=0.000 stream_playing=false peak_db=-200.0 mix_rate=48000 latency=0.0880 @ http://localhost:8771/index.js:451
[  764860ms] [LOG] MON 1 playing=false pos=0.000 stream_playing=false peak_db=-200.0 mix_rate=48000 latency=0.0880 @ http://localhost:8771/index.js:451
[  765112ms] [LOG] MON 1 playing=false pos=0.000 stream_playing=false peak_db=-200.0 mix_rate=48000 latency=0.0880 @ http://localhost:8771/index.js:451
[  765362ms] [LOG] MON 1 playing=false pos=0.000 stream_playing=false peak_db=-200.0 mix_rate=48000 latency=0.0880 @ http://localhost:8771/index.js:451
[  765611ms] [LOG] MON 1 playing=false pos=0.000 stream_playing=false peak_db=-200.0 mix_rate=48000 latency=0.0880 @ http://localhost:8771/index.js:451
[  765862ms] [LOG] MON 1 playing=false pos=0.000 stream_playing=false peak_db=-200.0 mix_rate=48000 latency=0.0880 @ http://localhost:8771/index.js:451
[  766111ms] [LOG] MON 1 playing=false pos=0.000 stream_playing=false peak_db=-200.0 mix_rate=48000 latency=0.0880 @ http://localhost:8771/index.js:451
[  766361ms] [LOG] MON 1 playing=false pos=0.000 stream_playing=false peak_db=-200.0 mix_rate=48000 latency=0.0880 @ http://localhost:8771/index.js:451
[  766613ms] [LOG] MON 1 playing=false pos=0.000 stream_playing=false peak_db=-200.0 mix_rate=48000 latency=0.0880 @ http://localhost:8771/index.js:451
[  766862ms] [LOG] MON 1 playing=false pos=0.000 stream_playing=false peak_db=-200.0 mix_rate=48000 latency=0.0880 @ http://localhost:8771/index.js:451
[  767112ms] [LOG] MON 1 playing=false pos=0.000 stream_playing=false peak_db=-200.0 mix_rate=48000 latency=0.0880 @ http://localhost:8771/index.js:451
[  767362ms] [LOG] MON 1 playing=false pos=0.000 stream_playing=false peak_db=-200.0 mix_rate=48000 latency=0.0880 @ http://localhost:8771/index.js:451
[  767611ms] [LOG] MON 1 playing=false pos=0.000 stream_playing=false peak_db=-200.0 mix_rate=48000 latency=0.0880 @ http://localhost:8771/index.js:451
[  767862ms] [LOG] MON 1 playing=false pos=0.000 stream_playing=false peak_db=-200.0 mix_rate=48000 latency=0.0880 @ http://localhost:8771/index.js:451
[  768117ms] [LOG] MON 1 playing=false pos=0.000 stream_playing=false peak_db=-200.0 mix_rate=48000 latency=0.0880 @ http://localhost:8771/index.js:451
[  768361ms] [LOG] MON 1 playing=false pos=0.000 stream_playing=false peak_db=-200.0 mix_rate=48000 latency=0.0880 @ http://localhost:8771/index.js:451
[  768612ms] [LOG] MON 1 playing=false pos=0.000 stream_playing=false peak_db=-200.0 mix_rate=48000 latency=0.0880 @ http://localhost:8771/index.js:451
[  768861ms] [LOG] MON 1 playing=false pos=0.000 stream_playing=false peak_db=-200.0 mix_rate=48000 latency=0.0880 @ http://localhost:8771/index.js:451
[  769111ms] [LOG] MON 1 playing=false pos=0.000 stream_playing=false peak_db=-200.0 mix_rate=48000 latency=0.0880 @ http://localhost:8771/index.js:451
[  769362ms] [LOG] MON 1 playing=false pos=0.000 stream_playing=false peak_db=-200.0 mix_rate=48000 latency=0.0880 @ http://localhost:8771/index.js:451
[  769611ms] [LOG] MON 1 playing=false pos=0.000 stream_playing=false peak_db=-200.0 mix_rate=48000 latency=0.0880 @ http://localhost:8771/index.js:451
[  769862ms] [LOG] MON 1 playing=false pos=0.000 stream_playing=false peak_db=-200.0 mix_rate=48000 latency=0.0880 @ http://localhost:8771/index.js:451
[  770112ms] [LOG] MON 1 playing=false pos=0.000 stream_playing=false peak_db=-200.0 mix_rate=48000 latency=0.0880 @ http://localhost:8771/index.js:451
[  770362ms] [LOG] MON 1 playing=false pos=0.000 stream_playing=false peak_db=-200.0 mix_rate=48000 latency=0.0880 @ http://localhost:8771/index.js:451
[  770612ms] [LOG] MON 1 playing=false pos=0.000 stream_playing=false peak_db=-200.0 mix_rate=48000 latency=0.0880 @ http://localhost:8771/index.js:451
[  770862ms] [LOG] MON 1 playing=false pos=0.000 stream_playing=false peak_db=-200.0 mix_rate=48000 latency=0.0880 @ http://localhost:8771/index.js:451
[  771112ms] [LOG] MON 1 playing=false pos=0.000 stream_playing=false peak_db=-200.0 mix_rate=48000 latency=0.0880 @ http://localhost:8771/index.js:451
[  771364ms] [LOG] MON 1 playing=false pos=0.000 stream_playing=false peak_db=-200.0 mix_rate=48000 latency=0.0880 @ http://localhost:8771/index.js:451
[  771611ms] [LOG] MON 1 playing=false pos=0.000 stream_playing=false peak_db=-200.0 mix_rate=48000 latency=0.0880 @ http://localhost:8771/index.js:451
[  771860ms] [LOG] MON 1 playing=false pos=0.000 stream_playing=false peak_db=-200.0 mix_rate=48000 latency=0.0880 @ http://localhost:8771/index.js:451
[  772111ms] [LOG] MON 1 playing=false pos=0.000 stream_playing=false peak_db=-200.0 mix_rate=48000 latency=0.0880 @ http://localhost:8771/index.js:451
[  772363ms] [LOG] MON 1 playing=false pos=0.000 stream_playing=false peak_db=-200.0 mix_rate=48000 latency=0.0880 @ http://localhost:8771/index.js:451
[  772613ms] [LOG] MON 1 playing=false pos=0.000 stream_playing=false peak_db=-200.0 mix_rate=48000 latency=0.0880 @ http://localhost:8771/index.js:451
[  772862ms] [LOG] MON 1 playing=false pos=0.000 stream_playing=false peak_db=-200.0 mix_rate=48000 latency=0.0880 @ http://localhost:8771/index.js:451
[  773112ms] [LOG] MON 1 playing=false pos=0.000 stream_playing=false peak_db=-200.0 mix_rate=48000 latency=0.0880 @ http://localhost:8771/index.js:451
[  773363ms] [LOG] MON 1 playing=false pos=0.000 stream_playing=false peak_db=-200.0 mix_rate=48000 latency=0.0880 @ http://localhost:8771/index.js:451
[  773612ms] [LOG] MON 1 playing=false pos=0.000 stream_playing=false peak_db=-200.0 mix_rate=48000 latency=0.0880 @ http://localhost:8771/index.js:451
[  773862ms] [LOG] MON 1 playing=false pos=0.000 stream_playing=false peak_db=-200.0 mix_rate=48000 latency=0.0880 @ http://localhost:8771/index.js:451
[  774112ms] [LOG] MON 1 playing=false pos=0.000 stream_playing=false peak_db=-200.0 mix_rate=48000 latency=0.0880 @ http://localhost:8771/index.js:451
[  774362ms] [LOG] MON 1 playing=false pos=0.000 stream_playing=false peak_db=-200.0 mix_rate=48000 latency=0.0880 @ http://localhost:8771/index.js:451
[  774611ms] [LOG] MON 1 playing=false pos=0.000 stream_playing=false peak_db=-200.0 mix_rate=48000 latency=0.0880 @ http://localhost:8771/index.js:451
[  774861ms] [LOG] MON 1 playing=false pos=0.000 stream_playing=false peak_db=-200.0 mix_rate=48000 latency=0.0880 @ http://localhost:8771/index.js:451
[  775112ms] [LOG] MON 1 playing=false pos=0.000 stream_playing=false peak_db=-200.0 mix_rate=48000 latency=0.0880 @ http://localhost:8771/index.js:451
[  775362ms] [LOG] MON 1 playing=false pos=0.000 stream_playing=false peak_db=-200.0 mix_rate=48000 latency=0.0880 @ http://localhost:8771/index.js:451
[  775612ms] [LOG] MON 1 playing=false pos=0.000 stream_playing=false peak_db=-200.0 mix_rate=48000 latency=0.0880 @ http://localhost:8771/index.js:451
[  775862ms] [LOG] MON 1 playing=false pos=0.000 stream_playing=false peak_db=-200.0 mix_rate=48000 latency=0.0880 @ http://localhost:8771/index.js:451
[  776112ms] [LOG] MON 1 playing=false pos=0.000 stream_playing=false peak_db=-200.0 mix_rate=48000 latency=0.0880 @ http://localhost:8771/index.js:451
[  776362ms] [LOG] MON 1 playing=false pos=0.000 stream_playing=false peak_db=-200.0 mix_rate=48000 latency=0.0880 @ http://localhost:8771/index.js:451
[  776612ms] [LOG] MON 1 playing=false pos=0.000 stream_playing=false peak_db=-200.0 mix_rate=48000 latency=0.0880 @ http://localhost:8771/index.js:451
[  776862ms] [LOG] MON 1 playing=false pos=0.000 stream_playing=false peak_db=-200.0 mix_rate=48000 latency=0.0880 @ http://localhost:8771/index.js:451
[  777113ms] [LOG] MON 1 playing=false pos=0.000 stream_playing=false peak_db=-200.0 mix_rate=48000 latency=0.0880 @ http://localhost:8771/index.js:451
[  777363ms] [LOG] MON 1 playing=false pos=0.000 stream_playing=false peak_db=-200.0 mix_rate=48000 latency=0.0880 @ http://localhost:8771/index.js:451
[  777613ms] [LOG] MON 1 playing=false pos=0.000 stream_playing=false peak_db=-200.0 mix_rate=48000 latency=0.0880 @ http://localhost:8771/index.js:451
[  777862ms] [LOG] MON 1 playing=false pos=0.000 stream_playing=false peak_db=-200.0 mix_rate=48000 latency=0.0880 @ http://localhost:8771/index.js:451
[  778112ms] [LOG] MON 1 playing=false pos=0.000 stream_playing=false peak_db=-200.0 mix_rate=48000 latency=0.0880 @ http://localhost:8771/index.js:451
[  778362ms] [LOG] MON 1 playing=false pos=0.000 stream_playing=false peak_db=-200.0 mix_rate=48000 latency=0.0880 @ http://localhost:8771/index.js:451
[  778611ms] [LOG] MON 1 playing=false pos=0.000 stream_playing=false peak_db=-200.0 mix_rate=48000 latency=0.0880 @ http://localhost:8771/index.js:451
[  778863ms] [LOG] MON 1 playing=false pos=0.000 stream_playing=false peak_db=-200.0 mix_rate=48000 latency=0.0880 @ http://localhost:8771/index.js:451
[  779115ms] [LOG] MON 1 playing=false pos=0.000 stream_playing=false peak_db=-200.0 mix_rate=48000 latency=0.0880 @ http://localhost:8771/index.js:451
[  779362ms] [LOG] MON 1 playing=false pos=0.000 stream_playing=false peak_db=-200.0 mix_rate=48000 latency=0.0880 @ http://localhost:8771/index.js:451
[  779611ms] [LOG] MON 1 playing=false pos=0.000 stream_playing=false peak_db=-200.0 mix_rate=48000 latency=0.0880 @ http://localhost:8771/index.js:451
[  779865ms] [LOG] MON 1 playing=false pos=0.000 stream_playing=false peak_db=-200.0 mix_rate=48000 latency=0.0880 @ http://localhost:8771/index.js:451
[  780111ms] [LOG] MON 1 playing=false pos=0.000 stream_playing=false peak_db=-200.0 mix_rate=48000 latency=0.0880 @ http://localhost:8771/index.js:451
[  780363ms] [LOG] MON 1 playing=false pos=0.000 stream_playing=false peak_db=-200.0 mix_rate=48000 latency=0.0880 @ http://localhost:8771/index.js:451
[  780612ms] [LOG] MON 1 playing=false pos=0.000 stream_playing=false peak_db=-200.0 mix_rate=48000 latency=0.0880 @ http://localhost:8771/index.js:451
[  780862ms] [LOG] MON 1 playing=false pos=0.000 stream_playing=false peak_db=-200.0 mix_rate=48000 latency=0.0880 @ http://localhost:8771/index.js:451
[  781112ms] [LOG] MON 1 playing=false pos=0.000 stream_playing=false peak_db=-200.0 mix_rate=48000 latency=0.0880 @ http://localhost:8771/index.js:451
[  781361ms] [LOG] MON 1 playing=false pos=0.000 stream_playing=false peak_db=-200.0 mix_rate=48000 latency=0.0880 @ http://localhost:8771/index.js:451
[  781612ms] [LOG] MON 1 playing=false pos=0.000 stream_playing=false peak_db=-200.0 mix_rate=48000 latency=0.0880 @ http://localhost:8771/index.js:451
[  781863ms] [LOG] MON 1 playing=false pos=0.000 stream_playing=false peak_db=-200.0 mix_rate=48000 latency=0.0880 @ http://localhost:8771/index.js:451
[  782111ms] [LOG] MON 1 playing=false pos=0.000 stream_playing=false peak_db=-200.0 mix_rate=48000 latency=0.0880 @ http://localhost:8771/index.js:451
[  782362ms] [LOG] MON 1 playing=false pos=0.000 stream_playing=false peak_db=-200.0 mix_rate=48000 latency=0.0880 @ http://localhost:8771/index.js:451
[  782611ms] [LOG] MON 1 playing=false pos=0.000 stream_playing=false peak_db=-200.0 mix_rate=48000 latency=0.0880 @ http://localhost:8771/index.js:451
[  782861ms] [LOG] MON 1 playing=false pos=0.000 stream_playing=false peak_db=-200.0 mix_rate=48000 latency=0.0880 @ http://localhost:8771/index.js:451
[  783110ms] [LOG] MON 1 playing=false pos=0.000 stream_playing=false peak_db=-200.0 mix_rate=48000 latency=0.0880 @ http://localhost:8771/index.js:451
[  783361ms] [LOG] MON 1 playing=false pos=0.000 stream_playing=false peak_db=-200.0 mix_rate=48000 latency=0.0880 @ http://localhost:8771/index.js:451
[  783610ms] [LOG] MON 1 playing=false pos=0.000 stream_playing=false peak_db=-200.0 mix_rate=48000 latency=0.0880 @ http://localhost:8771/index.js:451
[  783860ms] [LOG] MON 1 playing=false pos=0.000 stream_playing=false peak_db=-200.0 mix_rate=48000 latency=0.0880 @ http://localhost:8771/index.js:451
[  784111ms] [LOG] MON 1 playing=false pos=0.000 stream_playing=false peak_db=-200.0 mix_rate=48000 latency=0.0880 @ http://localhost:8771/index.js:451
[  784363ms] [LOG] MON 1 playing=false pos=0.000 stream_playing=false peak_db=-200.0 mix_rate=48000 latency=0.0880 @ http://localhost:8771/index.js:451
[  784612ms] [LOG] MON 1 playing=false pos=0.000 stream_playing=false peak_db=-200.0 mix_rate=48000 latency=0.0880 @ http://localhost:8771/index.js:451
[  784860ms] [LOG] MON 1 playing=false pos=0.000 stream_playing=false peak_db=-200.0 mix_rate=48000 latency=0.0880 @ http://localhost:8771/index.js:451
[  785112ms] [LOG] MON 1 playing=false pos=0.000 stream_playing=false peak_db=-200.0 mix_rate=48000 latency=0.0880 @ http://localhost:8771/index.js:451
[  785362ms] [LOG] MON 1 playing=false pos=0.000 stream_playing=false peak_db=-200.0 mix_rate=48000 latency=0.0880 @ http://localhost:8771/index.js:451
[  785612ms] [LOG] MON 1 playing=false pos=0.000 stream_playing=false peak_db=-200.0 mix_rate=48000 latency=0.0880 @ http://localhost:8771/index.js:451
[  785860ms] [LOG] MON 1 playing=false pos=0.000 stream_playing=false peak_db=-200.0 mix_rate=48000 latency=0.0880 @ http://localhost:8771/index.js:451
[  786111ms] [LOG] MON 1 playing=false pos=0.000 stream_playing=false peak_db=-200.0 mix_rate=48000 latency=0.0880 @ http://localhost:8771/index.js:451
[  786361ms] [LOG] MON 1 playing=false pos=0.000 stream_playing=false peak_db=-200.0 mix_rate=48000 latency=0.0880 @ http://localhost:8771/index.js:451
[  786611ms] [LOG] MON 1 playing=false pos=0.000 stream_playing=false peak_db=-200.0 mix_rate=48000 latency=0.0880 @ http://localhost:8771/index.js:451
[  786861ms] [LOG] MON 1 playing=false pos=0.000 stream_playing=false peak_db=-200.0 mix_rate=48000 latency=0.0880 @ http://localhost:8771/index.js:451
[  787112ms] [LOG] MON 1 playing=false pos=0.000 stream_playing=false peak_db=-200.0 mix_rate=48000 latency=0.0880 @ http://localhost:8771/index.js:451
[  787364ms] [LOG] MON 1 playing=false pos=0.000 stream_playing=false peak_db=-200.0 mix_rate=48000 latency=0.0880 @ http://localhost:8771/index.js:451
[  787612ms] [LOG] MON 1 playing=false pos=0.000 stream_playing=false peak_db=-200.0 mix_rate=48000 latency=0.0880 @ http://localhost:8771/index.js:451
[  787861ms] [LOG] MON 1 playing=false pos=0.000 stream_playing=false peak_db=-200.0 mix_rate=48000 latency=0.0880 @ http://localhost:8771/index.js:451
[  788112ms] [LOG] MON 1 playing=false pos=0.000 stream_playing=false peak_db=-200.0 mix_rate=48000 latency=0.0880 @ http://localhost:8771/index.js:451
[  788361ms] [LOG] MON 1 playing=false pos=0.000 stream_playing=false peak_db=-200.0 mix_rate=48000 latency=0.0880 @ http://localhost:8771/index.js:451
[  788612ms] [LOG] MON 1 playing=false pos=0.000 stream_playing=false peak_db=-200.0 mix_rate=48000 latency=0.0880 @ http://localhost:8771/index.js:451
[  788861ms] [LOG] MON 1 playing=false pos=0.000 stream_playing=false peak_db=-200.0 mix_rate=48000 latency=0.0880 @ http://localhost:8771/index.js:451
[  789111ms] [LOG] MON 1 playing=false pos=0.000 stream_playing=false peak_db=-200.0 mix_rate=48000 latency=0.0880 @ http://localhost:8771/index.js:451
[  789362ms] [LOG] MON 1 playing=false pos=0.000 stream_playing=false peak_db=-200.0 mix_rate=48000 latency=0.0880 @ http://localhost:8771/index.js:451
[  789612ms] [LOG] MON 1 playing=false pos=0.000 stream_playing=false peak_db=-200.0 mix_rate=48000 latency=0.0880 @ http://localhost:8771/index.js:451
[  789861ms] [LOG] MON 1 playing=false pos=0.000 stream_playing=false peak_db=-200.0 mix_rate=48000 latency=0.0880 @ http://localhost:8771/index.js:451
[  790111ms] [LOG] MON 1 playing=false pos=0.000 stream_playing=false peak_db=-200.0 mix_rate=48000 latency=0.0880 @ http://localhost:8771/index.js:451
[  790361ms] [LOG] MON 1 playing=false pos=0.000 stream_playing=false peak_db=-200.0 mix_rate=48000 latency=0.0880 @ http://localhost:8771/index.js:451
[  790612ms] [LOG] MON 1 playing=false pos=0.000 stream_playing=false peak_db=-200.0 mix_rate=48000 latency=0.0880 @ http://localhost:8771/index.js:451
[  790861ms] [LOG] MON 1 playing=false pos=0.000 stream_playing=false peak_db=-200.0 mix_rate=48000 latency=0.0880 @ http://localhost:8771/index.js:451
[  791110ms] [LOG] MON 1 playing=false pos=0.000 stream_playing=false peak_db=-200.0 mix_rate=48000 latency=0.0880 @ http://localhost:8771/index.js:451
[  791363ms] [LOG] MON 1 playing=false pos=0.000 stream_playing=false peak_db=-200.0 mix_rate=48000 latency=0.0880 @ http://localhost:8771/index.js:451
[  791614ms] [LOG] MON 1 playing=false pos=0.000 stream_playing=false peak_db=-200.0 mix_rate=48000 latency=0.0880 @ http://localhost:8771/index.js:451
[  791861ms] [LOG] MON 1 playing=false pos=0.000 stream_playing=false peak_db=-200.0 mix_rate=48000 latency=0.0880 @ http://localhost:8771/index.js:451
[  792110ms] [LOG] MON 1 playing=false pos=0.000 stream_playing=false peak_db=-200.0 mix_rate=48000 latency=0.0880 @ http://localhost:8771/index.js:451
[  792360ms] [LOG] MON 1 playing=false pos=0.000 stream_playing=false peak_db=-200.0 mix_rate=48000 latency=0.0880 @ http://localhost:8771/index.js:451
[  792611ms] [LOG] MON 1 playing=false pos=0.000 stream_playing=false peak_db=-200.0 mix_rate=48000 latency=0.0880 @ http://localhost:8771/index.js:451
[  792861ms] [LOG] MON 1 playing=false pos=0.000 stream_playing=false peak_db=-200.0 mix_rate=48000 latency=0.0880 @ http://localhost:8771/index.js:451
[  793112ms] [LOG] MON 1 playing=false pos=0.000 stream_playing=false peak_db=-200.0 mix_rate=48000 latency=0.0880 @ http://localhost:8771/index.js:451
[  793362ms] [LOG] MON 1 playing=false pos=0.000 stream_playing=false peak_db=-200.0 mix_rate=48000 latency=0.0880 @ http://localhost:8771/index.js:451
[  793613ms] [LOG] MON 1 playing=false pos=0.000 stream_playing=false peak_db=-200.0 mix_rate=48000 latency=0.0880 @ http://localhost:8771/index.js:451
[  793861ms] [LOG] MON 1 playing=false pos=0.000 stream_playing=false peak_db=-200.0 mix_rate=48000 latency=0.0880 @ http://localhost:8771/index.js:451
[  794112ms] [LOG] MON 1 playing=false pos=0.000 stream_playing=false peak_db=-200.0 mix_rate=48000 latency=0.0880 @ http://localhost:8771/index.js:451
[  794361ms] [LOG] MON 1 playing=false pos=0.000 stream_playing=false peak_db=-200.0 mix_rate=48000 latency=0.0880 @ http://localhost:8771/index.js:451
[  794611ms] [LOG] MON 1 playing=false pos=0.000 stream_playing=false peak_db=-200.0 mix_rate=48000 latency=0.0880 @ http://localhost:8771/index.js:451
[  794861ms] [LOG] MON 1 playing=false pos=0.000 stream_playing=false peak_db=-200.0 mix_rate=48000 latency=0.0880 @ http://localhost:8771/index.js:451
[  795111ms] [LOG] MON 1 playing=false pos=0.000 stream_playing=false peak_db=-200.0 mix_rate=48000 latency=0.0880 @ http://localhost:8771/index.js:451
[  795362ms] [LOG] MON 1 playing=false pos=0.000 stream_playing=false peak_db=-200.0 mix_rate=48000 latency=0.0880 @ http://localhost:8771/index.js:451
[  795611ms] [LOG] MON 1 playing=false pos=0.000 stream_playing=false peak_db=-200.0 mix_rate=48000 latency=0.0880 @ http://localhost:8771/index.js:451
[  795861ms] [LOG] MON 1 playing=false pos=0.000 stream_playing=false peak_db=-200.0 mix_rate=48000 latency=0.0880 @ http://localhost:8771/index.js:451
[  796111ms] [LOG] MON 1 playing=false pos=0.000 stream_playing=false peak_db=-200.0 mix_rate=48000 latency=0.0880 @ http://localhost:8771/index.js:451
[  796361ms] [LOG] MON 1 playing=false pos=0.000 stream_playing=false peak_db=-200.0 mix_rate=48000 latency=0.0880 @ http://localhost:8771/index.js:451
[  796611ms] [LOG] MON 1 playing=false pos=0.000 stream_playing=false peak_db=-200.0 mix_rate=48000 latency=0.0880 @ http://localhost:8771/index.js:451
[  796861ms] [LOG] MON 1 playing=false pos=0.000 stream_playing=false peak_db=-200.0 mix_rate=48000 latency=0.0880 @ http://localhost:8771/index.js:451
[  797111ms] [LOG] MON 1 playing=false pos=0.000 stream_playing=false peak_db=-200.0 mix_rate=48000 latency=0.0880 @ http://localhost:8771/index.js:451
[  797360ms] [LOG] MON 1 playing=false pos=0.000 stream_playing=false peak_db=-200.0 mix_rate=48000 latency=0.0880 @ http://localhost:8771/index.js:451
[  797611ms] [LOG] MON 1 playing=false pos=0.000 stream_playing=false peak_db=-200.0 mix_rate=48000 latency=0.0880 @ http://localhost:8771/index.js:451
[  797861ms] [LOG] MON 1 playing=false pos=0.000 stream_playing=false peak_db=-200.0 mix_rate=48000 latency=0.0880 @ http://localhost:8771/index.js:451
[  798111ms] [LOG] MON 1 playing=false pos=0.000 stream_playing=false peak_db=-200.0 mix_rate=48000 latency=0.0880 @ http://localhost:8771/index.js:451
[  798361ms] [LOG] MON 1 playing=false pos=0.000 stream_playing=false peak_db=-200.0 mix_rate=48000 latency=0.0880 @ http://localhost:8771/index.js:451
[  798611ms] [LOG] MON 1 playing=false pos=0.000 stream_playing=false peak_db=-200.0 mix_rate=48000 latency=0.0880 @ http://localhost:8771/index.js:451
[  798860ms] [LOG] MON 1 playing=false pos=0.000 stream_playing=false peak_db=-200.0 mix_rate=48000 latency=0.0880 @ http://localhost:8771/index.js:451
[  799110ms] [LOG] MON 1 playing=false pos=0.000 stream_playing=false peak_db=-200.0 mix_rate=48000 latency=0.0880 @ http://localhost:8771/index.js:451
[  799359ms] [LOG] MON 1 playing=false pos=0.000 stream_playing=false peak_db=-200.0 mix_rate=48000 latency=0.0880 @ http://localhost:8771/index.js:451
[  799611ms] [LOG] MON 1 playing=false pos=0.000 stream_playing=false peak_db=-200.0 mix_rate=48000 latency=0.0880 @ http://localhost:8771/index.js:451
[  799860ms] [LOG] MON 1 playing=false pos=0.000 stream_playing=false peak_db=-200.0 mix_rate=48000 latency=0.0880 @ http://localhost:8771/index.js:451
[  800112ms] [LOG] MON 1 playing=false pos=0.000 stream_playing=false peak_db=-200.0 mix_rate=48000 latency=0.0880 @ http://localhost:8771/index.js:451
[  800360ms] [LOG] MON 1 playing=false pos=0.000 stream_playing=false peak_db=-200.0 mix_rate=48000 latency=0.0880 @ http://localhost:8771/index.js:451
[  800610ms] [LOG] MON 1 playing=false pos=0.000 stream_playing=false peak_db=-200.0 mix_rate=48000 latency=0.0880 @ http://localhost:8771/index.js:451
[  800860ms] [LOG] MON 1 playing=false pos=0.000 stream_playing=false peak_db=-200.0 mix_rate=48000 latency=0.0880 @ http://localhost:8771/index.js:451
[  801111ms] [LOG] MON 1 playing=false pos=0.000 stream_playing=false peak_db=-200.0 mix_rate=48000 latency=0.0880 @ http://localhost:8771/index.js:451
[  801361ms] [LOG] MON 1 playing=false pos=0.000 stream_playing=false peak_db=-200.0 mix_rate=48000 latency=0.0880 @ http://localhost:8771/index.js:451
[  801610ms] [LOG] MON 1 playing=false pos=0.000 stream_playing=false peak_db=-200.0 mix_rate=48000 latency=0.0880 @ http://localhost:8771/index.js:451
[  801862ms] [LOG] MON 1 playing=false pos=0.000 stream_playing=false peak_db=-200.0 mix_rate=48000 latency=0.0880 @ http://localhost:8771/index.js:451
[  802112ms] [LOG] MON 1 playing=false pos=0.000 stream_playing=false peak_db=-200.0 mix_rate=48000 latency=0.0880 @ http://localhost:8771/index.js:451
[  802360ms] [LOG] MON 1 playing=false pos=0.000 stream_playing=false peak_db=-200.0 mix_rate=48000 latency=0.0880 @ http://localhost:8771/index.js:451
[  802610ms] [LOG] MON 1 playing=false pos=0.000 stream_playing=false peak_db=-200.0 mix_rate=48000 latency=0.0880 @ http://localhost:8771/index.js:451
[  802861ms] [LOG] MON 1 playing=false pos=0.000 stream_playing=false peak_db=-200.0 mix_rate=48000 latency=0.0880 @ http://localhost:8771/index.js:451
[  803109ms] [LOG] MON 1 playing=false pos=0.000 stream_playing=false peak_db=-200.0 mix_rate=48000 latency=0.0880 @ http://localhost:8771/index.js:451
[  803359ms] [LOG] MON 1 playing=false pos=0.000 stream_playing=false peak_db=-200.0 mix_rate=48000 latency=0.0880 @ http://localhost:8771/index.js:451
[  803610ms] [LOG] MON 1 playing=false pos=0.000 stream_playing=false peak_db=-200.0 mix_rate=48000 latency=0.0880 @ http://localhost:8771/index.js:451
[  803859ms] [LOG] MON 1 playing=false pos=0.000 stream_playing=false peak_db=-200.0 mix_rate=48000 latency=0.0880 @ http://localhost:8771/index.js:451
[  804111ms] [LOG] MON 1 playing=false pos=0.000 stream_playing=false peak_db=-200.0 mix_rate=48000 latency=0.0880 @ http://localhost:8771/index.js:451
[  804361ms] [LOG] MON 1 playing=false pos=0.000 stream_playing=false peak_db=-200.0 mix_rate=48000 latency=0.0880 @ http://localhost:8771/index.js:451
[  804611ms] [LOG] MON 1 playing=false pos=0.000 stream_playing=false peak_db=-200.0 mix_rate=48000 latency=0.0880 @ http://localhost:8771/index.js:451
[  804860ms] [LOG] MON 1 playing=false pos=0.000 stream_playing=false peak_db=-200.0 mix_rate=48000 latency=0.0880 @ http://localhost:8771/index.js:451
[  805111ms] [LOG] MON 1 playing=false pos=0.000 stream_playing=false peak_db=-200.0 mix_rate=48000 latency=0.0880 @ http://localhost:8771/index.js:451
[  805360ms] [LOG] MON 1 playing=false pos=0.000 stream_playing=false peak_db=-200.0 mix_rate=48000 latency=0.0880 @ http://localhost:8771/index.js:451
[  805611ms] [LOG] MON 1 playing=false pos=0.000 stream_playing=false peak_db=-200.0 mix_rate=48000 latency=0.0880 @ http://localhost:8771/index.js:451
[  805862ms] [LOG] MON 1 playing=false pos=0.000 stream_playing=false peak_db=-200.0 mix_rate=48000 latency=0.0880 @ http://localhost:8771/index.js:451
[  806111ms] [LOG] MON 1 playing=false pos=0.000 stream_playing=false peak_db=-200.0 mix_rate=48000 latency=0.0880 @ http://localhost:8771/index.js:451
[  806359ms] [LOG] MON 1 playing=false pos=0.000 stream_playing=false peak_db=-200.0 mix_rate=48000 latency=0.0880 @ http://localhost:8771/index.js:451
[  806611ms] [LOG] MON 1 playing=false pos=0.000 stream_playing=false peak_db=-200.0 mix_rate=48000 latency=0.0880 @ http://localhost:8771/index.js:451
[  806860ms] [LOG] MON 1 playing=false pos=0.000 stream_playing=false peak_db=-200.0 mix_rate=48000 latency=0.0880 @ http://localhost:8771/index.js:451
[  807112ms] [LOG] MON 1 playing=false pos=0.000 stream_playing=false peak_db=-200.0 mix_rate=48000 latency=0.0880 @ http://localhost:8771/index.js:451
[  807361ms] [LOG] MON 1 playing=false pos=0.000 stream_playing=false peak_db=-200.0 mix_rate=48000 latency=0.0880 @ http://localhost:8771/index.js:451
[  807612ms] [LOG] MON 1 playing=false pos=0.000 stream_playing=false peak_db=-200.0 mix_rate=48000 latency=0.0880 @ http://localhost:8771/index.js:451
[  807861ms] [LOG] MON 1 playing=false pos=0.000 stream_playing=false peak_db=-200.0 mix_rate=48000 latency=0.0880 @ http://localhost:8771/index.js:451
[  808111ms] [LOG] MON 1 playing=false pos=0.000 stream_playing=false peak_db=-200.0 mix_rate=48000 latency=0.0880 @ http://localhost:8771/index.js:451
[  808362ms] [LOG] MON 1 playing=false pos=0.000 stream_playing=false peak_db=-200.0 mix_rate=48000 latency=0.0880 @ http://localhost:8771/index.js:451
[  808611ms] [LOG] MON 1 playing=false pos=0.000 stream_playing=false peak_db=-200.0 mix_rate=48000 latency=0.0880 @ http://localhost:8771/index.js:451
[  808860ms] [LOG] MON 1 playing=false pos=0.000 stream_playing=false peak_db=-200.0 mix_rate=48000 latency=0.0880 @ http://localhost:8771/index.js:451
[  809109ms] [LOG] MON 1 playing=false pos=0.000 stream_playing=false peak_db=-200.0 mix_rate=48000 latency=0.0880 @ http://localhost:8771/index.js:451
[  809361ms] [LOG] MON 1 playing=false pos=0.000 stream_playing=false peak_db=-200.0 mix_rate=48000 latency=0.0880 @ http://localhost:8771/index.js:451
[  809610ms] [LOG] MON 1 playing=false pos=0.000 stream_playing=false peak_db=-200.0 mix_rate=48000 latency=0.0880 @ http://localhost:8771/index.js:451
[  809861ms] [LOG] MON 1 playing=false pos=0.000 stream_playing=false peak_db=-200.0 mix_rate=48000 latency=0.0880 @ http://localhost:8771/index.js:451
[  810111ms] [LOG] MON 1 playing=false pos=0.000 stream_playing=false peak_db=-200.0 mix_rate=48000 latency=0.0880 @ http://localhost:8771/index.js:451
[  810361ms] [LOG] MON 1 playing=false pos=0.000 stream_playing=false peak_db=-200.0 mix_rate=48000 latency=0.0880 @ http://localhost:8771/index.js:451
[  810610ms] [LOG] MON 1 playing=false pos=0.000 stream_playing=false peak_db=-200.0 mix_rate=48000 latency=0.0880 @ http://localhost:8771/index.js:451
[  810861ms] [LOG] MON 1 playing=false pos=0.000 stream_playing=false peak_db=-200.0 mix_rate=48000 latency=0.0880 @ http://localhost:8771/index.js:451
[  811110ms] [LOG] MON 1 playing=false pos=0.000 stream_playing=false peak_db=-200.0 mix_rate=48000 latency=0.0880 @ http://localhost:8771/index.js:451
[  811362ms] [LOG] MON 1 playing=false pos=0.000 stream_playing=false peak_db=-200.0 mix_rate=48000 latency=0.0880 @ http://localhost:8771/index.js:451
[  811611ms] [LOG] MON 1 playing=false pos=0.000 stream_playing=false peak_db=-200.0 mix_rate=48000 latency=0.0880 @ http://localhost:8771/index.js:451
[  811862ms] [LOG] MON 1 playing=false pos=0.000 stream_playing=false peak_db=-200.0 mix_rate=48000 latency=0.0880 @ http://localhost:8771/index.js:451
[  812111ms] [LOG] MON 1 playing=false pos=0.000 stream_playing=false peak_db=-200.0 mix_rate=48000 latency=0.0880 @ http://localhost:8771/index.js:451
[  812362ms] [LOG] MON 1 playing=false pos=0.000 stream_playing=false peak_db=-200.0 mix_rate=48000 latency=0.0880 @ http://localhost:8771/index.js:451
[  812611ms] [LOG] MON 1 playing=false pos=0.000 stream_playing=false peak_db=-200.0 mix_rate=48000 latency=0.0880 @ http://localhost:8771/index.js:451
[  812862ms] [LOG] MON 1 playing=false pos=0.000 stream_playing=false peak_db=-200.0 mix_rate=48000 latency=0.0880 @ http://localhost:8771/index.js:451
[  813112ms] [LOG] MON 1 playing=false pos=0.000 stream_playing=false peak_db=-200.0 mix_rate=48000 latency=0.0880 @ http://localhost:8771/index.js:451
[  813363ms] [LOG] MON 1 playing=false pos=0.000 stream_playing=false peak_db=-200.0 mix_rate=48000 latency=0.0880 @ http://localhost:8771/index.js:451
[  813611ms] [LOG] MON 1 playing=false pos=0.000 stream_playing=false peak_db=-200.0 mix_rate=48000 latency=0.0880 @ http://localhost:8771/index.js:451
[  813861ms] [LOG] MON 1 playing=false pos=0.000 stream_playing=false peak_db=-200.0 mix_rate=48000 latency=0.0880 @ http://localhost:8771/index.js:451
[  814109ms] [LOG] MON 1 playing=false pos=0.000 stream_playing=false peak_db=-200.0 mix_rate=48000 latency=0.0880 @ http://localhost:8771/index.js:451
[  814360ms] [LOG] MON 1 playing=false pos=0.000 stream_playing=false peak_db=-200.0 mix_rate=48000 latency=0.0880 @ http://localhost:8771/index.js:451
[  814609ms] [LOG] MON 1 playing=false pos=0.000 stream_playing=false peak_db=-200.0 mix_rate=48000 latency=0.0880 @ http://localhost:8771/index.js:451
[  814862ms] [LOG] MON 1 playing=false pos=0.000 stream_playing=false peak_db=-200.0 mix_rate=48000 latency=0.0880 @ http://localhost:8771/index.js:451
[  815109ms] [LOG] MON 1 playing=false pos=0.000 stream_playing=false peak_db=-200.0 mix_rate=48000 latency=0.0880 @ http://localhost:8771/index.js:451
[  815360ms] [LOG] MON 1 playing=false pos=0.000 stream_playing=false peak_db=-200.0 mix_rate=48000 latency=0.0880 @ http://localhost:8771/index.js:451
[  815612ms] [LOG] MON 1 playing=false pos=0.000 stream_playing=false peak_db=-200.0 mix_rate=48000 latency=0.0880 @ http://localhost:8771/index.js:451
[  815861ms] [LOG] MON 1 playing=false pos=0.000 stream_playing=false peak_db=-200.0 mix_rate=48000 latency=0.0880 @ http://localhost:8771/index.js:451
[  816111ms] [LOG] MON 1 playing=false pos=0.000 stream_playing=false peak_db=-200.0 mix_rate=48000 latency=0.0880 @ http://localhost:8771/index.js:451
[  816361ms] [LOG] MON 1 playing=false pos=0.000 stream_playing=false peak_db=-200.0 mix_rate=48000 latency=0.0880 @ http://localhost:8771/index.js:451
[  816611ms] [LOG] MON 1 playing=false pos=0.000 stream_playing=false peak_db=-200.0 mix_rate=48000 latency=0.0880 @ http://localhost:8771/index.js:451
[  816861ms] [LOG] MON 1 playing=false pos=0.000 stream_playing=false peak_db=-200.0 mix_rate=48000 latency=0.0880 @ http://localhost:8771/index.js:451
[  817113ms] [LOG] MON 1 playing=false pos=0.000 stream_playing=false peak_db=-200.0 mix_rate=48000 latency=0.0880 @ http://localhost:8771/index.js:451
[  817363ms] [LOG] MON 1 playing=false pos=0.000 stream_playing=false peak_db=-200.0 mix_rate=48000 latency=0.0880 @ http://localhost:8771/index.js:451
[  817613ms] [LOG] MON 1 playing=false pos=0.000 stream_playing=false peak_db=-200.0 mix_rate=48000 latency=0.0880 @ http://localhost:8771/index.js:451
[  817860ms] [LOG] MON 1 playing=false pos=0.000 stream_playing=false peak_db=-200.0 mix_rate=48000 latency=0.0880 @ http://localhost:8771/index.js:451
[  818110ms] [LOG] MON 1 playing=false pos=0.000 stream_playing=false peak_db=-200.0 mix_rate=48000 latency=0.0880 @ http://localhost:8771/index.js:451
[  818362ms] [LOG] MON 1 playing=false pos=0.000 stream_playing=false peak_db=-200.0 mix_rate=48000 latency=0.0880 @ http://localhost:8771/index.js:451
[  818610ms] [LOG] MON 1 playing=false pos=0.000 stream_playing=false peak_db=-200.0 mix_rate=48000 latency=0.0880 @ http://localhost:8771/index.js:451
[  818860ms] [LOG] MON 1 playing=false pos=0.000 stream_playing=false peak_db=-200.0 mix_rate=48000 latency=0.0880 @ http://localhost:8771/index.js:451
[  819110ms] [LOG] MON 1 playing=false pos=0.000 stream_playing=false peak_db=-200.0 mix_rate=48000 latency=0.0880 @ http://localhost:8771/index.js:451
[  819361ms] [LOG] MON 1 playing=false pos=0.000 stream_playing=false peak_db=-200.0 mix_rate=48000 latency=0.0880 @ http://localhost:8771/index.js:451
[  819612ms] [LOG] MON 1 playing=false pos=0.000 stream_playing=false peak_db=-200.0 mix_rate=48000 latency=0.0880 @ http://localhost:8771/index.js:451
[  819859ms] [LOG] MON 1 playing=false pos=0.000 stream_playing=false peak_db=-200.0 mix_rate=48000 latency=0.0880 @ http://localhost:8771/index.js:451
[  820111ms] [LOG] MON 1 playing=false pos=0.000 stream_playing=false peak_db=-200.0 mix_rate=48000 latency=0.0880 @ http://localhost:8771/index.js:451
[  820359ms] [LOG] MON 1 playing=false pos=0.000 stream_playing=false peak_db=-200.0 mix_rate=48000 latency=0.0880 @ http://localhost:8771/index.js:451
[  820611ms] [LOG] MON 1 playing=false pos=0.000 stream_playing=false peak_db=-200.0 mix_rate=48000 latency=0.0880 @ http://localhost:8771/index.js:451
[  820860ms] [LOG] MON 1 playing=false pos=0.000 stream_playing=false peak_db=-200.0 mix_rate=48000 latency=0.0880 @ http://localhost:8771/index.js:451
[  821110ms] [LOG] MON 1 playing=false pos=0.000 stream_playing=false peak_db=-200.0 mix_rate=48000 latency=0.0880 @ http://localhost:8771/index.js:451
[  821360ms] [LOG] MON 1 playing=false pos=0.000 stream_playing=false peak_db=-200.0 mix_rate=48000 latency=0.0880 @ http://localhost:8771/index.js:451
[  821609ms] [LOG] MON 1 playing=false pos=0.000 stream_playing=false peak_db=-200.0 mix_rate=48000 latency=0.0880 @ http://localhost:8771/index.js:451
[  821861ms] [LOG] MON 1 playing=false pos=0.000 stream_playing=false peak_db=-200.0 mix_rate=48000 latency=0.0880 @ http://localhost:8771/index.js:451
[  822111ms] [LOG] MON 1 playing=false pos=0.000 stream_playing=false peak_db=-200.0 mix_rate=48000 latency=0.0880 @ http://localhost:8771/index.js:451
[  822361ms] [LOG] MON 1 playing=false pos=0.000 stream_playing=false peak_db=-200.0 mix_rate=48000 latency=0.0880 @ http://localhost:8771/index.js:451
[  822609ms] [LOG] MON 1 playing=false pos=0.000 stream_playing=false peak_db=-200.0 mix_rate=48000 latency=0.0880 @ http://localhost:8771/index.js:451
[  822859ms] [LOG] MON 1 playing=false pos=0.000 stream_playing=false peak_db=-200.0 mix_rate=48000 latency=0.0880 @ http://localhost:8771/index.js:451
[  823112ms] [LOG] MON 1 playing=false pos=0.000 stream_playing=false peak_db=-200.0 mix_rate=48000 latency=0.0880 @ http://localhost:8771/index.js:451
[  823361ms] [LOG] MON 1 playing=false pos=0.000 stream_playing=false peak_db=-200.0 mix_rate=48000 latency=0.0880 @ http://localhost:8771/index.js:451
[  823611ms] [LOG] MON 1 playing=false pos=0.000 stream_playing=false peak_db=-200.0 mix_rate=48000 latency=0.0880 @ http://localhost:8771/index.js:451
[  823861ms] [LOG] MON 1 playing=false pos=0.000 stream_playing=false peak_db=-200.0 mix_rate=48000 latency=0.0880 @ http://localhost:8771/index.js:451
[  824113ms] [LOG] MON 1 playing=false pos=0.000 stream_playing=false peak_db=-200.0 mix_rate=48000 latency=0.0880 @ http://localhost:8771/index.js:451
[  824360ms] [LOG] MON 1 playing=false pos=0.000 stream_playing=false peak_db=-200.0 mix_rate=48000 latency=0.0880 @ http://localhost:8771/index.js:451
[  824612ms] [LOG] MON 1 playing=false pos=0.000 stream_playing=false peak_db=-200.0 mix_rate=48000 latency=0.0880 @ http://localhost:8771/index.js:451
[  824861ms] [LOG] MON 1 playing=false pos=0.000 stream_playing=false peak_db=-200.0 mix_rate=48000 latency=0.0880 @ http://localhost:8771/index.js:451
[  825112ms] [LOG] MON 1 playing=false pos=0.000 stream_playing=false peak_db=-200.0 mix_rate=48000 latency=0.0880 @ http://localhost:8771/index.js:451
[  825362ms] [LOG] MON 1 playing=false pos=0.000 stream_playing=false peak_db=-200.0 mix_rate=48000 latency=0.0880 @ http://localhost:8771/index.js:451
[  825611ms] [LOG] MON 1 playing=false pos=0.000 stream_playing=false peak_db=-200.0 mix_rate=48000 latency=0.0880 @ http://localhost:8771/index.js:451
[  825860ms] [LOG] MON 1 playing=false pos=0.000 stream_playing=false peak_db=-200.0 mix_rate=48000 latency=0.0880 @ http://localhost:8771/index.js:451
[  826109ms] [LOG] MON 1 playing=false pos=0.000 stream_playing=false peak_db=-200.0 mix_rate=48000 latency=0.0880 @ http://localhost:8771/index.js:451
[  826360ms] [LOG] MON 1 playing=false pos=0.000 stream_playing=false peak_db=-200.0 mix_rate=48000 latency=0.0880 @ http://localhost:8771/index.js:451
[  826611ms] [LOG] MON 1 playing=false pos=0.000 stream_playing=false peak_db=-200.0 mix_rate=48000 latency=0.0880 @ http://localhost:8771/index.js:451
[  826862ms] [LOG] MON 1 playing=false pos=0.000 stream_playing=false peak_db=-200.0 mix_rate=48000 latency=0.0880 @ http://localhost:8771/index.js:451
[  827111ms] [LOG] MON 1 playing=false pos=0.000 stream_playing=false peak_db=-200.0 mix_rate=48000 latency=0.0880 @ http://localhost:8771/index.js:451
[  827360ms] [LOG] MON 1 playing=false pos=0.000 stream_playing=false peak_db=-200.0 mix_rate=48000 latency=0.0880 @ http://localhost:8771/index.js:451
[  827610ms] [LOG] MON 1 playing=false pos=0.000 stream_playing=false peak_db=-200.0 mix_rate=48000 latency=0.0880 @ http://localhost:8771/index.js:451
[  827859ms] [LOG] MON 1 playing=false pos=0.000 stream_playing=false peak_db=-200.0 mix_rate=48000 latency=0.0880 @ http://localhost:8771/index.js:451
[  828112ms] [LOG] MON 1 playing=false pos=0.000 stream_playing=false peak_db=-200.0 mix_rate=48000 latency=0.0880 @ http://localhost:8771/index.js:451
[  828360ms] [LOG] MON 1 playing=false pos=0.000 stream_playing=false peak_db=-200.0 mix_rate=48000 latency=0.0880 @ http://localhost:8771/index.js:451
[  828609ms] [LOG] MON 1 playing=false pos=0.000 stream_playing=false peak_db=-200.0 mix_rate=48000 latency=0.0880 @ http://localhost:8771/index.js:451
[  828860ms] [LOG] MON 1 playing=false pos=0.000 stream_playing=false peak_db=-200.0 mix_rate=48000 latency=0.0880 @ http://localhost:8771/index.js:451
[  829110ms] [LOG] MON 1 playing=false pos=0.000 stream_playing=false peak_db=-200.0 mix_rate=48000 latency=0.0880 @ http://localhost:8771/index.js:451
[  829361ms] [LOG] MON 1 playing=false pos=0.000 stream_playing=false peak_db=-200.0 mix_rate=48000 latency=0.0880 @ http://localhost:8771/index.js:451
[  829611ms] [LOG] MON 1 playing=false pos=0.000 stream_playing=false peak_db=-200.0 mix_rate=48000 latency=0.0880 @ http://localhost:8771/index.js:451
[  829861ms] [LOG] MON 1 playing=false pos=0.000 stream_playing=false peak_db=-200.0 mix_rate=48000 latency=0.0880 @ http://localhost:8771/index.js:451
[  830110ms] [LOG] MON 1 playing=false pos=0.000 stream_playing=false peak_db=-200.0 mix_rate=48000 latency=0.0880 @ http://localhost:8771/index.js:451
[  830359ms] [LOG] MON 1 playing=false pos=0.000 stream_playing=false peak_db=-200.0 mix_rate=48000 latency=0.0880 @ http://localhost:8771/index.js:451
[  830611ms] [LOG] MON 1 playing=false pos=0.000 stream_playing=false peak_db=-200.0 mix_rate=48000 latency=0.0880 @ http://localhost:8771/index.js:451
[  830860ms] [LOG] MON 1 playing=false pos=0.000 stream_playing=false peak_db=-200.0 mix_rate=48000 latency=0.0880 @ http://localhost:8771/index.js:451
[  831111ms] [LOG] MON 1 playing=false pos=0.000 stream_playing=false peak_db=-200.0 mix_rate=48000 latency=0.0880 @ http://localhost:8771/index.js:451
[  831361ms] [LOG] MON 1 playing=false pos=0.000 stream_playing=false peak_db=-200.0 mix_rate=48000 latency=0.0880 @ http://localhost:8771/index.js:451
[  831611ms] [LOG] MON 1 playing=false pos=0.000 stream_playing=false peak_db=-200.0 mix_rate=48000 latency=0.0880 @ http://localhost:8771/index.js:451
[  831861ms] [LOG] MON 1 playing=false pos=0.000 stream_playing=false peak_db=-200.0 mix_rate=48000 latency=0.0880 @ http://localhost:8771/index.js:451
[  832111ms] [LOG] MON 1 playing=false pos=0.000 stream_playing=false peak_db=-200.0 mix_rate=48000 latency=0.0880 @ http://localhost:8771/index.js:451
[  832360ms] [LOG] MON 1 playing=false pos=0.000 stream_playing=false peak_db=-200.0 mix_rate=48000 latency=0.0880 @ http://localhost:8771/index.js:451
[  832611ms] [LOG] MON 1 playing=false pos=0.000 stream_playing=false peak_db=-200.0 mix_rate=48000 latency=0.0880 @ http://localhost:8771/index.js:451
[  832860ms] [LOG] MON 1 playing=false pos=0.000 stream_playing=false peak_db=-200.0 mix_rate=48000 latency=0.0880 @ http://localhost:8771/index.js:451
[  833110ms] [LOG] MON 1 playing=false pos=0.000 stream_playing=false peak_db=-200.0 mix_rate=48000 latency=0.0880 @ http://localhost:8771/index.js:451
[  833360ms] [LOG] MON 1 playing=false pos=0.000 stream_playing=false peak_db=-200.0 mix_rate=48000 latency=0.0880 @ http://localhost:8771/index.js:451
[  833611ms] [LOG] MON 1 playing=false pos=0.000 stream_playing=false peak_db=-200.0 mix_rate=48000 latency=0.0880 @ http://localhost:8771/index.js:451
[  833862ms] [LOG] MON 1 playing=false pos=0.000 stream_playing=false peak_db=-200.0 mix_rate=48000 latency=0.0880 @ http://localhost:8771/index.js:451
[  834110ms] [LOG] MON 1 playing=false pos=0.000 stream_playing=false peak_db=-200.0 mix_rate=48000 latency=0.0880 @ http://localhost:8771/index.js:451
[  834360ms] [LOG] MON 1 playing=false pos=0.000 stream_playing=false peak_db=-200.0 mix_rate=48000 latency=0.0880 @ http://localhost:8771/index.js:451
[  834610ms] [LOG] MON 1 playing=false pos=0.000 stream_playing=false peak_db=-200.0 mix_rate=48000 latency=0.0880 @ http://localhost:8771/index.js:451
[  834860ms] [LOG] MON 1 playing=false pos=0.000 stream_playing=false peak_db=-200.0 mix_rate=48000 latency=0.0880 @ http://localhost:8771/index.js:451
[  835112ms] [LOG] MON 1 playing=false pos=0.000 stream_playing=false peak_db=-200.0 mix_rate=48000 latency=0.0880 @ http://localhost:8771/index.js:451
[  835360ms] [LOG] MON 1 playing=false pos=0.000 stream_playing=false peak_db=-200.0 mix_rate=48000 latency=0.0880 @ http://localhost:8771/index.js:451
[  835610ms] [LOG] MON 1 playing=false pos=0.000 stream_playing=false peak_db=-200.0 mix_rate=48000 latency=0.0880 @ http://localhost:8771/index.js:451
[  835863ms] [LOG] MON 1 playing=false pos=0.000 stream_playing=false peak_db=-200.0 mix_rate=48000 latency=0.0880 @ http://localhost:8771/index.js:451
[  836111ms] [LOG] MON 1 playing=false pos=0.000 stream_playing=false peak_db=-200.0 mix_rate=48000 latency=0.0880 @ http://localhost:8771/index.js:451
[  836359ms] [LOG] MON 1 playing=false pos=0.000 stream_playing=false peak_db=-200.0 mix_rate=48000 latency=0.0880 @ http://localhost:8771/index.js:451
[  836609ms] [LOG] MON 1 playing=false pos=0.000 stream_playing=false peak_db=-200.0 mix_rate=48000 latency=0.0880 @ http://localhost:8771/index.js:451
[  836862ms] [LOG] MON 1 playing=false pos=0.000 stream_playing=false peak_db=-200.0 mix_rate=48000 latency=0.0880 @ http://localhost:8771/index.js:451
[  837112ms] [LOG] MON 1 playing=false pos=0.000 stream_playing=false peak_db=-200.0 mix_rate=48000 latency=0.0880 @ http://localhost:8771/index.js:451
[  837361ms] [LOG] MON 1 playing=false pos=0.000 stream_playing=false peak_db=-200.0 mix_rate=48000 latency=0.0880 @ http://localhost:8771/index.js:451
[  837611ms] [LOG] MON 1 playing=false pos=0.000 stream_playing=false peak_db=-200.0 mix_rate=48000 latency=0.0880 @ http://localhost:8771/index.js:451
[  837861ms] [LOG] MON 1 playing=false pos=0.000 stream_playing=false peak_db=-200.0 mix_rate=48000 latency=0.0880 @ http://localhost:8771/index.js:451
[  838112ms] [LOG] MON 1 playing=false pos=0.000 stream_playing=false peak_db=-200.0 mix_rate=48000 latency=0.0880 @ http://localhost:8771/index.js:451
[  838360ms] [LOG] MON 1 playing=false pos=0.000 stream_playing=false peak_db=-200.0 mix_rate=48000 latency=0.0880 @ http://localhost:8771/index.js:451
[  838609ms] [LOG] MON 1 playing=false pos=0.000 stream_playing=false peak_db=-200.0 mix_rate=48000 latency=0.0880 @ http://localhost:8771/index.js:451
[  838862ms] [LOG] MON 1 playing=false pos=0.000 stream_playing=false peak_db=-200.0 mix_rate=48000 latency=0.0880 @ http://localhost:8771/index.js:451
[  839110ms] [LOG] MON 1 playing=false pos=0.000 stream_playing=false peak_db=-200.0 mix_rate=48000 latency=0.0880 @ http://localhost:8771/index.js:451
[  839359ms] [LOG] MON 1 playing=false pos=0.000 stream_playing=false peak_db=-200.0 mix_rate=48000 latency=0.0880 @ http://localhost:8771/index.js:451
[  839611ms] [LOG] MON 1 playing=false pos=0.000 stream_playing=false peak_db=-200.0 mix_rate=48000 latency=0.0880 @ http://localhost:8771/index.js:451
[  839862ms] [LOG] MON 1 playing=false pos=0.000 stream_playing=false peak_db=-200.0 mix_rate=48000 latency=0.0880 @ http://localhost:8771/index.js:451
[  840111ms] [LOG] MON 1 playing=false pos=0.000 stream_playing=false peak_db=-200.0 mix_rate=48000 latency=0.0880 @ http://localhost:8771/index.js:451
[  840359ms] [LOG] MON 1 playing=false pos=0.000 stream_playing=false peak_db=-200.0 mix_rate=48000 latency=0.0880 @ http://localhost:8771/index.js:451
[  840610ms] [LOG] MON 1 playing=false pos=0.000 stream_playing=false peak_db=-200.0 mix_rate=48000 latency=0.0880 @ http://localhost:8771/index.js:451
[  840860ms] [LOG] MON 1 playing=false pos=0.000 stream_playing=false peak_db=-200.0 mix_rate=48000 latency=0.0880 @ http://localhost:8771/index.js:451
[  841111ms] [LOG] MON 1 playing=false pos=0.000 stream_playing=false peak_db=-200.0 mix_rate=48000 latency=0.0880 @ http://localhost:8771/index.js:451
[  841361ms] [LOG] MON 1 playing=false pos=0.000 stream_playing=false peak_db=-200.0 mix_rate=48000 latency=0.0880 @ http://localhost:8771/index.js:451
[  841610ms] [LOG] MON 1 playing=false pos=0.000 stream_playing=false peak_db=-200.0 mix_rate=48000 latency=0.0880 @ http://localhost:8771/index.js:451
[  841861ms] [LOG] MON 1 playing=false pos=0.000 stream_playing=false peak_db=-200.0 mix_rate=48000 latency=0.0880 @ http://localhost:8771/index.js:451
[  842110ms] [LOG] MON 1 playing=false pos=0.000 stream_playing=false peak_db=-200.0 mix_rate=48000 latency=0.0880 @ http://localhost:8771/index.js:451
[  842361ms] [LOG] MON 1 playing=false pos=0.000 stream_playing=false peak_db=-200.0 mix_rate=48000 latency=0.0880 @ http://localhost:8771/index.js:451
[  842610ms] [LOG] MON 1 playing=false pos=0.000 stream_playing=false peak_db=-200.0 mix_rate=48000 latency=0.0880 @ http://localhost:8771/index.js:451
[  842860ms] [LOG] MON 1 playing=false pos=0.000 stream_playing=false peak_db=-200.0 mix_rate=48000 latency=0.0880 @ http://localhost:8771/index.js:451
[  843110ms] [LOG] MON 1 playing=false pos=0.000 stream_playing=false peak_db=-200.0 mix_rate=48000 latency=0.0880 @ http://localhost:8771/index.js:451
[  843361ms] [LOG] MON 1 playing=false pos=0.000 stream_playing=false peak_db=-200.0 mix_rate=48000 latency=0.0880 @ http://localhost:8771/index.js:451
[  843610ms] [LOG] MON 1 playing=false pos=0.000 stream_playing=false peak_db=-200.0 mix_rate=48000 latency=0.0880 @ http://localhost:8771/index.js:451
[  843859ms] [LOG] MON 1 playing=false pos=0.000 stream_playing=false peak_db=-200.0 mix_rate=48000 latency=0.0880 @ http://localhost:8771/index.js:451
[  844110ms] [LOG] MON 1 playing=false pos=0.000 stream_playing=false peak_db=-200.0 mix_rate=48000 latency=0.0880 @ http://localhost:8771/index.js:451
[  844360ms] [LOG] MON 1 playing=false pos=0.000 stream_playing=false peak_db=-200.0 mix_rate=48000 latency=0.0880 @ http://localhost:8771/index.js:451
[  844610ms] [LOG] MON 1 playing=false pos=0.000 stream_playing=false peak_db=-200.0 mix_rate=48000 latency=0.0880 @ http://localhost:8771/index.js:451
[  844861ms] [LOG] MON 1 playing=false pos=0.000 stream_playing=false peak_db=-200.0 mix_rate=48000 latency=0.0880 @ http://localhost:8771/index.js:451
[  845110ms] [LOG] MON 1 playing=false pos=0.000 stream_playing=false peak_db=-200.0 mix_rate=48000 latency=0.0880 @ http://localhost:8771/index.js:451
[  845361ms] [LOG] MON 1 playing=false pos=0.000 stream_playing=false peak_db=-200.0 mix_rate=48000 latency=0.0880 @ http://localhost:8771/index.js:451
[  845611ms] [LOG] MON 1 playing=false pos=0.000 stream_playing=false peak_db=-200.0 mix_rate=48000 latency=0.0880 @ http://localhost:8771/index.js:451
[  845861ms] [LOG] MON 1 playing=false pos=0.000 stream_playing=false peak_db=-200.0 mix_rate=48000 latency=0.0880 @ http://localhost:8771/index.js:451
[  846108ms] [LOG] MON 1 playing=false pos=0.000 stream_playing=false peak_db=-200.0 mix_rate=48000 latency=0.0880 @ http://localhost:8771/index.js:451
[  846360ms] [LOG] MON 1 playing=false pos=0.000 stream_playing=false peak_db=-200.0 mix_rate=48000 latency=0.0880 @ http://localhost:8771/index.js:451
[  846611ms] [LOG] MON 1 playing=false pos=0.000 stream_playing=false peak_db=-200.0 mix_rate=48000 latency=0.0880 @ http://localhost:8771/index.js:451
[  846861ms] [LOG] MON 1 playing=false pos=0.000 stream_playing=false peak_db=-200.0 mix_rate=48000 latency=0.0880 @ http://localhost:8771/index.js:451
[  847109ms] [LOG] MON 1 playing=false pos=0.000 stream_playing=false peak_db=-200.0 mix_rate=48000 latency=0.0880 @ http://localhost:8771/index.js:451
[  847360ms] [LOG] MON 1 playing=false pos=0.000 stream_playing=false peak_db=-200.0 mix_rate=48000 latency=0.0880 @ http://localhost:8771/index.js:451
[  847610ms] [LOG] MON 1 playing=false pos=0.000 stream_playing=false peak_db=-200.0 mix_rate=48000 latency=0.0880 @ http://localhost:8771/index.js:451
[  847860ms] [LOG] MON 1 playing=false pos=0.000 stream_playing=false peak_db=-200.0 mix_rate=48000 latency=0.0880 @ http://localhost:8771/index.js:451
[  848112ms] [LOG] MON 1 playing=false pos=0.000 stream_playing=false peak_db=-200.0 mix_rate=48000 latency=0.0880 @ http://localhost:8771/index.js:451
[  848360ms] [LOG] MON 1 playing=false pos=0.000 stream_playing=false peak_db=-200.0 mix_rate=48000 latency=0.0880 @ http://localhost:8771/index.js:451
[  848611ms] [LOG] MON 1 playing=false pos=0.000 stream_playing=false peak_db=-200.0 mix_rate=48000 latency=0.0880 @ http://localhost:8771/index.js:451
[  848859ms] [LOG] MON 1 playing=false pos=0.000 stream_playing=false peak_db=-200.0 mix_rate=48000 latency=0.0880 @ http://localhost:8771/index.js:451
[  849110ms] [LOG] MON 1 playing=false pos=0.000 stream_playing=false peak_db=-200.0 mix_rate=48000 latency=0.0880 @ http://localhost:8771/index.js:451
[  849360ms] [LOG] MON 1 playing=false pos=0.000 stream_playing=false peak_db=-200.0 mix_rate=48000 latency=0.0880 @ http://localhost:8771/index.js:451
[  849610ms] [LOG] MON 1 playing=false pos=0.000 stream_playing=false peak_db=-200.0 mix_rate=48000 latency=0.0880 @ http://localhost:8771/index.js:451
[  849860ms] [LOG] MON 1 playing=false pos=0.000 stream_playing=false peak_db=-200.0 mix_rate=48000 latency=0.0880 @ http://localhost:8771/index.js:451
[  850113ms] [LOG] MON 1 playing=false pos=0.000 stream_playing=false peak_db=-200.0 mix_rate=48000 latency=0.0880 @ http://localhost:8771/index.js:451
[  850361ms] [LOG] MON 1 playing=false pos=0.000 stream_playing=false peak_db=-200.0 mix_rate=48000 latency=0.0880 @ http://localhost:8771/index.js:451
[  850611ms] [LOG] MON 1 playing=false pos=0.000 stream_playing=false peak_db=-200.0 mix_rate=48000 latency=0.0880 @ http://localhost:8771/index.js:451
[  850862ms] [LOG] MON 1 playing=false pos=0.000 stream_playing=false peak_db=-200.0 mix_rate=48000 latency=0.0880 @ http://localhost:8771/index.js:451
[  851109ms] [LOG] MON 1 playing=false pos=0.000 stream_playing=false peak_db=-200.0 mix_rate=48000 latency=0.0880 @ http://localhost:8771/index.js:451
[  851362ms] [LOG] MON 1 playing=false pos=0.000 stream_playing=false peak_db=-200.0 mix_rate=48000 latency=0.0880 @ http://localhost:8771/index.js:451
[  851612ms] [LOG] MON 1 playing=false pos=0.000 stream_playing=false peak_db=-200.0 mix_rate=48000 latency=0.0880 @ http://localhost:8771/index.js:451
[  851862ms] [LOG] MON 1 playing=false pos=0.000 stream_playing=false peak_db=-200.0 mix_rate=48000 latency=0.0880 @ http://localhost:8771/index.js:451
[  852110ms] [LOG] MON 1 playing=false pos=0.000 stream_playing=false peak_db=-200.0 mix_rate=48000 latency=0.0880 @ http://localhost:8771/index.js:451
[  852362ms] [LOG] MON 1 playing=false pos=0.000 stream_playing=false peak_db=-200.0 mix_rate=48000 latency=0.0880 @ http://localhost:8771/index.js:451
[  852610ms] [LOG] MON 1 playing=false pos=0.000 stream_playing=false peak_db=-200.0 mix_rate=48000 latency=0.0880 @ http://localhost:8771/index.js:451
[  852859ms] [LOG] MON 1 playing=false pos=0.000 stream_playing=false peak_db=-200.0 mix_rate=48000 latency=0.0880 @ http://localhost:8771/index.js:451
[  853111ms] [LOG] MON 1 playing=false pos=0.000 stream_playing=false peak_db=-200.0 mix_rate=48000 latency=0.0880 @ http://localhost:8771/index.js:451
[  853361ms] [LOG] MON 1 playing=false pos=0.000 stream_playing=false peak_db=-200.0 mix_rate=48000 latency=0.0880 @ http://localhost:8771/index.js:451
[  853613ms] [LOG] MON 1 playing=false pos=0.000 stream_playing=false peak_db=-200.0 mix_rate=48000 latency=0.0880 @ http://localhost:8771/index.js:451
[  853861ms] [LOG] MON 1 playing=false pos=0.000 stream_playing=false peak_db=-200.0 mix_rate=48000 latency=0.0880 @ http://localhost:8771/index.js:451
[  854110ms] [LOG] MON 1 playing=false pos=0.000 stream_playing=false peak_db=-200.0 mix_rate=48000 latency=0.0880 @ http://localhost:8771/index.js:451
[  854359ms] [LOG] MON 1 playing=false pos=0.000 stream_playing=false peak_db=-200.0 mix_rate=48000 latency=0.0880 @ http://localhost:8771/index.js:451
[  854613ms] [LOG] MON 1 playing=false pos=0.000 stream_playing=false peak_db=-200.0 mix_rate=48000 latency=0.0880 @ http://localhost:8771/index.js:451
[  854860ms] [LOG] MON 1 playing=false pos=0.000 stream_playing=false peak_db=-200.0 mix_rate=48000 latency=0.0880 @ http://localhost:8771/index.js:451
[  855110ms] [LOG] MON 1 playing=false pos=0.000 stream_playing=false peak_db=-200.0 mix_rate=48000 latency=0.0880 @ http://localhost:8771/index.js:451
[  855361ms] [LOG] MON 1 playing=false pos=0.000 stream_playing=false peak_db=-200.0 mix_rate=48000 latency=0.0880 @ http://localhost:8771/index.js:451
[  855610ms] [LOG] MON 1 playing=false pos=0.000 stream_playing=false peak_db=-200.0 mix_rate=48000 latency=0.0880 @ http://localhost:8771/index.js:451
[  855861ms] [LOG] MON 1 playing=false pos=0.000 stream_playing=false peak_db=-200.0 mix_rate=48000 latency=0.0880 @ http://localhost:8771/index.js:451
[  856110ms] [LOG] MON 1 playing=false pos=0.000 stream_playing=false peak_db=-200.0 mix_rate=48000 latency=0.0880 @ http://localhost:8771/index.js:451
[  856361ms] [LOG] MON 1 playing=false pos=0.000 stream_playing=false peak_db=-200.0 mix_rate=48000 latency=0.0880 @ http://localhost:8771/index.js:451
[  856609ms] [LOG] MON 1 playing=false pos=0.000 stream_playing=false peak_db=-200.0 mix_rate=48000 latency=0.0880 @ http://localhost:8771/index.js:451
[  856860ms] [LOG] MON 1 playing=false pos=0.000 stream_playing=false peak_db=-200.0 mix_rate=48000 latency=0.0880 @ http://localhost:8771/index.js:451
[  857109ms] [LOG] MON 1 playing=false pos=0.000 stream_playing=false peak_db=-200.0 mix_rate=48000 latency=0.0880 @ http://localhost:8771/index.js:451
[  857361ms] [LOG] MON 1 playing=false pos=0.000 stream_playing=false peak_db=-200.0 mix_rate=48000 latency=0.0880 @ http://localhost:8771/index.js:451
[  857609ms] [LOG] MON 1 playing=false pos=0.000 stream_playing=false peak_db=-200.0 mix_rate=48000 latency=0.0880 @ http://localhost:8771/index.js:451
[  857861ms] [LOG] MON 1 playing=false pos=0.000 stream_playing=false peak_db=-200.0 mix_rate=48000 latency=0.0880 @ http://localhost:8771/index.js:451
[  858112ms] [LOG] MON 1 playing=false pos=0.000 stream_playing=false peak_db=-200.0 mix_rate=48000 latency=0.0880 @ http://localhost:8771/index.js:451
[  858361ms] [LOG] MON 1 playing=false pos=0.000 stream_playing=false peak_db=-200.0 mix_rate=48000 latency=0.0880 @ http://localhost:8771/index.js:451
[  858611ms] [LOG] MON 1 playing=false pos=0.000 stream_playing=false peak_db=-200.0 mix_rate=48000 latency=0.0880 @ http://localhost:8771/index.js:451
[  858863ms] [LOG] MON 1 playing=false pos=0.000 stream_playing=false peak_db=-200.0 mix_rate=48000 latency=0.0880 @ http://localhost:8771/index.js:451
[  859110ms] [LOG] MON 1 playing=false pos=0.000 stream_playing=false peak_db=-200.0 mix_rate=48000 latency=0.0880 @ http://localhost:8771/index.js:451
[  859361ms] [LOG] MON 1 playing=false pos=0.000 stream_playing=false peak_db=-200.0 mix_rate=48000 latency=0.0880 @ http://localhost:8771/index.js:451
[  859612ms] [LOG] MON 1 playing=false pos=0.000 stream_playing=false peak_db=-200.0 mix_rate=48000 latency=0.0880 @ http://localhost:8771/index.js:451
[  859861ms] [LOG] MON 1 playing=false pos=0.000 stream_playing=false peak_db=-200.0 mix_rate=48000 latency=0.0880 @ http://localhost:8771/index.js:451
[  860112ms] [LOG] MON 1 playing=false pos=0.000 stream_playing=false peak_db=-200.0 mix_rate=48000 latency=0.0880 @ http://localhost:8771/index.js:451
[  860361ms] [LOG] MON 1 playing=false pos=0.000 stream_playing=false peak_db=-200.0 mix_rate=48000 latency=0.0880 @ http://localhost:8771/index.js:451
[  860616ms] [LOG] MON 1 playing=false pos=0.000 stream_playing=false peak_db=-200.0 mix_rate=48000 latency=0.0880 @ http://localhost:8771/index.js:451
[  860860ms] [LOG] MON 1 playing=false pos=0.000 stream_playing=false peak_db=-200.0 mix_rate=48000 latency=0.0880 @ http://localhost:8771/index.js:451
[  861110ms] [LOG] MON 1 playing=false pos=0.000 stream_playing=false peak_db=-200.0 mix_rate=48000 latency=0.0880 @ http://localhost:8771/index.js:451
[  861362ms] [LOG] MON 1 playing=false pos=0.000 stream_playing=false peak_db=-200.0 mix_rate=48000 latency=0.0880 @ http://localhost:8771/index.js:451
[  861610ms] [LOG] MON 1 playing=false pos=0.000 stream_playing=false peak_db=-200.0 mix_rate=48000 latency=0.0880 @ http://localhost:8771/index.js:451
[  861862ms] [LOG] MON 1 playing=false pos=0.000 stream_playing=false peak_db=-200.0 mix_rate=48000 latency=0.0880 @ http://localhost:8771/index.js:451
[  862111ms] [LOG] MON 1 playing=false pos=0.000 stream_playing=false peak_db=-200.0 mix_rate=48000 latency=0.0880 @ http://localhost:8771/index.js:451
[  862360ms] [LOG] MON 1 playing=false pos=0.000 stream_playing=false peak_db=-200.0 mix_rate=48000 latency=0.0880 @ http://localhost:8771/index.js:451
[  862611ms] [LOG] MON 1 playing=false pos=0.000 stream_playing=false peak_db=-200.0 mix_rate=48000 latency=0.0880 @ http://localhost:8771/index.js:451
[  862862ms] [LOG] MON 1 playing=false pos=0.000 stream_playing=false peak_db=-200.0 mix_rate=48000 latency=0.0880 @ http://localhost:8771/index.js:451
[  863110ms] [LOG] MON 1 playing=false pos=0.000 stream_playing=false peak_db=-200.0 mix_rate=48000 latency=0.0880 @ http://localhost:8771/index.js:451
[  863362ms] [LOG] MON 1 playing=false pos=0.000 stream_playing=false peak_db=-200.0 mix_rate=48000 latency=0.0880 @ http://localhost:8771/index.js:451
[  863611ms] [LOG] MON 1 playing=false pos=0.000 stream_playing=false peak_db=-200.0 mix_rate=48000 latency=0.0880 @ http://localhost:8771/index.js:451
[  863860ms] [LOG] MON 1 playing=false pos=0.000 stream_playing=false peak_db=-200.0 mix_rate=48000 latency=0.0880 @ http://localhost:8771/index.js:451
[  864110ms] [LOG] MON 1 playing=false pos=0.000 stream_playing=false peak_db=-200.0 mix_rate=48000 latency=0.0880 @ http://localhost:8771/index.js:451
[  864361ms] [LOG] MON 1 playing=false pos=0.000 stream_playing=false peak_db=-200.0 mix_rate=48000 latency=0.0880 @ http://localhost:8771/index.js:451
[  864613ms] [LOG] MON 1 playing=false pos=0.000 stream_playing=false peak_db=-200.0 mix_rate=48000 latency=0.0880 @ http://localhost:8771/index.js:451
[  864861ms] [LOG] MON 1 playing=false pos=0.000 stream_playing=false peak_db=-200.0 mix_rate=48000 latency=0.0880 @ http://localhost:8771/index.js:451
[  865110ms] [LOG] MON 1 playing=false pos=0.000 stream_playing=false peak_db=-200.0 mix_rate=48000 latency=0.0880 @ http://localhost:8771/index.js:451
[  865362ms] [LOG] MON 1 playing=false pos=0.000 stream_playing=false peak_db=-200.0 mix_rate=48000 latency=0.0880 @ http://localhost:8771/index.js:451
[  865612ms] [LOG] MON 1 playing=false pos=0.000 stream_playing=false peak_db=-200.0 mix_rate=48000 latency=0.0880 @ http://localhost:8771/index.js:451
[  865862ms] [LOG] MON 1 playing=false pos=0.000 stream_playing=false peak_db=-200.0 mix_rate=48000 latency=0.0880 @ http://localhost:8771/index.js:451
[  866111ms] [LOG] MON 1 playing=false pos=0.000 stream_playing=false peak_db=-200.0 mix_rate=48000 latency=0.0880 @ http://localhost:8771/index.js:451
[  866360ms] [LOG] MON 1 playing=false pos=0.000 stream_playing=false peak_db=-200.0 mix_rate=48000 latency=0.0880 @ http://localhost:8771/index.js:451
[  866610ms] [LOG] MON 1 playing=false pos=0.000 stream_playing=false peak_db=-200.0 mix_rate=48000 latency=0.0880 @ http://localhost:8771/index.js:451
[  866859ms] [LOG] MON 1 playing=false pos=0.000 stream_playing=false peak_db=-200.0 mix_rate=48000 latency=0.0880 @ http://localhost:8771/index.js:451
[  867112ms] [LOG] MON 1 playing=false pos=0.000 stream_playing=false peak_db=-200.0 mix_rate=48000 latency=0.0880 @ http://localhost:8771/index.js:451
[  867360ms] [LOG] MON 1 playing=false pos=0.000 stream_playing=false peak_db=-200.0 mix_rate=48000 latency=0.0880 @ http://localhost:8771/index.js:451
[  867611ms] [LOG] MON 1 playing=false pos=0.000 stream_playing=false peak_db=-200.0 mix_rate=48000 latency=0.0880 @ http://localhost:8771/index.js:451
[  867859ms] [LOG] MON 1 playing=false pos=0.000 stream_playing=false peak_db=-200.0 mix_rate=48000 latency=0.0880 @ http://localhost:8771/index.js:451
[  868111ms] [LOG] MON 1 playing=false pos=0.000 stream_playing=false peak_db=-200.0 mix_rate=48000 latency=0.0880 @ http://localhost:8771/index.js:451
[  868363ms] [LOG] MON 1 playing=false pos=0.000 stream_playing=false peak_db=-200.0 mix_rate=48000 latency=0.0880 @ http://localhost:8771/index.js:451
[  868611ms] [LOG] MON 1 playing=false pos=0.000 stream_playing=false peak_db=-200.0 mix_rate=48000 latency=0.0880 @ http://localhost:8771/index.js:451
[  868860ms] [LOG] MON 1 playing=false pos=0.000 stream_playing=false peak_db=-200.0 mix_rate=48000 latency=0.0880 @ http://localhost:8771/index.js:451
[  869110ms] [LOG] MON 1 playing=false pos=0.000 stream_playing=false peak_db=-200.0 mix_rate=48000 latency=0.0880 @ http://localhost:8771/index.js:451
[  869360ms] [LOG] MON 1 playing=false pos=0.000 stream_playing=false peak_db=-200.0 mix_rate=48000 latency=0.0880 @ http://localhost:8771/index.js:451
[  869611ms] [LOG] MON 1 playing=false pos=0.000 stream_playing=false peak_db=-200.0 mix_rate=48000 latency=0.0880 @ http://localhost:8771/index.js:451
[  869860ms] [LOG] MON 1 playing=false pos=0.000 stream_playing=false peak_db=-200.0 mix_rate=48000 latency=0.0880 @ http://localhost:8771/index.js:451
[  870114ms] [LOG] MON 1 playing=false pos=0.000 stream_playing=false peak_db=-200.0 mix_rate=48000 latency=0.0880 @ http://localhost:8771/index.js:451
[  870359ms] [LOG] MON 1 playing=false pos=0.000 stream_playing=false peak_db=-200.0 mix_rate=48000 latency=0.0880 @ http://localhost:8771/index.js:451
[  870610ms] [LOG] MON 1 playing=false pos=0.000 stream_playing=false peak_db=-200.0 mix_rate=48000 latency=0.0880 @ http://localhost:8771/index.js:451
[  870860ms] [LOG] MON 1 playing=false pos=0.000 stream_playing=false peak_db=-200.0 mix_rate=48000 latency=0.0880 @ http://localhost:8771/index.js:451
[  871112ms] [LOG] MON 1 playing=false pos=0.000 stream_playing=false peak_db=-200.0 mix_rate=48000 latency=0.0880 @ http://localhost:8771/index.js:451
[  871362ms] [LOG] MON 1 playing=false pos=0.000 stream_playing=false peak_db=-200.0 mix_rate=48000 latency=0.0880 @ http://localhost:8771/index.js:451
[  871612ms] [LOG] MON 1 playing=false pos=0.000 stream_playing=false peak_db=-200.0 mix_rate=48000 latency=0.0880 @ http://localhost:8771/index.js:451
[  871859ms] [LOG] MON 1 playing=false pos=0.000 stream_playing=false peak_db=-200.0 mix_rate=48000 latency=0.0880 @ http://localhost:8771/index.js:451
[  872110ms] [LOG] MON 1 playing=false pos=0.000 stream_playing=false peak_db=-200.0 mix_rate=48000 latency=0.0880 @ http://localhost:8771/index.js:451
[  872363ms] [LOG] MON 1 playing=false pos=0.000 stream_playing=false peak_db=-200.0 mix_rate=48000 latency=0.0880 @ http://localhost:8771/index.js:451
[  872610ms] [LOG] MON 1 playing=false pos=0.000 stream_playing=false peak_db=-200.0 mix_rate=48000 latency=0.0880 @ http://localhost:8771/index.js:451
[  872860ms] [LOG] MON 1 playing=false pos=0.000 stream_playing=false peak_db=-200.0 mix_rate=48000 latency=0.0880 @ http://localhost:8771/index.js:451
[  873110ms] [LOG] MON 1 playing=false pos=0.000 stream_playing=false peak_db=-200.0 mix_rate=48000 latency=0.0880 @ http://localhost:8771/index.js:451
[  873361ms] [LOG] MON 1 playing=false pos=0.000 stream_playing=false peak_db=-200.0 mix_rate=48000 latency=0.0880 @ http://localhost:8771/index.js:451
[  873611ms] [LOG] MON 1 playing=false pos=0.000 stream_playing=false peak_db=-200.0 mix_rate=48000 latency=0.0880 @ http://localhost:8771/index.js:451
[  873860ms] [LOG] MON 1 playing=false pos=0.000 stream_playing=false peak_db=-200.0 mix_rate=48000 latency=0.0880 @ http://localhost:8771/index.js:451
[  874111ms] [LOG] MON 1 playing=false pos=0.000 stream_playing=false peak_db=-200.0 mix_rate=48000 latency=0.0880 @ http://localhost:8771/index.js:451
[  874361ms] [LOG] MON 1 playing=false pos=0.000 stream_playing=false peak_db=-200.0 mix_rate=48000 latency=0.0880 @ http://localhost:8771/index.js:451
[  874610ms] [LOG] MON 1 playing=false pos=0.000 stream_playing=false peak_db=-200.0 mix_rate=48000 latency=0.0880 @ http://localhost:8771/index.js:451
[  874861ms] [LOG] MON 1 playing=false pos=0.000 stream_playing=false peak_db=-200.0 mix_rate=48000 latency=0.0880 @ http://localhost:8771/index.js:451
[  875112ms] [LOG] MON 1 playing=false pos=0.000 stream_playing=false peak_db=-200.0 mix_rate=48000 latency=0.0880 @ http://localhost:8771/index.js:451
[  875363ms] [LOG] MON 1 playing=false pos=0.000 stream_playing=false peak_db=-200.0 mix_rate=48000 latency=0.0880 @ http://localhost:8771/index.js:451
[  875615ms] [LOG] MON 1 playing=false pos=0.000 stream_playing=false peak_db=-200.0 mix_rate=48000 latency=0.0880 @ http://localhost:8771/index.js:451
[  875861ms] [LOG] MON 1 playing=false pos=0.000 stream_playing=false peak_db=-200.0 mix_rate=48000 latency=0.0880 @ http://localhost:8771/index.js:451
[  876109ms] [LOG] MON 1 playing=false pos=0.000 stream_playing=false peak_db=-200.0 mix_rate=48000 latency=0.0880 @ http://localhost:8771/index.js:451
[  876361ms] [LOG] MON 1 playing=false pos=0.000 stream_playing=false peak_db=-200.0 mix_rate=48000 latency=0.0880 @ http://localhost:8771/index.js:451
[  876611ms] [LOG] MON 1 playing=false pos=0.000 stream_playing=false peak_db=-200.0 mix_rate=48000 latency=0.0880 @ http://localhost:8771/index.js:451
[  876861ms] [LOG] MON 1 playing=false pos=0.000 stream_playing=false peak_db=-200.0 mix_rate=48000 latency=0.0880 @ http://localhost:8771/index.js:451
[  877111ms] [LOG] MON 1 playing=false pos=0.000 stream_playing=false peak_db=-200.0 mix_rate=48000 latency=0.0880 @ http://localhost:8771/index.js:451
[  877363ms] [LOG] MON 1 playing=false pos=0.000 stream_playing=false peak_db=-200.0 mix_rate=48000 latency=0.0880 @ http://localhost:8771/index.js:451
[  877612ms] [LOG] MON 1 playing=false pos=0.000 stream_playing=false peak_db=-200.0 mix_rate=48000 latency=0.0880 @ http://localhost:8771/index.js:451
[  877860ms] [LOG] MON 1 playing=false pos=0.000 stream_playing=false peak_db=-200.0 mix_rate=48000 latency=0.0880 @ http://localhost:8771/index.js:451
[  878111ms] [LOG] MON 1 playing=false pos=0.000 stream_playing=false peak_db=-200.0 mix_rate=48000 latency=0.0880 @ http://localhost:8771/index.js:451
[  878361ms] [LOG] MON 1 playing=false pos=0.000 stream_playing=false peak_db=-200.0 mix_rate=48000 latency=0.0880 @ http://localhost:8771/index.js:451
[  878611ms] [LOG] MON 1 playing=false pos=0.000 stream_playing=false peak_db=-200.0 mix_rate=48000 latency=0.0880 @ http://localhost:8771/index.js:451
[  878861ms] [LOG] MON 1 playing=false pos=0.000 stream_playing=false peak_db=-200.0 mix_rate=48000 latency=0.0880 @ http://localhost:8771/index.js:451
[  879110ms] [LOG] MON 1 playing=false pos=0.000 stream_playing=false peak_db=-200.0 mix_rate=48000 latency=0.0880 @ http://localhost:8771/index.js:451
[  879363ms] [LOG] MON 1 playing=false pos=0.000 stream_playing=false peak_db=-200.0 mix_rate=48000 latency=0.0880 @ http://localhost:8771/index.js:451
[  879611ms] [LOG] MON 1 playing=false pos=0.000 stream_playing=false peak_db=-200.0 mix_rate=48000 latency=0.0880 @ http://localhost:8771/index.js:451
[  879860ms] [LOG] MON 1 playing=false pos=0.000 stream_playing=false peak_db=-200.0 mix_rate=48000 latency=0.0880 @ http://localhost:8771/index.js:451
[  880112ms] [LOG] MON 1 playing=false pos=0.000 stream_playing=false peak_db=-200.0 mix_rate=48000 latency=0.0880 @ http://localhost:8771/index.js:451
[  880366ms] [LOG] MON 1 playing=false pos=0.000 stream_playing=false peak_db=-200.0 mix_rate=48000 latency=0.0880 @ http://localhost:8771/index.js:451
[  880611ms] [LOG] MON 1 playing=false pos=0.000 stream_playing=false peak_db=-200.0 mix_rate=48000 latency=0.0880 @ http://localhost:8771/index.js:451
[  880861ms] [LOG] MON 1 playing=false pos=0.000 stream_playing=false peak_db=-200.0 mix_rate=48000 latency=0.0880 @ http://localhost:8771/index.js:451
[  881110ms] [LOG] MON 1 playing=false pos=0.000 stream_playing=false peak_db=-200.0 mix_rate=48000 latency=0.0880 @ http://localhost:8771/index.js:451
[  881362ms] [LOG] MON 1 playing=false pos=0.000 stream_playing=false peak_db=-200.0 mix_rate=48000 latency=0.0880 @ http://localhost:8771/index.js:451
[  881613ms] [LOG] MON 1 playing=false pos=0.000 stream_playing=false peak_db=-200.0 mix_rate=48000 latency=0.0880 @ http://localhost:8771/index.js:451
[  881861ms] [LOG] MON 1 playing=false pos=0.000 stream_playing=false peak_db=-200.0 mix_rate=48000 latency=0.0880 @ http://localhost:8771/index.js:451
[  882114ms] [LOG] MON 1 playing=false pos=0.000 stream_playing=false peak_db=-200.0 mix_rate=48000 latency=0.0880 @ http://localhost:8771/index.js:451
[  882359ms] [LOG] MON 1 playing=false pos=0.000 stream_playing=false peak_db=-200.0 mix_rate=48000 latency=0.0880 @ http://localhost:8771/index.js:451
[  882610ms] [LOG] MON 1 playing=false pos=0.000 stream_playing=false peak_db=-200.0 mix_rate=48000 latency=0.0880 @ http://localhost:8771/index.js:451
[  882861ms] [LOG] MON 1 playing=false pos=0.000 stream_playing=false peak_db=-200.0 mix_rate=48000 latency=0.0880 @ http://localhost:8771/index.js:451
[  883111ms] [LOG] MON 1 playing=false pos=0.000 stream_playing=false peak_db=-200.0 mix_rate=48000 latency=0.0880 @ http://localhost:8771/index.js:451
[  883360ms] [LOG] MON 1 playing=false pos=0.000 stream_playing=false peak_db=-200.0 mix_rate=48000 latency=0.0880 @ http://localhost:8771/index.js:451
[  883611ms] [LOG] MON 1 playing=false pos=0.000 stream_playing=false peak_db=-200.0 mix_rate=48000 latency=0.0880 @ http://localhost:8771/index.js:451
[  883861ms] [LOG] MON 1 playing=false pos=0.000 stream_playing=false peak_db=-200.0 mix_rate=48000 latency=0.0880 @ http://localhost:8771/index.js:451
[  884116ms] [LOG] MON 1 playing=false pos=0.000 stream_playing=false peak_db=-200.0 mix_rate=48000 latency=0.0880 @ http://localhost:8771/index.js:451
[  884362ms] [LOG] MON 1 playing=false pos=0.000 stream_playing=false peak_db=-200.0 mix_rate=48000 latency=0.0880 @ http://localhost:8771/index.js:451
[  884609ms] [LOG] MON 1 playing=false pos=0.000 stream_playing=false peak_db=-200.0 mix_rate=48000 latency=0.0880 @ http://localhost:8771/index.js:451
[  884864ms] [LOG] MON 1 playing=false pos=0.000 stream_playing=false peak_db=-200.0 mix_rate=48000 latency=0.0880 @ http://localhost:8771/index.js:451
[  885111ms] [LOG] MON 1 playing=false pos=0.000 stream_playing=false peak_db=-200.0 mix_rate=48000 latency=0.0880 @ http://localhost:8771/index.js:451
[  885362ms] [LOG] MON 1 playing=false pos=0.000 stream_playing=false peak_db=-200.0 mix_rate=48000 latency=0.0880 @ http://localhost:8771/index.js:451
[  885613ms] [LOG] MON 1 playing=false pos=0.000 stream_playing=false peak_db=-200.0 mix_rate=48000 latency=0.0880 @ http://localhost:8771/index.js:451
[  885864ms] [LOG] MON 1 playing=false pos=0.000 stream_playing=false peak_db=-200.0 mix_rate=48000 latency=0.0880 @ http://localhost:8771/index.js:451
[  886112ms] [LOG] MON 1 playing=false pos=0.000 stream_playing=false peak_db=-200.0 mix_rate=48000 latency=0.0880 @ http://localhost:8771/index.js:451
[  886363ms] [LOG] MON 1 playing=false pos=0.000 stream_playing=false peak_db=-200.0 mix_rate=48000 latency=0.0880 @ http://localhost:8771/index.js:451
[  886612ms] [LOG] MON 1 playing=false pos=0.000 stream_playing=false peak_db=-200.0 mix_rate=48000 latency=0.0880 @ http://localhost:8771/index.js:451
[  886860ms] [LOG] MON 1 playing=false pos=0.000 stream_playing=false peak_db=-200.0 mix_rate=48000 latency=0.0880 @ http://localhost:8771/index.js:451
[  887110ms] [LOG] MON 1 playing=false pos=0.000 stream_playing=false peak_db=-200.0 mix_rate=48000 latency=0.0880 @ http://localhost:8771/index.js:451
[  887361ms] [LOG] MON 1 playing=false pos=0.000 stream_playing=false peak_db=-200.0 mix_rate=48000 latency=0.0880 @ http://localhost:8771/index.js:451
[  887614ms] [LOG] MON 1 playing=false pos=0.000 stream_playing=false peak_db=-200.0 mix_rate=48000 latency=0.0880 @ http://localhost:8771/index.js:451
[  887861ms] [LOG] MON 1 playing=false pos=0.000 stream_playing=false peak_db=-200.0 mix_rate=48000 latency=0.0880 @ http://localhost:8771/index.js:451
[  888112ms] [LOG] MON 1 playing=false pos=0.000 stream_playing=false peak_db=-200.0 mix_rate=48000 latency=0.0880 @ http://localhost:8771/index.js:451
[  888359ms] [LOG] MON 1 playing=false pos=0.000 stream_playing=false peak_db=-200.0 mix_rate=48000 latency=0.0880 @ http://localhost:8771/index.js:451
[  888613ms] [LOG] MON 1 playing=false pos=0.000 stream_playing=false peak_db=-200.0 mix_rate=48000 latency=0.0880 @ http://localhost:8771/index.js:451
[  888862ms] [LOG] MON 1 playing=false pos=0.000 stream_playing=false peak_db=-200.0 mix_rate=48000 latency=0.0880 @ http://localhost:8771/index.js:451
[  889111ms] [LOG] MON 1 playing=false pos=0.000 stream_playing=false peak_db=-200.0 mix_rate=48000 latency=0.0880 @ http://localhost:8771/index.js:451
[  889359ms] [LOG] MON 1 playing=false pos=0.000 stream_playing=false peak_db=-200.0 mix_rate=48000 latency=0.0880 @ http://localhost:8771/index.js:451
[  889610ms] [LOG] MON 1 playing=false pos=0.000 stream_playing=false peak_db=-200.0 mix_rate=48000 latency=0.0880 @ http://localhost:8771/index.js:451
[  889860ms] [LOG] MON 1 playing=false pos=0.000 stream_playing=false peak_db=-200.0 mix_rate=48000 latency=0.0880 @ http://localhost:8771/index.js:451
[  890111ms] [LOG] MON 1 playing=false pos=0.000 stream_playing=false peak_db=-200.0 mix_rate=48000 latency=0.0880 @ http://localhost:8771/index.js:451
[  890361ms] [LOG] MON 1 playing=false pos=0.000 stream_playing=false peak_db=-200.0 mix_rate=48000 latency=0.0880 @ http://localhost:8771/index.js:451
[  890611ms] [LOG] MON 1 playing=false pos=0.000 stream_playing=false peak_db=-200.0 mix_rate=48000 latency=0.0880 @ http://localhost:8771/index.js:451
[  890861ms] [LOG] MON 1 playing=false pos=0.000 stream_playing=false peak_db=-200.0 mix_rate=48000 latency=0.0880 @ http://localhost:8771/index.js:451
[  891112ms] [LOG] MON 1 playing=false pos=0.000 stream_playing=false peak_db=-200.0 mix_rate=48000 latency=0.0880 @ http://localhost:8771/index.js:451
[  891362ms] [LOG] MON 1 playing=false pos=0.000 stream_playing=false peak_db=-200.0 mix_rate=48000 latency=0.0880 @ http://localhost:8771/index.js:451
[  891609ms] [LOG] MON 1 playing=false pos=0.000 stream_playing=false peak_db=-200.0 mix_rate=48000 latency=0.0880 @ http://localhost:8771/index.js:451
[  891860ms] [LOG] MON 1 playing=false pos=0.000 stream_playing=false peak_db=-200.0 mix_rate=48000 latency=0.0880 @ http://localhost:8771/index.js:451
[  892111ms] [LOG] MON 1 playing=false pos=0.000 stream_playing=false peak_db=-200.0 mix_rate=48000 latency=0.0880 @ http://localhost:8771/index.js:451
[  892359ms] [LOG] MON 1 playing=false pos=0.000 stream_playing=false peak_db=-200.0 mix_rate=48000 latency=0.0880 @ http://localhost:8771/index.js:451
[  892611ms] [LOG] MON 1 playing=false pos=0.000 stream_playing=false peak_db=-200.0 mix_rate=48000 latency=0.0880 @ http://localhost:8771/index.js:451
[  892860ms] [LOG] MON 1 playing=false pos=0.000 stream_playing=false peak_db=-200.0 mix_rate=48000 latency=0.0880 @ http://localhost:8771/index.js:451
[  893110ms] [LOG] MON 1 playing=false pos=0.000 stream_playing=false peak_db=-200.0 mix_rate=48000 latency=0.0880 @ http://localhost:8771/index.js:451
[  893360ms] [LOG] MON 1 playing=false pos=0.000 stream_playing=false peak_db=-200.0 mix_rate=48000 latency=0.0880 @ http://localhost:8771/index.js:451
[  893610ms] [LOG] MON 1 playing=false pos=0.000 stream_playing=false peak_db=-200.0 mix_rate=48000 latency=0.0880 @ http://localhost:8771/index.js:451
[  893863ms] [LOG] MON 1 playing=false pos=0.000 stream_playing=false peak_db=-200.0 mix_rate=48000 latency=0.0880 @ http://localhost:8771/index.js:451
[  894111ms] [LOG] MON 1 playing=false pos=0.000 stream_playing=false peak_db=-200.0 mix_rate=48000 latency=0.0880 @ http://localhost:8771/index.js:451
[  894362ms] [LOG] MON 1 playing=false pos=0.000 stream_playing=false peak_db=-200.0 mix_rate=48000 latency=0.0880 @ http://localhost:8771/index.js:451
[  894613ms] [LOG] MON 1 playing=false pos=0.000 stream_playing=false peak_db=-200.0 mix_rate=48000 latency=0.0880 @ http://localhost:8771/index.js:451
[  894861ms] [LOG] MON 1 playing=false pos=0.000 stream_playing=false peak_db=-200.0 mix_rate=48000 latency=0.0880 @ http://localhost:8771/index.js:451
[  895111ms] [LOG] MON 1 playing=false pos=0.000 stream_playing=false peak_db=-200.0 mix_rate=48000 latency=0.0880 @ http://localhost:8771/index.js:451
[  895359ms] [LOG] MON 1 playing=false pos=0.000 stream_playing=false peak_db=-200.0 mix_rate=48000 latency=0.0880 @ http://localhost:8771/index.js:451
[  895611ms] [LOG] MON 1 playing=false pos=0.000 stream_playing=false peak_db=-200.0 mix_rate=48000 latency=0.0880 @ http://localhost:8771/index.js:451
[  895860ms] [LOG] MON 1 playing=false pos=0.000 stream_playing=false peak_db=-200.0 mix_rate=48000 latency=0.0880 @ http://localhost:8771/index.js:451
[  896112ms] [LOG] MON 1 playing=false pos=0.000 stream_playing=false peak_db=-200.0 mix_rate=48000 latency=0.0880 @ http://localhost:8771/index.js:451
[  896361ms] [LOG] MON 1 playing=false pos=0.000 stream_playing=false peak_db=-200.0 mix_rate=48000 latency=0.0880 @ http://localhost:8771/index.js:451
[  896610ms] [LOG] MON 1 playing=false pos=0.000 stream_playing=false peak_db=-200.0 mix_rate=48000 latency=0.0880 @ http://localhost:8771/index.js:451
[  896861ms] [LOG] MON 1 playing=false pos=0.000 stream_playing=false peak_db=-200.0 mix_rate=48000 latency=0.0880 @ http://localhost:8771/index.js:451
[  897113ms] [LOG] MON 1 playing=false pos=0.000 stream_playing=false peak_db=-200.0 mix_rate=48000 latency=0.0880 @ http://localhost:8771/index.js:451
[  897360ms] [LOG] MON 1 playing=false pos=0.000 stream_playing=false peak_db=-200.0 mix_rate=48000 latency=0.0880 @ http://localhost:8771/index.js:451
[  897611ms] [LOG] MON 1 playing=false pos=0.000 stream_playing=false peak_db=-200.0 mix_rate=48000 latency=0.0880 @ http://localhost:8771/index.js:451
[  897860ms] [LOG] MON 1 playing=false pos=0.000 stream_playing=false peak_db=-200.0 mix_rate=48000 latency=0.0880 @ http://localhost:8771/index.js:451
[  898110ms] [LOG] MON 1 playing=false pos=0.000 stream_playing=false peak_db=-200.0 mix_rate=48000 latency=0.0880 @ http://localhost:8771/index.js:451
[  898361ms] [LOG] MON 1 playing=false pos=0.000 stream_playing=false peak_db=-200.0 mix_rate=48000 latency=0.0880 @ http://localhost:8771/index.js:451
[  898611ms] [LOG] MON 1 playing=false pos=0.000 stream_playing=false peak_db=-200.0 mix_rate=48000 latency=0.0880 @ http://localhost:8771/index.js:451
[  898863ms] [LOG] MON 1 playing=false pos=0.000 stream_playing=false peak_db=-200.0 mix_rate=48000 latency=0.0880 @ http://localhost:8771/index.js:451
[  899112ms] [LOG] MON 1 playing=false pos=0.000 stream_playing=false peak_db=-200.0 mix_rate=48000 latency=0.0880 @ http://localhost:8771/index.js:451
[  899359ms] [LOG] MON 1 playing=false pos=0.000 stream_playing=false peak_db=-200.0 mix_rate=48000 latency=0.0880 @ http://localhost:8771/index.js:451
[  899611ms] [LOG] MON 1 playing=false pos=0.000 stream_playing=false peak_db=-200.0 mix_rate=48000 latency=0.0880 @ http://localhost:8771/index.js:451
[  899861ms] [LOG] MON 1 playing=false pos=0.000 stream_playing=false peak_db=-200.0 mix_rate=48000 latency=0.0880 @ http://localhost:8771/index.js:451
[  900110ms] [LOG] MON 1 playing=false pos=0.000 stream_playing=false peak_db=-200.0 mix_rate=48000 latency=0.0880 @ http://localhost:8771/index.js:451
[  900361ms] [LOG] MON 1 playing=false pos=0.000 stream_playing=false peak_db=-200.0 mix_rate=48000 latency=0.0880 @ http://localhost:8771/index.js:451
[  900612ms] [LOG] MON 1 playing=false pos=0.000 stream_playing=false peak_db=-200.0 mix_rate=48000 latency=0.0880 @ http://localhost:8771/index.js:451
[  900860ms] [LOG] MON 1 playing=false pos=0.000 stream_playing=false peak_db=-200.0 mix_rate=48000 latency=0.0880 @ http://localhost:8771/index.js:451
[  901111ms] [LOG] MON 1 playing=false pos=0.000 stream_playing=false peak_db=-200.0 mix_rate=48000 latency=0.0880 @ http://localhost:8771/index.js:451
[  901362ms] [LOG] MON 1 playing=false pos=0.000 stream_playing=false peak_db=-200.0 mix_rate=48000 latency=0.0880 @ http://localhost:8771/index.js:451
[  901612ms] [LOG] MON 1 playing=false pos=0.000 stream_playing=false peak_db=-200.0 mix_rate=48000 latency=0.0880 @ http://localhost:8771/index.js:451
[  901861ms] [LOG] MON 1 playing=false pos=0.000 stream_playing=false peak_db=-200.0 mix_rate=48000 latency=0.0880 @ http://localhost:8771/index.js:451
[  902110ms] [LOG] MON 1 playing=false pos=0.000 stream_playing=false peak_db=-200.0 mix_rate=48000 latency=0.0880 @ http://localhost:8771/index.js:451
[  902361ms] [LOG] MON 1 playing=false pos=0.000 stream_playing=false peak_db=-200.0 mix_rate=48000 latency=0.0880 @ http://localhost:8771/index.js:451
[  902611ms] [LOG] MON 1 playing=false pos=0.000 stream_playing=false peak_db=-200.0 mix_rate=48000 latency=0.0880 @ http://localhost:8771/index.js:451
[  902863ms] [LOG] MON 1 playing=false pos=0.000 stream_playing=false peak_db=-200.0 mix_rate=48000 latency=0.0880 @ http://localhost:8771/index.js:451
[  903113ms] [LOG] MON 1 playing=false pos=0.000 stream_playing=false peak_db=-200.0 mix_rate=48000 latency=0.0880 @ http://localhost:8771/index.js:451
[  903360ms] [LOG] MON 1 playing=false pos=0.000 stream_playing=false peak_db=-200.0 mix_rate=48000 latency=0.0880 @ http://localhost:8771/index.js:451
[  903611ms] [LOG] MON 1 playing=false pos=0.000 stream_playing=false peak_db=-200.0 mix_rate=48000 latency=0.0880 @ http://localhost:8771/index.js:451
[  903861ms] [LOG] MON 1 playing=false pos=0.000 stream_playing=false peak_db=-200.0 mix_rate=48000 latency=0.0880 @ http://localhost:8771/index.js:451
[  904110ms] [LOG] MON 1 playing=false pos=0.000 stream_playing=false peak_db=-200.0 mix_rate=48000 latency=0.0880 @ http://localhost:8771/index.js:451
[  904361ms] [LOG] MON 1 playing=false pos=0.000 stream_playing=false peak_db=-200.0 mix_rate=48000 latency=0.0880 @ http://localhost:8771/index.js:451
[  904611ms] [LOG] MON 1 playing=false pos=0.000 stream_playing=false peak_db=-200.0 mix_rate=48000 latency=0.0880 @ http://localhost:8771/index.js:451
[  904862ms] [LOG] MON 1 playing=false pos=0.000 stream_playing=false peak_db=-200.0 mix_rate=48000 latency=0.0880 @ http://localhost:8771/index.js:451
[  905112ms] [LOG] MON 1 playing=false pos=0.000 stream_playing=false peak_db=-200.0 mix_rate=48000 latency=0.0880 @ http://localhost:8771/index.js:451
[  905360ms] [LOG] MON 1 playing=false pos=0.000 stream_playing=false peak_db=-200.0 mix_rate=48000 latency=0.0880 @ http://localhost:8771/index.js:451
[  905611ms] [LOG] MON 1 playing=false pos=0.000 stream_playing=false peak_db=-200.0 mix_rate=48000 latency=0.0880 @ http://localhost:8771/index.js:451
[  905861ms] [LOG] MON 1 playing=false pos=0.000 stream_playing=false peak_db=-200.0 mix_rate=48000 latency=0.0880 @ http://localhost:8771/index.js:451
[  906110ms] [LOG] MON 1 playing=false pos=0.000 stream_playing=false peak_db=-200.0 mix_rate=48000 latency=0.0880 @ http://localhost:8771/index.js:451
[  906362ms] [LOG] MON 1 playing=false pos=0.000 stream_playing=false peak_db=-200.0 mix_rate=48000 latency=0.0880 @ http://localhost:8771/index.js:451
[  906610ms] [LOG] MON 1 playing=false pos=0.000 stream_playing=false peak_db=-200.0 mix_rate=48000 latency=0.0880 @ http://localhost:8771/index.js:451
[  906866ms] [LOG] MON 1 playing=false pos=0.000 stream_playing=false peak_db=-200.0 mix_rate=48000 latency=0.0880 @ http://localhost:8771/index.js:451
[  907112ms] [LOG] MON 1 playing=false pos=0.000 stream_playing=false peak_db=-200.0 mix_rate=48000 latency=0.0880 @ http://localhost:8771/index.js:451
[  907362ms] [LOG] MON 1 playing=false pos=0.000 stream_playing=false peak_db=-200.0 mix_rate=48000 latency=0.0880 @ http://localhost:8771/index.js:451
[  907611ms] [LOG] MON 1 playing=false pos=0.000 stream_playing=false peak_db=-200.0 mix_rate=48000 latency=0.0880 @ http://localhost:8771/index.js:451
[  907862ms] [LOG] MON 1 playing=false pos=0.000 stream_playing=false peak_db=-200.0 mix_rate=48000 latency=0.0880 @ http://localhost:8771/index.js:451
[  908111ms] [LOG] MON 1 playing=false pos=0.000 stream_playing=false peak_db=-200.0 mix_rate=48000 latency=0.0880 @ http://localhost:8771/index.js:451
[  908359ms] [LOG] MON 1 playing=false pos=0.000 stream_playing=false peak_db=-200.0 mix_rate=48000 latency=0.0880 @ http://localhost:8771/index.js:451
[  908610ms] [LOG] MON 1 playing=false pos=0.000 stream_playing=false peak_db=-200.0 mix_rate=48000 latency=0.0880 @ http://localhost:8771/index.js:451
[  908862ms] [LOG] MON 1 playing=false pos=0.000 stream_playing=false peak_db=-200.0 mix_rate=48000 latency=0.0880 @ http://localhost:8771/index.js:451
[  909110ms] [LOG] MON 1 playing=false pos=0.000 stream_playing=false peak_db=-200.0 mix_rate=48000 latency=0.0880 @ http://localhost:8771/index.js:451
[  909363ms] [LOG] MON 1 playing=false pos=0.000 stream_playing=false peak_db=-200.0 mix_rate=48000 latency=0.0880 @ http://localhost:8771/index.js:451
[  909611ms] [LOG] MON 1 playing=false pos=0.000 stream_playing=false peak_db=-200.0 mix_rate=48000 latency=0.0880 @ http://localhost:8771/index.js:451
[  909861ms] [LOG] MON 1 playing=false pos=0.000 stream_playing=false peak_db=-200.0 mix_rate=48000 latency=0.0880 @ http://localhost:8771/index.js:451
[  910111ms] [LOG] MON 1 playing=false pos=0.000 stream_playing=false peak_db=-200.0 mix_rate=48000 latency=0.0880 @ http://localhost:8771/index.js:451
[  910361ms] [LOG] MON 1 playing=false pos=0.000 stream_playing=false peak_db=-200.0 mix_rate=48000 latency=0.0880 @ http://localhost:8771/index.js:451
[  910610ms] [LOG] MON 1 playing=false pos=0.000 stream_playing=false peak_db=-200.0 mix_rate=48000 latency=0.0880 @ http://localhost:8771/index.js:451
[  910860ms] [LOG] MON 1 playing=false pos=0.000 stream_playing=false peak_db=-200.0 mix_rate=48000 latency=0.0880 @ http://localhost:8771/index.js:451
[  911112ms] [LOG] MON 1 playing=false pos=0.000 stream_playing=false peak_db=-200.0 mix_rate=48000 latency=0.0880 @ http://localhost:8771/index.js:451
[  911362ms] [LOG] MON 1 playing=false pos=0.000 stream_playing=false peak_db=-200.0 mix_rate=48000 latency=0.0880 @ http://localhost:8771/index.js:451
[  911612ms] [LOG] MON 1 playing=false pos=0.000 stream_playing=false peak_db=-200.0 mix_rate=48000 latency=0.0880 @ http://localhost:8771/index.js:451
[  911859ms] [LOG] MON 1 playing=false pos=0.000 stream_playing=false peak_db=-200.0 mix_rate=48000 latency=0.0880 @ http://localhost:8771/index.js:451
[  912110ms] [LOG] MON 1 playing=false pos=0.000 stream_playing=false peak_db=-200.0 mix_rate=48000 latency=0.0880 @ http://localhost:8771/index.js:451
[  912360ms] [LOG] MON 1 playing=false pos=0.000 stream_playing=false peak_db=-200.0 mix_rate=48000 latency=0.0880 @ http://localhost:8771/index.js:451
[  912610ms] [LOG] MON 1 playing=false pos=0.000 stream_playing=false peak_db=-200.0 mix_rate=48000 latency=0.0880 @ http://localhost:8771/index.js:451
[  912860ms] [LOG] MON 1 playing=false pos=0.000 stream_playing=false peak_db=-200.0 mix_rate=48000 latency=0.0880 @ http://localhost:8771/index.js:451
[  913111ms] [LOG] MON 1 playing=false pos=0.000 stream_playing=false peak_db=-200.0 mix_rate=48000 latency=0.0880 @ http://localhost:8771/index.js:451
[  913361ms] [LOG] MON 1 playing=false pos=0.000 stream_playing=false peak_db=-200.0 mix_rate=48000 latency=0.0880 @ http://localhost:8771/index.js:451
[  913608ms] [LOG] MON 1 playing=false pos=0.000 stream_playing=false peak_db=-200.0 mix_rate=48000 latency=0.0880 @ http://localhost:8771/index.js:451
[  913861ms] [LOG] MON 1 playing=false pos=0.000 stream_playing=false peak_db=-200.0 mix_rate=48000 latency=0.0880 @ http://localhost:8771/index.js:451
[  914110ms] [LOG] MON 1 playing=false pos=0.000 stream_playing=false peak_db=-200.0 mix_rate=48000 latency=0.0880 @ http://localhost:8771/index.js:451
[  914360ms] [LOG] MON 1 playing=false pos=0.000 stream_playing=false peak_db=-200.0 mix_rate=48000 latency=0.0880 @ http://localhost:8771/index.js:451
[  914610ms] [LOG] MON 1 playing=false pos=0.000 stream_playing=false peak_db=-200.0 mix_rate=48000 latency=0.0880 @ http://localhost:8771/index.js:451
[  914861ms] [LOG] MON 1 playing=false pos=0.000 stream_playing=false peak_db=-200.0 mix_rate=48000 latency=0.0880 @ http://localhost:8771/index.js:451
[  915110ms] [LOG] MON 1 playing=false pos=0.000 stream_playing=false peak_db=-200.0 mix_rate=48000 latency=0.0880 @ http://localhost:8771/index.js:451
[  915360ms] [LOG] MON 1 playing=false pos=0.000 stream_playing=false peak_db=-200.0 mix_rate=48000 latency=0.0880 @ http://localhost:8771/index.js:451
[  915611ms] [LOG] MON 1 playing=false pos=0.000 stream_playing=false peak_db=-200.0 mix_rate=48000 latency=0.0880 @ http://localhost:8771/index.js:451
[  915860ms] [LOG] MON 1 playing=false pos=0.000 stream_playing=false peak_db=-200.0 mix_rate=48000 latency=0.0880 @ http://localhost:8771/index.js:451
[  916110ms] [LOG] MON 1 playing=false pos=0.000 stream_playing=false peak_db=-200.0 mix_rate=48000 latency=0.0880 @ http://localhost:8771/index.js:451
[  916360ms] [LOG] MON 1 playing=false pos=0.000 stream_playing=false peak_db=-200.0 mix_rate=48000 latency=0.0880 @ http://localhost:8771/index.js:451
[  916610ms] [LOG] MON 1 playing=false pos=0.000 stream_playing=false peak_db=-200.0 mix_rate=48000 latency=0.0880 @ http://localhost:8771/index.js:451
[  916860ms] [LOG] MON 1 playing=false pos=0.000 stream_playing=false peak_db=-200.0 mix_rate=48000 latency=0.0880 @ http://localhost:8771/index.js:451
[  917109ms] [LOG] MON 1 playing=false pos=0.000 stream_playing=false peak_db=-200.0 mix_rate=48000 latency=0.0880 @ http://localhost:8771/index.js:451
[  917360ms] [LOG] MON 1 playing=false pos=0.000 stream_playing=false peak_db=-200.0 mix_rate=48000 latency=0.0880 @ http://localhost:8771/index.js:451
[  917611ms] [LOG] MON 1 playing=false pos=0.000 stream_playing=false peak_db=-200.0 mix_rate=48000 latency=0.0880 @ http://localhost:8771/index.js:451
[  917861ms] [LOG] MON 1 playing=false pos=0.000 stream_playing=false peak_db=-200.0 mix_rate=48000 latency=0.0880 @ http://localhost:8771/index.js:451
[  918109ms] [LOG] MON 1 playing=false pos=0.000 stream_playing=false peak_db=-200.0 mix_rate=48000 latency=0.0880 @ http://localhost:8771/index.js:451
[  918359ms] [LOG] MON 1 playing=false pos=0.000 stream_playing=false peak_db=-200.0 mix_rate=48000 latency=0.0880 @ http://localhost:8771/index.js:451
[  918611ms] [LOG] MON 1 playing=false pos=0.000 stream_playing=false peak_db=-200.0 mix_rate=48000 latency=0.0880 @ http://localhost:8771/index.js:451
[  918861ms] [LOG] MON 1 playing=false pos=0.000 stream_playing=false peak_db=-200.0 mix_rate=48000 latency=0.0880 @ http://localhost:8771/index.js:451
[  919109ms] [LOG] MON 1 playing=false pos=0.000 stream_playing=false peak_db=-200.0 mix_rate=48000 latency=0.0880 @ http://localhost:8771/index.js:451
[  919360ms] [LOG] MON 1 playing=false pos=0.000 stream_playing=false peak_db=-200.0 mix_rate=48000 latency=0.0880 @ http://localhost:8771/index.js:451
[  919611ms] [LOG] MON 1 playing=false pos=0.000 stream_playing=false peak_db=-200.0 mix_rate=48000 latency=0.0880 @ http://localhost:8771/index.js:451
[  919861ms] [LOG] MON 1 playing=false pos=0.000 stream_playing=false peak_db=-200.0 mix_rate=48000 latency=0.0880 @ http://localhost:8771/index.js:451
[  920111ms] [LOG] MON 1 playing=false pos=0.000 stream_playing=false peak_db=-200.0 mix_rate=48000 latency=0.0880 @ http://localhost:8771/index.js:451
[  920361ms] [LOG] MON 1 playing=false pos=0.000 stream_playing=false peak_db=-200.0 mix_rate=48000 latency=0.0880 @ http://localhost:8771/index.js:451
[  920610ms] [LOG] MON 1 playing=false pos=0.000 stream_playing=false peak_db=-200.0 mix_rate=48000 latency=0.0880 @ http://localhost:8771/index.js:451
[  920860ms] [LOG] MON 1 playing=false pos=0.000 stream_playing=false peak_db=-200.0 mix_rate=48000 latency=0.0880 @ http://localhost:8771/index.js:451
[  921109ms] [LOG] MON 1 playing=false pos=0.000 stream_playing=false peak_db=-200.0 mix_rate=48000 latency=0.0880 @ http://localhost:8771/index.js:451
[  921360ms] [LOG] MON 1 playing=false pos=0.000 stream_playing=false peak_db=-200.0 mix_rate=48000 latency=0.0880 @ http://localhost:8771/index.js:451
[  921611ms] [LOG] MON 1 playing=false pos=0.000 stream_playing=false peak_db=-200.0 mix_rate=48000 latency=0.0880 @ http://localhost:8771/index.js:451
[  921863ms] [LOG] MON 1 playing=false pos=0.000 stream_playing=false peak_db=-200.0 mix_rate=48000 latency=0.0880 @ http://localhost:8771/index.js:451
[  922110ms] [LOG] MON 1 playing=false pos=0.000 stream_playing=false peak_db=-200.0 mix_rate=48000 latency=0.0880 @ http://localhost:8771/index.js:451
[  922361ms] [LOG] MON 1 playing=false pos=0.000 stream_playing=false peak_db=-200.0 mix_rate=48000 latency=0.0880 @ http://localhost:8771/index.js:451
[  922610ms] [LOG] MON 1 playing=false pos=0.000 stream_playing=false peak_db=-200.0 mix_rate=48000 latency=0.0880 @ http://localhost:8771/index.js:451
[  922859ms] [LOG] MON 1 playing=false pos=0.000 stream_playing=false peak_db=-200.0 mix_rate=48000 latency=0.0880 @ http://localhost:8771/index.js:451
[  923109ms] [LOG] MON 1 playing=false pos=0.000 stream_playing=false peak_db=-200.0 mix_rate=48000 latency=0.0880 @ http://localhost:8771/index.js:451
[  923360ms] [LOG] MON 1 playing=false pos=0.000 stream_playing=false peak_db=-200.0 mix_rate=48000 latency=0.0880 @ http://localhost:8771/index.js:451
[  923613ms] [LOG] MON 1 playing=false pos=0.000 stream_playing=false peak_db=-200.0 mix_rate=48000 latency=0.0880 @ http://localhost:8771/index.js:451
[  923860ms] [LOG] MON 1 playing=false pos=0.000 stream_playing=false peak_db=-200.0 mix_rate=48000 latency=0.0880 @ http://localhost:8771/index.js:451
[  924112ms] [LOG] MON 1 playing=false pos=0.000 stream_playing=false peak_db=-200.0 mix_rate=48000 latency=0.0880 @ http://localhost:8771/index.js:451
[  924360ms] [LOG] MON 1 playing=false pos=0.000 stream_playing=false peak_db=-200.0 mix_rate=48000 latency=0.0880 @ http://localhost:8771/index.js:451
[  924611ms] [LOG] MON 1 playing=false pos=0.000 stream_playing=false peak_db=-200.0 mix_rate=48000 latency=0.0880 @ http://localhost:8771/index.js:451
[  924859ms] [LOG] MON 1 playing=false pos=0.000 stream_playing=false peak_db=-200.0 mix_rate=48000 latency=0.0880 @ http://localhost:8771/index.js:451
[  925111ms] [LOG] MON 1 playing=false pos=0.000 stream_playing=false peak_db=-200.0 mix_rate=48000 latency=0.0880 @ http://localhost:8771/index.js:451
[  925361ms] [LOG] MON 1 playing=false pos=0.000 stream_playing=false peak_db=-200.0 mix_rate=48000 latency=0.0880 @ http://localhost:8771/index.js:451
[  925611ms] [LOG] MON 1 playing=false pos=0.000 stream_playing=false peak_db=-200.0 mix_rate=48000 latency=0.0880 @ http://localhost:8771/index.js:451
[  925862ms] [LOG] MON 1 playing=false pos=0.000 stream_playing=false peak_db=-200.0 mix_rate=48000 latency=0.0880 @ http://localhost:8771/index.js:451
[  926109ms] [LOG] MON 1 playing=false pos=0.000 stream_playing=false peak_db=-200.0 mix_rate=48000 latency=0.0880 @ http://localhost:8771/index.js:451
[  926361ms] [LOG] MON 1 playing=false pos=0.000 stream_playing=false peak_db=-200.0 mix_rate=48000 latency=0.0880 @ http://localhost:8771/index.js:451
[  926614ms] [LOG] MON 1 playing=false pos=0.000 stream_playing=false peak_db=-200.0 mix_rate=48000 latency=0.0880 @ http://localhost:8771/index.js:451
[  926863ms] [LOG] MON 1 playing=false pos=0.000 stream_playing=false peak_db=-200.0 mix_rate=48000 latency=0.0880 @ http://localhost:8771/index.js:451
[  927116ms] [LOG] MON 1 playing=false pos=0.000 stream_playing=false peak_db=-200.0 mix_rate=48000 latency=0.0880 @ http://localhost:8771/index.js:451
[  927362ms] [LOG] MON 1 playing=false pos=0.000 stream_playing=false peak_db=-200.0 mix_rate=48000 latency=0.0880 @ http://localhost:8771/index.js:451
[  927612ms] [LOG] MON 1 playing=false pos=0.000 stream_playing=false peak_db=-200.0 mix_rate=48000 latency=0.0880 @ http://localhost:8771/index.js:451
[  927860ms] [LOG] MON 1 playing=false pos=0.000 stream_playing=false peak_db=-200.0 mix_rate=48000 latency=0.0880 @ http://localhost:8771/index.js:451
[  928110ms] [LOG] MON 1 playing=false pos=0.000 stream_playing=false peak_db=-200.0 mix_rate=48000 latency=0.0880 @ http://localhost:8771/index.js:451
[  928360ms] [LOG] MON 1 playing=false pos=0.000 stream_playing=false peak_db=-200.0 mix_rate=48000 latency=0.0880 @ http://localhost:8771/index.js:451
[  928611ms] [LOG] MON 1 playing=false pos=0.000 stream_playing=false peak_db=-200.0 mix_rate=48000 latency=0.0880 @ http://localhost:8771/index.js:451
[  928861ms] [LOG] MON 1 playing=false pos=0.000 stream_playing=false peak_db=-200.0 mix_rate=48000 latency=0.0880 @ http://localhost:8771/index.js:451
[  929115ms] [LOG] MON 1 playing=false pos=0.000 stream_playing=false peak_db=-200.0 mix_rate=48000 latency=0.0880 @ http://localhost:8771/index.js:451
[  929363ms] [LOG] MON 1 playing=false pos=0.000 stream_playing=false peak_db=-200.0 mix_rate=48000 latency=0.0880 @ http://localhost:8771/index.js:451
[  929614ms] [LOG] MON 1 playing=false pos=0.000 stream_playing=false peak_db=-200.0 mix_rate=48000 latency=0.0880 @ http://localhost:8771/index.js:451
[  929860ms] [LOG] MON 1 playing=false pos=0.000 stream_playing=false peak_db=-200.0 mix_rate=48000 latency=0.0880 @ http://localhost:8771/index.js:451
[  930112ms] [LOG] MON 1 playing=false pos=0.000 stream_playing=false peak_db=-200.0 mix_rate=48000 latency=0.0880 @ http://localhost:8771/index.js:451
[  930359ms] [LOG] MON 1 playing=false pos=0.000 stream_playing=false peak_db=-200.0 mix_rate=48000 latency=0.0880 @ http://localhost:8771/index.js:451
[  930613ms] [LOG] MON 1 playing=false pos=0.000 stream_playing=false peak_db=-200.0 mix_rate=48000 latency=0.0880 @ http://localhost:8771/index.js:451
[  930861ms] [LOG] MON 1 playing=false pos=0.000 stream_playing=false peak_db=-200.0 mix_rate=48000 latency=0.0880 @ http://localhost:8771/index.js:451
[  931111ms] [LOG] MON 1 playing=false pos=0.000 stream_playing=false peak_db=-200.0 mix_rate=48000 latency=0.0880 @ http://localhost:8771/index.js:451
[  931361ms] [LOG] MON 1 playing=false pos=0.000 stream_playing=false peak_db=-200.0 mix_rate=48000 latency=0.0880 @ http://localhost:8771/index.js:451
[  931611ms] [LOG] MON 1 playing=false pos=0.000 stream_playing=false peak_db=-200.0 mix_rate=48000 latency=0.0880 @ http://localhost:8771/index.js:451
[  931859ms] [LOG] MON 1 playing=false pos=0.000 stream_playing=false peak_db=-200.0 mix_rate=48000 latency=0.0880 @ http://localhost:8771/index.js:451
[  932114ms] [LOG] MON 1 playing=false pos=0.000 stream_playing=false peak_db=-200.0 mix_rate=48000 latency=0.0880 @ http://localhost:8771/index.js:451
[  932366ms] [LOG] MON 1 playing=false pos=0.000 stream_playing=false peak_db=-200.0 mix_rate=48000 latency=0.0880 @ http://localhost:8771/index.js:451
[  932610ms] [LOG] MON 1 playing=false pos=0.000 stream_playing=false peak_db=-200.0 mix_rate=48000 latency=0.0880 @ http://localhost:8771/index.js:451
[  932860ms] [LOG] MON 1 playing=false pos=0.000 stream_playing=false peak_db=-200.0 mix_rate=48000 latency=0.0880 @ http://localhost:8771/index.js:451
[  933112ms] [LOG] MON 1 playing=false pos=0.000 stream_playing=false peak_db=-200.0 mix_rate=48000 latency=0.0880 @ http://localhost:8771/index.js:451
[  933360ms] [LOG] MON 1 playing=false pos=0.000 stream_playing=false peak_db=-200.0 mix_rate=48000 latency=0.0880 @ http://localhost:8771/index.js:451
[  933611ms] [LOG] MON 1 playing=false pos=0.000 stream_playing=false peak_db=-200.0 mix_rate=48000 latency=0.0880 @ http://localhost:8771/index.js:451
[  933864ms] [LOG] MON 1 playing=false pos=0.000 stream_playing=false peak_db=-200.0 mix_rate=48000 latency=0.0880 @ http://localhost:8771/index.js:451
[  934113ms] [LOG] MON 1 playing=false pos=0.000 stream_playing=false peak_db=-200.0 mix_rate=48000 latency=0.0880 @ http://localhost:8771/index.js:451
[  934360ms] [LOG] MON 1 playing=false pos=0.000 stream_playing=false peak_db=-200.0 mix_rate=48000 latency=0.0880 @ http://localhost:8771/index.js:451
[  934610ms] [LOG] MON 1 playing=false pos=0.000 stream_playing=false peak_db=-200.0 mix_rate=48000 latency=0.0880 @ http://localhost:8771/index.js:451
[  934861ms] [LOG] MON 1 playing=false pos=0.000 stream_playing=false peak_db=-200.0 mix_rate=48000 latency=0.0880 @ http://localhost:8771/index.js:451
[  935110ms] [LOG] MON 1 playing=false pos=0.000 stream_playing=false peak_db=-200.0 mix_rate=48000 latency=0.0880 @ http://localhost:8771/index.js:451
[  935362ms] [LOG] MON 1 playing=false pos=0.000 stream_playing=false peak_db=-200.0 mix_rate=48000 latency=0.0880 @ http://localhost:8771/index.js:451
[  935610ms] [LOG] MON 1 playing=false pos=0.000 stream_playing=false peak_db=-200.0 mix_rate=48000 latency=0.0880 @ http://localhost:8771/index.js:451
[  935862ms] [LOG] MON 1 playing=false pos=0.000 stream_playing=false peak_db=-200.0 mix_rate=48000 latency=0.0880 @ http://localhost:8771/index.js:451
[  936109ms] [LOG] MON 1 playing=false pos=0.000 stream_playing=false peak_db=-200.0 mix_rate=48000 latency=0.0880 @ http://localhost:8771/index.js:451
[  936362ms] [LOG] MON 1 playing=false pos=0.000 stream_playing=false peak_db=-200.0 mix_rate=48000 latency=0.0880 @ http://localhost:8771/index.js:451
[  936613ms] [LOG] MON 1 playing=false pos=0.000 stream_playing=false peak_db=-200.0 mix_rate=48000 latency=0.0880 @ http://localhost:8771/index.js:451
[  936862ms] [LOG] MON 1 playing=false pos=0.000 stream_playing=false peak_db=-200.0 mix_rate=48000 latency=0.0880 @ http://localhost:8771/index.js:451
[  937111ms] [LOG] MON 1 playing=false pos=0.000 stream_playing=false peak_db=-200.0 mix_rate=48000 latency=0.0880 @ http://localhost:8771/index.js:451
[  937361ms] [LOG] MON 1 playing=false pos=0.000 stream_playing=false peak_db=-200.0 mix_rate=48000 latency=0.0880 @ http://localhost:8771/index.js:451
[  937612ms] [LOG] MON 1 playing=false pos=0.000 stream_playing=false peak_db=-200.0 mix_rate=48000 latency=0.0880 @ http://localhost:8771/index.js:451
[  937861ms] [LOG] MON 1 playing=false pos=0.000 stream_playing=false peak_db=-200.0 mix_rate=48000 latency=0.0880 @ http://localhost:8771/index.js:451
[  938110ms] [LOG] MON 1 playing=false pos=0.000 stream_playing=false peak_db=-200.0 mix_rate=48000 latency=0.0880 @ http://localhost:8771/index.js:451
[  938362ms] [LOG] MON 1 playing=false pos=0.000 stream_playing=false peak_db=-200.0 mix_rate=48000 latency=0.0880 @ http://localhost:8771/index.js:451
[  938611ms] [LOG] MON 1 playing=false pos=0.000 stream_playing=false peak_db=-200.0 mix_rate=48000 latency=0.0880 @ http://localhost:8771/index.js:451
[  938861ms] [LOG] MON 1 playing=false pos=0.000 stream_playing=false peak_db=-200.0 mix_rate=48000 latency=0.0880 @ http://localhost:8771/index.js:451
[  939110ms] [LOG] MON 1 playing=false pos=0.000 stream_playing=false peak_db=-200.0 mix_rate=48000 latency=0.0880 @ http://localhost:8771/index.js:451
[  939361ms] [LOG] MON 1 playing=false pos=0.000 stream_playing=false peak_db=-200.0 mix_rate=48000 latency=0.0880 @ http://localhost:8771/index.js:451
[  939611ms] [LOG] MON 1 playing=false pos=0.000 stream_playing=false peak_db=-200.0 mix_rate=48000 latency=0.0880 @ http://localhost:8771/index.js:451
[  939861ms] [LOG] MON 1 playing=false pos=0.000 stream_playing=false peak_db=-200.0 mix_rate=48000 latency=0.0880 @ http://localhost:8771/index.js:451
[  940111ms] [LOG] MON 1 playing=false pos=0.000 stream_playing=false peak_db=-200.0 mix_rate=48000 latency=0.0880 @ http://localhost:8771/index.js:451
[  940361ms] [LOG] MON 1 playing=false pos=0.000 stream_playing=false peak_db=-200.0 mix_rate=48000 latency=0.0880 @ http://localhost:8771/index.js:451
[  940610ms] [LOG] MON 1 playing=false pos=0.000 stream_playing=false peak_db=-200.0 mix_rate=48000 latency=0.0880 @ http://localhost:8771/index.js:451
[  940859ms] [LOG] MON 1 playing=false pos=0.000 stream_playing=false peak_db=-200.0 mix_rate=48000 latency=0.0880 @ http://localhost:8771/index.js:451
[  941111ms] [LOG] MON 1 playing=false pos=0.000 stream_playing=false peak_db=-200.0 mix_rate=48000 latency=0.0880 @ http://localhost:8771/index.js:451
[  941362ms] [LOG] MON 1 playing=false pos=0.000 stream_playing=false peak_db=-200.0 mix_rate=48000 latency=0.0880 @ http://localhost:8771/index.js:451
[  941611ms] [LOG] MON 1 playing=false pos=0.000 stream_playing=false peak_db=-200.0 mix_rate=48000 latency=0.0880 @ http://localhost:8771/index.js:451
[  941862ms] [LOG] MON 1 playing=false pos=0.000 stream_playing=false peak_db=-200.0 mix_rate=48000 latency=0.0880 @ http://localhost:8771/index.js:451
[  942111ms] [LOG] MON 1 playing=false pos=0.000 stream_playing=false peak_db=-200.0 mix_rate=48000 latency=0.0880 @ http://localhost:8771/index.js:451
[  942360ms] [LOG] MON 1 playing=false pos=0.000 stream_playing=false peak_db=-200.0 mix_rate=48000 latency=0.0880 @ http://localhost:8771/index.js:451
[  942611ms] [LOG] MON 1 playing=false pos=0.000 stream_playing=false peak_db=-200.0 mix_rate=48000 latency=0.0880 @ http://localhost:8771/index.js:451
[  942861ms] [LOG] MON 1 playing=false pos=0.000 stream_playing=false peak_db=-200.0 mix_rate=48000 latency=0.0880 @ http://localhost:8771/index.js:451
[  943109ms] [LOG] MON 1 playing=false pos=0.000 stream_playing=false peak_db=-200.0 mix_rate=48000 latency=0.0880 @ http://localhost:8771/index.js:451
[  943365ms] [LOG] MON 1 playing=false pos=0.000 stream_playing=false peak_db=-200.0 mix_rate=48000 latency=0.0880 @ http://localhost:8771/index.js:451
[  943612ms] [LOG] MON 1 playing=false pos=0.000 stream_playing=false peak_db=-200.0 mix_rate=48000 latency=0.0880 @ http://localhost:8771/index.js:451
[  943862ms] [LOG] MON 1 playing=false pos=0.000 stream_playing=false peak_db=-200.0 mix_rate=48000 latency=0.0880 @ http://localhost:8771/index.js:451
[  944112ms] [LOG] MON 1 playing=false pos=0.000 stream_playing=false peak_db=-200.0 mix_rate=48000 latency=0.0880 @ http://localhost:8771/index.js:451
[  944362ms] [LOG] MON 1 playing=false pos=0.000 stream_playing=false peak_db=-200.0 mix_rate=48000 latency=0.0880 @ http://localhost:8771/index.js:451
[  944610ms] [LOG] MON 1 playing=false pos=0.000 stream_playing=false peak_db=-200.0 mix_rate=48000 latency=0.0880 @ http://localhost:8771/index.js:451
[  944860ms] [LOG] MON 1 playing=false pos=0.000 stream_playing=false peak_db=-200.0 mix_rate=48000 latency=0.0880 @ http://localhost:8771/index.js:451
[  945111ms] [LOG] MON 1 playing=false pos=0.000 stream_playing=false peak_db=-200.0 mix_rate=48000 latency=0.0880 @ http://localhost:8771/index.js:451
[  945361ms] [LOG] MON 1 playing=false pos=0.000 stream_playing=false peak_db=-200.0 mix_rate=48000 latency=0.0880 @ http://localhost:8771/index.js:451
[  945610ms] [LOG] MON 1 playing=false pos=0.000 stream_playing=false peak_db=-200.0 mix_rate=48000 latency=0.0880 @ http://localhost:8771/index.js:451
[  945861ms] [LOG] MON 1 playing=false pos=0.000 stream_playing=false peak_db=-200.0 mix_rate=48000 latency=0.0880 @ http://localhost:8771/index.js:451
[  946111ms] [LOG] MON 1 playing=false pos=0.000 stream_playing=false peak_db=-200.0 mix_rate=48000 latency=0.0880 @ http://localhost:8771/index.js:451
[  946359ms] [LOG] MON 1 playing=false pos=0.000 stream_playing=false peak_db=-200.0 mix_rate=48000 latency=0.0880 @ http://localhost:8771/index.js:451
[  946612ms] [LOG] MON 1 playing=false pos=0.000 stream_playing=false peak_db=-200.0 mix_rate=48000 latency=0.0880 @ http://localhost:8771/index.js:451
[  946861ms] [LOG] MON 1 playing=false pos=0.000 stream_playing=false peak_db=-200.0 mix_rate=48000 latency=0.0880 @ http://localhost:8771/index.js:451
[  947109ms] [LOG] MON 1 playing=false pos=0.000 stream_playing=false peak_db=-200.0 mix_rate=48000 latency=0.0880 @ http://localhost:8771/index.js:451
[  947363ms] [LOG] MON 1 playing=false pos=0.000 stream_playing=false peak_db=-200.0 mix_rate=48000 latency=0.0880 @ http://localhost:8771/index.js:451
[  947610ms] [LOG] MON 1 playing=false pos=0.000 stream_playing=false peak_db=-200.0 mix_rate=48000 latency=0.0880 @ http://localhost:8771/index.js:451
[  947863ms] [LOG] MON 1 playing=false pos=0.000 stream_playing=false peak_db=-200.0 mix_rate=48000 latency=0.0880 @ http://localhost:8771/index.js:451
[  948113ms] [LOG] MON 1 playing=false pos=0.000 stream_playing=false peak_db=-200.0 mix_rate=48000 latency=0.0880 @ http://localhost:8771/index.js:451
[  948360ms] [LOG] MON 1 playing=false pos=0.000 stream_playing=false peak_db=-200.0 mix_rate=48000 latency=0.0880 @ http://localhost:8771/index.js:451
[  948611ms] [LOG] MON 1 playing=false pos=0.000 stream_playing=false peak_db=-200.0 mix_rate=48000 latency=0.0880 @ http://localhost:8771/index.js:451
[  948860ms] [LOG] MON 1 playing=false pos=0.000 stream_playing=false peak_db=-200.0 mix_rate=48000 latency=0.0880 @ http://localhost:8771/index.js:451
[  949111ms] [LOG] MON 1 playing=false pos=0.000 stream_playing=false peak_db=-200.0 mix_rate=48000 latency=0.0880 @ http://localhost:8771/index.js:451
[  949360ms] [LOG] MON 1 playing=false pos=0.000 stream_playing=false peak_db=-200.0 mix_rate=48000 latency=0.0880 @ http://localhost:8771/index.js:451
[  949610ms] [LOG] MON 1 playing=false pos=0.000 stream_playing=false peak_db=-200.0 mix_rate=48000 latency=0.0880 @ http://localhost:8771/index.js:451
[  949862ms] [LOG] MON 1 playing=false pos=0.000 stream_playing=false peak_db=-200.0 mix_rate=48000 latency=0.0880 @ http://localhost:8771/index.js:451
[  950112ms] [LOG] MON 1 playing=false pos=0.000 stream_playing=false peak_db=-200.0 mix_rate=48000 latency=0.0880 @ http://localhost:8771/index.js:451
[  950363ms] [LOG] MON 1 playing=false pos=0.000 stream_playing=false peak_db=-200.0 mix_rate=48000 latency=0.0880 @ http://localhost:8771/index.js:451
[  950609ms] [LOG] MON 1 playing=false pos=0.000 stream_playing=false peak_db=-200.0 mix_rate=48000 latency=0.0880 @ http://localhost:8771/index.js:451
[  950860ms] [LOG] MON 1 playing=false pos=0.000 stream_playing=false peak_db=-200.0 mix_rate=48000 latency=0.0880 @ http://localhost:8771/index.js:451
[  951112ms] [LOG] MON 1 playing=false pos=0.000 stream_playing=false peak_db=-200.0 mix_rate=48000 latency=0.0880 @ http://localhost:8771/index.js:451
[  951362ms] [LOG] MON 1 playing=false pos=0.000 stream_playing=false peak_db=-200.0 mix_rate=48000 latency=0.0880 @ http://localhost:8771/index.js:451
[  951611ms] [LOG] MON 1 playing=false pos=0.000 stream_playing=false peak_db=-200.0 mix_rate=48000 latency=0.0880 @ http://localhost:8771/index.js:451
[  951860ms] [LOG] MON 1 playing=false pos=0.000 stream_playing=false peak_db=-200.0 mix_rate=48000 latency=0.0880 @ http://localhost:8771/index.js:451
[  952111ms] [LOG] MON 1 playing=false pos=0.000 stream_playing=false peak_db=-200.0 mix_rate=48000 latency=0.0880 @ http://localhost:8771/index.js:451
[  952361ms] [LOG] MON 1 playing=false pos=0.000 stream_playing=false peak_db=-200.0 mix_rate=48000 latency=0.0880 @ http://localhost:8771/index.js:451
[  952612ms] [LOG] MON 1 playing=false pos=0.000 stream_playing=false peak_db=-200.0 mix_rate=48000 latency=0.0880 @ http://localhost:8771/index.js:451
[  952860ms] [LOG] MON 1 playing=false pos=0.000 stream_playing=false peak_db=-200.0 mix_rate=48000 latency=0.0880 @ http://localhost:8771/index.js:451
[  953111ms] [LOG] MON 1 playing=false pos=0.000 stream_playing=false peak_db=-200.0 mix_rate=48000 latency=0.0880 @ http://localhost:8771/index.js:451
[  953362ms] [LOG] MON 1 playing=false pos=0.000 stream_playing=false peak_db=-200.0 mix_rate=48000 latency=0.0880 @ http://localhost:8771/index.js:451
[  953611ms] [LOG] MON 1 playing=false pos=0.000 stream_playing=false peak_db=-200.0 mix_rate=48000 latency=0.0880 @ http://localhost:8771/index.js:451
[  953861ms] [LOG] MON 1 playing=false pos=0.000 stream_playing=false peak_db=-200.0 mix_rate=48000 latency=0.0880 @ http://localhost:8771/index.js:451
[  954111ms] [LOG] MON 1 playing=false pos=0.000 stream_playing=false peak_db=-200.0 mix_rate=48000 latency=0.0880 @ http://localhost:8771/index.js:451
[  954361ms] [LOG] MON 1 playing=false pos=0.000 stream_playing=false peak_db=-200.0 mix_rate=48000 latency=0.0880 @ http://localhost:8771/index.js:451
[  954612ms] [LOG] MON 1 playing=false pos=0.000 stream_playing=false peak_db=-200.0 mix_rate=48000 latency=0.0880 @ http://localhost:8771/index.js:451
[  954861ms] [LOG] MON 1 playing=false pos=0.000 stream_playing=false peak_db=-200.0 mix_rate=48000 latency=0.0880 @ http://localhost:8771/index.js:451
[  955114ms] [LOG] MON 1 playing=false pos=0.000 stream_playing=false peak_db=-200.0 mix_rate=48000 latency=0.0880 @ http://localhost:8771/index.js:451
[  955360ms] [LOG] MON 1 playing=false pos=0.000 stream_playing=false peak_db=-200.0 mix_rate=48000 latency=0.0880 @ http://localhost:8771/index.js:451
[  955611ms] [LOG] MON 1 playing=false pos=0.000 stream_playing=false peak_db=-200.0 mix_rate=48000 latency=0.0880 @ http://localhost:8771/index.js:451
[  955860ms] [LOG] MON 1 playing=false pos=0.000 stream_playing=false peak_db=-200.0 mix_rate=48000 latency=0.0880 @ http://localhost:8771/index.js:451
[  956113ms] [LOG] MON 1 playing=false pos=0.000 stream_playing=false peak_db=-200.0 mix_rate=48000 latency=0.0880 @ http://localhost:8771/index.js:451
[  956361ms] [LOG] MON 1 playing=false pos=0.000 stream_playing=false peak_db=-200.0 mix_rate=48000 latency=0.0880 @ http://localhost:8771/index.js:451
[  956609ms] [LOG] MON 1 playing=false pos=0.000 stream_playing=false peak_db=-200.0 mix_rate=48000 latency=0.0880 @ http://localhost:8771/index.js:451
[  956860ms] [LOG] MON 1 playing=false pos=0.000 stream_playing=false peak_db=-200.0 mix_rate=48000 latency=0.0880 @ http://localhost:8771/index.js:451
[  957111ms] [LOG] MON 1 playing=false pos=0.000 stream_playing=false peak_db=-200.0 mix_rate=48000 latency=0.0880 @ http://localhost:8771/index.js:451
[  957365ms] [LOG] MON 1 playing=false pos=0.000 stream_playing=false peak_db=-200.0 mix_rate=48000 latency=0.0880 @ http://localhost:8771/index.js:451
[  957610ms] [LOG] MON 1 playing=false pos=0.000 stream_playing=false peak_db=-200.0 mix_rate=48000 latency=0.0880 @ http://localhost:8771/index.js:451
[  957862ms] [LOG] MON 1 playing=false pos=0.000 stream_playing=false peak_db=-200.0 mix_rate=48000 latency=0.0880 @ http://localhost:8771/index.js:451
[  958110ms] [LOG] MON 1 playing=false pos=0.000 stream_playing=false peak_db=-200.0 mix_rate=48000 latency=0.0880 @ http://localhost:8771/index.js:451
[  958364ms] [LOG] MON 1 playing=false pos=0.000 stream_playing=false peak_db=-200.0 mix_rate=48000 latency=0.0880 @ http://localhost:8771/index.js:451
[  958612ms] [LOG] MON 1 playing=false pos=0.000 stream_playing=false peak_db=-200.0 mix_rate=48000 latency=0.0880 @ http://localhost:8771/index.js:451
[  958861ms] [LOG] MON 1 playing=false pos=0.000 stream_playing=false peak_db=-200.0 mix_rate=48000 latency=0.0880 @ http://localhost:8771/index.js:451
[  959110ms] [LOG] MON 1 playing=false pos=0.000 stream_playing=false peak_db=-200.0 mix_rate=48000 latency=0.0880 @ http://localhost:8771/index.js:451
[  959360ms] [LOG] MON 1 playing=false pos=0.000 stream_playing=false peak_db=-200.0 mix_rate=48000 latency=0.0880 @ http://localhost:8771/index.js:451
[  959612ms] [LOG] MON 1 playing=false pos=0.000 stream_playing=false peak_db=-200.0 mix_rate=48000 latency=0.0880 @ http://localhost:8771/index.js:451
[  959863ms] [LOG] MON 1 playing=false pos=0.000 stream_playing=false peak_db=-200.0 mix_rate=48000 latency=0.0880 @ http://localhost:8771/index.js:451
[  960111ms] [LOG] MON 1 playing=false pos=0.000 stream_playing=false peak_db=-200.0 mix_rate=48000 latency=0.0880 @ http://localhost:8771/index.js:451
[  960360ms] [LOG] MON 1 playing=false pos=0.000 stream_playing=false peak_db=-200.0 mix_rate=48000 latency=0.0880 @ http://localhost:8771/index.js:451
[  960613ms] [LOG] MON 1 playing=false pos=0.000 stream_playing=false peak_db=-200.0 mix_rate=48000 latency=0.0880 @ http://localhost:8771/index.js:451
[  960862ms] [LOG] MON 1 playing=false pos=0.000 stream_playing=false peak_db=-200.0 mix_rate=48000 latency=0.0880 @ http://localhost:8771/index.js:451
[  961115ms] [LOG] MON 1 playing=false pos=0.000 stream_playing=false peak_db=-200.0 mix_rate=48000 latency=0.0880 @ http://localhost:8771/index.js:451
[  961359ms] [LOG] MON 1 playing=false pos=0.000 stream_playing=false peak_db=-200.0 mix_rate=48000 latency=0.0880 @ http://localhost:8771/index.js:451
[  961613ms] [LOG] MON 1 playing=false pos=0.000 stream_playing=false peak_db=-200.0 mix_rate=48000 latency=0.0880 @ http://localhost:8771/index.js:451
[  961860ms] [LOG] MON 1 playing=false pos=0.000 stream_playing=false peak_db=-200.0 mix_rate=48000 latency=0.0880 @ http://localhost:8771/index.js:451
[  962110ms] [LOG] MON 1 playing=false pos=0.000 stream_playing=false peak_db=-200.0 mix_rate=48000 latency=0.0880 @ http://localhost:8771/index.js:451
[  962361ms] [LOG] MON 1 playing=false pos=0.000 stream_playing=false peak_db=-200.0 mix_rate=48000 latency=0.0880 @ http://localhost:8771/index.js:451
[  962610ms] [LOG] MON 1 playing=false pos=0.000 stream_playing=false peak_db=-200.0 mix_rate=48000 latency=0.0880 @ http://localhost:8771/index.js:451
[  962861ms] [LOG] MON 1 playing=false pos=0.000 stream_playing=false peak_db=-200.0 mix_rate=48000 latency=0.0880 @ http://localhost:8771/index.js:451
[  963111ms] [LOG] MON 1 playing=false pos=0.000 stream_playing=false peak_db=-200.0 mix_rate=48000 latency=0.0880 @ http://localhost:8771/index.js:451
[  963360ms] [LOG] MON 1 playing=false pos=0.000 stream_playing=false peak_db=-200.0 mix_rate=48000 latency=0.0880 @ http://localhost:8771/index.js:451
[  963611ms] [LOG] MON 1 playing=false pos=0.000 stream_playing=false peak_db=-200.0 mix_rate=48000 latency=0.0880 @ http://localhost:8771/index.js:451
[  963861ms] [LOG] MON 1 playing=false pos=0.000 stream_playing=false peak_db=-200.0 mix_rate=48000 latency=0.0880 @ http://localhost:8771/index.js:451
[  964111ms] [LOG] MON 1 playing=false pos=0.000 stream_playing=false peak_db=-200.0 mix_rate=48000 latency=0.0880 @ http://localhost:8771/index.js:451
[  964362ms] [LOG] MON 1 playing=false pos=0.000 stream_playing=false peak_db=-200.0 mix_rate=48000 latency=0.0880 @ http://localhost:8771/index.js:451
[  964612ms] [LOG] MON 1 playing=false pos=0.000 stream_playing=false peak_db=-200.0 mix_rate=48000 latency=0.0880 @ http://localhost:8771/index.js:451
[  964860ms] [LOG] MON 1 playing=false pos=0.000 stream_playing=false peak_db=-200.0 mix_rate=48000 latency=0.0880 @ http://localhost:8771/index.js:451
[  965126ms] [LOG] MON 1 playing=false pos=0.000 stream_playing=false peak_db=-200.0 mix_rate=48000 latency=0.0880 @ http://localhost:8771/index.js:451
[  965377ms] [LOG] MON 1 playing=false pos=0.000 stream_playing=false peak_db=-200.0 mix_rate=48000 latency=0.0880 @ http://localhost:8771/index.js:451
[  965628ms] [LOG] MON 1 playing=false pos=0.000 stream_playing=false peak_db=-200.0 mix_rate=48000 latency=0.0880 @ http://localhost:8771/index.js:451
[  965877ms] [LOG] MON 1 playing=false pos=0.000 stream_playing=false peak_db=-200.0 mix_rate=48000 latency=0.0880 @ http://localhost:8771/index.js:451
[  966128ms] [LOG] MON 1 playing=false pos=0.000 stream_playing=false peak_db=-200.0 mix_rate=48000 latency=0.0880 @ http://localhost:8771/index.js:451
[  966378ms] [LOG] MON 1 playing=false pos=0.000 stream_playing=false peak_db=-200.0 mix_rate=48000 latency=0.0880 @ http://localhost:8771/index.js:451
[  966627ms] [LOG] MON 1 playing=false pos=0.000 stream_playing=false peak_db=-200.0 mix_rate=48000 latency=0.0880 @ http://localhost:8771/index.js:451
[  966876ms] [LOG] MON 1 playing=false pos=0.000 stream_playing=false peak_db=-200.0 mix_rate=48000 latency=0.0880 @ http://localhost:8771/index.js:451
[  967126ms] [LOG] MON 1 playing=false pos=0.000 stream_playing=false peak_db=-200.0 mix_rate=48000 latency=0.0880 @ http://localhost:8771/index.js:451
[  967377ms] [LOG] MON 1 playing=false pos=0.000 stream_playing=false peak_db=-200.0 mix_rate=48000 latency=0.0880 @ http://localhost:8771/index.js:451
[  967626ms] [LOG] MON 1 playing=false pos=0.000 stream_playing=false peak_db=-200.0 mix_rate=48000 latency=0.0880 @ http://localhost:8771/index.js:451
[  967878ms] [LOG] MON 1 playing=false pos=0.000 stream_playing=false peak_db=-200.0 mix_rate=48000 latency=0.0880 @ http://localhost:8771/index.js:451
[  968127ms] [LOG] MON 1 playing=false pos=0.000 stream_playing=false peak_db=-200.0 mix_rate=48000 latency=0.0880 @ http://localhost:8771/index.js:451
[  968378ms] [LOG] MON 1 playing=false pos=0.000 stream_playing=false peak_db=-200.0 mix_rate=48000 latency=0.0880 @ http://localhost:8771/index.js:451
[  968627ms] [LOG] MON 1 playing=false pos=0.000 stream_playing=false peak_db=-200.0 mix_rate=48000 latency=0.0880 @ http://localhost:8771/index.js:451
[  968876ms] [LOG] MON 1 playing=false pos=0.000 stream_playing=false peak_db=-200.0 mix_rate=48000 latency=0.0880 @ http://localhost:8771/index.js:451
[  969127ms] [LOG] MON 1 playing=false pos=0.000 stream_playing=false peak_db=-200.0 mix_rate=48000 latency=0.0880 @ http://localhost:8771/index.js:451
[  969376ms] [LOG] MON 1 playing=false pos=0.000 stream_playing=false peak_db=-200.0 mix_rate=48000 latency=0.0880 @ http://localhost:8771/index.js:451
[  969627ms] [LOG] MON 1 playing=false pos=0.000 stream_playing=false peak_db=-200.0 mix_rate=48000 latency=0.0880 @ http://localhost:8771/index.js:451
[  969877ms] [LOG] MON 1 playing=false pos=0.000 stream_playing=false peak_db=-200.0 mix_rate=48000 latency=0.0880 @ http://localhost:8771/index.js:451
[  970127ms] [LOG] MON 1 playing=false pos=0.000 stream_playing=false peak_db=-200.0 mix_rate=48000 latency=0.0880 @ http://localhost:8771/index.js:451
[  970380ms] [LOG] MON 1 playing=false pos=0.000 stream_playing=false peak_db=-200.0 mix_rate=48000 latency=0.0880 @ http://localhost:8771/index.js:451
[  970627ms] [LOG] MON 1 playing=false pos=0.000 stream_playing=false peak_db=-200.0 mix_rate=48000 latency=0.0880 @ http://localhost:8771/index.js:451
[  970878ms] [LOG] MON 1 playing=false pos=0.000 stream_playing=false peak_db=-200.0 mix_rate=48000 latency=0.0880 @ http://localhost:8771/index.js:451
[  971127ms] [LOG] MON 1 playing=false pos=0.000 stream_playing=false peak_db=-200.0 mix_rate=48000 latency=0.0880 @ http://localhost:8771/index.js:451
[  971378ms] [LOG] MON 1 playing=false pos=0.000 stream_playing=false peak_db=-200.0 mix_rate=48000 latency=0.0880 @ http://localhost:8771/index.js:451
[  971626ms] [LOG] MON 1 playing=false pos=0.000 stream_playing=false peak_db=-200.0 mix_rate=48000 latency=0.0880 @ http://localhost:8771/index.js:451
[  971878ms] [LOG] MON 1 playing=false pos=0.000 stream_playing=false peak_db=-200.0 mix_rate=48000 latency=0.0880 @ http://localhost:8771/index.js:451
[  972128ms] [LOG] MON 1 playing=false pos=0.000 stream_playing=false peak_db=-200.0 mix_rate=48000 latency=0.0880 @ http://localhost:8771/index.js:451
[  972376ms] [LOG] MON 1 playing=false pos=0.000 stream_playing=false peak_db=-200.0 mix_rate=48000 latency=0.0880 @ http://localhost:8771/index.js:451
[  972625ms] [LOG] MON 1 playing=false pos=0.000 stream_playing=false peak_db=-200.0 mix_rate=48000 latency=0.0880 @ http://localhost:8771/index.js:451
[  972877ms] [LOG] MON 1 playing=false pos=0.000 stream_playing=false peak_db=-200.0 mix_rate=48000 latency=0.0880 @ http://localhost:8771/index.js:451
[  973127ms] [LOG] MON 1 playing=false pos=0.000 stream_playing=false peak_db=-200.0 mix_rate=48000 latency=0.0880 @ http://localhost:8771/index.js:451
[  973378ms] [LOG] MON 1 playing=false pos=0.000 stream_playing=false peak_db=-200.0 mix_rate=48000 latency=0.0880 @ http://localhost:8771/index.js:451
[  973627ms] [LOG] MON 1 playing=false pos=0.000 stream_playing=false peak_db=-200.0 mix_rate=48000 latency=0.0880 @ http://localhost:8771/index.js:451
[  973877ms] [LOG] MON 1 playing=false pos=0.000 stream_playing=false peak_db=-200.0 mix_rate=48000 latency=0.0880 @ http://localhost:8771/index.js:451
[  974130ms] [LOG] MON 1 playing=false pos=0.000 stream_playing=false peak_db=-200.0 mix_rate=48000 latency=0.0880 @ http://localhost:8771/index.js:451
[  974376ms] [LOG] MON 1 playing=false pos=0.000 stream_playing=false peak_db=-200.0 mix_rate=48000 latency=0.0880 @ http://localhost:8771/index.js:451
[  974627ms] [LOG] MON 1 playing=false pos=0.000 stream_playing=false peak_db=-200.0 mix_rate=48000 latency=0.0880 @ http://localhost:8771/index.js:451
[  974876ms] [LOG] MON 1 playing=false pos=0.000 stream_playing=false peak_db=-200.0 mix_rate=48000 latency=0.0880 @ http://localhost:8771/index.js:451
[  975127ms] [LOG] MON 1 playing=false pos=0.000 stream_playing=false peak_db=-200.0 mix_rate=48000 latency=0.0880 @ http://localhost:8771/index.js:451
[  975378ms] [LOG] MON 1 playing=false pos=0.000 stream_playing=false peak_db=-200.0 mix_rate=48000 latency=0.0880 @ http://localhost:8771/index.js:451
[  975627ms] [LOG] MON 1 playing=false pos=0.000 stream_playing=false peak_db=-200.0 mix_rate=48000 latency=0.0880 @ http://localhost:8771/index.js:451
[  975876ms] [LOG] MON 1 playing=false pos=0.000 stream_playing=false peak_db=-200.0 mix_rate=48000 latency=0.0880 @ http://localhost:8771/index.js:451
[  976126ms] [LOG] MON 1 playing=false pos=0.000 stream_playing=false peak_db=-200.0 mix_rate=48000 latency=0.0880 @ http://localhost:8771/index.js:451
[  976377ms] [LOG] MON 1 playing=false pos=0.000 stream_playing=false peak_db=-200.0 mix_rate=48000 latency=0.0880 @ http://localhost:8771/index.js:451
[  976626ms] [LOG] MON 1 playing=false pos=0.000 stream_playing=false peak_db=-200.0 mix_rate=48000 latency=0.0880 @ http://localhost:8771/index.js:451
[  976875ms] [LOG] MON 1 playing=false pos=0.000 stream_playing=false peak_db=-200.0 mix_rate=48000 latency=0.0880 @ http://localhost:8771/index.js:451
[  977127ms] [LOG] MON 1 playing=false pos=0.000 stream_playing=false peak_db=-200.0 mix_rate=48000 latency=0.0880 @ http://localhost:8771/index.js:451
[  977377ms] [LOG] MON 1 playing=false pos=0.000 stream_playing=false peak_db=-200.0 mix_rate=48000 latency=0.0880 @ http://localhost:8771/index.js:451
[  977628ms] [LOG] MON 1 playing=false pos=0.000 stream_playing=false peak_db=-200.0 mix_rate=48000 latency=0.0880 @ http://localhost:8771/index.js:451
[  977876ms] [LOG] MON 1 playing=false pos=0.000 stream_playing=false peak_db=-200.0 mix_rate=48000 latency=0.0880 @ http://localhost:8771/index.js:451
[  978129ms] [LOG] MON 1 playing=false pos=0.000 stream_playing=false peak_db=-200.0 mix_rate=48000 latency=0.0880 @ http://localhost:8771/index.js:451
[  978378ms] [LOG] MON 1 playing=false pos=0.000 stream_playing=false peak_db=-200.0 mix_rate=48000 latency=0.0880 @ http://localhost:8771/index.js:451
[  978626ms] [LOG] MON 1 playing=false pos=0.000 stream_playing=false peak_db=-200.0 mix_rate=48000 latency=0.0880 @ http://localhost:8771/index.js:451
[  978877ms] [LOG] MON 1 playing=false pos=0.000 stream_playing=false peak_db=-200.0 mix_rate=48000 latency=0.0880 @ http://localhost:8771/index.js:451
[  979127ms] [LOG] MON 1 playing=false pos=0.000 stream_playing=false peak_db=-200.0 mix_rate=48000 latency=0.0880 @ http://localhost:8771/index.js:451
[  979377ms] [LOG] MON 1 playing=false pos=0.000 stream_playing=false peak_db=-200.0 mix_rate=48000 latency=0.0880 @ http://localhost:8771/index.js:451
[  979628ms] [LOG] MON 1 playing=false pos=0.000 stream_playing=false peak_db=-200.0 mix_rate=48000 latency=0.0880 @ http://localhost:8771/index.js:451
[  979876ms] [LOG] MON 1 playing=false pos=0.000 stream_playing=false peak_db=-200.0 mix_rate=48000 latency=0.0880 @ http://localhost:8771/index.js:451
[  980127ms] [LOG] MON 1 playing=false pos=0.000 stream_playing=false peak_db=-200.0 mix_rate=48000 latency=0.0880 @ http://localhost:8771/index.js:451
[  980379ms] [LOG] MON 1 playing=false pos=0.000 stream_playing=false peak_db=-200.0 mix_rate=48000 latency=0.0880 @ http://localhost:8771/index.js:451
[  980626ms] [LOG] MON 1 playing=false pos=0.000 stream_playing=false peak_db=-200.0 mix_rate=48000 latency=0.0880 @ http://localhost:8771/index.js:451
[  980876ms] [LOG] MON 1 playing=false pos=0.000 stream_playing=false peak_db=-200.0 mix_rate=48000 latency=0.0880 @ http://localhost:8771/index.js:451
[  981129ms] [LOG] MON 1 playing=false pos=0.000 stream_playing=false peak_db=-200.0 mix_rate=48000 latency=0.0880 @ http://localhost:8771/index.js:451
[  981378ms] [LOG] MON 1 playing=false pos=0.000 stream_playing=false peak_db=-200.0 mix_rate=48000 latency=0.0880 @ http://localhost:8771/index.js:451
[  981626ms] [LOG] MON 1 playing=false pos=0.000 stream_playing=false peak_db=-200.0 mix_rate=48000 latency=0.0880 @ http://localhost:8771/index.js:451
[  981877ms] [LOG] MON 1 playing=false pos=0.000 stream_playing=false peak_db=-200.0 mix_rate=48000 latency=0.0880 @ http://localhost:8771/index.js:451
[  982127ms] [LOG] MON 1 playing=false pos=0.000 stream_playing=false peak_db=-200.0 mix_rate=48000 latency=0.0880 @ http://localhost:8771/index.js:451
[  982377ms] [LOG] MON 1 playing=false pos=0.000 stream_playing=false peak_db=-200.0 mix_rate=48000 latency=0.0880 @ http://localhost:8771/index.js:451
[  982628ms] [LOG] MON 1 playing=false pos=0.000 stream_playing=false peak_db=-200.0 mix_rate=48000 latency=0.0880 @ http://localhost:8771/index.js:451
[  982875ms] [LOG] MON 1 playing=false pos=0.000 stream_playing=false peak_db=-200.0 mix_rate=48000 latency=0.0880 @ http://localhost:8771/index.js:451
[  983128ms] [LOG] MON 1 playing=false pos=0.000 stream_playing=false peak_db=-200.0 mix_rate=48000 latency=0.0880 @ http://localhost:8771/index.js:451
[  983377ms] [LOG] MON 1 playing=false pos=0.000 stream_playing=false peak_db=-200.0 mix_rate=48000 latency=0.0880 @ http://localhost:8771/index.js:451
[  983627ms] [LOG] MON 1 playing=false pos=0.000 stream_playing=false peak_db=-200.0 mix_rate=48000 latency=0.0880 @ http://localhost:8771/index.js:451
[  983878ms] [LOG] MON 1 playing=false pos=0.000 stream_playing=false peak_db=-200.0 mix_rate=48000 latency=0.0880 @ http://localhost:8771/index.js:451
[  984128ms] [LOG] MON 1 playing=false pos=0.000 stream_playing=false peak_db=-200.0 mix_rate=48000 latency=0.0880 @ http://localhost:8771/index.js:451
[  984378ms] [LOG] MON 1 playing=false pos=0.000 stream_playing=false peak_db=-200.0 mix_rate=48000 latency=0.0880 @ http://localhost:8771/index.js:451
[  984626ms] [LOG] MON 1 playing=false pos=0.000 stream_playing=false peak_db=-200.0 mix_rate=48000 latency=0.0880 @ http://localhost:8771/index.js:451
[  984876ms] [LOG] MON 1 playing=false pos=0.000 stream_playing=false peak_db=-200.0 mix_rate=48000 latency=0.0880 @ http://localhost:8771/index.js:451
[  985127ms] [LOG] MON 1 playing=false pos=0.000 stream_playing=false peak_db=-200.0 mix_rate=48000 latency=0.0880 @ http://localhost:8771/index.js:451
[  985377ms] [LOG] MON 1 playing=false pos=0.000 stream_playing=false peak_db=-200.0 mix_rate=48000 latency=0.0880 @ http://localhost:8771/index.js:451
[  985628ms] [LOG] MON 1 playing=false pos=0.000 stream_playing=false peak_db=-200.0 mix_rate=48000 latency=0.0880 @ http://localhost:8771/index.js:451
[  985879ms] [LOG] MON 1 playing=false pos=0.000 stream_playing=false peak_db=-200.0 mix_rate=48000 latency=0.0880 @ http://localhost:8771/index.js:451
[  986126ms] [LOG] MON 1 playing=false pos=0.000 stream_playing=false peak_db=-200.0 mix_rate=48000 latency=0.0880 @ http://localhost:8771/index.js:451
[  986375ms] [LOG] MON 1 playing=false pos=0.000 stream_playing=false peak_db=-200.0 mix_rate=48000 latency=0.0880 @ http://localhost:8771/index.js:451
[  986628ms] [LOG] MON 1 playing=false pos=0.000 stream_playing=false peak_db=-200.0 mix_rate=48000 latency=0.0880 @ http://localhost:8771/index.js:451
[  986878ms] [LOG] MON 1 playing=false pos=0.000 stream_playing=false peak_db=-200.0 mix_rate=48000 latency=0.0880 @ http://localhost:8771/index.js:451
[  987128ms] [LOG] MON 1 playing=false pos=0.000 stream_playing=false peak_db=-200.0 mix_rate=48000 latency=0.0880 @ http://localhost:8771/index.js:451
[  987378ms] [LOG] MON 1 playing=false pos=0.000 stream_playing=false peak_db=-200.0 mix_rate=48000 latency=0.0880 @ http://localhost:8771/index.js:451
[  987625ms] [LOG] MON 1 playing=false pos=0.000 stream_playing=false peak_db=-200.0 mix_rate=48000 latency=0.0880 @ http://localhost:8771/index.js:451
[  987877ms] [LOG] MON 1 playing=false pos=0.000 stream_playing=false peak_db=-200.0 mix_rate=48000 latency=0.0880 @ http://localhost:8771/index.js:451
[  988128ms] [LOG] MON 1 playing=false pos=0.000 stream_playing=false peak_db=-200.0 mix_rate=48000 latency=0.0880 @ http://localhost:8771/index.js:451
[  988376ms] [LOG] MON 1 playing=false pos=0.000 stream_playing=false peak_db=-200.0 mix_rate=48000 latency=0.0880 @ http://localhost:8771/index.js:451
[  988627ms] [LOG] MON 1 playing=false pos=0.000 stream_playing=false peak_db=-200.0 mix_rate=48000 latency=0.0880 @ http://localhost:8771/index.js:451
[  988879ms] [LOG] MON 1 playing=false pos=0.000 stream_playing=false peak_db=-200.0 mix_rate=48000 latency=0.0880 @ http://localhost:8771/index.js:451
[  989126ms] [LOG] MON 1 playing=false pos=0.000 stream_playing=false peak_db=-200.0 mix_rate=48000 latency=0.0880 @ http://localhost:8771/index.js:451
[  989376ms] [LOG] MON 1 playing=false pos=0.000 stream_playing=false peak_db=-200.0 mix_rate=48000 latency=0.0880 @ http://localhost:8771/index.js:451
[  989626ms] [LOG] MON 1 playing=false pos=0.000 stream_playing=false peak_db=-200.0 mix_rate=48000 latency=0.0880 @ http://localhost:8771/index.js:451
[  989878ms] [LOG] MON 1 playing=false pos=0.000 stream_playing=false peak_db=-200.0 mix_rate=48000 latency=0.0880 @ http://localhost:8771/index.js:451
[  990129ms] [LOG] MON 1 playing=false pos=0.000 stream_playing=false peak_db=-200.0 mix_rate=48000 latency=0.0880 @ http://localhost:8771/index.js:451
[  990376ms] [LOG] MON 1 playing=false pos=0.000 stream_playing=false peak_db=-200.0 mix_rate=48000 latency=0.0880 @ http://localhost:8771/index.js:451
[  990649ms] [LOG] MON 1 playing=false pos=0.000 stream_playing=false peak_db=-200.0 mix_rate=48000 latency=0.0880 @ http://localhost:8771/index.js:451
[  990863ms] [LOG] MON 1 playing=false pos=0.000 stream_playing=false peak_db=-200.0 mix_rate=48000 latency=0.0880 @ http://localhost:8771/index.js:451
[  991109ms] [LOG] MON 1 playing=false pos=0.000 stream_playing=false peak_db=-200.0 mix_rate=48000 latency=0.0880 @ http://localhost:8771/index.js:451
[  991359ms] [LOG] MON 1 playing=false pos=0.000 stream_playing=false peak_db=-200.0 mix_rate=48000 latency=0.0880 @ http://localhost:8771/index.js:451
[  991611ms] [LOG] MON 1 playing=false pos=0.000 stream_playing=false peak_db=-200.0 mix_rate=48000 latency=0.0880 @ http://localhost:8771/index.js:451
[  991861ms] [LOG] MON 1 playing=false pos=0.000 stream_playing=false peak_db=-200.0 mix_rate=48000 latency=0.0880 @ http://localhost:8771/index.js:451
[  992110ms] [LOG] MON 1 playing=false pos=0.000 stream_playing=false peak_db=-200.0 mix_rate=48000 latency=0.0880 @ http://localhost:8771/index.js:451
[  992360ms] [LOG] MON 1 playing=false pos=0.000 stream_playing=false peak_db=-200.0 mix_rate=48000 latency=0.0880 @ http://localhost:8771/index.js:451
[  992612ms] [LOG] MON 1 playing=false pos=0.000 stream_playing=false peak_db=-200.0 mix_rate=48000 latency=0.0880 @ http://localhost:8771/index.js:451
[  992862ms] [LOG] MON 1 playing=false pos=0.000 stream_playing=false peak_db=-200.0 mix_rate=48000 latency=0.0880 @ http://localhost:8771/index.js:451
[  993112ms] [LOG] MON 1 playing=false pos=0.000 stream_playing=false peak_db=-200.0 mix_rate=48000 latency=0.0880 @ http://localhost:8771/index.js:451
[  993363ms] [LOG] MON 1 playing=false pos=0.000 stream_playing=false peak_db=-200.0 mix_rate=48000 latency=0.0880 @ http://localhost:8771/index.js:451
[  993612ms] [LOG] MON 1 playing=false pos=0.000 stream_playing=false peak_db=-200.0 mix_rate=48000 latency=0.0880 @ http://localhost:8771/index.js:451
[  993860ms] [LOG] MON 1 playing=false pos=0.000 stream_playing=false peak_db=-200.0 mix_rate=48000 latency=0.0880 @ http://localhost:8771/index.js:451
[  994111ms] [LOG] MON 1 playing=false pos=0.000 stream_playing=false peak_db=-200.0 mix_rate=48000 latency=0.0880 @ http://localhost:8771/index.js:451
[  994360ms] [LOG] MON 1 playing=false pos=0.000 stream_playing=false peak_db=-200.0 mix_rate=48000 latency=0.0880 @ http://localhost:8771/index.js:451
[  994610ms] [LOG] MON 1 playing=false pos=0.000 stream_playing=false peak_db=-200.0 mix_rate=48000 latency=0.0880 @ http://localhost:8771/index.js:451
[  994860ms] [LOG] MON 1 playing=false pos=0.000 stream_playing=false peak_db=-200.0 mix_rate=48000 latency=0.0880 @ http://localhost:8771/index.js:451
[  995114ms] [LOG] MON 1 playing=false pos=0.000 stream_playing=false peak_db=-200.0 mix_rate=48000 latency=0.0880 @ http://localhost:8771/index.js:451
[  995363ms] [LOG] MON 1 playing=false pos=0.000 stream_playing=false peak_db=-200.0 mix_rate=48000 latency=0.0880 @ http://localhost:8771/index.js:451
[  995612ms] [LOG] MON 1 playing=false pos=0.000 stream_playing=false peak_db=-200.0 mix_rate=48000 latency=0.0880 @ http://localhost:8771/index.js:451
[  995861ms] [LOG] MON 1 playing=false pos=0.000 stream_playing=false peak_db=-200.0 mix_rate=48000 latency=0.0880 @ http://localhost:8771/index.js:451
[  996111ms] [LOG] MON 1 playing=false pos=0.000 stream_playing=false peak_db=-200.0 mix_rate=48000 latency=0.0880 @ http://localhost:8771/index.js:451
[  996362ms] [LOG] MON 1 playing=false pos=0.000 stream_playing=false peak_db=-200.0 mix_rate=48000 latency=0.0880 @ http://localhost:8771/index.js:451
[  996612ms] [LOG] MON 1 playing=false pos=0.000 stream_playing=false peak_db=-200.0 mix_rate=48000 latency=0.0880 @ http://localhost:8771/index.js:451
[  996861ms] [LOG] MON 1 playing=false pos=0.000 stream_playing=false peak_db=-200.0 mix_rate=48000 latency=0.0880 @ http://localhost:8771/index.js:451
[  997111ms] [LOG] MON 1 playing=false pos=0.000 stream_playing=false peak_db=-200.0 mix_rate=48000 latency=0.0880 @ http://localhost:8771/index.js:451
[  997362ms] [LOG] MON 1 playing=false pos=0.000 stream_playing=false peak_db=-200.0 mix_rate=48000 latency=0.0880 @ http://localhost:8771/index.js:451
[  997612ms] [LOG] MON 1 playing=false pos=0.000 stream_playing=false peak_db=-200.0 mix_rate=48000 latency=0.0880 @ http://localhost:8771/index.js:451
[  997860ms] [LOG] MON 1 playing=false pos=0.000 stream_playing=false peak_db=-200.0 mix_rate=48000 latency=0.0880 @ http://localhost:8771/index.js:451
[  998110ms] [LOG] MON 1 playing=false pos=0.000 stream_playing=false peak_db=-200.0 mix_rate=48000 latency=0.0880 @ http://localhost:8771/index.js:451
[  998361ms] [LOG] MON 1 playing=false pos=0.000 stream_playing=false peak_db=-200.0 mix_rate=48000 latency=0.0880 @ http://localhost:8771/index.js:451
[  998612ms] [LOG] MON 1 playing=false pos=0.000 stream_playing=false peak_db=-200.0 mix_rate=48000 latency=0.0880 @ http://localhost:8771/index.js:451
[  998861ms] [LOG] MON 1 playing=false pos=0.000 stream_playing=false peak_db=-200.0 mix_rate=48000 latency=0.0880 @ http://localhost:8771/index.js:451
[  999113ms] [LOG] MON 1 playing=false pos=0.000 stream_playing=false peak_db=-200.0 mix_rate=48000 latency=0.0880 @ http://localhost:8771/index.js:451
[  999362ms] [LOG] MON 1 playing=false pos=0.000 stream_playing=false peak_db=-200.0 mix_rate=48000 latency=0.0880 @ http://localhost:8771/index.js:451
[  999611ms] [LOG] MON 1 playing=false pos=0.000 stream_playing=false peak_db=-200.0 mix_rate=48000 latency=0.0880 @ http://localhost:8771/index.js:451
[  999860ms] [LOG] MON 1 playing=false pos=0.000 stream_playing=false peak_db=-200.0 mix_rate=48000 latency=0.0880 @ http://localhost:8771/index.js:451
[ 1000111ms] [LOG] MON 1 playing=false pos=0.000 stream_playing=false peak_db=-200.0 mix_rate=48000 latency=0.0880 @ http://localhost:8771/index.js:451
[ 1000362ms] [LOG] MON 1 playing=false pos=0.000 stream_playing=false peak_db=-200.0 mix_rate=48000 latency=0.0880 @ http://localhost:8771/index.js:451
[ 1000613ms] [LOG] MON 1 playing=false pos=0.000 stream_playing=false peak_db=-200.0 mix_rate=48000 latency=0.0880 @ http://localhost:8771/index.js:451
[ 1000861ms] [LOG] MON 1 playing=false pos=0.000 stream_playing=false peak_db=-200.0 mix_rate=48000 latency=0.0880 @ http://localhost:8771/index.js:451
[ 1001110ms] [LOG] MON 1 playing=false pos=0.000 stream_playing=false peak_db=-200.0 mix_rate=48000 latency=0.0880 @ http://localhost:8771/index.js:451
[ 1001362ms] [LOG] MON 1 playing=false pos=0.000 stream_playing=false peak_db=-200.0 mix_rate=48000 latency=0.0880 @ http://localhost:8771/index.js:451
[ 1001611ms] [LOG] MON 1 playing=false pos=0.000 stream_playing=false peak_db=-200.0 mix_rate=48000 latency=0.0880 @ http://localhost:8771/index.js:451
[ 1001862ms] [LOG] MON 1 playing=false pos=0.000 stream_playing=false peak_db=-200.0 mix_rate=48000 latency=0.0880 @ http://localhost:8771/index.js:451
[ 1002111ms] [LOG] MON 1 playing=false pos=0.000 stream_playing=false peak_db=-200.0 mix_rate=48000 latency=0.0880 @ http://localhost:8771/index.js:451
[ 1002361ms] [LOG] MON 1 playing=false pos=0.000 stream_playing=false peak_db=-200.0 mix_rate=48000 latency=0.0880 @ http://localhost:8771/index.js:451
[ 1002610ms] [LOG] MON 1 playing=false pos=0.000 stream_playing=false peak_db=-200.0 mix_rate=48000 latency=0.0880 @ http://localhost:8771/index.js:451
[ 1002860ms] [LOG] MON 1 playing=false pos=0.000 stream_playing=false peak_db=-200.0 mix_rate=48000 latency=0.0880 @ http://localhost:8771/index.js:451
[ 1003112ms] [LOG] MON 1 playing=false pos=0.000 stream_playing=false peak_db=-200.0 mix_rate=48000 latency=0.0880 @ http://localhost:8771/index.js:451
[ 1003362ms] [LOG] MON 1 playing=false pos=0.000 stream_playing=false peak_db=-200.0 mix_rate=48000 latency=0.0880 @ http://localhost:8771/index.js:451
[ 1003613ms] [LOG] MON 1 playing=false pos=0.000 stream_playing=false peak_db=-200.0 mix_rate=48000 latency=0.0880 @ http://localhost:8771/index.js:451
[ 1003859ms] [LOG] MON 1 playing=false pos=0.000 stream_playing=false peak_db=-200.0 mix_rate=48000 latency=0.0880 @ http://localhost:8771/index.js:451
[ 1004113ms] [LOG] MON 1 playing=false pos=0.000 stream_playing=false peak_db=-200.0 mix_rate=48000 latency=0.0880 @ http://localhost:8771/index.js:451
[ 1004363ms] [LOG] MON 1 playing=false pos=0.000 stream_playing=false peak_db=-200.0 mix_rate=48000 latency=0.0880 @ http://localhost:8771/index.js:451
[ 1004611ms] [LOG] MON 1 playing=false pos=0.000 stream_playing=false peak_db=-200.0 mix_rate=48000 latency=0.0880 @ http://localhost:8771/index.js:451
[ 1004859ms] [LOG] MON 1 playing=false pos=0.000 stream_playing=false peak_db=-200.0 mix_rate=48000 latency=0.0880 @ http://localhost:8771/index.js:451
[ 1005113ms] [LOG] MON 1 playing=false pos=0.000 stream_playing=false peak_db=-200.0 mix_rate=48000 latency=0.0880 @ http://localhost:8771/index.js:451
[ 1005360ms] [LOG] MON 1 playing=false pos=0.000 stream_playing=false peak_db=-200.0 mix_rate=48000 latency=0.0880 @ http://localhost:8771/index.js:451
[ 1005610ms] [LOG] MON 1 playing=false pos=0.000 stream_playing=false peak_db=-200.0 mix_rate=48000 latency=0.0880 @ http://localhost:8771/index.js:451
[ 1005861ms] [LOG] MON 1 playing=false pos=0.000 stream_playing=false peak_db=-200.0 mix_rate=48000 latency=0.0880 @ http://localhost:8771/index.js:451
[ 1006113ms] [LOG] MON 1 playing=false pos=0.000 stream_playing=false peak_db=-200.0 mix_rate=48000 latency=0.0880 @ http://localhost:8771/index.js:451
[ 1006364ms] [LOG] MON 1 playing=false pos=0.000 stream_playing=false peak_db=-200.0 mix_rate=48000 latency=0.0880 @ http://localhost:8771/index.js:451
[ 1006612ms] [LOG] MON 1 playing=false pos=0.000 stream_playing=false peak_db=-200.0 mix_rate=48000 latency=0.0880 @ http://localhost:8771/index.js:451
[ 1006859ms] [LOG] MON 1 playing=false pos=0.000 stream_playing=false peak_db=-200.0 mix_rate=48000 latency=0.0880 @ http://localhost:8771/index.js:451
[ 1007111ms] [LOG] MON 1 playing=false pos=0.000 stream_playing=false peak_db=-200.0 mix_rate=48000 latency=0.0880 @ http://localhost:8771/index.js:451
[ 1007363ms] [LOG] MON 1 playing=false pos=0.000 stream_playing=false peak_db=-200.0 mix_rate=48000 latency=0.0880 @ http://localhost:8771/index.js:451
[ 1007611ms] [LOG] MON 1 playing=false pos=0.000 stream_playing=false peak_db=-200.0 mix_rate=48000 latency=0.0880 @ http://localhost:8771/index.js:451
[ 1007862ms] [LOG] MON 1 playing=false pos=0.000 stream_playing=false peak_db=-200.0 mix_rate=48000 latency=0.0880 @ http://localhost:8771/index.js:451
[ 1008118ms] [LOG] MON 1 playing=false pos=0.000 stream_playing=false peak_db=-200.0 mix_rate=48000 latency=0.0880 @ http://localhost:8771/index.js:451
[ 1008362ms] [LOG] MON 1 playing=false pos=0.000 stream_playing=false peak_db=-200.0 mix_rate=48000 latency=0.0880 @ http://localhost:8771/index.js:451
[ 1008612ms] [LOG] MON 1 playing=false pos=0.000 stream_playing=false peak_db=-200.0 mix_rate=48000 latency=0.0880 @ http://localhost:8771/index.js:451
[ 1008859ms] [LOG] MON 1 playing=false pos=0.000 stream_playing=false peak_db=-200.0 mix_rate=48000 latency=0.0880 @ http://localhost:8771/index.js:451
[ 1009111ms] [LOG] MON 1 playing=false pos=0.000 stream_playing=false peak_db=-200.0 mix_rate=48000 latency=0.0880 @ http://localhost:8771/index.js:451
[ 1009363ms] [LOG] MON 1 playing=false pos=0.000 stream_playing=false peak_db=-200.0 mix_rate=48000 latency=0.0880 @ http://localhost:8771/index.js:451
[ 1009611ms] [LOG] MON 1 playing=false pos=0.000 stream_playing=false peak_db=-200.0 mix_rate=48000 latency=0.0880 @ http://localhost:8771/index.js:451
[ 1009862ms] [LOG] MON 1 playing=false pos=0.000 stream_playing=false peak_db=-200.0 mix_rate=48000 latency=0.0880 @ http://localhost:8771/index.js:451
[ 1010111ms] [LOG] MON 1 playing=false pos=0.000 stream_playing=false peak_db=-200.0 mix_rate=48000 latency=0.0880 @ http://localhost:8771/index.js:451
[ 1010360ms] [LOG] MON 1 playing=false pos=0.000 stream_playing=false peak_db=-200.0 mix_rate=48000 latency=0.0880 @ http://localhost:8771/index.js:451
[ 1010611ms] [LOG] MON 1 playing=false pos=0.000 stream_playing=false peak_db=-200.0 mix_rate=48000 latency=0.0880 @ http://localhost:8771/index.js:451
[ 1010860ms] [LOG] MON 1 playing=false pos=0.000 stream_playing=false peak_db=-200.0 mix_rate=48000 latency=0.0880 @ http://localhost:8771/index.js:451
[ 1011111ms] [LOG] MON 1 playing=false pos=0.000 stream_playing=false peak_db=-200.0 mix_rate=48000 latency=0.0880 @ http://localhost:8771/index.js:451
[ 1011359ms] [LOG] MON 1 playing=false pos=0.000 stream_playing=false peak_db=-200.0 mix_rate=48000 latency=0.0880 @ http://localhost:8771/index.js:451
[ 1011612ms] [LOG] MON 1 playing=false pos=0.000 stream_playing=false peak_db=-200.0 mix_rate=48000 latency=0.0880 @ http://localhost:8771/index.js:451
[ 1011861ms] [LOG] MON 1 playing=false pos=0.000 stream_playing=false peak_db=-200.0 mix_rate=48000 latency=0.0880 @ http://localhost:8771/index.js:451
[ 1012112ms] [LOG] MON 1 playing=false pos=0.000 stream_playing=false peak_db=-200.0 mix_rate=48000 latency=0.0880 @ http://localhost:8771/index.js:451
[ 1012362ms] [LOG] MON 1 playing=false pos=0.000 stream_playing=false peak_db=-200.0 mix_rate=48000 latency=0.0880 @ http://localhost:8771/index.js:451
[ 1012617ms] [LOG] MON 1 playing=false pos=0.000 stream_playing=false peak_db=-200.0 mix_rate=48000 latency=0.0880 @ http://localhost:8771/index.js:451
[ 1012861ms] [LOG] MON 1 playing=false pos=0.000 stream_playing=false peak_db=-200.0 mix_rate=48000 latency=0.0880 @ http://localhost:8771/index.js:451
[ 1013111ms] [LOG] MON 1 playing=false pos=0.000 stream_playing=false peak_db=-200.0 mix_rate=48000 latency=0.0880 @ http://localhost:8771/index.js:451
[ 1013363ms] [LOG] MON 1 playing=false pos=0.000 stream_playing=false peak_db=-200.0 mix_rate=48000 latency=0.0880 @ http://localhost:8771/index.js:451
[ 1013620ms] [LOG] MON 1 playing=false pos=0.000 stream_playing=false peak_db=-200.0 mix_rate=48000 latency=0.0880 @ http://localhost:8771/index.js:451
[ 1013862ms] [LOG] MON 1 playing=false pos=0.000 stream_playing=false peak_db=-200.0 mix_rate=48000 latency=0.0880 @ http://localhost:8771/index.js:451
[ 1014111ms] [LOG] MON 1 playing=false pos=0.000 stream_playing=false peak_db=-200.0 mix_rate=48000 latency=0.0880 @ http://localhost:8771/index.js:451
[ 1014362ms] [LOG] MON 1 playing=false pos=0.000 stream_playing=false peak_db=-200.0 mix_rate=48000 latency=0.0880 @ http://localhost:8771/index.js:451
[ 1014610ms] [LOG] MON 1 playing=false pos=0.000 stream_playing=false peak_db=-200.0 mix_rate=48000 latency=0.0880 @ http://localhost:8771/index.js:451
[ 1014861ms] [LOG] MON 1 playing=false pos=0.000 stream_playing=false peak_db=-200.0 mix_rate=48000 latency=0.0880 @ http://localhost:8771/index.js:451
[ 1015111ms] [LOG] MON 1 playing=false pos=0.000 stream_playing=false peak_db=-200.0 mix_rate=48000 latency=0.0880 @ http://localhost:8771/index.js:451
[ 1015361ms] [LOG] MON 1 playing=false pos=0.000 stream_playing=false peak_db=-200.0 mix_rate=48000 latency=0.0880 @ http://localhost:8771/index.js:451
[ 1015615ms] [LOG] MON 1 playing=false pos=0.000 stream_playing=false peak_db=-200.0 mix_rate=48000 latency=0.0880 @ http://localhost:8771/index.js:451
[ 1015872ms] [LOG] MON 1 playing=false pos=0.000 stream_playing=false peak_db=-200.0 mix_rate=48000 latency=0.0880 @ http://localhost:8771/index.js:451
[ 1016112ms] [LOG] MON 1 playing=false pos=0.000 stream_playing=false peak_db=-200.0 mix_rate=48000 latency=0.0880 @ http://localhost:8771/index.js:451
[ 1016361ms] [LOG] MON 1 playing=false pos=0.000 stream_playing=false peak_db=-200.0 mix_rate=48000 latency=0.0880 @ http://localhost:8771/index.js:451
[ 1016612ms] [LOG] MON 1 playing=false pos=0.000 stream_playing=false peak_db=-200.0 mix_rate=48000 latency=0.0880 @ http://localhost:8771/index.js:451
[ 1016861ms] [LOG] MON 1 playing=false pos=0.000 stream_playing=false peak_db=-200.0 mix_rate=48000 latency=0.0880 @ http://localhost:8771/index.js:451
[ 1017112ms] [LOG] MON 1 playing=false pos=0.000 stream_playing=false peak_db=-200.0 mix_rate=48000 latency=0.0880 @ http://localhost:8771/index.js:451
[ 1017361ms] [LOG] MON 1 playing=false pos=0.000 stream_playing=false peak_db=-200.0 mix_rate=48000 latency=0.0880 @ http://localhost:8771/index.js:451
[ 1017611ms] [LOG] MON 1 playing=false pos=0.000 stream_playing=false peak_db=-200.0 mix_rate=48000 latency=0.0880 @ http://localhost:8771/index.js:451
[ 1017861ms] [LOG] MON 1 playing=false pos=0.000 stream_playing=false peak_db=-200.0 mix_rate=48000 latency=0.0880 @ http://localhost:8771/index.js:451
[ 1018111ms] [LOG] MON 1 playing=false pos=0.000 stream_playing=false peak_db=-200.0 mix_rate=48000 latency=0.0880 @ http://localhost:8771/index.js:451
[ 1018362ms] [LOG] MON 1 playing=false pos=0.000 stream_playing=false peak_db=-200.0 mix_rate=48000 latency=0.0880 @ http://localhost:8771/index.js:451
[ 1018613ms] [LOG] MON 1 playing=false pos=0.000 stream_playing=false peak_db=-200.0 mix_rate=48000 latency=0.0880 @ http://localhost:8771/index.js:451
[ 1018863ms] [LOG] MON 1 playing=false pos=0.000 stream_playing=false peak_db=-200.0 mix_rate=48000 latency=0.0880 @ http://localhost:8771/index.js:451
[ 1019113ms] [LOG] MON 1 playing=false pos=0.000 stream_playing=false peak_db=-200.0 mix_rate=48000 latency=0.0880 @ http://localhost:8771/index.js:451
[ 1019361ms] [LOG] MON 1 playing=false pos=0.000 stream_playing=false peak_db=-200.0 mix_rate=48000 latency=0.0880 @ http://localhost:8771/index.js:451
[ 1019610ms] [LOG] MON 1 playing=false pos=0.000 stream_playing=false peak_db=-200.0 mix_rate=48000 latency=0.0880 @ http://localhost:8771/index.js:451
[ 1019860ms] [LOG] MON 1 playing=false pos=0.000 stream_playing=false peak_db=-200.0 mix_rate=48000 latency=0.0880 @ http://localhost:8771/index.js:451
[ 1020117ms] [LOG] MON 1 playing=false pos=0.000 stream_playing=false peak_db=-200.0 mix_rate=48000 latency=0.0880 @ http://localhost:8771/index.js:451
[ 1020362ms] [LOG] MON 1 playing=false pos=0.000 stream_playing=false peak_db=-200.0 mix_rate=48000 latency=0.0880 @ http://localhost:8771/index.js:451
[ 1020612ms] [LOG] MON 1 playing=false pos=0.000 stream_playing=false peak_db=-200.0 mix_rate=48000 latency=0.0880 @ http://localhost:8771/index.js:451
[ 1020863ms] [LOG] MON 1 playing=false pos=0.000 stream_playing=false peak_db=-200.0 mix_rate=48000 latency=0.0880 @ http://localhost:8771/index.js:451
[ 1021113ms] [LOG] MON 1 playing=false pos=0.000 stream_playing=false peak_db=-200.0 mix_rate=48000 latency=0.0880 @ http://localhost:8771/index.js:451
[ 1021361ms] [LOG] MON 1 playing=false pos=0.000 stream_playing=false peak_db=-200.0 mix_rate=48000 latency=0.0880 @ http://localhost:8771/index.js:451
[ 1021611ms] [LOG] MON 1 playing=false pos=0.000 stream_playing=false peak_db=-200.0 mix_rate=48000 latency=0.0880 @ http://localhost:8771/index.js:451
[ 1021860ms] [LOG] MON 1 playing=false pos=0.000 stream_playing=false peak_db=-200.0 mix_rate=48000 latency=0.0880 @ http://localhost:8771/index.js:451
[ 1022109ms] [LOG] MON 1 playing=false pos=0.000 stream_playing=false peak_db=-200.0 mix_rate=48000 latency=0.0880 @ http://localhost:8771/index.js:451
[ 1022363ms] [LOG] MON 1 playing=false pos=0.000 stream_playing=false peak_db=-200.0 mix_rate=48000 latency=0.0880 @ http://localhost:8771/index.js:451
[ 1022611ms] [LOG] MON 1 playing=false pos=0.000 stream_playing=false peak_db=-200.0 mix_rate=48000 latency=0.0880 @ http://localhost:8771/index.js:451
[ 1022860ms] [LOG] MON 1 playing=false pos=0.000 stream_playing=false peak_db=-200.0 mix_rate=48000 latency=0.0880 @ http://localhost:8771/index.js:451
[ 1023112ms] [LOG] MON 1 playing=false pos=0.000 stream_playing=false peak_db=-200.0 mix_rate=48000 latency=0.0880 @ http://localhost:8771/index.js:451
[ 1023361ms] [LOG] MON 1 playing=false pos=0.000 stream_playing=false peak_db=-200.0 mix_rate=48000 latency=0.0880 @ http://localhost:8771/index.js:451
[ 1023612ms] [LOG] MON 1 playing=false pos=0.000 stream_playing=false peak_db=-200.0 mix_rate=48000 latency=0.0880 @ http://localhost:8771/index.js:451
[ 1023863ms] [LOG] MON 1 playing=false pos=0.000 stream_playing=false peak_db=-200.0 mix_rate=48000 latency=0.0880 @ http://localhost:8771/index.js:451
[ 1024113ms] [LOG] MON 1 playing=false pos=0.000 stream_playing=false peak_db=-200.0 mix_rate=48000 latency=0.0880 @ http://localhost:8771/index.js:451
[ 1024363ms] [LOG] MON 1 playing=false pos=0.000 stream_playing=false peak_db=-200.0 mix_rate=48000 latency=0.0880 @ http://localhost:8771/index.js:451
[ 1024609ms] [LOG] MON 1 playing=false pos=0.000 stream_playing=false peak_db=-200.0 mix_rate=48000 latency=0.0880 @ http://localhost:8771/index.js:451
[ 1024862ms] [LOG] MON 1 playing=false pos=0.000 stream_playing=false peak_db=-200.0 mix_rate=48000 latency=0.0880 @ http://localhost:8771/index.js:451
[ 1025112ms] [LOG] MON 1 playing=false pos=0.000 stream_playing=false peak_db=-200.0 mix_rate=48000 latency=0.0880 @ http://localhost:8771/index.js:451
[ 1025363ms] [LOG] MON 1 playing=false pos=0.000 stream_playing=false peak_db=-200.0 mix_rate=48000 latency=0.0880 @ http://localhost:8771/index.js:451
[ 1025611ms] [LOG] MON 1 playing=false pos=0.000 stream_playing=false peak_db=-200.0 mix_rate=48000 latency=0.0880 @ http://localhost:8771/index.js:451
[ 1025861ms] [LOG] MON 1 playing=false pos=0.000 stream_playing=false peak_db=-200.0 mix_rate=48000 latency=0.0880 @ http://localhost:8771/index.js:451
[ 1026112ms] [LOG] MON 1 playing=false pos=0.000 stream_playing=false peak_db=-200.0 mix_rate=48000 latency=0.0880 @ http://localhost:8771/index.js:451
[ 1026362ms] [LOG] MON 1 playing=false pos=0.000 stream_playing=false peak_db=-200.0 mix_rate=48000 latency=0.0880 @ http://localhost:8771/index.js:451
[ 1026618ms] [LOG] MON 1 playing=false pos=0.000 stream_playing=false peak_db=-200.0 mix_rate=48000 latency=0.0880 @ http://localhost:8771/index.js:451
[ 1026861ms] [LOG] MON 1 playing=false pos=0.000 stream_playing=false peak_db=-200.0 mix_rate=48000 latency=0.0880 @ http://localhost:8771/index.js:451
[ 1027110ms] [LOG] MON 1 playing=false pos=0.000 stream_playing=false peak_db=-200.0 mix_rate=48000 latency=0.0880 @ http://localhost:8771/index.js:451
[ 1027359ms] [LOG] MON 1 playing=false pos=0.000 stream_playing=false peak_db=-200.0 mix_rate=48000 latency=0.0880 @ http://localhost:8771/index.js:451
[ 1027611ms] [LOG] MON 1 playing=false pos=0.000 stream_playing=false peak_db=-200.0 mix_rate=48000 latency=0.0880 @ http://localhost:8771/index.js:451
[ 1027861ms] [LOG] MON 1 playing=false pos=0.000 stream_playing=false peak_db=-200.0 mix_rate=48000 latency=0.0880 @ http://localhost:8771/index.js:451
[ 1028112ms] [LOG] MON 1 playing=false pos=0.000 stream_playing=false peak_db=-200.0 mix_rate=48000 latency=0.0880 @ http://localhost:8771/index.js:451
[ 1028363ms] [LOG] MON 1 playing=false pos=0.000 stream_playing=false peak_db=-200.0 mix_rate=48000 latency=0.0880 @ http://localhost:8771/index.js:451
[ 1028610ms] [LOG] MON 1 playing=false pos=0.000 stream_playing=false peak_db=-200.0 mix_rate=48000 latency=0.0880 @ http://localhost:8771/index.js:451
[ 1028870ms] [LOG] MON 1 playing=false pos=0.000 stream_playing=false peak_db=-200.0 mix_rate=48000 latency=0.0880 @ http://localhost:8771/index.js:451
[ 1029111ms] [LOG] MON 1 playing=false pos=0.000 stream_playing=false peak_db=-200.0 mix_rate=48000 latency=0.0880 @ http://localhost:8771/index.js:451
[ 1029362ms] [LOG] MON 1 playing=false pos=0.000 stream_playing=false peak_db=-200.0 mix_rate=48000 latency=0.0880 @ http://localhost:8771/index.js:451
[ 1029611ms] [LOG] MON 1 playing=false pos=0.000 stream_playing=false peak_db=-200.0 mix_rate=48000 latency=0.0880 @ http://localhost:8771/index.js:451
[ 1029862ms] [LOG] MON 1 playing=false pos=0.000 stream_playing=false peak_db=-200.0 mix_rate=48000 latency=0.0880 @ http://localhost:8771/index.js:451
[ 1030110ms] [LOG] MON 1 playing=false pos=0.000 stream_playing=false peak_db=-200.0 mix_rate=48000 latency=0.0880 @ http://localhost:8771/index.js:451
[ 1030362ms] [LOG] MON 1 playing=false pos=0.000 stream_playing=false peak_db=-200.0 mix_rate=48000 latency=0.0880 @ http://localhost:8771/index.js:451
[ 1030613ms] [LOG] MON 1 playing=false pos=0.000 stream_playing=false peak_db=-200.0 mix_rate=48000 latency=0.0880 @ http://localhost:8771/index.js:451
[ 1030862ms] [LOG] MON 1 playing=false pos=0.000 stream_playing=false peak_db=-200.0 mix_rate=48000 latency=0.0880 @ http://localhost:8771/index.js:451
[ 1031112ms] [LOG] MON 1 playing=false pos=0.000 stream_playing=false peak_db=-200.0 mix_rate=48000 latency=0.0880 @ http://localhost:8771/index.js:451
[ 1031361ms] [LOG] MON 1 playing=false pos=0.000 stream_playing=false peak_db=-200.0 mix_rate=48000 latency=0.0880 @ http://localhost:8771/index.js:451
[ 1031611ms] [LOG] MON 1 playing=false pos=0.000 stream_playing=false peak_db=-200.0 mix_rate=48000 latency=0.0880 @ http://localhost:8771/index.js:451
[ 1031862ms] [LOG] MON 1 playing=false pos=0.000 stream_playing=false peak_db=-200.0 mix_rate=48000 latency=0.0880 @ http://localhost:8771/index.js:451
[ 1032112ms] [LOG] MON 1 playing=false pos=0.000 stream_playing=false peak_db=-200.0 mix_rate=48000 latency=0.0880 @ http://localhost:8771/index.js:451
[ 1032361ms] [LOG] MON 1 playing=false pos=0.000 stream_playing=false peak_db=-200.0 mix_rate=48000 latency=0.0880 @ http://localhost:8771/index.js:451
[ 1032615ms] [LOG] MON 1 playing=false pos=0.000 stream_playing=false peak_db=-200.0 mix_rate=48000 latency=0.0880 @ http://localhost:8771/index.js:451
[ 1032861ms] [LOG] MON 1 playing=false pos=0.000 stream_playing=false peak_db=-200.0 mix_rate=48000 latency=0.0880 @ http://localhost:8771/index.js:451
[ 1033109ms] [LOG] MON 1 playing=false pos=0.000 stream_playing=false peak_db=-200.0 mix_rate=48000 latency=0.0880 @ http://localhost:8771/index.js:451
[ 1033361ms] [LOG] MON 1 playing=false pos=0.000 stream_playing=false peak_db=-200.0 mix_rate=48000 latency=0.0880 @ http://localhost:8771/index.js:451
[ 1033609ms] [LOG] MON 1 playing=false pos=0.000 stream_playing=false peak_db=-200.0 mix_rate=48000 latency=0.0880 @ http://localhost:8771/index.js:451
[ 1033862ms] [LOG] MON 1 playing=false pos=0.000 stream_playing=false peak_db=-200.0 mix_rate=48000 latency=0.0880 @ http://localhost:8771/index.js:451
[ 1034112ms] [LOG] MON 1 playing=false pos=0.000 stream_playing=false peak_db=-200.0 mix_rate=48000 latency=0.0880 @ http://localhost:8771/index.js:451
[ 1034362ms] [LOG] MON 1 playing=false pos=0.000 stream_playing=false peak_db=-200.0 mix_rate=48000 latency=0.0880 @ http://localhost:8771/index.js:451
[ 1034612ms] [LOG] MON 1 playing=false pos=0.000 stream_playing=false peak_db=-200.0 mix_rate=48000 latency=0.0880 @ http://localhost:8771/index.js:451
[ 1034862ms] [LOG] MON 1 playing=false pos=0.000 stream_playing=false peak_db=-200.0 mix_rate=48000 latency=0.0880 @ http://localhost:8771/index.js:451
[ 1035111ms] [LOG] MON 1 playing=false pos=0.000 stream_playing=false peak_db=-200.0 mix_rate=48000 latency=0.0880 @ http://localhost:8771/index.js:451
[ 1035361ms] [LOG] MON 1 playing=false pos=0.000 stream_playing=false peak_db=-200.0 mix_rate=48000 latency=0.0880 @ http://localhost:8771/index.js:451
[ 1035611ms] [LOG] MON 1 playing=false pos=0.000 stream_playing=false peak_db=-200.0 mix_rate=48000 latency=0.0880 @ http://localhost:8771/index.js:451
[ 1035862ms] [LOG] MON 1 playing=false pos=0.000 stream_playing=false peak_db=-200.0 mix_rate=48000 latency=0.0880 @ http://localhost:8771/index.js:451
[ 1036112ms] [LOG] MON 1 playing=false pos=0.000 stream_playing=false peak_db=-200.0 mix_rate=48000 latency=0.0880 @ http://localhost:8771/index.js:451
[ 1036363ms] [LOG] MON 1 playing=false pos=0.000 stream_playing=false peak_db=-200.0 mix_rate=48000 latency=0.0880 @ http://localhost:8771/index.js:451
[ 1036612ms] [LOG] MON 1 playing=false pos=0.000 stream_playing=false peak_db=-200.0 mix_rate=48000 latency=0.0880 @ http://localhost:8771/index.js:451
[ 1036861ms] [LOG] MON 1 playing=false pos=0.000 stream_playing=false peak_db=-200.0 mix_rate=48000 latency=0.0880 @ http://localhost:8771/index.js:451
[ 1037114ms] [LOG] MON 1 playing=false pos=0.000 stream_playing=false peak_db=-200.0 mix_rate=48000 latency=0.0880 @ http://localhost:8771/index.js:451
[ 1037362ms] [LOG] MON 1 playing=false pos=0.000 stream_playing=false peak_db=-200.0 mix_rate=48000 latency=0.0880 @ http://localhost:8771/index.js:451
[ 1037615ms] [LOG] MON 1 playing=false pos=0.000 stream_playing=false peak_db=-200.0 mix_rate=48000 latency=0.0880 @ http://localhost:8771/index.js:451
[ 1037862ms] [LOG] MON 1 playing=false pos=0.000 stream_playing=false peak_db=-200.0 mix_rate=48000 latency=0.0880 @ http://localhost:8771/index.js:451
[ 1038110ms] [LOG] MON 1 playing=false pos=0.000 stream_playing=false peak_db=-200.0 mix_rate=48000 latency=0.0880 @ http://localhost:8771/index.js:451
[ 1038360ms] [LOG] MON 1 playing=false pos=0.000 stream_playing=false peak_db=-200.0 mix_rate=48000 latency=0.0880 @ http://localhost:8771/index.js:451
[ 1038615ms] [LOG] MON 1 playing=false pos=0.000 stream_playing=false peak_db=-200.0 mix_rate=48000 latency=0.0880 @ http://localhost:8771/index.js:451
[ 1038862ms] [LOG] MON 1 playing=false pos=0.000 stream_playing=false peak_db=-200.0 mix_rate=48000 latency=0.0880 @ http://localhost:8771/index.js:451
[ 1039112ms] [LOG] MON 1 playing=false pos=0.000 stream_playing=false peak_db=-200.0 mix_rate=48000 latency=0.0880 @ http://localhost:8771/index.js:451
[ 1039361ms] [LOG] MON 1 playing=false pos=0.000 stream_playing=false peak_db=-200.0 mix_rate=48000 latency=0.0880 @ http://localhost:8771/index.js:451
[ 1039612ms] [LOG] MON 1 playing=false pos=0.000 stream_playing=false peak_db=-200.0 mix_rate=48000 latency=0.0880 @ http://localhost:8771/index.js:451
[ 1039863ms] [LOG] MON 1 playing=false pos=0.000 stream_playing=false peak_db=-200.0 mix_rate=48000 latency=0.0880 @ http://localhost:8771/index.js:451
[ 1040112ms] [LOG] MON 1 playing=false pos=0.000 stream_playing=false peak_db=-200.0 mix_rate=48000 latency=0.0880 @ http://localhost:8771/index.js:451
[ 1040361ms] [LOG] MON 1 playing=false pos=0.000 stream_playing=false peak_db=-200.0 mix_rate=48000 latency=0.0880 @ http://localhost:8771/index.js:451
[ 1040611ms] [LOG] MON 1 playing=false pos=0.000 stream_playing=false peak_db=-200.0 mix_rate=48000 latency=0.0880 @ http://localhost:8771/index.js:451
[ 1040861ms] [LOG] MON 1 playing=false pos=0.000 stream_playing=false peak_db=-200.0 mix_rate=48000 latency=0.0880 @ http://localhost:8771/index.js:451
[ 1041109ms] [LOG] MON 1 playing=false pos=0.000 stream_playing=false peak_db=-200.0 mix_rate=48000 latency=0.0880 @ http://localhost:8771/index.js:451
[ 1041362ms] [LOG] MON 1 playing=false pos=0.000 stream_playing=false peak_db=-200.0 mix_rate=48000 latency=0.0880 @ http://localhost:8771/index.js:451
[ 1041611ms] [LOG] MON 1 playing=false pos=0.000 stream_playing=false peak_db=-200.0 mix_rate=48000 latency=0.0880 @ http://localhost:8771/index.js:451
[ 1041861ms] [LOG] MON 1 playing=false pos=0.000 stream_playing=false peak_db=-200.0 mix_rate=48000 latency=0.0880 @ http://localhost:8771/index.js:451
[ 1042111ms] [LOG] MON 1 playing=false pos=0.000 stream_playing=false peak_db=-200.0 mix_rate=48000 latency=0.0880 @ http://localhost:8771/index.js:451
[ 1042361ms] [LOG] MON 1 playing=false pos=0.000 stream_playing=false peak_db=-200.0 mix_rate=48000 latency=0.0880 @ http://localhost:8771/index.js:451
[ 1042615ms] [LOG] MON 1 playing=false pos=0.000 stream_playing=false peak_db=-200.0 mix_rate=48000 latency=0.0880 @ http://localhost:8771/index.js:451
[ 1042863ms] [LOG] MON 1 playing=false pos=0.000 stream_playing=false peak_db=-200.0 mix_rate=48000 latency=0.0880 @ http://localhost:8771/index.js:451
[ 1043111ms] [LOG] MON 1 playing=false pos=0.000 stream_playing=false peak_db=-200.0 mix_rate=48000 latency=0.0880 @ http://localhost:8771/index.js:451
[ 1043361ms] [LOG] MON 1 playing=false pos=0.000 stream_playing=false peak_db=-200.0 mix_rate=48000 latency=0.0880 @ http://localhost:8771/index.js:451
[ 1043614ms] [LOG] MON 1 playing=false pos=0.000 stream_playing=false peak_db=-200.0 mix_rate=48000 latency=0.0880 @ http://localhost:8771/index.js:451
[ 1043861ms] [LOG] MON 1 playing=false pos=0.000 stream_playing=false peak_db=-200.0 mix_rate=48000 latency=0.0880 @ http://localhost:8771/index.js:451
[ 1044113ms] [LOG] MON 1 playing=false pos=0.000 stream_playing=false peak_db=-200.0 mix_rate=48000 latency=0.0880 @ http://localhost:8771/index.js:451
[ 1044362ms] [LOG] MON 1 playing=false pos=0.000 stream_playing=false peak_db=-200.0 mix_rate=48000 latency=0.0880 @ http://localhost:8771/index.js:451
[ 1044611ms] [LOG] MON 1 playing=false pos=0.000 stream_playing=false peak_db=-200.0 mix_rate=48000 latency=0.0880 @ http://localhost:8771/index.js:451
[ 1044861ms] [LOG] MON 1 playing=false pos=0.000 stream_playing=false peak_db=-200.0 mix_rate=48000 latency=0.0880 @ http://localhost:8771/index.js:451
[ 1045112ms] [LOG] MON 1 playing=false pos=0.000 stream_playing=false peak_db=-200.0 mix_rate=48000 latency=0.0880 @ http://localhost:8771/index.js:451
[ 1045360ms] [LOG] MON 1 playing=false pos=0.000 stream_playing=false peak_db=-200.0 mix_rate=48000 latency=0.0880 @ http://localhost:8771/index.js:451
[ 1045610ms] [LOG] MON 1 playing=false pos=0.000 stream_playing=false peak_db=-200.0 mix_rate=48000 latency=0.0880 @ http://localhost:8771/index.js:451
[ 1045862ms] [LOG] MON 1 playing=false pos=0.000 stream_playing=false peak_db=-200.0 mix_rate=48000 latency=0.0880 @ http://localhost:8771/index.js:451
[ 1046111ms] [LOG] MON 1 playing=false pos=0.000 stream_playing=false peak_db=-200.0 mix_rate=48000 latency=0.0880 @ http://localhost:8771/index.js:451
[ 1046362ms] [LOG] MON 1 playing=false pos=0.000 stream_playing=false peak_db=-200.0 mix_rate=48000 latency=0.0880 @ http://localhost:8771/index.js:451
[ 1046610ms] [LOG] MON 1 playing=false pos=0.000 stream_playing=false peak_db=-200.0 mix_rate=48000 latency=0.0880 @ http://localhost:8771/index.js:451
[ 1046862ms] [LOG] MON 1 playing=false pos=0.000 stream_playing=false peak_db=-200.0 mix_rate=48000 latency=0.0880 @ http://localhost:8771/index.js:451
[ 1047112ms] [LOG] MON 1 playing=false pos=0.000 stream_playing=false peak_db=-200.0 mix_rate=48000 latency=0.0880 @ http://localhost:8771/index.js:451
[ 1047361ms] [LOG] MON 1 playing=false pos=0.000 stream_playing=false peak_db=-200.0 mix_rate=48000 latency=0.0880 @ http://localhost:8771/index.js:451
[ 1047610ms] [LOG] MON 1 playing=false pos=0.000 stream_playing=false peak_db=-200.0 mix_rate=48000 latency=0.0880 @ http://localhost:8771/index.js:451
[ 1047861ms] [LOG] MON 1 playing=false pos=0.000 stream_playing=false peak_db=-200.0 mix_rate=48000 latency=0.0880 @ http://localhost:8771/index.js:451
[ 1048112ms] [LOG] MON 1 playing=false pos=0.000 stream_playing=false peak_db=-200.0 mix_rate=48000 latency=0.0880 @ http://localhost:8771/index.js:451
[ 1048367ms] [LOG] MON 1 playing=false pos=0.000 stream_playing=false peak_db=-200.0 mix_rate=48000 latency=0.0880 @ http://localhost:8771/index.js:451
[ 1048610ms] [LOG] MON 1 playing=false pos=0.000 stream_playing=false peak_db=-200.0 mix_rate=48000 latency=0.0880 @ http://localhost:8771/index.js:451
[ 1048861ms] [LOG] MON 1 playing=false pos=0.000 stream_playing=false peak_db=-200.0 mix_rate=48000 latency=0.0880 @ http://localhost:8771/index.js:451
[ 1049112ms] [LOG] MON 1 playing=false pos=0.000 stream_playing=false peak_db=-200.0 mix_rate=48000 latency=0.0880 @ http://localhost:8771/index.js:451
[ 1049360ms] [LOG] MON 1 playing=false pos=0.000 stream_playing=false peak_db=-200.0 mix_rate=48000 latency=0.0880 @ http://localhost:8771/index.js:451
[ 1049611ms] [LOG] MON 1 playing=false pos=0.000 stream_playing=false peak_db=-200.0 mix_rate=48000 latency=0.0880 @ http://localhost:8771/index.js:451
[ 1049860ms] [LOG] MON 1 playing=false pos=0.000 stream_playing=false peak_db=-200.0 mix_rate=48000 latency=0.0880 @ http://localhost:8771/index.js:451
[ 1050112ms] [LOG] MON 1 playing=false pos=0.000 stream_playing=false peak_db=-200.0 mix_rate=48000 latency=0.0880 @ http://localhost:8771/index.js:451
[ 1050363ms] [LOG] MON 1 playing=false pos=0.000 stream_playing=false peak_db=-200.0 mix_rate=48000 latency=0.0880 @ http://localhost:8771/index.js:451
[ 1050613ms] [LOG] MON 1 playing=false pos=0.000 stream_playing=false peak_db=-200.0 mix_rate=48000 latency=0.0880 @ http://localhost:8771/index.js:451
[ 1050861ms] [LOG] MON 1 playing=false pos=0.000 stream_playing=false peak_db=-200.0 mix_rate=48000 latency=0.0880 @ http://localhost:8771/index.js:451
[ 1051112ms] [LOG] MON 1 playing=false pos=0.000 stream_playing=false peak_db=-200.0 mix_rate=48000 latency=0.0880 @ http://localhost:8771/index.js:451
[ 1051362ms] [LOG] MON 1 playing=false pos=0.000 stream_playing=false peak_db=-200.0 mix_rate=48000 latency=0.0880 @ http://localhost:8771/index.js:451
[ 1051611ms] [LOG] MON 1 playing=false pos=0.000 stream_playing=false peak_db=-200.0 mix_rate=48000 latency=0.0880 @ http://localhost:8771/index.js:451
[ 1051861ms] [LOG] MON 1 playing=false pos=0.000 stream_playing=false peak_db=-200.0 mix_rate=48000 latency=0.0880 @ http://localhost:8771/index.js:451
[ 1052110ms] [LOG] MON 1 playing=false pos=0.000 stream_playing=false peak_db=-200.0 mix_rate=48000 latency=0.0880 @ http://localhost:8771/index.js:451
[ 1052359ms] [LOG] MON 1 playing=false pos=0.000 stream_playing=false peak_db=-200.0 mix_rate=48000 latency=0.0880 @ http://localhost:8771/index.js:451
[ 1052611ms] [LOG] MON 1 playing=false pos=0.000 stream_playing=false peak_db=-200.0 mix_rate=48000 latency=0.0880 @ http://localhost:8771/index.js:451
[ 1052860ms] [LOG] MON 1 playing=false pos=0.000 stream_playing=false peak_db=-200.0 mix_rate=48000 latency=0.0880 @ http://localhost:8771/index.js:451
[ 1053109ms] [LOG] MON 1 playing=false pos=0.000 stream_playing=false peak_db=-200.0 mix_rate=48000 latency=0.0880 @ http://localhost:8771/index.js:451
[ 1053360ms] [LOG] MON 1 playing=false pos=0.000 stream_playing=false peak_db=-200.0 mix_rate=48000 latency=0.0880 @ http://localhost:8771/index.js:451
[ 1053610ms] [LOG] MON 1 playing=false pos=0.000 stream_playing=false peak_db=-200.0 mix_rate=48000 latency=0.0880 @ http://localhost:8771/index.js:451
[ 1053861ms] [LOG] MON 1 playing=false pos=0.000 stream_playing=false peak_db=-200.0 mix_rate=48000 latency=0.0880 @ http://localhost:8771/index.js:451
[ 1054111ms] [LOG] MON 1 playing=false pos=0.000 stream_playing=false peak_db=-200.0 mix_rate=48000 latency=0.0880 @ http://localhost:8771/index.js:451
[ 1054359ms] [LOG] MON 1 playing=false pos=0.000 stream_playing=false peak_db=-200.0 mix_rate=48000 latency=0.0880 @ http://localhost:8771/index.js:451
[ 1054609ms] [LOG] MON 1 playing=false pos=0.000 stream_playing=false peak_db=-200.0 mix_rate=48000 latency=0.0880 @ http://localhost:8771/index.js:451
[ 1054859ms] [LOG] MON 1 playing=false pos=0.000 stream_playing=false peak_db=-200.0 mix_rate=48000 latency=0.0880 @ http://localhost:8771/index.js:451
[ 1055114ms] [LOG] MON 1 playing=false pos=0.000 stream_playing=false peak_db=-200.0 mix_rate=48000 latency=0.0880 @ http://localhost:8771/index.js:451
[ 1055361ms] [LOG] MON 1 playing=false pos=0.000 stream_playing=false peak_db=-200.0 mix_rate=48000 latency=0.0880 @ http://localhost:8771/index.js:451
[ 1055614ms] [LOG] MON 1 playing=false pos=0.000 stream_playing=false peak_db=-200.0 mix_rate=48000 latency=0.0880 @ http://localhost:8771/index.js:451
[ 1055861ms] [LOG] MON 1 playing=false pos=0.000 stream_playing=false peak_db=-200.0 mix_rate=48000 latency=0.0880 @ http://localhost:8771/index.js:451
[ 1056111ms] [LOG] MON 1 playing=false pos=0.000 stream_playing=false peak_db=-200.0 mix_rate=48000 latency=0.0880 @ http://localhost:8771/index.js:451
[ 1056359ms] [LOG] MON 1 playing=false pos=0.000 stream_playing=false peak_db=-200.0 mix_rate=48000 latency=0.0880 @ http://localhost:8771/index.js:451
[ 1056609ms] [LOG] MON 1 playing=false pos=0.000 stream_playing=false peak_db=-200.0 mix_rate=48000 latency=0.0880 @ http://localhost:8771/index.js:451
[ 1056861ms] [LOG] MON 1 playing=false pos=0.000 stream_playing=false peak_db=-200.0 mix_rate=48000 latency=0.0880 @ http://localhost:8771/index.js:451
[ 1057111ms] [LOG] MON 1 playing=false pos=0.000 stream_playing=false peak_db=-200.0 mix_rate=48000 latency=0.0880 @ http://localhost:8771/index.js:451
[ 1057361ms] [LOG] MON 1 playing=false pos=0.000 stream_playing=false peak_db=-200.0 mix_rate=48000 latency=0.0880 @ http://localhost:8771/index.js:451
[ 1057611ms] [LOG] MON 1 playing=false pos=0.000 stream_playing=false peak_db=-200.0 mix_rate=48000 latency=0.0880 @ http://localhost:8771/index.js:451
[ 1057861ms] [LOG] MON 1 playing=false pos=0.000 stream_playing=false peak_db=-200.0 mix_rate=48000 latency=0.0880 @ http://localhost:8771/index.js:451
[ 1058111ms] [LOG] MON 1 playing=false pos=0.000 stream_playing=false peak_db=-200.0 mix_rate=48000 latency=0.0880 @ http://localhost:8771/index.js:451
[ 1058359ms] [LOG] MON 1 playing=false pos=0.000 stream_playing=false peak_db=-200.0 mix_rate=48000 latency=0.0880 @ http://localhost:8771/index.js:451
[ 1058610ms] [LOG] MON 1 playing=false pos=0.000 stream_playing=false peak_db=-200.0 mix_rate=48000 latency=0.0880 @ http://localhost:8771/index.js:451
[ 1058859ms] [LOG] MON 1 playing=false pos=0.000 stream_playing=false peak_db=-200.0 mix_rate=48000 latency=0.0880 @ http://localhost:8771/index.js:451
[ 1059111ms] [LOG] MON 1 playing=false pos=0.000 stream_playing=false peak_db=-200.0 mix_rate=48000 latency=0.0880 @ http://localhost:8771/index.js:451
[ 1059359ms] [LOG] MON 1 playing=false pos=0.000 stream_playing=false peak_db=-200.0 mix_rate=48000 latency=0.0880 @ http://localhost:8771/index.js:451
[ 1059610ms] [LOG] MON 1 playing=false pos=0.000 stream_playing=false peak_db=-200.0 mix_rate=48000 latency=0.0880 @ http://localhost:8771/index.js:451
[ 1059861ms] [LOG] MON 1 playing=false pos=0.000 stream_playing=false peak_db=-200.0 mix_rate=48000 latency=0.0880 @ http://localhost:8771/index.js:451
[ 1060111ms] [LOG] MON 1 playing=false pos=0.000 stream_playing=false peak_db=-200.0 mix_rate=48000 latency=0.0880 @ http://localhost:8771/index.js:451
[ 1060360ms] [LOG] MON 1 playing=false pos=0.000 stream_playing=false peak_db=-200.0 mix_rate=48000 latency=0.0880 @ http://localhost:8771/index.js:451
[ 1060610ms] [LOG] MON 1 playing=false pos=0.000 stream_playing=false peak_db=-200.0 mix_rate=48000 latency=0.0880 @ http://localhost:8771/index.js:451
[ 1060861ms] [LOG] MON 1 playing=false pos=0.000 stream_playing=false peak_db=-200.0 mix_rate=48000 latency=0.0880 @ http://localhost:8771/index.js:451
[ 1061111ms] [LOG] MON 1 playing=false pos=0.000 stream_playing=false peak_db=-200.0 mix_rate=48000 latency=0.0880 @ http://localhost:8771/index.js:451
[ 1061361ms] [LOG] MON 1 playing=false pos=0.000 stream_playing=false peak_db=-200.0 mix_rate=48000 latency=0.0880 @ http://localhost:8771/index.js:451
[ 1061611ms] [LOG] MON 1 playing=false pos=0.000 stream_playing=false peak_db=-200.0 mix_rate=48000 latency=0.0880 @ http://localhost:8771/index.js:451
[ 1061861ms] [LOG] MON 1 playing=false pos=0.000 stream_playing=false peak_db=-200.0 mix_rate=48000 latency=0.0880 @ http://localhost:8771/index.js:451
[ 1062112ms] [LOG] MON 1 playing=false pos=0.000 stream_playing=false peak_db=-200.0 mix_rate=48000 latency=0.0880 @ http://localhost:8771/index.js:451
[ 1062361ms] [LOG] MON 1 playing=false pos=0.000 stream_playing=false peak_db=-200.0 mix_rate=48000 latency=0.0880 @ http://localhost:8771/index.js:451
[ 1062611ms] [LOG] MON 1 playing=false pos=0.000 stream_playing=false peak_db=-200.0 mix_rate=48000 latency=0.0880 @ http://localhost:8771/index.js:451
[ 1062859ms] [LOG] MON 1 playing=false pos=0.000 stream_playing=false peak_db=-200.0 mix_rate=48000 latency=0.0880 @ http://localhost:8771/index.js:451
[ 1063109ms] [LOG] MON 1 playing=false pos=0.000 stream_playing=false peak_db=-200.0 mix_rate=48000 latency=0.0880 @ http://localhost:8771/index.js:451
[ 1063361ms] [LOG] MON 1 playing=false pos=0.000 stream_playing=false peak_db=-200.0 mix_rate=48000 latency=0.0880 @ http://localhost:8771/index.js:451
[ 1063610ms] [LOG] MON 1 playing=false pos=0.000 stream_playing=false peak_db=-200.0 mix_rate=48000 latency=0.0880 @ http://localhost:8771/index.js:451
[ 1063862ms] [LOG] MON 1 playing=false pos=0.000 stream_playing=false peak_db=-200.0 mix_rate=48000 latency=0.0880 @ http://localhost:8771/index.js:451
[ 1064111ms] [LOG] MON 1 playing=false pos=0.000 stream_playing=false peak_db=-200.0 mix_rate=48000 latency=0.0880 @ http://localhost:8771/index.js:451
[ 1064361ms] [LOG] MON 1 playing=false pos=0.000 stream_playing=false peak_db=-200.0 mix_rate=48000 latency=0.0880 @ http://localhost:8771/index.js:451
[ 1064609ms] [LOG] MON 1 playing=false pos=0.000 stream_playing=false peak_db=-200.0 mix_rate=48000 latency=0.0880 @ http://localhost:8771/index.js:451
[ 1064860ms] [LOG] MON 1 playing=false pos=0.000 stream_playing=false peak_db=-200.0 mix_rate=48000 latency=0.0880 @ http://localhost:8771/index.js:451
[ 1065111ms] [LOG] MON 1 playing=false pos=0.000 stream_playing=false peak_db=-200.0 mix_rate=48000 latency=0.0880 @ http://localhost:8771/index.js:451
[ 1065361ms] [LOG] MON 1 playing=false pos=0.000 stream_playing=false peak_db=-200.0 mix_rate=48000 latency=0.0880 @ http://localhost:8771/index.js:451
[ 1065610ms] [LOG] MON 1 playing=false pos=0.000 stream_playing=false peak_db=-200.0 mix_rate=48000 latency=0.0880 @ http://localhost:8771/index.js:451
[ 1065862ms] [LOG] MON 1 playing=false pos=0.000 stream_playing=false peak_db=-200.0 mix_rate=48000 latency=0.0880 @ http://localhost:8771/index.js:451
[ 1066109ms] [LOG] MON 1 playing=false pos=0.000 stream_playing=false peak_db=-200.0 mix_rate=48000 latency=0.0880 @ http://localhost:8771/index.js:451
[ 1066359ms] [LOG] MON 1 playing=false pos=0.000 stream_playing=false peak_db=-200.0 mix_rate=48000 latency=0.0880 @ http://localhost:8771/index.js:451
[ 1066611ms] [LOG] MON 1 playing=false pos=0.000 stream_playing=false peak_db=-200.0 mix_rate=48000 latency=0.0880 @ http://localhost:8771/index.js:451
[ 1066860ms] [LOG] MON 1 playing=false pos=0.000 stream_playing=false peak_db=-200.0 mix_rate=48000 latency=0.0880 @ http://localhost:8771/index.js:451
[ 1067110ms] [LOG] MON 1 playing=false pos=0.000 stream_playing=false peak_db=-200.0 mix_rate=48000 latency=0.0880 @ http://localhost:8771/index.js:451
[ 1067361ms] [LOG] MON 1 playing=false pos=0.000 stream_playing=false peak_db=-200.0 mix_rate=48000 latency=0.0880 @ http://localhost:8771/index.js:451
[ 1067611ms] [LOG] MON 1 playing=false pos=0.000 stream_playing=false peak_db=-200.0 mix_rate=48000 latency=0.0880 @ http://localhost:8771/index.js:451
[ 1067861ms] [LOG] MON 1 playing=false pos=0.000 stream_playing=false peak_db=-200.0 mix_rate=48000 latency=0.0880 @ http://localhost:8771/index.js:451
[ 1068111ms] [LOG] MON 1 playing=false pos=0.000 stream_playing=false peak_db=-200.0 mix_rate=48000 latency=0.0880 @ http://localhost:8771/index.js:451
[ 1068361ms] [LOG] MON 1 playing=false pos=0.000 stream_playing=false peak_db=-200.0 mix_rate=48000 latency=0.0880 @ http://localhost:8771/index.js:451
[ 1068611ms] [LOG] MON 1 playing=false pos=0.000 stream_playing=false peak_db=-200.0 mix_rate=48000 latency=0.0880 @ http://localhost:8771/index.js:451
[ 1068864ms] [LOG] MON 1 playing=false pos=0.000 stream_playing=false peak_db=-200.0 mix_rate=48000 latency=0.0880 @ http://localhost:8771/index.js:451
[ 1069109ms] [LOG] MON 1 playing=false pos=0.000 stream_playing=false peak_db=-200.0 mix_rate=48000 latency=0.0880 @ http://localhost:8771/index.js:451
[ 1069359ms] [LOG] MON 1 playing=false pos=0.000 stream_playing=false peak_db=-200.0 mix_rate=48000 latency=0.0880 @ http://localhost:8771/index.js:451
[ 1069611ms] [LOG] MON 1 playing=false pos=0.000 stream_playing=false peak_db=-200.0 mix_rate=48000 latency=0.0880 @ http://localhost:8771/index.js:451
[ 1069861ms] [LOG] MON 1 playing=false pos=0.000 stream_playing=false peak_db=-200.0 mix_rate=48000 latency=0.0880 @ http://localhost:8771/index.js:451
[ 1070110ms] [LOG] MON 1 playing=false pos=0.000 stream_playing=false peak_db=-200.0 mix_rate=48000 latency=0.0880 @ http://localhost:8771/index.js:451
[ 1070359ms] [LOG] MON 1 playing=false pos=0.000 stream_playing=false peak_db=-200.0 mix_rate=48000 latency=0.0880 @ http://localhost:8771/index.js:451
[ 1070613ms] [LOG] MON 1 playing=false pos=0.000 stream_playing=false peak_db=-200.0 mix_rate=48000 latency=0.0880 @ http://localhost:8771/index.js:451
[ 1070865ms] [LOG] MON 1 playing=false pos=0.000 stream_playing=false peak_db=-200.0 mix_rate=48000 latency=0.0880 @ http://localhost:8771/index.js:451
[ 1071109ms] [LOG] MON 1 playing=false pos=0.000 stream_playing=false peak_db=-200.0 mix_rate=48000 latency=0.0880 @ http://localhost:8771/index.js:451
[ 1071361ms] [LOG] MON 1 playing=false pos=0.000 stream_playing=false peak_db=-200.0 mix_rate=48000 latency=0.0880 @ http://localhost:8771/index.js:451
[ 1071611ms] [LOG] MON 1 playing=false pos=0.000 stream_playing=false peak_db=-200.0 mix_rate=48000 latency=0.0880 @ http://localhost:8771/index.js:451
[ 1071862ms] [LOG] MON 1 playing=false pos=0.000 stream_playing=false peak_db=-200.0 mix_rate=48000 latency=0.0880 @ http://localhost:8771/index.js:451
[ 1072111ms] [LOG] MON 1 playing=false pos=0.000 stream_playing=false peak_db=-200.0 mix_rate=48000 latency=0.0880 @ http://localhost:8771/index.js:451
[ 1072361ms] [LOG] MON 1 playing=false pos=0.000 stream_playing=false peak_db=-200.0 mix_rate=48000 latency=0.0880 @ http://localhost:8771/index.js:451
[ 1072613ms] [LOG] MON 1 playing=false pos=0.000 stream_playing=false peak_db=-200.0 mix_rate=48000 latency=0.0880 @ http://localhost:8771/index.js:451
[ 1072860ms] [LOG] MON 1 playing=false pos=0.000 stream_playing=false peak_db=-200.0 mix_rate=48000 latency=0.0880 @ http://localhost:8771/index.js:451
[ 1073111ms] [LOG] MON 1 playing=false pos=0.000 stream_playing=false peak_db=-200.0 mix_rate=48000 latency=0.0880 @ http://localhost:8771/index.js:451
[ 1073361ms] [LOG] MON 1 playing=false pos=0.000 stream_playing=false peak_db=-200.0 mix_rate=48000 latency=0.0880 @ http://localhost:8771/index.js:451
[ 1073609ms] [LOG] MON 1 playing=false pos=0.000 stream_playing=false peak_db=-200.0 mix_rate=48000 latency=0.0880 @ http://localhost:8771/index.js:451
[ 1073859ms] [LOG] MON 1 playing=false pos=0.000 stream_playing=false peak_db=-200.0 mix_rate=48000 latency=0.0880 @ http://localhost:8771/index.js:451
[ 1074111ms] [LOG] MON 1 playing=false pos=0.000 stream_playing=false peak_db=-200.0 mix_rate=48000 latency=0.0880 @ http://localhost:8771/index.js:451
[ 1074360ms] [LOG] MON 1 playing=false pos=0.000 stream_playing=false peak_db=-200.0 mix_rate=48000 latency=0.0880 @ http://localhost:8771/index.js:451
[ 1074611ms] [LOG] MON 1 playing=false pos=0.000 stream_playing=false peak_db=-200.0 mix_rate=48000 latency=0.0880 @ http://localhost:8771/index.js:451
[ 1074861ms] [LOG] MON 1 playing=false pos=0.000 stream_playing=false peak_db=-200.0 mix_rate=48000 latency=0.0880 @ http://localhost:8771/index.js:451
[ 1075114ms] [LOG] MON 1 playing=false pos=0.000 stream_playing=false peak_db=-200.0 mix_rate=48000 latency=0.0880 @ http://localhost:8771/index.js:451
[ 1075361ms] [LOG] MON 1 playing=false pos=0.000 stream_playing=false peak_db=-200.0 mix_rate=48000 latency=0.0880 @ http://localhost:8771/index.js:451
[ 1075611ms] [LOG] MON 1 playing=false pos=0.000 stream_playing=false peak_db=-200.0 mix_rate=48000 latency=0.0880 @ http://localhost:8771/index.js:451
[ 1075859ms] [LOG] MON 1 playing=false pos=0.000 stream_playing=false peak_db=-200.0 mix_rate=48000 latency=0.0880 @ http://localhost:8771/index.js:451
[ 1076112ms] [LOG] MON 1 playing=false pos=0.000 stream_playing=false peak_db=-200.0 mix_rate=48000 latency=0.0880 @ http://localhost:8771/index.js:451
[ 1076361ms] [LOG] MON 1 playing=false pos=0.000 stream_playing=false peak_db=-200.0 mix_rate=48000 latency=0.0880 @ http://localhost:8771/index.js:451
[ 1076609ms] [LOG] MON 1 playing=false pos=0.000 stream_playing=false peak_db=-200.0 mix_rate=48000 latency=0.0880 @ http://localhost:8771/index.js:451
[ 1076860ms] [LOG] MON 1 playing=false pos=0.000 stream_playing=false peak_db=-200.0 mix_rate=48000 latency=0.0880 @ http://localhost:8771/index.js:451
[ 1077111ms] [LOG] MON 1 playing=false pos=0.000 stream_playing=false peak_db=-200.0 mix_rate=48000 latency=0.0880 @ http://localhost:8771/index.js:451
[ 1077360ms] [LOG] MON 1 playing=false pos=0.000 stream_playing=false peak_db=-200.0 mix_rate=48000 latency=0.0880 @ http://localhost:8771/index.js:451
[ 1077609ms] [LOG] MON 1 playing=false pos=0.000 stream_playing=false peak_db=-200.0 mix_rate=48000 latency=0.0880 @ http://localhost:8771/index.js:451
[ 1077861ms] [LOG] MON 1 playing=false pos=0.000 stream_playing=false peak_db=-200.0 mix_rate=48000 latency=0.0880 @ http://localhost:8771/index.js:451
[ 1078111ms] [LOG] MON 1 playing=false pos=0.000 stream_playing=false peak_db=-200.0 mix_rate=48000 latency=0.0880 @ http://localhost:8771/index.js:451
[ 1078362ms] [LOG] MON 1 playing=false pos=0.000 stream_playing=false peak_db=-200.0 mix_rate=48000 latency=0.0880 @ http://localhost:8771/index.js:451
[ 1078611ms] [LOG] MON 1 playing=false pos=0.000 stream_playing=false peak_db=-200.0 mix_rate=48000 latency=0.0880 @ http://localhost:8771/index.js:451
[ 1078862ms] [LOG] MON 1 playing=false pos=0.000 stream_playing=false peak_db=-200.0 mix_rate=48000 latency=0.0880 @ http://localhost:8771/index.js:451
[ 1079112ms] [LOG] MON 1 playing=false pos=0.000 stream_playing=false peak_db=-200.0 mix_rate=48000 latency=0.0880 @ http://localhost:8771/index.js:451
[ 1079361ms] [LOG] MON 1 playing=false pos=0.000 stream_playing=false peak_db=-200.0 mix_rate=48000 latency=0.0880 @ http://localhost:8771/index.js:451
[ 1079610ms] [LOG] MON 1 playing=false pos=0.000 stream_playing=false peak_db=-200.0 mix_rate=48000 latency=0.0880 @ http://localhost:8771/index.js:451
[ 1079861ms] [LOG] MON 1 playing=false pos=0.000 stream_playing=false peak_db=-200.0 mix_rate=48000 latency=0.0880 @ http://localhost:8771/index.js:451
[ 1080112ms] [LOG] MON 1 playing=false pos=0.000 stream_playing=false peak_db=-200.0 mix_rate=48000 latency=0.0880 @ http://localhost:8771/index.js:451
[ 1080362ms] [LOG] MON 1 playing=false pos=0.000 stream_playing=false peak_db=-200.0 mix_rate=48000 latency=0.0880 @ http://localhost:8771/index.js:451
[ 1080611ms] [LOG] MON 1 playing=false pos=0.000 stream_playing=false peak_db=-200.0 mix_rate=48000 latency=0.0880 @ http://localhost:8771/index.js:451
[ 1080881ms] [LOG] MON 1 playing=false pos=0.000 stream_playing=false peak_db=-200.0 mix_rate=48000 latency=0.0880 @ http://localhost:8771/index.js:451
[ 1081129ms] [LOG] MON 1 playing=false pos=0.000 stream_playing=false peak_db=-200.0 mix_rate=48000 latency=0.0880 @ http://localhost:8771/index.js:451
[ 1081368ms] [LOG] MON 1 playing=false pos=0.000 stream_playing=false peak_db=-200.0 mix_rate=48000 latency=0.0880 @ http://localhost:8771/index.js:451
[ 1081611ms] [LOG] MON 1 playing=false pos=0.000 stream_playing=false peak_db=-200.0 mix_rate=48000 latency=0.0880 @ http://localhost:8771/index.js:451
[ 1081876ms] [LOG] MON 1 playing=false pos=0.000 stream_playing=false peak_db=-200.0 mix_rate=48000 latency=0.0880 @ http://localhost:8771/index.js:451
[ 1082126ms] [LOG] MON 1 playing=false pos=0.000 stream_playing=false peak_db=-200.0 mix_rate=48000 latency=0.0880 @ http://localhost:8771/index.js:451
[ 1082375ms] [LOG] MON 1 playing=false pos=0.000 stream_playing=false peak_db=-200.0 mix_rate=48000 latency=0.0880 @ http://localhost:8771/index.js:451
[ 1082626ms] [LOG] MON 1 playing=false pos=0.000 stream_playing=false peak_db=-200.0 mix_rate=48000 latency=0.0880 @ http://localhost:8771/index.js:451
[ 1082877ms] [LOG] MON 1 playing=false pos=0.000 stream_playing=false peak_db=-200.0 mix_rate=48000 latency=0.0880 @ http://localhost:8771/index.js:451
[ 1083129ms] [LOG] MON 1 playing=false pos=0.000 stream_playing=false peak_db=-200.0 mix_rate=48000 latency=0.0880 @ http://localhost:8771/index.js:451
[ 1083378ms] [LOG] MON 1 playing=false pos=0.000 stream_playing=false peak_db=-200.0 mix_rate=48000 latency=0.0880 @ http://localhost:8771/index.js:451
[ 1083628ms] [LOG] MON 1 playing=false pos=0.000 stream_playing=false peak_db=-200.0 mix_rate=48000 latency=0.0880 @ http://localhost:8771/index.js:451
[ 1083879ms] [LOG] MON 1 playing=false pos=0.000 stream_playing=false peak_db=-200.0 mix_rate=48000 latency=0.0880 @ http://localhost:8771/index.js:451
[ 1084129ms] [LOG] MON 1 playing=false pos=0.000 stream_playing=false peak_db=-200.0 mix_rate=48000 latency=0.0880 @ http://localhost:8771/index.js:451
[ 1084380ms] [LOG] MON 1 playing=false pos=0.000 stream_playing=false peak_db=-200.0 mix_rate=48000 latency=0.0880 @ http://localhost:8771/index.js:451
[ 1084631ms] [LOG] MON 1 playing=false pos=0.000 stream_playing=false peak_db=-200.0 mix_rate=48000 latency=0.0880 @ http://localhost:8771/index.js:451
[ 1084882ms] [LOG] MON 1 playing=false pos=0.000 stream_playing=false peak_db=-200.0 mix_rate=48000 latency=0.0880 @ http://localhost:8771/index.js:451
[ 1085130ms] [LOG] MON 1 playing=false pos=0.000 stream_playing=false peak_db=-200.0 mix_rate=48000 latency=0.0880 @ http://localhost:8771/index.js:451
[ 1085383ms] [LOG] MON 1 playing=false pos=0.000 stream_playing=false peak_db=-200.0 mix_rate=48000 latency=0.0880 @ http://localhost:8771/index.js:451
[ 1085632ms] [LOG] MON 1 playing=false pos=0.000 stream_playing=false peak_db=-200.0 mix_rate=48000 latency=0.0880 @ http://localhost:8771/index.js:451
[ 1085887ms] [LOG] MON 1 playing=false pos=0.000 stream_playing=false peak_db=-200.0 mix_rate=48000 latency=0.0880 @ http://localhost:8771/index.js:451
[ 2001822ms] [LOG] MON 1 playing=false pos=0.000 stream_playing=false peak_db=-200.0 mix_rate=48000 latency=0.0880 @ http://localhost:8771/index.js:451
[ 2001987ms] [LOG] MON 1 playing=false pos=0.000 stream_playing=false peak_db=-200.0 mix_rate=48000 latency=0.0880 @ http://localhost:8771/index.js:451
[ 2002238ms] [LOG] MON 1 playing=false pos=0.000 stream_playing=false peak_db=-200.0 mix_rate=48000 latency=0.0880 @ http://localhost:8771/index.js:451
[ 2002528ms] [LOG] MON 1 playing=false pos=0.000 stream_playing=false peak_db=-200.0 mix_rate=48000 latency=0.0880 @ http://localhost:8771/index.js:451
[ 2002723ms] [LOG] MON 1 playing=false pos=0.000 stream_playing=false peak_db=-200.0 mix_rate=48000 latency=0.0880 @ http://localhost:8771/index.js:451
[ 2003029ms] [LOG] MON 1 playing=false pos=0.000 stream_playing=false peak_db=-200.0 mix_rate=48000 latency=0.0880 @ http://localhost:8771/index.js:451
[ 2003241ms] [LOG] MON 1 playing=false pos=0.000 stream_playing=false peak_db=-200.0 mix_rate=48000 latency=0.0880 @ http://localhost:8771/index.js:451
[ 2003490ms] [LOG] MON 1 playing=false pos=0.000 stream_playing=false peak_db=-200.0 mix_rate=48000 latency=0.0880 @ http://localhost:8771/index.js:451
[ 2003740ms] [LOG] MON 1 playing=false pos=0.000 stream_playing=false peak_db=-200.0 mix_rate=48000 latency=0.0880 @ http://localhost:8771/index.js:451
[ 2004119ms] [LOG] MON 1 playing=false pos=0.000 stream_playing=false peak_db=-200.0 mix_rate=48000 latency=0.0880 @ http://localhost:8771/index.js:451
[ 2004344ms] [LOG] MON 1 playing=false pos=0.000 stream_playing=false peak_db=-200.0 mix_rate=48000 latency=0.0880 @ http://localhost:8771/index.js:451
[ 2004661ms] [LOG] MON 1 playing=false pos=0.000 stream_playing=false peak_db=-200.0 mix_rate=48000 latency=0.0880 @ http://localhost:8771/index.js:451
[ 2004896ms] [LOG] MON 1 playing=false pos=0.000 stream_playing=false peak_db=-200.0 mix_rate=48000 latency=0.0880 @ http://localhost:8771/index.js:451
[ 2005147ms] [LOG] MON 1 playing=false pos=0.000 stream_playing=false peak_db=-200.0 mix_rate=48000 latency=0.0880 @ http://localhost:8771/index.js:451
[ 2005396ms] [LOG] MON 1 playing=false pos=0.000 stream_playing=false peak_db=-200.0 mix_rate=48000 latency=0.0880 @ http://localhost:8771/index.js:451
[ 2005646ms] [LOG] MON 1 playing=false pos=0.000 stream_playing=false peak_db=-200.0 mix_rate=48000 latency=0.0880 @ http://localhost:8771/index.js:451
[ 2005913ms] [LOG] MON 1 playing=false pos=0.000 stream_playing=false peak_db=-200.0 mix_rate=48000 latency=0.0880 @ http://localhost:8771/index.js:451
[ 2006163ms] [LOG] MON 1 playing=false pos=0.000 stream_playing=false peak_db=-200.0 mix_rate=48000 latency=0.0880 @ http://localhost:8771/index.js:451
[ 2006412ms] [LOG] MON 1 playing=false pos=0.000 stream_playing=false peak_db=-200.0 mix_rate=48000 latency=0.0880 @ http://localhost:8771/index.js:451
[ 2006648ms] [LOG] MON 1 playing=false pos=0.000 stream_playing=false peak_db=-200.0 mix_rate=48000 latency=0.0880 @ http://localhost:8771/index.js:451
[ 2943752ms] [LOG] MON 1 playing=false pos=0.000 stream_playing=false peak_db=-200.0 mix_rate=48000 latency=0.0880 @ http://localhost:8771/index.js:451
[ 2943962ms] [LOG] MON 1 playing=false pos=0.000 stream_playing=false peak_db=-200.0 mix_rate=48000 latency=0.0880 @ http://localhost:8771/index.js:451
[ 2944195ms] [LOG] MON 1 playing=false pos=0.000 stream_playing=false peak_db=-200.0 mix_rate=48000 latency=0.0880 @ http://localhost:8771/index.js:451
[ 2944443ms] [LOG] MON 1 playing=false pos=0.000 stream_playing=false peak_db=-200.0 mix_rate=48000 latency=0.0880 @ http://localhost:8771/index.js:451
[ 2944710ms] [LOG] MON 1 playing=false pos=0.000 stream_playing=false peak_db=-200.0 mix_rate=48000 latency=0.0880 @ http://localhost:8771/index.js:451
[ 2944961ms] [LOG] MON 1 playing=false pos=0.000 stream_playing=false peak_db=-200.0 mix_rate=48000 latency=0.0880 @ http://localhost:8771/index.js:451
[ 2945209ms] [LOG] MON 1 playing=false pos=0.000 stream_playing=false peak_db=-200.0 mix_rate=48000 latency=0.0880 @ http://localhost:8771/index.js:451
[ 2945459ms] [LOG] MON 1 playing=false pos=0.000 stream_playing=false peak_db=-200.0 mix_rate=48000 latency=0.0880 @ http://localhost:8771/index.js:451
[ 2945710ms] [LOG] MON 1 playing=false pos=0.000 stream_playing=false peak_db=-200.0 mix_rate=48000 latency=0.0880 @ http://localhost:8771/index.js:451
[ 2945972ms] [LOG] MON 1 playing=false pos=0.000 stream_playing=false peak_db=-200.0 mix_rate=48000 latency=0.0880 @ http://localhost:8771/index.js:451
[ 2946237ms] [LOG] MON 1 playing=false pos=0.000 stream_playing=false peak_db=-200.0 mix_rate=48000 latency=0.0880 @ http://localhost:8771/index.js:451
[ 2946477ms] [LOG] MON 1 playing=false pos=0.000 stream_playing=false peak_db=-200.0 mix_rate=48000 latency=0.0880 @ http://localhost:8771/index.js:451
[ 2946733ms] [LOG] MON 1 playing=false pos=0.000 stream_playing=false peak_db=-200.0 mix_rate=48000 latency=0.0880 @ http://localhost:8771/index.js:451
[ 2946960ms] [LOG] MON 1 playing=false pos=0.000 stream_playing=false peak_db=-200.0 mix_rate=48000 latency=0.0880 @ http://localhost:8771/index.js:451
[ 2947208ms] [LOG] MON 1 playing=false pos=0.000 stream_playing=false peak_db=-200.0 mix_rate=48000 latency=0.0880 @ http://localhost:8771/index.js:451
[ 2947480ms] [LOG] MON 1 playing=false pos=0.000 stream_playing=false peak_db=-200.0 mix_rate=48000 latency=0.0880 @ http://localhost:8771/index.js:451
[ 2947727ms] [LOG] MON 1 playing=false pos=0.000 stream_playing=false peak_db=-200.0 mix_rate=48000 latency=0.0880 @ http://localhost:8771/index.js:451
[ 2947976ms] [LOG] MON 1 playing=false pos=0.000 stream_playing=false peak_db=-200.0 mix_rate=48000 latency=0.0880 @ http://localhost:8771/index.js:451
[ 2948230ms] [LOG] MON 1 playing=false pos=0.000 stream_playing=false peak_db=-200.0 mix_rate=48000 latency=0.0880 @ http://localhost:8771/index.js:451
[ 2948441ms] [LOG] MON 1 playing=false pos=0.000 stream_playing=false peak_db=-200.0 mix_rate=48000 latency=0.0880 @ http://localhost:8771/index.js:451
[ 2948709ms] [LOG] MON 1 playing=false pos=0.000 stream_playing=false peak_db=-200.0 mix_rate=48000 latency=0.0880 @ http://localhost:8771/index.js:451
[ 3939731ms] [LOG] MON 1 playing=false pos=0.000 stream_playing=false peak_db=-200.0 mix_rate=48000 latency=0.0880 @ http://localhost:8771/index.js:451
[ 3939975ms] [LOG] MON 1 playing=false pos=0.000 stream_playing=false peak_db=-200.0 mix_rate=48000 latency=0.0880 @ http://localhost:8771/index.js:451
[ 3940229ms] [LOG] MON 1 playing=false pos=0.000 stream_playing=false peak_db=-200.0 mix_rate=48000 latency=0.0880 @ http://localhost:8771/index.js:451
[ 3940476ms] [LOG] MON 1 playing=false pos=0.000 stream_playing=false peak_db=-200.0 mix_rate=48000 latency=0.0880 @ http://localhost:8771/index.js:451
[ 3940725ms] [LOG] MON 1 playing=false pos=0.000 stream_playing=false peak_db=-200.0 mix_rate=48000 latency=0.0880 @ http://localhost:8771/index.js:451
[ 3940975ms] [LOG] MON 1 playing=false pos=0.000 stream_playing=false peak_db=-200.0 mix_rate=48000 latency=0.0880 @ http://localhost:8771/index.js:451
[ 3941225ms] [LOG] MON 1 playing=false pos=0.000 stream_playing=false peak_db=-200.0 mix_rate=48000 latency=0.0880 @ http://localhost:8771/index.js:451
[ 3941474ms] [LOG] MON 1 playing=false pos=0.000 stream_playing=false peak_db=-200.0 mix_rate=48000 latency=0.0880 @ http://localhost:8771/index.js:451
[ 3941722ms] [LOG] MON 1 playing=false pos=0.000 stream_playing=false peak_db=-200.0 mix_rate=48000 latency=0.0880 @ http://localhost:8771/index.js:451
[ 3941971ms] [LOG] MON 1 playing=false pos=0.000 stream_playing=false peak_db=-200.0 mix_rate=48000 latency=0.0880 @ http://localhost:8771/index.js:451
[ 3942221ms] [LOG] MON 1 playing=false pos=0.000 stream_playing=false peak_db=-200.0 mix_rate=48000 latency=0.0880 @ http://localhost:8771/index.js:451
[ 3942470ms] [LOG] MON 1 playing=false pos=0.000 stream_playing=false peak_db=-200.0 mix_rate=48000 latency=0.0880 @ http://localhost:8771/index.js:451
[ 3942722ms] [LOG] MON 1 playing=false pos=0.000 stream_playing=false peak_db=-200.0 mix_rate=48000 latency=0.0880 @ http://localhost:8771/index.js:451
[ 3942969ms] [LOG] MON 1 playing=false pos=0.000 stream_playing=false peak_db=-200.0 mix_rate=48000 latency=0.0880 @ http://localhost:8771/index.js:451
[ 3943221ms] [LOG] MON 1 playing=false pos=0.000 stream_playing=false peak_db=-200.0 mix_rate=48000 latency=0.0880 @ http://localhost:8771/index.js:451
[ 3943477ms] [LOG] MON 1 playing=false pos=0.000 stream_playing=false peak_db=-200.0 mix_rate=48000 latency=0.0880 @ http://localhost:8771/index.js:451
[ 3943720ms] [LOG] MON 1 playing=false pos=0.000 stream_playing=false peak_db=-200.0 mix_rate=48000 latency=0.0880 @ http://localhost:8771/index.js:451
[ 3943972ms] [LOG] MON 1 playing=false pos=0.000 stream_playing=false peak_db=-200.0 mix_rate=48000 latency=0.0880 @ http://localhost:8771/index.js:451
[ 3944221ms] [LOG] MON 1 playing=false pos=0.000 stream_playing=false peak_db=-200.0 mix_rate=48000 latency=0.0880 @ http://localhost:8771/index.js:451
[ 3944487ms] [LOG] MON 1 playing=false pos=0.000 stream_playing=false peak_db=-200.0 mix_rate=48000 latency=0.0880 @ http://localhost:8771/index.js:451
[ 3944723ms] [LOG] MON 1 playing=false pos=0.000 stream_playing=false peak_db=-200.0 mix_rate=48000 latency=0.0880 @ http://localhost:8771/index.js:451
[ 4873741ms] [LOG] MON 1 playing=false pos=0.000 stream_playing=false peak_db=-200.0 mix_rate=48000 latency=0.0880 @ http://localhost:8771/index.js:451
[ 4873999ms] [LOG] MON 1 playing=false pos=0.000 stream_playing=false peak_db=-200.0 mix_rate=48000 latency=0.0880 @ http://localhost:8771/index.js:451
[ 4874242ms] [LOG] MON 1 playing=false pos=0.000 stream_playing=false peak_db=-200.0 mix_rate=48000 latency=0.0880 @ http://localhost:8771/index.js:451
[ 4874473ms] [LOG] MON 1 playing=false pos=0.000 stream_playing=false peak_db=-200.0 mix_rate=48000 latency=0.0880 @ http://localhost:8771/index.js:451
[ 4874741ms] [LOG] MON 1 playing=false pos=0.000 stream_playing=false peak_db=-200.0 mix_rate=48000 latency=0.0880 @ http://localhost:8771/index.js:451
[ 4874991ms] [LOG] MON 1 playing=false pos=0.000 stream_playing=false peak_db=-200.0 mix_rate=48000 latency=0.0880 @ http://localhost:8771/index.js:451
[ 4875240ms] [LOG] MON 1 playing=false pos=0.000 stream_playing=false peak_db=-200.0 mix_rate=48000 latency=0.0880 @ http://localhost:8771/index.js:451
[ 4875493ms] [LOG] MON 1 playing=false pos=0.000 stream_playing=false peak_db=-200.0 mix_rate=48000 latency=0.0880 @ http://localhost:8771/index.js:451
[ 4875742ms] [LOG] MON 1 playing=false pos=0.000 stream_playing=false peak_db=-200.0 mix_rate=48000 latency=0.0880 @ http://localhost:8771/index.js:451
[ 4875993ms] [LOG] MON 1 playing=false pos=0.000 stream_playing=false peak_db=-200.0 mix_rate=48000 latency=0.0880 @ http://localhost:8771/index.js:451
[ 4876243ms] [LOG] MON 1 playing=false pos=0.000 stream_playing=false peak_db=-200.0 mix_rate=48000 latency=0.0880 @ http://localhost:8771/index.js:451
[ 4876494ms] [LOG] MON 1 playing=false pos=0.000 stream_playing=false peak_db=-200.0 mix_rate=48000 latency=0.0880 @ http://localhost:8771/index.js:451
[ 4876742ms] [LOG] MON 1 playing=false pos=0.000 stream_playing=false peak_db=-200.0 mix_rate=48000 latency=0.0880 @ http://localhost:8771/index.js:451
[ 4877017ms] [LOG] MON 1 playing=false pos=0.000 stream_playing=false peak_db=-200.0 mix_rate=48000 latency=0.0880 @ http://localhost:8771/index.js:451
[ 4877226ms] [LOG] MON 1 playing=false pos=0.000 stream_playing=false peak_db=-200.0 mix_rate=48000 latency=0.0880 @ http://localhost:8771/index.js:451
[ 4877498ms] [LOG] MON 1 playing=false pos=0.000 stream_playing=false peak_db=-200.0 mix_rate=48000 latency=0.0880 @ http://localhost:8771/index.js:451
[ 4877749ms] [LOG] MON 1 playing=false pos=0.000 stream_playing=false peak_db=-200.0 mix_rate=48000 latency=0.0880 @ http://localhost:8771/index.js:451
[ 4877993ms] [LOG] MON 1 playing=false pos=0.000 stream_playing=false peak_db=-200.0 mix_rate=48000 latency=0.0880 @ http://localhost:8771/index.js:451
[ 4878273ms] [LOG] MON 1 playing=false pos=0.000 stream_playing=false peak_db=-200.0 mix_rate=48000 latency=0.0880 @ http://localhost:8771/index.js:451
[ 4878494ms] [LOG] MON 1 playing=false pos=0.000 stream_playing=false peak_db=-200.0 mix_rate=48000 latency=0.0880 @ http://localhost:8771/index.js:451
[ 4878759ms] [LOG] MON 1 playing=false pos=0.000 stream_playing=false peak_db=-200.0 mix_rate=48000 latency=0.0880 @ http://localhost:8771/index.js:451
[ 5915700ms] [LOG] MON 1 playing=false pos=0.000 stream_playing=false peak_db=-200.0 mix_rate=48000 latency=0.0880 @ http://localhost:8771/index.js:451
[ 5915835ms] [LOG] MON 1 playing=false pos=0.000 stream_playing=false peak_db=-200.0 mix_rate=48000 latency=0.0880 @ http://localhost:8771/index.js:451
[ 5916085ms] [LOG] MON 1 playing=false pos=0.000 stream_playing=false peak_db=-200.0 mix_rate=48000 latency=0.0880 @ http://localhost:8771/index.js:451
[ 5916336ms] [LOG] MON 1 playing=false pos=0.000 stream_playing=false peak_db=-200.0 mix_rate=48000 latency=0.0880 @ http://localhost:8771/index.js:451
[ 5916585ms] [LOG] MON 1 playing=false pos=0.000 stream_playing=false peak_db=-200.0 mix_rate=48000 latency=0.0880 @ http://localhost:8771/index.js:451
[ 5916836ms] [LOG] MON 1 playing=false pos=0.000 stream_playing=false peak_db=-200.0 mix_rate=48000 latency=0.0880 @ http://localhost:8771/index.js:451
[ 5917086ms] [LOG] MON 1 playing=false pos=0.000 stream_playing=false peak_db=-200.0 mix_rate=48000 latency=0.0880 @ http://localhost:8771/index.js:451
[ 5917334ms] [LOG] MON 1 playing=false pos=0.000 stream_playing=false peak_db=-200.0 mix_rate=48000 latency=0.0880 @ http://localhost:8771/index.js:451
[ 5917588ms] [LOG] MON 1 playing=false pos=0.000 stream_playing=false peak_db=-200.0 mix_rate=48000 latency=0.0880 @ http://localhost:8771/index.js:451
[ 5917819ms] [LOG] MON 1 playing=false pos=0.000 stream_playing=false peak_db=-200.0 mix_rate=48000 latency=0.0880 @ http://localhost:8771/index.js:451
[ 5918069ms] [LOG] MON 1 playing=false pos=0.000 stream_playing=false peak_db=-200.0 mix_rate=48000 latency=0.0880 @ http://localhost:8771/index.js:451
[ 5918374ms] [LOG] MON 1 playing=false pos=0.000 stream_playing=false peak_db=-200.0 mix_rate=48000 latency=0.0880 @ http://localhost:8771/index.js:451
[ 5918626ms] [LOG] MON 1 playing=false pos=0.000 stream_playing=false peak_db=-200.0 mix_rate=48000 latency=0.0880 @ http://localhost:8771/index.js:451
[ 5918895ms] [LOG] MON 1 playing=false pos=0.000 stream_playing=false peak_db=-200.0 mix_rate=48000 latency=0.0880 @ http://localhost:8771/index.js:451
[ 5919127ms] [LOG] MON 1 playing=false pos=0.000 stream_playing=false peak_db=-200.0 mix_rate=48000 latency=0.0880 @ http://localhost:8771/index.js:451
[ 5919378ms] [LOG] MON 1 playing=false pos=0.000 stream_playing=false peak_db=-200.0 mix_rate=48000 latency=0.0880 @ http://localhost:8771/index.js:451
[ 5919624ms] [LOG] MON 1 playing=false pos=0.000 stream_playing=false peak_db=-200.0 mix_rate=48000 latency=0.0880 @ http://localhost:8771/index.js:451
[ 5919874ms] [LOG] MON 1 playing=false pos=0.000 stream_playing=false peak_db=-200.0 mix_rate=48000 latency=0.0880 @ http://localhost:8771/index.js:451
[ 5920128ms] [LOG] MON 1 playing=false pos=0.000 stream_playing=false peak_db=-200.0 mix_rate=48000 latency=0.0880 @ http://localhost:8771/index.js:451
[ 5920392ms] [LOG] MON 1 playing=false pos=0.000 stream_playing=false peak_db=-200.0 mix_rate=48000 latency=0.0880 @ http://localhost:8771/index.js:451
[ 5920643ms] [LOG] MON 1 playing=false pos=0.000 stream_playing=false peak_db=-200.0 mix_rate=48000 latency=0.0880 @ http://localhost:8771/index.js:451
[ 6830767ms] [LOG] MON 1 playing=false pos=0.000 stream_playing=false peak_db=-200.0 mix_rate=48000 latency=0.0880 @ http://localhost:8771/index.js:451
[ 6830894ms] [LOG] MON 1 playing=false pos=0.000 stream_playing=false peak_db=-200.0 mix_rate=48000 latency=0.0880 @ http://localhost:8771/index.js:451
[ 6831155ms] [LOG] MON 1 playing=false pos=0.000 stream_playing=false peak_db=-200.0 mix_rate=48000 latency=0.0880 @ http://localhost:8771/index.js:451
[ 6831408ms] [LOG] MON 1 playing=false pos=0.000 stream_playing=false peak_db=-200.0 mix_rate=48000 latency=0.0880 @ http://localhost:8771/index.js:451
[ 6831655ms] [LOG] MON 1 playing=false pos=0.000 stream_playing=false peak_db=-200.0 mix_rate=48000 latency=0.0880 @ http://localhost:8771/index.js:451
[ 6831907ms] [LOG] MON 1 playing=false pos=0.000 stream_playing=false peak_db=-200.0 mix_rate=48000 latency=0.0880 @ http://localhost:8771/index.js:451
[ 6832156ms] [LOG] MON 1 playing=false pos=0.000 stream_playing=false peak_db=-200.0 mix_rate=48000 latency=0.0880 @ http://localhost:8771/index.js:451
[ 6832409ms] [LOG] MON 1 playing=false pos=0.000 stream_playing=false peak_db=-200.0 mix_rate=48000 latency=0.0880 @ http://localhost:8771/index.js:451
[ 6832659ms] [LOG] MON 1 playing=false pos=0.000 stream_playing=false peak_db=-200.0 mix_rate=48000 latency=0.0880 @ http://localhost:8771/index.js:451
[ 6832906ms] [LOG] MON 1 playing=false pos=0.000 stream_playing=false peak_db=-200.0 mix_rate=48000 latency=0.0880 @ http://localhost:8771/index.js:451
[ 6833160ms] [LOG] MON 1 playing=false pos=0.000 stream_playing=false peak_db=-200.0 mix_rate=48000 latency=0.0880 @ http://localhost:8771/index.js:451
[ 6833417ms] [LOG] MON 1 playing=false pos=0.000 stream_playing=false peak_db=-200.0 mix_rate=48000 latency=0.0880 @ http://localhost:8771/index.js:451
[ 6833641ms] [LOG] MON 1 playing=false pos=0.000 stream_playing=false peak_db=-200.0 mix_rate=48000 latency=0.0880 @ http://localhost:8771/index.js:451
[ 6833892ms] [LOG] MON 1 playing=false pos=0.000 stream_playing=false peak_db=-200.0 mix_rate=48000 latency=0.0880 @ http://localhost:8771/index.js:451
[ 6834148ms] [LOG] MON 1 playing=false pos=0.000 stream_playing=false peak_db=-200.0 mix_rate=48000 latency=0.0880 @ http://localhost:8771/index.js:451
[ 6834391ms] [LOG] MON 1 playing=false pos=0.000 stream_playing=false peak_db=-200.0 mix_rate=48000 latency=0.0880 @ http://localhost:8771/index.js:451
[ 6834659ms] [LOG] MON 1 playing=false pos=0.000 stream_playing=false peak_db=-200.0 mix_rate=48000 latency=0.0880 @ http://localhost:8771/index.js:451
[ 6834909ms] [LOG] MON 1 playing=false pos=0.000 stream_playing=false peak_db=-200.0 mix_rate=48000 latency=0.0880 @ http://localhost:8771/index.js:451
[ 6835160ms] [LOG] MON 1 playing=false pos=0.000 stream_playing=false peak_db=-200.0 mix_rate=48000 latency=0.0880 @ http://localhost:8771/index.js:451
[ 6835411ms] [LOG] MON 1 playing=false pos=0.000 stream_playing=false peak_db=-200.0 mix_rate=48000 latency=0.0880 @ http://localhost:8771/index.js:451
[ 6835663ms] [LOG] MON 1 playing=false pos=0.000 stream_playing=false peak_db=-200.0 mix_rate=48000 latency=0.0880 @ http://localhost:8771/index.js:451
[ 6835913ms] [LOG] MON 1 playing=false pos=0.000 stream_playing=false peak_db=-200.0 mix_rate=48000 latency=0.0880 @ http://localhost:8771/index.js:451
[ 6836162ms] [LOG] MON 1 playing=false pos=0.000 stream_playing=false peak_db=-200.0 mix_rate=48000 latency=0.0880 @ http://localhost:8771/index.js:451
[ 6836419ms] [LOG] MON 1 playing=false pos=0.000 stream_playing=false peak_db=-200.0 mix_rate=48000 latency=0.0880 @ http://localhost:8771/index.js:451
[ 6836683ms] [LOG] MON 1 playing=false pos=0.000 stream_playing=false peak_db=-200.0 mix_rate=48000 latency=0.0880 @ http://localhost:8771/index.js:451
[ 6836914ms] [LOG] MON 1 playing=false pos=0.000 stream_playing=false peak_db=-200.0 mix_rate=48000 latency=0.0880 @ http://localhost:8771/index.js:451
[ 6837162ms] [LOG] MON 1 playing=false pos=0.000 stream_playing=false peak_db=-200.0 mix_rate=48000 latency=0.0880 @ http://localhost:8771/index.js:451
[ 6837401ms] [LOG] MON 1 playing=false pos=0.000 stream_playing=false peak_db=-200.0 mix_rate=48000 latency=0.0880 @ http://localhost:8771/index.js:451
[ 6837647ms] [LOG] MON 1 playing=false pos=0.000 stream_playing=false peak_db=-200.0 mix_rate=48000 latency=0.0880 @ http://localhost:8771/index.js:451
[ 6837914ms] [LOG] MON 1 playing=false pos=0.000 stream_playing=false peak_db=-200.0 mix_rate=48000 latency=0.0880 @ http://localhost:8771/index.js:451
[ 6838149ms] [LOG] MON 1 playing=false pos=0.000 stream_playing=false peak_db=-200.0 mix_rate=48000 latency=0.0880 @ http://localhost:8771/index.js:451
[ 6838416ms] [LOG] MON 1 playing=false pos=0.000 stream_playing=false peak_db=-200.0 mix_rate=48000 latency=0.0880 @ http://localhost:8771/index.js:451
[ 6838664ms] [LOG] MON 1 playing=false pos=0.000 stream_playing=false peak_db=-200.0 mix_rate=48000 latency=0.0880 @ http://localhost:8771/index.js:451
[ 6838900ms] [LOG] MON 1 playing=false pos=0.000 stream_playing=false peak_db=-200.0 mix_rate=48000 latency=0.0880 @ http://localhost:8771/index.js:451
[ 6839168ms] [LOG] MON 1 playing=false pos=0.000 stream_playing=false peak_db=-200.0 mix_rate=48000 latency=0.0880 @ http://localhost:8771/index.js:451
[ 6839415ms] [LOG] MON 1 playing=false pos=0.000 stream_playing=false peak_db=-200.0 mix_rate=48000 latency=0.0880 @ http://localhost:8771/index.js:451
[ 6839668ms] [LOG] MON 1 playing=false pos=0.000 stream_playing=false peak_db=-200.0 mix_rate=48000 latency=0.0880 @ http://localhost:8771/index.js:451
[ 6839919ms] [LOG] MON 1 playing=false pos=0.000 stream_playing=false peak_db=-200.0 mix_rate=48000 latency=0.0880 @ http://localhost:8771/index.js:451
[ 6840168ms] [LOG] MON 1 playing=false pos=0.000 stream_playing=false peak_db=-200.0 mix_rate=48000 latency=0.0880 @ http://localhost:8771/index.js:451
[ 6840417ms] [LOG] MON 1 playing=false pos=0.000 stream_playing=false peak_db=-200.0 mix_rate=48000 latency=0.0880 @ http://localhost:8771/index.js:451
[ 6840667ms] [LOG] MON 1 playing=false pos=0.000 stream_playing=false peak_db=-200.0 mix_rate=48000 latency=0.0880 @ http://localhost:8771/index.js:451
[ 6840920ms] [LOG] MON 1 playing=false pos=0.000 stream_playing=false peak_db=-200.0 mix_rate=48000 latency=0.0880 @ http://localhost:8771/index.js:451
[ 6841169ms] [LOG] MON 1 playing=false pos=0.000 stream_playing=false peak_db=-200.0 mix_rate=48000 latency=0.0880 @ http://localhost:8771/index.js:451
[ 6841421ms] [LOG] MON 1 playing=false pos=0.000 stream_playing=false peak_db=-200.0 mix_rate=48000 latency=0.0880 @ http://localhost:8771/index.js:451
[ 6841689ms] [LOG] MON 1 playing=false pos=0.000 stream_playing=false peak_db=-200.0 mix_rate=48000 latency=0.0880 @ http://localhost:8771/index.js:451
[ 6841920ms] [LOG] MON 1 playing=false pos=0.000 stream_playing=false peak_db=-200.0 mix_rate=48000 latency=0.0880 @ http://localhost:8771/index.js:451
[ 6842213ms] [LOG] MON 1 playing=false pos=0.000 stream_playing=false peak_db=-200.0 mix_rate=48000 latency=0.0880 @ http://localhost:8771/index.js:451
[ 6842423ms] [LOG] MON 1 playing=false pos=0.000 stream_playing=false peak_db=-200.0 mix_rate=48000 latency=0.0880 @ http://localhost:8771/index.js:451
[ 6842675ms] [LOG] MON 1 playing=false pos=0.000 stream_playing=false peak_db=-200.0 mix_rate=48000 latency=0.0880 @ http://localhost:8771/index.js:451
[ 6842920ms] [LOG] MON 1 playing=false pos=0.000 stream_playing=false peak_db=-200.0 mix_rate=48000 latency=0.0880 @ http://localhost:8771/index.js:451
[ 7436246ms] [LOG] MON 1 playing=false pos=0.000 stream_playing=false peak_db=-200.0 mix_rate=48000 latency=0.0880 @ http://localhost:8771/index.js:451
[ 7436424ms] [LOG] MON 1 playing=false pos=0.000 stream_playing=false peak_db=-200.0 mix_rate=48000 latency=0.0880 @ http://localhost:8771/index.js:451
[ 7436776ms] [LOG] MON 1 playing=false pos=0.000 stream_playing=false peak_db=-200.0 mix_rate=48000 latency=0.0880 @ http://localhost:8771/index.js:451
[ 7437041ms] [LOG] MON 1 playing=false pos=0.000 stream_playing=false peak_db=-200.0 mix_rate=48000 latency=0.0880 @ http://localhost:8771/index.js:451
